artifact_kind,publishable,node_id,source_order_id,source_resource_id,source_period,assigned_period,chain_id,chain_sequence,node_sequence,weight,width,thickness,min_temperature,max_temperature,grade,grade_class,hot_roll_grade,soft_hard_class,material_role,split_lineage,virtual_lineage,width_warning,thickness_warning,temperature_warning,chain_warning
diagnostic_candidate,True,0002002187-000010,0002002187-000010,0002002187-000010,BR_00000006,BR_00000001,initial-000003,1,1,25.0,1710.0,0.6,810.0,830.0,180YD+Z,加磷高强、烘烤硬化钢,H180YD,软钢,normal_real,,,,,,
diagnostic_candidate,True,0002002179-000010,0002002179-000010,0002002179-000010,BR_00000006,BR_00000001,initial-000003,1,2,41.0,1650.0,0.8,810.0,830.0,180YD+Z,加磷高强、烘烤硬化钢,H180YD,软钢,normal_real,,,,,,
diagnostic_candidate,True,0030121690-000010,0030121690-000010,0030121690-000010,BR_00000002,BR_00000001,initial-000003,1,3,23.0,1580.0,0.8,820.0,840.0,HC180BD+Z,加磷高强、烘烤硬化钢,H180BH1,软钢,normal_real,,,,,,
diagnostic_candidate,True,0002002180-000140,0002002180-000140,0002002180-000140,BR_00000006,BR_00000001,initial-000003,1,4,20.0,1540.0,0.8,830.0,850.0,DC56D+Z,IF钢,SPHETI-3,软钢,normal_real,,,,,,
diagnostic_candidate,True,0002002170-000020,0002002170-000020,0002002170-000020,BR_00000006,BR_00000001,initial-000003,1,5,69.0,1498.0,0.8,830.0,850.0,DC53D+Z,IF钢,SPHETI-3,软钢,normal_real,,,,,,
diagnostic_candidate,True,0002002170-000160,0002002170-000160,0002002170-000160,BR_00000006,BR_00000001,initial-000003,1,6,23.0,1495.0,0.7,830.0,850.0,DC53D+Z,IF钢,SPHETI-3,软钢,normal_real,,,,,,
diagnostic_candidate,True,0030123256-000040,0030123256-000040,0030123256-000040,BR_00000006,BR_00000001,initial-000003,1,7,69.0,1475.0,0.65,820.0,840.0,HC180BD+Z,加磷高强、烘烤硬化钢,H180BH1,软钢,normal_real,,,,,,
diagnostic_candidate,True,0002002170-000150,0002002170-000150,0002002170-000150,BR_00000006,BR_00000001,initial-000003,1,8,23.0,1433.0,0.65,810.0,830.0,180YD+Z,加磷高强、烘烤硬化钢,H180YD,软钢,normal_real,,,,,,
diagnostic_candidate,True,0002002055-000030,0002002055-000030,0002002055-000030,BR_00000001,BR_00000001,initial-000003,1,9,66.82,1430.0,0.6,815.0,835.0,DX51D+Z-MD,普碳,SPHC,软钢,normal_real,,,,,,
diagnostic_candidate,True,0030125168-000070,0030125168-000070,0030125168-000070,BR_00000006,BR_00000001,initial-000003,1,10,24.0,1405.0,0.5,820.0,840.0,DX53D+Z-LG,IF钢,SPHETI-5,软钢,normal_real,,,,,,
diagnostic_candidate,True,0030121346-000020,0030121346-000020,0030121346-000020,BR_00000002,BR_00000001,initial-000003,1,11,48.0,1393.0,0.5,820.0,840.0,DX53D+Z,IF钢,SPHETI-5,软钢,normal_real,,,,,,
diagnostic_candidate,True,0030125168-000010,0030125168-000010,0030125168-000010,BR_00000006,BR_00000001,initial-000003,1,12,72.0,1375.0,0.4,700.0,840.0,DC51D+Z,普碳,SPHC,软钢,normal_real,,,,,,
diagnostic_candidate,True,0002002054-000010,0002002054-000010,0002002054-000010,BR_00000001,BR_00000001,initial-000003,1,13,36.83,1365.0,0.5,820.0,840.0,DX53D+Z-CD,IF钢,SPHETI-5,软钢,normal_real,,,,,,
diagnostic_candidate,True,0030118802-000010,0030118802-000010,0030118802-000010,BR_00000001,BR_00000001,initial-000003,1,14,14.77,1350.0,0.6,820.0,840.0,HC180BD+Z,加磷高强、烘烤硬化钢,H180BH1,软钢,normal_real,,,,,,
diagnostic_candidate,True,0010019718-000010,0010019718-000010,0010019718-000010,BR_00000006,BR_00000001,initial-000003,1,15,58.0,1350.0,0.5,700.0,840.0,DC51D+Z,普碳,SPHC,软钢,actual_transition,,,,,,
diagnostic_candidate,True,0030123654-000020,0030123654-000020,0030123654-000020,BR_00000006,BR_00000001,initial-000003,1,16,48.0,1346.0,0.5,715.0,735.0,DX51D+Z1,普碳,SPHC,软钢,normal_real,,,,,,
diagnostic_candidate,True,0030125168-000030,0030125168-000030,0030125168-000030,BR_00000006,BR_00000001,initial-000003,1,17,48.0,1326.0,0.4,700.0,840.0,DC51D+Z,普碳,SPHC,软钢,normal_real,,,,,,
diagnostic_candidate,True,0030125168-000020,0030125168-000020,0030125168-000020,BR_00000006,BR_00000001,initial-000003,1,18,48.0,1306.0,0.4,700.0,840.0,DC51D+Z,普碳,SPHC,软钢,normal_real,,,,,,
diagnostic_candidate,True,0030119098-000010,0030119098-000010,0030119098-000010,BR_00000001,BR_00000001,initial-000003,1,19,22.98,1306.0,0.4,700.0,840.0,DC51D+Z,普碳,SPHC,软钢,normal_real,,,,,,
diagnostic_candidate,True,0002002054-000270,0002002054-000270,0002002054-000270,BR_00000001,BR_00000001,initial-000003,1,20,12.7,1258.0,0.4,815.0,835.0,DX51D+Z-MD,普碳,SPHC,软钢,normal_real,,,,,,
diagnostic_candidate,True,0030122897-000010,0030122897-000010,0030122897-000010,BR_00000006,BR_00000001,initial-000003,1,21,24.0,1250.0,0.5,700.0,840.0,DC51D+Z,普碳,SPHC,软钢,actual_transition,,,,,,
diagnostic_candidate,True,0030120727-000030,0030120727-000030,0030120727-000030,BR_00000001,BR_00000001,initial-000003,1,22,300.0,1227.0,0.45,715.0,735.0,DX51D+Z1,普碳,SPHC,软钢,normal_real,,,,,,
diagnostic_candidate,True,0030125168-000040,0030125168-000040,0030125168-000040,BR_00000006,BR_00000001,initial-000003,1,23,48.0,1219.0,0.4,700.0,840.0,DC51D+Z,普碳,SPHC,软钢,normal_real,,,,,,
diagnostic_candidate,True,0030125168-000060,0030125168-000060,0030125168-000060,BR_00000006,BR_00000001,initial-000003,1,24,24.0,1190.0,0.4,770.0,810.0,DX52D+Z-LG,深冲钢（PD）,SPHCQ,软钢,normal_real,,,,,,
diagnostic_candidate,True,0030124800-000070,0030124800-000070,0030124800-000070,BR_00000006,BR_00000001,initial-000003,1,25,23.0,1146.0,0.5,770.0,810.0,DX52D+Z,深冲钢（PD）,SPHCQ,软钢,normal_real,,,,,,
diagnostic_candidate,True,0002002176-000170,0002002176-000170,0002002176-000170,BR_00000006,BR_00000001,initial-000003,1,26,17.0,1145.0,0.6,770.0,810.0,DC51D+Z,IF钢,SPHETI-3,软钢,normal_real,,,,,,
diagnostic_candidate,True,0002002202-000060,0002002202-000060,0002002202-000060,BR_00000006,BR_00000001,initial-000003,1,27,46.0,1145.0,0.7,770.0,810.0,DC51D+Z,IF钢,SPHETI-3,软钢,normal_real,,,,,,
diagnostic_candidate,True,0002002170-000370,0002002170-000370,0002002170-000370,BR_00000006,BR_00000001,initial-000003,1,28,23.0,1130.0,0.7,770.0,810.0,DC51D+Z,IF钢,SPHETI-3,软钢,normal_real,,,,,,
diagnostic_candidate,True,0002002202-000140,0002002202-000140,0002002202-000140,BR_00000006,BR_00000001,initial-000003,1,29,23.0,1110.0,0.7,770.0,810.0,DC51D+Z,IF钢,SPHETI-3,软钢,normal_real,,,,,,
diagnostic_candidate,True,0030125207-000040,0030125207-000040,0030125207-000040,BR_00000006,BR_00000001,initial-000003,1,30,46.0,1103.0,0.7,770.0,810.0,DC51D+Z,深冲钢（PD）,SPHCQ,软钢,normal_real,,,,,,
diagnostic_candidate,True,0002002185-000110,0002002185-000110,0002002185-000110,BR_00000006,BR_00000001,initial-000003,1,31,19.0,1097.0,0.65,770.0,810.0,DC51D+Z,IF钢,SPHETI-3,软钢,normal_real,,,,,,
diagnostic_candidate,True,0002002202-000170,0002002202-000170,0002002202-000170,BR_00000006,BR_00000001,initial-000003,1,32,19.0,1080.0,0.7,770.0,810.0,DC51D+Z,IF钢,SPHETI-3,软钢,normal_real,,,,,,
diagnostic_candidate,True,0002002202-000050,0002002202-000050,0002002202-000050,BR_00000006,BR_00000001,initial-000003,1,33,25.0,1060.0,0.7,770.0,810.0,DC51D+Z,IF钢,SPHETI-3,软钢,normal_real,,,,,,
diagnostic_candidate,True,0002002195-000040,0002002195-000040,0002002195-000040,BR_00000006,BR_00000001,initial-000003,1,34,64.87,1051.0,0.65,770.0,810.0,DC51D+Z,普碳,SPHC,软钢,normal_real,,,,,,
diagnostic_candidate,True,0002002195-000220,0002002195-000220,0002002195-000220,BR_00000006,BR_00000001,initial-000003,1,35,80.0,1040.0,0.65,770.0,810.0,DC51D+Z,普碳,SPHC,软钢,normal_real,,,,,,
diagnostic_candidate,True,0030125207-000020,0030125207-000020,0030125207-000020,BR_00000006,BR_00000001,initial-000003,1,36,22.0,1033.0,0.7,780.0,800.0,HC220YD+Z,加磷高强、烘烤硬化钢,H220Y,软钢,normal_real,,,,,,
diagnostic_candidate,True,0002002180-000030,0002002180-000030,0002002180-000030,BR_00000006,BR_00000001,initial-000003,1,37,89.0,1020.0,0.6,770.0,810.0,DC51D+Z,IF钢,SPHETI-3,软钢,normal_real,,,,,,
diagnostic_candidate,True,0002002176-000090,0002002176-000090,0002002176-000090,BR_00000006,BR_00000001,initial-000003,1,38,20.0,983.0,0.6,770.0,810.0,DC51D+Z,普碳,SPHC,软钢,normal_real,,,,,,
diagnostic_candidate,True,0002002170-000380,0002002170-000380,0002002170-000380,BR_00000006,BR_00000001,initial-000003,1,39,20.0,960.0,0.65,770.0,810.0,DC51D+Z,IF钢,SPHETI-3,软钢,normal_real,,,,,,
diagnostic_candidate,True,0002002180-000050,0002002180-000050,0002002180-000050,BR_00000006,BR_00000001,initial-000003,1,40,20.0,910.0,0.65,770.0,810.0,DC51D+Z,IF钢,SPHETI-3,软钢,normal_real,,,,,,
diagnostic_candidate,True,0002002195-000210,0002002195-000210,0002002195-000210,BR_00000006,BR_00000001,initial-000003,1,41,8.86,830.0,0.6,770.0,810.0,DC51D+Z,普碳,SPHC,软钢,normal_real,,,,,,
diagnostic_candidate,True,0002002170-000130,0002002170-000130,0002002170-000130,BR_00000006,BR_00000001,initial-000003,1,42,55.0,828.0,0.65,770.0,810.0,DC51D+Z,普碳,SPHC,软钢,normal_real,,,,,,
diagnostic_candidate,True,0002002195-000200,0002002195-000200,0002002195-000200,BR_00000006,BR_00000001,initial-000001,2,1,24.0,1515.0,0.65,830.0,850.0,DC54D+Z,IF钢,SPHETI-3,软钢,normal_real,,,,,,
diagnostic_candidate,True,0030123255-000020,0030123255-000020,0030123255-000020,BR_00000006,BR_00000001,initial-000001,2,2,46.0,1500.0,0.65,820.0,840.0,HC180BD+Z,加磷高强、烘烤硬化钢,H180BH1,软钢,normal_real,,,,,,
diagnostic_candidate,True,0002002170-000300,0002002170-000300,0002002170-000300,BR_00000006,BR_00000001,initial-000001,2,3,23.0,1500.0,0.6,810.0,830.0,180YD+Z,加磷高强、烘烤硬化钢,H180YD,软钢,normal_real,,,,,,
diagnostic_candidate,True,0030124457-000020,0030124457-000020,0030124457-000020,BR_00000006,BR_00000001,initial-000001,2,4,24.0,1483.0,0.6,820.0,840.0,DX53D+Z,IF钢,SPHETI-5,软钢,normal_real,,,,,,
diagnostic_candidate,True,0005000563-000280,0005000563-000280,0005000563-000280,BR_00000006,BR_00000001,initial-000001,2,5,21.0,1448.0,0.8,830.0,850.0,CR3,IF钢,SPHETI-36,软钢,normal_real,,,,,,
diagnostic_candidate,True,0030124683-000030,0030124683-000030,0030124683-000030,BR_00000006,BR_00000001,initial-000001,2,6,48.0,1410.0,0.8,830.0,850.0,DC56D+Z,IF钢,SPHETI-3,软钢,normal_real,,,,,,
diagnostic_candidate,True,0030123143-000020,0030123143-000020,0030123143-000020,BR_00000006,BR_00000001,initial-000001,2,7,104.0,1390.0,0.7,830.0,850.0,SCG4+Z,IF钢,SPHETI-3,软钢,normal_real,,,,,,
diagnostic_candidate,True,0030125150-000010,0030125150-000010,0030125150-000010,BR_00000006,BR_00000001,initial-000001,2,8,24.0,1360.0,0.7,820.0,840.0,DC53D+Z,IF钢,SPHETI-5,软钢,normal_real,,,,,,
diagnostic_candidate,True,0030124683-000010,0030124683-000010,0030124683-000010,BR_00000006,BR_00000001,initial-000001,2,9,96.0,1360.0,0.7,820.0,840.0,DC53D+Z,IF钢,SPHETI-5,软钢,normal_real,,,,,,
diagnostic_candidate,True,0030119860-000010,0030119860-000010,0030119860-000010,BR_00000001,BR_00000001,initial-000001,2,10,38.27,1360.0,0.7,820.0,840.0,DC53D+Z,IF钢,SPHETI-5,软钢,normal_real,,,,,,
diagnostic_candidate,True,0002002184-000010,0002002184-000010,0002002184-000010,BR_00000006,BR_00000001,initial-000001,2,11,23.0,1354.0,0.65,830.0,850.0,DC56D+Z,IF钢,SPHETI-3,软钢,normal_real,,,,,,
diagnostic_candidate,True,0002002184-000040,0002002184-000040,0002002184-000040,BR_00000006,BR_00000001,initial-000001,2,12,92.0,1354.0,0.7,830.0,850.0,DC56D+Z,IF钢,SPHETI-3,软钢,normal_real,,,,,,
diagnostic_candidate,True,0030125207-000110,0030125207-000110,0030125207-000110,BR_00000006,BR_00000001,initial-000001,2,13,24.0,1353.0,0.7,830.0,850.0,DC53D+Z,IF钢,SPHETI-3,软钢,normal_real,,,,,,
diagnostic_candidate,True,0030123255-000010,0030123255-000010,0030123255-000010,BR_00000006,BR_00000001,initial-000001,2,14,92.0,1350.0,0.6,820.0,840.0,HC180BD+Z,加磷高强、烘烤硬化钢,H180BH1,软钢,normal_real,,,,,,
diagnostic_candidate,True,0002002055-000050,0002002055-000050,0002002055-000050,BR_00000001,BR_00000001,initial-000001,2,15,280.12,1310.0,0.6,815.0,835.0,DX51D+Z-MD,普碳,SPHC,软钢,normal_real,,,,,,
diagnostic_candidate,True,0010019718-000020,0010019718-000020,0010019718-000020,BR_00000006,BR_00000001,initial-000001,2,16,58.0,1300.0,0.5,700.0,840.0,DC51D+Z,普碳,SPHC,软钢,actual_transition,,,,,,
diagnostic_candidate,True,0002002055-000010,0002002055-000010,0002002055-000010,BR_00000001,BR_00000001,initial-000001,2,17,70.55,1250.0,0.5,815.0,835.0,DX51D+Z-MD,普碳,SPHC,软钢,normal_real,,,,,,
diagnostic_candidate,True,0002002054-000350,0002002054-000350,0002002054-000350,BR_00000001,BR_00000001,initial-000001,2,18,98.97,1250.0,0.5,815.0,835.0,DX51D+Z-MD,普碳,SPHC,软钢,normal_real,,,,,,
diagnostic_candidate,True,0002002054-000320,0002002054-000320,0002002054-000320,BR_00000001,BR_00000001,initial-000001,2,19,23.0,1235.0,0.5,820.0,840.0,DX53D+Z-CD,IF钢,SPHETI-5,软钢,normal_real,,,,,,
diagnostic_candidate,True,0030118641-000010,0030118641-000010,0030118641-000010,BR_00000001,BR_00000001,initial-000001,2,20,22.03,1200.0,0.4,700.0,840.0,DC51D+Z,普碳,SPHC,软钢,actual_transition,,,,,,
diagnostic_candidate,True,0030123916-000010,0030123916-000010,0030123916-000010,BR_00000006,BR_00000001,initial-000001,2,21,23.0,1200.0,0.4,700.0,840.0,DC51D+Z,普碳,SPHC,软钢,actual_transition,,,,,,
diagnostic_candidate,True,0002002055-000080,0002002055-000080,0002002055-000080,BR_00000001,BR_00000001,initial-000001,2,22,5.45,1150.0,0.5,815.0,835.0,DX51D+Z-MD,普碳,SPHC,软钢,normal_real,,,,,,
diagnostic_candidate,True,0002002055-000040,0002002055-000040,0002002055-000040,BR_00000001,BR_00000001,initial-000001,2,23,346.03,1150.0,0.5,815.0,835.0,DX51D+Z-MD,普碳,SPHC,软钢,normal_real,,,,,,
diagnostic_candidate,True,0002002054-000040,0002002054-000040,0002002054-000040,BR_00000001,BR_00000001,initial-000001,2,24,36.52,1150.0,0.5,815.0,835.0,DX51D+Z-MD,普碳,SPHC,软钢,normal_real,,,,,,
diagnostic_candidate,True,0030125168-000050,0030125168-000050,0030125168-000050,BR_00000006,BR_00000001,initial-000001,2,25,24.0,1145.0,0.4,700.0,840.0,DC51D+Z,普碳,SPHC,软钢,normal_real,,,,,,
diagnostic_candidate,True,0030123654-000010,0030123654-000010,0030123654-000010,BR_00000006,BR_00000001,initial-000001,2,26,48.0,1066.0,0.5,715.0,735.0,DX51D+Z1,普碳,SPHC,软钢,normal_real,,,,,,
diagnostic_candidate,True,0030118641-000020,0030118641-000020,0030118641-000020,BR_00000001,BR_00000001,initial-000001,2,27,6.04,1000.0,0.4,700.0,840.0,DC51D+Z,普碳,SPHC,软钢,actual_transition,,,,,,
diagnostic_candidate,True,0030123916-000020,0030123916-000020,0030123916-000020,BR_00000006,BR_00000001,initial-000001,2,28,23.0,1000.0,0.4,700.0,840.0,DC51D+Z,普碳,SPHC,软钢,actual_transition,,,,,,
diagnostic_candidate,True,0030120882-000010,0030120882-000010,0030120882-000010,BR_00000002,BR_00000001,initial-000001,2,29,110.0,1000.0,0.45,700.0,840.0,DX51D+Z,普碳,SPHC,软钢,actual_transition,,,,,,
diagnostic_candidate,True,0030123647-000010,0030123647-000010,0030123647-000010,BR_00000006,BR_00000001,initial-000004,3,1,6.15,1675.0,0.65,830.0,850.0,SCG4+Z,IF钢,SPHETI-3,软钢,normal_real,,,,,,
diagnostic_candidate,True,0002002193-000040,0002002193-000040,0002002193-000040,BR_00000006,BR_00000001,initial-000004,3,2,104.0,1665.0,0.7,830.0,850.0,DC53D+Z,IF钢,SPHETI-3,软钢,normal_real,,,,,,
diagnostic_candidate,True,0002002170-000320,0002002170-000320,0002002170-000320,BR_00000006,BR_00000001,initial-000004,3,3,23.0,1515.0,0.7,830.0,850.0,DC53D+Z,IF钢,SPHETI-3,软钢,normal_real,,,,,,
diagnostic_candidate,True,0030123936-000020,0030123936-000020,0030123936-000020,BR_00000006,BR_00000001,initial-000004,3,4,327.94,1465.0,0.7,830.0,850.0,SCG4+Z,IF钢,SPHETI-3,软钢,normal_real,,,,,,
diagnostic_candidate,True,0030123143-000010,0030123143-000010,0030123143-000010,BR_00000006,BR_00000001,initial-000004,3,5,52.0,1455.0,0.7,830.0,850.0,SCG4+Z,IF钢,SPHETI-3,软钢,normal_real,,,,,,
diagnostic_candidate,True,0030123936-000010,0030123936-000010,0030123936-000010,BR_00000006,BR_00000001,initial-000004,3,6,182.0,1440.0,0.7,830.0,850.0,SCG4+Z,IF钢,SPHETI-3,软钢,normal_real,,,,,,
diagnostic_candidate,True,0030123142-000020,0030123142-000020,0030123142-000020,BR_00000006,BR_00000001,initial-000004,3,7,182.0,1440.0,0.7,830.0,850.0,SCG4+Z,IF钢,SPHETI-3,软钢,normal_real,,,,,,
diagnostic_candidate,True,0002002170-000240,0002002170-000240,0002002170-000240,BR_00000006,BR_00000001,initial-000004,3,8,80.0,1434.0,0.7,830.0,850.0,DC53D+Z,IF钢,SPHETI-3,软钢,normal_real,,,,,,
diagnostic_candidate,True,0030123143-000040,0030123143-000040,0030123143-000040,BR_00000006,BR_00000001,initial-000004,3,9,67.97,1430.0,0.65,830.0,850.0,SCG4+Z,IF钢,SPHETI-3,软钢,normal_real,,,,,,
diagnostic_candidate,True,0002002180-000280,0002002180-000280,0002002180-000280,BR_00000006,BR_00000001,initial-000004,3,10,20.0,1390.0,0.65,830.0,850.0,DC53D+Z,IF钢,SPHETI-3,软钢,normal_real,,,,,,
diagnostic_candidate,True,0030125157-000010,0030125157-000010,0030125157-000010,BR_00000006,BR_00000001,initial-000004,3,11,26.0,1385.0,0.6,830.0,850.0,DC54D+Z,IF钢,SPHETI-5,软钢,normal_real,,,,,,
diagnostic_candidate,True,0030119866-000010,0030119866-000010,0030119866-000010,BR_00000001,BR_00000001,initial-000004,3,12,27.97,1385.0,0.6,830.0,850.0,DC54D+Z,IF钢,SPHETI-5,软钢,normal_real,,,,,,
diagnostic_candidate,True,0030122759-000030,0030122759-000030,0030122759-000030,BR_00000006,BR_00000001,initial-000004,3,13,88.0,1374.0,0.75,830.0,850.0,CR3,IF钢,SPHETI-36,软钢,normal_real,,,,,,
diagnostic_candidate,True,0005000563-000030,0005000563-000030,0005000563-000030,BR_00000006,BR_00000001,initial-000004,3,14,63.0,1365.0,0.8,830.0,850.0,CR180BH,加磷高强、烘烤硬化钢,H180BH,软钢,normal_real,,,,,,
diagnostic_candidate,True,0002002020-000080,0002002020-000080,0002002020-000080,BR_00000001,BR_00000001,initial-000004,3,15,13.01,1364.0,1.0,830.0,850.0,DC54D+Z,IF钢,SPHETI-3,软钢,normal_real,,,,,,
diagnostic_candidate,True,0005000563-000130,0005000563-000130,0005000563-000130,BR_00000006,BR_00000001,initial-000004,3,16,42.0,1350.0,0.8,830.0,850.0,CR180BH,加磷高强、烘烤硬化钢,H180BH,软钢,normal_real,,,,,,
diagnostic_candidate,True,0002002176-000240,0002002176-000240,0002002176-000240,BR_00000006,BR_00000001,initial-000004,3,17,69.0,1335.0,0.65,820.0,840.0,DC53D+Z,IF钢,SPHETI-3,软钢,normal_real,,,,,,
diagnostic_candidate,True,0030123141-000020,0030123141-000020,0030123141-000020,BR_00000006,BR_00000001,initial-000004,3,18,100.0,1330.0,0.65,830.0,850.0,SCG4+Z,IF钢,SPHETI-3,软钢,normal_real,,,,,,
diagnostic_candidate,True,0030122759-000020,0030122759-000020,0030122759-000020,BR_00000006,BR_00000001,initial-000004,3,19,22.0,1312.0,0.75,830.0,850.0,CR3,IF钢,SPHETI-36,软钢,normal_real,,,,,,
diagnostic_candidate,True,0030117110-000020,0030117110-000020,0030117110-000020,BR_00000001,BR_00000001,initial-000004,3,20,21.51,1312.0,0.75,830.0,850.0,CR3,IF钢,SPHETI-36,软钢,normal_real,,,,,,
diagnostic_candidate,True,0030124683-000020,0030124683-000020,0030124683-000020,BR_00000006,BR_00000001,initial-000004,3,21,48.0,1305.0,0.7,820.0,840.0,DC53D+Z,IF钢,SPHETI-5,软钢,normal_real,,,,,,
diagnostic_candidate,True,0030123654-000030,0030123654-000030,0030123654-000030,BR_00000006,BR_00000001,initial-000004,3,22,24.0,1304.0,0.7,830.0,850.0,DX53D+Z1,IF钢,SPHETI-5,软钢,normal_real,,,,,,
diagnostic_candidate,True,0002002195-000180,0002002195-000180,0002002195-000180,BR_00000006,BR_00000001,initial-000004,3,23,25.0,1258.0,0.8,830.0,850.0,DC53D+Z,IF钢,SPHETI-3,软钢,normal_real,,,,,,
diagnostic_candidate,True,0030123916-000030,0030123916-000030,0030123916-000030,BR_00000006,BR_00000001,initial-000004,3,24,69.0,1250.0,1.0,700.0,840.0,DC51D+Z,普碳,SPHC,软钢,actual_transition,,,,,,
diagnostic_candidate,True,0030124800-000010,0030124800-000010,0030124800-000010,BR_00000006,BR_00000001,initial-000004,3,25,24.0,1240.0,1.0,770.0,810.0,DX52D+Z,深冲钢（PD）,SPHCQ,软钢,normal_real,,,,,,
diagnostic_candidate,True,0030124440-000030,0030124440-000030,0030124440-000030,BR_00000006,BR_00000001,initial-000004,3,26,24.0,1155.0,0.9,770.0,810.0,DX52D+Z,深冲钢（PD）,SPHCQ,软钢,normal_real,,,,,,
diagnostic_candidate,True,0002002202-000210,0002002202-000210,0002002202-000210,BR_00000006,BR_00000001,initial-000004,3,27,8.21,1155.0,1.0,770.0,810.0,DC51D+Z,普碳,SPHC,软钢,normal_real,,,,,,
diagnostic_candidate,True,0030124440-000020,0030124440-000020,0030124440-000020,BR_00000006,BR_00000001,initial-000004,3,28,23.0,1125.0,0.9,770.0,810.0,DX52D+Z,深冲钢（PD）,SPHCQ,软钢,normal_real,,,,,,
diagnostic_candidate,True,0002002169-000030,0002002169-000030,0002002169-000030,BR_00000006,BR_00000001,initial-000004,3,29,30.0,1120.0,0.7,770.0,810.0,DC51D+Z,普碳,SPHC,软钢,normal_real,,,,,,
diagnostic_candidate,True,0030123142-000040,0030123142-000040,0030123142-000040,BR_00000006,BR_00000001,initial-000011,4,1,156.0,1360.0,0.65,830.0,850.0,SCG4+Z,IF钢,SPHETI-3,软钢,normal_real,,,,,,
diagnostic_candidate,True,0030124871-000120,0030124871-000120,0030124871-000120,BR_00000006,BR_00000001,initial-000011,4,2,220.0,1360.0,0.6,820.0,840.0,DX53D+Z,IF钢,SPHETI-5,软钢,normal_real,,,,,,
diagnostic_candidate,True,0030125150-000030,0030125150-000030,0030125150-000030,BR_00000006,BR_00000001,initial-000011,4,3,96.0,1360.0,0.7,810.0,830.0,HC180YD+Z,加磷高强、烘烤硬化钢,H180YD,软钢,normal_real,,,,,,
diagnostic_candidate,True,0030124683-000040,0030124683-000040,0030124683-000040,BR_00000006,BR_00000001,initial-000011,4,4,192.0,1360.0,0.7,810.0,830.0,HC180YD+Z,加磷高强、烘烤硬化钢,H180YD,软钢,normal_real,,,,,,
diagnostic_candidate,True,0030119860-000040,0030119860-000040,0030119860-000040,BR_00000001,BR_00000001,initial-000011,4,5,180.24,1360.0,0.7,810.0,830.0,HC180YD+Z,加磷高强、烘烤硬化钢,H180YD,软钢,normal_real,,,,,,
diagnostic_candidate,True,0030124735-000060,0030124735-000060,0030124735-000060,BR_00000006,BR_00000001,initial-000011,4,6,24.0,1360.0,0.8,820.0,840.0,DX53D+Z,IF钢,SPHETI-5,软钢,normal_real,,,,,,
diagnostic_candidate,True,0030122476-000050,0030122476-000050,0030122476-000050,BR_00000006,BR_00000001,initial-000011,4,7,8.0,1325.0,1.0,830.0,850.0,DC56D+Z,IF钢,SPHETI-3,软钢,normal_real,,,,,,
diagnostic_candidate,True,0030124567-000010,0030124567-000010,0030124567-000010,BR_00000006,BR_00000001,initial-000011,4,8,24.0,1310.0,1.0,830.0,850.0,DC56D+Z,IF钢,SPHETI-3,软钢,normal_real,,,,,,
diagnostic_candidate,True,0030121196-000020,0030121196-000020,0030121196-000020,BR_00000002,BR_00000001,initial-000011,4,9,24.0,1300.0,0.95,830.0,850.0,DC56D+Z,IF钢,SPHETI-3,软钢,normal_real,,,,,,
diagnostic_candidate,True,0002002053-000180,0002002053-000180,0002002053-000180,BR_00000001,BR_00000001,initial-000011,4,10,60.0,1300.0,1.0,820.0,840.0,DX53D+Z-MD,IF钢,SPHETI-5,软钢,normal_real,,,,,,
diagnostic_candidate,True,0002002054-000100,0002002054-000100,0002002054-000100,BR_00000001,BR_00000001,initial-000011,4,11,75.01,1300.0,1.0,820.0,840.0,DX53D+Z-MD,IF钢,SPHETI-5,软钢,normal_real,,,,,,
diagnostic_candidate,True,0030124731-000010,0030124731-000010,0030124731-000010,BR_00000006,BR_00000001,initial-000011,4,12,48.0,1290.0,0.9,830.0,850.0,DC54D+Z,IF钢,SPHETI-5,软钢,normal_real,,,,,,
diagnostic_candidate,True,0030123653-000060,0030123653-000060,0030123653-000060,BR_00000006,BR_00000001,initial-000011,4,13,96.0,1260.0,0.8,700.0,840.0,DC51D+Z,普碳,SPHC,软钢,normal_real,,,,,,
diagnostic_candidate,True,0030124871-000030,0030124871-000030,0030124871-000030,BR_00000006,BR_00000001,initial-000011,4,14,20.0,1250.0,0.95,710.0,730.0,DX51D+Z,普碳,SPHC,软钢,normal_real,,,,,,
diagnostic_candidate,True,0030124735-000100,0030124735-000100,0030124735-000100,BR_00000006,BR_00000001,initial-000011,4,15,24.0,1250.0,1.0,700.0,840.0,DX51D+Z,普碳,SPHC,软钢,actual_transition,,,,,,
diagnostic_candidate,True,0030122897-000040,0030122897-000040,0030122897-000040,BR_00000006,BR_00000001,initial-000011,4,16,24.0,1250.0,1.0,700.0,840.0,DC51D+Z,普碳,SPHC,软钢,actual_transition,,,,,,
diagnostic_candidate,True,0030124871-000060,0030124871-000060,0030124871-000060,BR_00000006,BR_00000001,initial-000011,4,17,300.0,1250.0,1.15,820.0,840.0,DX53D+Z,IF钢,SPHETI-5,软钢,normal_real,,,,,,
diagnostic_candidate,True,0010020206-000090,0010020206-000090,0010020206-000090,BR_00000006,BR_00000001,initial-000011,4,18,52.98,1250.0,1.2,700.0,840.0,DC51D+Z,普碳,SPHC,软钢,actual_transition,,,,,,
diagnostic_candidate,True,0002002202-000040,0002002202-000040,0002002202-000040,BR_00000006,BR_00000001,initial-000011,4,19,23.0,1227.0,1.0,770.0,810.0,DC51D+Z,IF钢,SPHETI-3,软钢,normal_real,,,,,,
diagnostic_candidate,True,0002002202-000080,0002002202-000080,0002002202-000080,BR_00000006,BR_00000001,initial-000011,4,20,23.0,1203.0,1.0,770.0,810.0,DC51D+Z,IF钢,SPHETI-3,软钢,normal_real,,,,,,
diagnostic_candidate,True,0030123653-000030,0030123653-000030,0030123653-000030,BR_00000006,BR_00000001,initial-000011,4,21,48.0,1200.0,0.8,700.0,840.0,DC51D+Z,普碳,SPHC,软钢,normal_real,,,,,,
diagnostic_candidate,True,0030124800-000040,0030124800-000040,0030124800-000040,BR_00000006,BR_00000001,initial-000011,4,22,24.0,1164.0,0.8,770.0,810.0,DX52D+Z,深冲钢（PD）,SPHCQ,软钢,normal_real,,,,,,
diagnostic_candidate,True,0030120939-000100,0030120939-000100,0030120939-000100,BR_00000002,BR_00000001,initial-000011,4,23,48.0,1160.0,0.7,780.0,800.0,HC220YD+Z,加磷高强、烘烤硬化钢,H220Y,软钢,normal_real,,,,,,
diagnostic_candidate,True,0030124824-000050,0030124824-000050,0030124824-000050,BR_00000006,BR_00000001,initial-000011,4,24,23.11,1050.0,0.65,780.0,800.0,HC220YD+Z-GL,加磷高强、烘烤硬化钢,H220Y,,normal_real,,,,,,
diagnostic_candidate,True,0030125207-000030,0030125207-000030,0030125207-000030,BR_00000006,BR_00000001,initial-000011,4,25,22.0,1043.0,0.7,780.0,800.0,HC220YD+Z,加磷高强、烘烤硬化钢,H220Y,软钢,normal_real,,,,,,
diagnostic_candidate,True,0030125207-000120,0030125207-000120,0030125207-000120,BR_00000006,BR_00000001,initial-000011,4,26,22.0,1039.0,0.7,790.0,810.0,HC260YD+Z,加磷高强、烘烤硬化钢,H260Y,软钢,normal_real,,,,,,
diagnostic_candidate,True,0002002184-000210,0002002184-000210,0002002184-000210,BR_00000006,BR_00000001,initial-000011,4,27,25.0,1030.0,0.6,770.0,810.0,DC51D+Z,IF钢,SPHETI-3,软钢,normal_real,,,,,,
diagnostic_candidate,True,0002002195-000030,0002002195-000030,0002002195-000030,BR_00000006,BR_00000001,initial-000011,4,28,22.0,1022.0,0.7,770.0,810.0,DC51D+Z,普碳,SPHC,软钢,normal_real,,,,,,
diagnostic_candidate,True,0002002177-000030,0002002177-000030,0002002177-000030,BR_00000006,BR_00000001,initial-000013,5,1,15.0,1590.0,0.65,770.0,810.0,DC51D+Z,IF钢,SPHETI-3,软钢,normal_real,,,,,,
diagnostic_candidate,True,0002002185-000130,0002002185-000130,0002002185-000130,BR_00000006,BR_00000001,initial-000013,5,2,23.0,1545.0,0.65,770.0,810.0,DC51D+Z,IF钢,SPHETI-3,软钢,normal_real,,,,,,
diagnostic_candidate,True,0002002185-000080,0002002185-000080,0002002185-000080,BR_00000006,BR_00000001,initial-000013,5,3,40.0,1540.0,0.7,770.0,810.0,DC51D+Z,IF钢,SPHETI-3,软钢,normal_real,,,,,,
diagnostic_candidate,True,0002001998-000190,0002001998-000190,0002001998-000190,BR_00000001,BR_00000001,initial-000013,5,4,42.46,1510.0,0.6,770.0,810.0,DC51D+Z,IF钢,SPHETI-3,软钢,normal_real,,,,,,
diagnostic_candidate,True,0002002180-000130,0002002180-000130,0002002180-000130,BR_00000006,BR_00000001,initial-000013,5,5,34.0,1510.0,0.6,770.0,810.0,DC51D+Z,IF钢,SPHETI-3,软钢,normal_real,,,,,,
diagnostic_candidate,True,0002002195-000160,0002002195-000160,0002002195-000160,BR_00000006,BR_00000001,initial-000013,5,6,635.0,1510.0,0.6,770.0,810.0,DC51D+Z,IF钢,SPHETI-3,软钢,normal_real,,,,,,
diagnostic_candidate,True,0002002185-000140,0002002185-000140,0002002185-000140,BR_00000006,BR_00000001,initial-000013,5,7,30.0,1510.0,0.65,770.0,810.0,DC51D+Z,IF钢,SPHETI-3,软钢,normal_real,,,,,,
diagnostic_candidate,True,0002002176-000080,0002002176-000080,0002002176-000080,BR_00000006,BR_00000001,initial-000013,5,8,15.0,1498.0,0.65,770.0,810.0,DC51D+Z,IF钢,SPHETI-3,软钢,normal_real,,,,,,
diagnostic_candidate,True,0002002195-000150,0002002195-000150,0002002195-000150,BR_00000006,BR_00000001,initial-000013,5,9,175.0,1490.0,0.65,770.0,810.0,DC51D+Z,IF钢,SPHETI-3,软钢,normal_real,,,,,,
diagnostic_candidate,True,0002002176-000220,0002002176-000220,0002002176-000220,BR_00000006,BR_00000001,initial-000013,5,10,15.0,1485.0,0.6,770.0,810.0,DC51D+Z,普碳,SPHC,软钢,normal_real,,,,,,
diagnostic_candidate,True,0002002162-000010,0002002162-000010,0002002162-000010,BR_00000006,BR_00000001,initial-000013,5,11,72.0,1470.0,0.65,770.0,810.0,DC51D+Z,IF钢,SPHETI-3,软钢,normal_real,,,,,,
diagnostic_candidate,True,0002002176-000030,0002002176-000030,0002002176-000030,BR_00000006,BR_00000001,initial-000013,5,12,15.0,1465.0,0.65,770.0,810.0,DC51D+Z,IF钢,SPHETI-3,软钢,normal_real,,,,,,
diagnostic_candidate,True,0002002195-000140,0002002195-000140,0002002195-000140,BR_00000006,BR_00000001,initial-000013,5,13,72.0,1463.0,0.65,770.0,810.0,DC51D+Z,IF钢,SPHETI-3,软钢,normal_real,,,,,,
diagnostic_candidate,True,0002002195-000250,0002002195-000250,0002002195-000250,BR_00000006,BR_00000001,initial-000013,5,14,24.0,1455.0,0.65,770.0,810.0,DC51D+Z,IF钢,SPHETI-3,软钢,normal_real,,,,,,
diagnostic_candidate,True,0002002162-000040,0002002162-000040,0002002162-000040,BR_00000006,BR_00000001,initial-000013,5,15,168.0,1450.0,0.65,770.0,810.0,DC51D+Z,IF钢,SPHETI-3,软钢,normal_real,,,,,,
diagnostic_candidate,True,0002002044-000070,0002002044-000070,0002002044-000070,BR_00000001,BR_00000001,initial-000013,5,16,18.71,1450.0,0.65,770.0,810.0,DC51D+Z,普碳,SPHC,软钢,normal_real,,,,,,
diagnostic_candidate,True,0002002185-000070,0002002185-000070,0002002185-000070,BR_00000006,BR_00000001,initial-000013,5,17,92.0,1375.0,0.65,770.0,810.0,DC51D+Z,IF钢,SPHETI-3,软钢,normal_real,,,,,,
diagnostic_candidate,True,0002002024-000070,0002002024-000070,0002002024-000070,BR_00000001,BR_00000001,initial-000013,5,18,6.04,1360.0,0.7,770.0,810.0,DC51D+Z,普碳,SPHC,软钢,normal_real,,,,,,
diagnostic_candidate,True,0002002176-000100,0002002176-000100,0002002176-000100,BR_00000006,BR_00000001,initial-000013,5,19,23.0,1358.0,0.7,770.0,810.0,DC51D+Z,普碳,SPHC,软钢,normal_real,,,,,,
diagnostic_candidate,True,0030125207-000070,0030125207-000070,0030125207-000070,BR_00000006,BR_00000001,initial-000013,5,20,24.0,1349.0,0.9,770.0,810.0,DC51D+Z,深冲钢（PD）,SPHCQ,软钢,normal_real,,,,,,
diagnostic_candidate,True,0030124800-000020,0030124800-000020,0030124800-000020,BR_00000006,BR_00000001,initial-000013,5,21,24.0,1332.0,1.0,770.0,810.0,DX52D+Z,深冲钢（PD）,SPHCQ,软钢,normal_real,,,,,,
diagnostic_candidate,True,0002002170-000220,0002002170-000220,0002002170-000220,BR_00000006,BR_00000001,initial-000013,5,22,46.0,1330.0,1.0,770.0,810.0,DC51D+Z,IF钢,SPHETI-3,软钢,normal_real,,,,,,
diagnostic_candidate,True,0002002170-000350,0002002170-000350,0002002170-000350,BR_00000006,BR_00000001,initial-000013,5,23,23.0,1300.0,1.2,770.0,810.0,DC51D+Z,IF钢,SPHETI-3,软钢,normal_real,,,,,,
diagnostic_candidate,True,0030122488-000020,0030122488-000020,0030122488-000020,BR_00000006,BR_00000001,initial-000013,5,24,96.0,1250.0,1.25,770.0,810.0,DC52D+Z,深冲钢（PD）,SPHCQ,软钢,normal_real,,,,,,
diagnostic_candidate,True,0010019881-000040,0010019881-000040,0010019881-000040,BR_00000006,BR_00000001,initial-000013,5,25,96.0,1250.0,1.45,700.0,840.0,DC51D+Z,普碳,SPHC,软钢,actual_transition,,,,,,
diagnostic_candidate,True,0030125101-000030,0030125101-000030,0030125101-000030,BR_00000006,BR_00000001,initial-000013,5,26,48.0,1242.0,1.5,700.0,840.0,DC51D+Z,普碳,SPHC,软钢,actual_transition,,,,,,
diagnostic_candidate,True,0002002053-000070,0002002053-000070,0002002053-000070,BR_00000001,BR_00000001,initial-000013,5,27,25.67,1219.0,1.2,820.0,840.0,DX53D+Z-MD,IF钢,SPHETI-5,软钢,normal_real,,,,,,
diagnostic_candidate,True,0030122476-000070,0030122476-000070,0030122476-000070,BR_00000006,BR_00000001,initial-000013,5,28,24.0,1205.0,1.0,830.0,850.0,DC56D+Z,IF钢,SPHETI-3,软钢,normal_real,,,,,,
diagnostic_candidate,True,0030117976-000020,0030117976-000020,0030117976-000020,BR_00000001,BR_00000001,initial-000013,5,29,7.91,1201.0,1.0,700.0,840.0,DC51D+Z,普碳,SPHC,软钢,actual_transition,,,,,,
diagnostic_candidate,True,0030125207-000060,0030125207-000060,0030125207-000060,BR_00000006,BR_00000001,initial-000015,6,1,24.0,1589.0,0.7,770.0,810.0,DC51D+Z,深冲钢（PD）,SPHCQ,软钢,normal_real,,,,,,
diagnostic_candidate,True,0002001995-000010,0002001995-000010,0002001995-000010,BR_00000001,BR_00000001,initial-000015,6,2,19.16,1583.0,0.65,770.0,810.0,DC51D+Z,IF钢,SPHETI-3,软钢,normal_real,,,,,,
diagnostic_candidate,True,0002002180-000340,0002002180-000340,0002002180-000340,BR_00000006,BR_00000001,initial-000015,6,3,20.0,1555.0,0.6,770.0,810.0,DC51D+Z,IF钢,SPHETI-3,软钢,normal_real,,,,,,
diagnostic_candidate,True,0002002176-000230,0002002176-000230,0002002176-000230,BR_00000006,BR_00000001,initial-000015,6,4,15.0,1555.0,0.6,770.0,810.0,DC51D+Z,普碳,SPHC,软钢,normal_real,,,,,,
diagnostic_candidate,True,0010019718-000050,0010019718-000050,0010019718-000050,BR_00000006,BR_00000001,initial-000015,6,5,96.0,1550.0,0.5,700.0,840.0,DC51D+Z,普碳,SPHC,软钢,actual_transition,,,,,,
diagnostic_candidate,True,0010019718-000040,0010019718-000040,0010019718-000040,BR_00000006,BR_00000001,initial-000015,6,6,144.0,1500.0,0.5,700.0,840.0,DC51D+Z,普碳,SPHC,软钢,actual_transition,,,,,,
diagnostic_candidate,True,0010018206-000080,0010018206-000080,0010018206-000080,BR_00000001,BR_00000001,initial-000015,6,7,8.26,1500.0,0.5,700.0,840.0,DC51D+Z,普碳,SPHC,软钢,actual_transition,,,,,,
diagnostic_candidate,True,0010019618-000020,0010019618-000020,0010019618-000020,BR_00000006,BR_00000001,initial-000015,6,8,192.0,1500.0,0.5,700.0,840.0,DC51D+Z,普碳,SPHC,软钢,actual_transition,,,,,,
diagnostic_candidate,True,0030124871-000110,0030124871-000110,0030124871-000110,BR_00000006,BR_00000001,initial-000015,6,9,140.0,1460.0,0.6,730.0,750.0,DX51D+Z,普碳,SPHC,软钢,normal_real,,,,,,
diagnostic_candidate,True,0010019718-000030,0010019718-000030,0010019718-000030,BR_00000006,BR_00000001,initial-000015,6,10,131.46,1400.0,0.5,700.0,840.0,DC51D+Z,普碳,SPHC,软钢,actual_transition,,,,,,
diagnostic_candidate,True,0002002176-000140,0002002176-000140,0002002176-000140,BR_00000006,BR_00000001,initial-000015,6,11,23.0,1380.0,0.6,770.0,810.0,DC51D+Z,普碳,SPHC,软钢,normal_real,,,,,,
diagnostic_candidate,True,0002002180-000040,0002002180-000040,0002002180-000040,BR_00000006,BR_00000001,initial-000015,6,12,20.0,1363.0,0.6,770.0,810.0,DC51D+Z,IF钢,SPHETI-3,软钢,normal_real,,,,,,
diagnostic_candidate,True,0002002195-000230,0002002195-000230,0002002195-000230,BR_00000006,BR_00000001,initial-000015,6,13,24.0,1355.0,0.65,770.0,810.0,DC51D+Z,普碳,SPHC,软钢,normal_real,,,,,,
diagnostic_candidate,True,0002002185-000100,0002002185-000100,0002002185-000100,BR_00000006,BR_00000001,initial-000015,6,14,23.0,1335.0,0.65,770.0,810.0,DC51D+Z,IF钢,SPHETI-3,软钢,normal_real,,,,,,
diagnostic_candidate,True,0030119098-000060,0030119098-000060,0030119098-000060,BR_00000001,BR_00000001,initial-000015,6,15,24.0,1333.0,0.6,700.0,840.0,DX51D+Z,普碳,SPHC,软钢,normal_real,,,,,,
diagnostic_candidate,True,0030123143-000030,0030123143-000030,0030123143-000030,BR_00000006,BR_00000001,initial-000015,6,16,175.0,1315.0,0.6,830.0,850.0,SCG4+Z,IF钢,SPHETI-3,软钢,normal_real,,,,,,
diagnostic_candidate,True,0002002162-000110,0002002162-000110,0002002162-000110,BR_00000006,BR_00000001,initial-000015,6,17,24.0,1305.0,0.65,830.0,850.0,DC53D+Z,IF钢,SPHETI-3,软钢,normal_real,,,,,,
diagnostic_candidate,True,0002002170-000340,0002002170-000340,0002002170-000340,BR_00000006,BR_00000001,initial-000015,6,18,23.0,1280.0,0.65,830.0,850.0,DC54D+Z,IF钢,SPHETI-3,软钢,normal_real,,,,,,
diagnostic_candidate,True,0030122897-000100,0030122897-000100,0030122897-000100,BR_00000006,BR_00000001,initial-000015,6,19,96.0,1250.0,0.75,700.0,840.0,DC51D+Z,普碳,SPHC,软钢,actual_transition,,,,,,
diagnostic_candidate,True,0030124081-000010,0030124081-000010,0030124081-000010,BR_00000006,BR_00000001,initial-000015,6,20,48.0,1250.0,0.75,700.0,840.0,DC51D+Z,普碳,SPHC,软钢,actual_transition,,,,,,
diagnostic_candidate,True,0030124824-000030,0030124824-000030,0030124824-000030,BR_00000006,BR_00000001,initial-000015,6,21,37.29,1250.0,0.75,730.0,750.0,DX51D+Z,普碳,SPHC,软钢,normal_real,,,,,,
diagnostic_candidate,True,0010019881-000010,0010019881-000010,0010019881-000010,BR_00000006,BR_00000001,initial-000015,6,22,24.0,1250.0,0.8,700.0,840.0,DC51D+Z,普碳,SPHC,软钢,actual_transition,,,,,,
diagnostic_candidate,True,0010019881-000020,0010019881-000020,0010019881-000020,BR_00000006,BR_00000001,initial-000015,6,23,24.0,1250.0,0.95,700.0,840.0,DC51D+Z,普碳,SPHC,软钢,actual_transition,,,,,,
diagnostic_candidate,True,0030124871-000020,0030124871-000020,0030124871-000020,BR_00000006,BR_00000001,initial-000015,6,24,20.0,1250.0,1.15,710.0,730.0,DX51D+Z,普碳,SPHC,软钢,normal_real,,,,,,
diagnostic_candidate,True,0030122897-000050,0030122897-000050,0030122897-000050,BR_00000006,BR_00000001,initial-000015,6,25,24.0,1250.0,1.2,700.0,840.0,DC51D+Z,普碳,SPHC,软钢,actual_transition,,,,,,
diagnostic_candidate,True,0030124207-000020,0030124207-000020,0030124207-000020,BR_00000006,BR_00000001,initial-000015,6,26,24.0,1250.0,1.2,700.0,840.0,DC51D+Z,普碳,SPHC,软钢,actual_transition,,,,,,
diagnostic_candidate,True,0030125168-000090,0030125168-000090,0030125168-000090,BR_00000006,BR_00000001,initial-000015,6,27,24.0,1250.0,1.2,770.0,810.0,DX52D+Z-LG,深冲钢（PD）,SPHCQ,软钢,normal_real,,,,,,
diagnostic_candidate,True,0002002202-000020,0002002202-000020,0002002202-000020,BR_00000006,BR_00000001,initial-000015,6,28,23.0,1245.0,1.2,770.0,810.0,DC51D+Z,普碳,SPHC,软钢,normal_real,,,,,,
diagnostic_candidate,True,0030121432-000010,0030121432-000010,0030121432-000010,BR_00000002,BR_00000001,initial-000015,6,29,48.0,1235.0,1.35,795.0,815.0,HC220YD+Z,加磷高强、烘烤硬化钢,H220Y,软钢,normal_real,,,,,,
diagnostic_candidate,True,0002002202-000110,0002002202-000110,0002002202-000110,BR_00000006,BR_00000001,initial-000015,6,30,23.0,1218.0,1.2,770.0,810.0,DC51D+Z,普碳,SPHC,软钢,normal_real,,,,,,
diagnostic_candidate,True,0002002185-000090,0002002185-000090,0002002185-000090,BR_00000006,BR_00000001,initial-000015,6,31,1.97,1215.0,1.2,770.0,810.0,DC51D+Z,普碳,SPHC,软钢,normal_real,,,,,,
diagnostic_candidate,True,0030124440-000040,0030124440-000040,0030124440-000040,BR_00000006,BR_00000001,initial-000015,6,32,24.0,1206.0,1.3,700.0,840.0,DC51D+Z,普碳,SPHC,软钢,normal_real,,,,,,
diagnostic_candidate,True,0030119945-000140,0030119945-000140,0030119945-000140,BR_00000001,BR_00000001,initial-000015,6,33,24.0,1195.0,1.3,830.0,850.0,DC54D+Z,IF钢,SPHETI-5,软钢,normal_real,,,,,,
diagnostic_candidate,True,0030119597-000010,0030119597-000010,0030119597-000010,BR_00000001,BR_00000001,initial-000015,6,34,7.08,1155.0,1.2,830.0,850.0,DC54D+Z,IF钢,SPHETI-5,软钢,normal_real,,,,,,
diagnostic_candidate,True,0030125147-000020,0030125147-000020,0030125147-000020,BR_00000006,BR_00000001,initial-000015,6,35,23.0,1145.0,1.0,820.0,840.0,DC53D+Z,IF钢,SPHETI-5,软钢,normal_real,,,,,,
diagnostic_candidate,True,0030123508-000010,0030123508-000010,0030123508-000010,BR_00000006,BR_00000001,initial-000015,6,36,138.0,1145.0,1.0,830.0,850.0,HDX53D+Z-SN,IF钢,SPHETI-3,软钢,normal_real,,,,,,
diagnostic_candidate,True,0030118261-000010,0030118261-000010,0030118261-000010,BR_00000001,BR_00000001,initial-000015,6,37,57.02,1145.0,1.0,830.0,850.0,HDX53D+Z-SN,IF钢,SPHETI-3,软钢,normal_real,,,,,,
diagnostic_candidate,True,0030124170-000010,0030124170-000010,0030124170-000010,BR_00000006,BR_00000001,initial-000015,6,38,69.0,1145.0,1.0,830.0,850.0,HDX53D+Z-SN,IF钢,SPHETI-3,软钢,normal_real,,,,,,
diagnostic_candidate,True,0005000571-000020,0005000571-000020,0005000571-000020,BR_00000006,BR_00000001,initial-000015,6,39,7.0,1135.0,1.2,830.0,850.0,CR4,IF钢,SPHETI-36,软钢,normal_real,,,,,,
diagnostic_candidate,True,0002002184-000090,0002002184-000090,0002002184-000090,BR_00000006,BR_00000001,initial-000015,6,40,30.0,1134.0,1.0,830.0,850.0,DC56D+Z,IF钢,SPHETI-3,软钢,normal_real,,,,,,
diagnostic_candidate,True,0005000547-000400,0005000547-000400,0005000547-000400,BR_00000001,BR_00000001,initial-000015,6,41,20.0,1100.0,0.8,830.0,850.0,CR180BH,加磷高强、烘烤硬化钢,H180BH,软钢,normal_real,,,,,,
diagnostic_candidate,True,0005000563-000290,0005000563-000290,0005000563-000290,BR_00000006,BR_00000001,initial-000015,6,42,20.0,1100.0,0.8,830.0,850.0,CR180BH,加磷高强、烘烤硬化钢,H180BH,软钢,normal_real,,,,,,
diagnostic_candidate,True,0002002053-000020,0002002053-000020,0002002053-000020,BR_00000001,BR_00000001,initial-000015,6,43,8.8,1100.0,0.8,820.0,840.0,DX53D+Z-MD,IF钢,SPHETI-5,软钢,normal_real,,,,,,
diagnostic_candidate,True,0030124438-000010,0030124438-000010,0030124438-000010,BR_00000006,BR_00000001,initial-000015,6,44,23.0,1083.0,0.8,830.0,850.0,DC54D+Z,IF钢,SPHETI-5,软钢,normal_real,,,,,,
diagnostic_candidate,True,0030124871-000050,0030124871-000050,0030124871-000050,BR_00000006,BR_00000001,initial-000023,7,1,20.0,1540.0,1.15,820.0,840.0,DX53D+Z,IF钢,SPHETI-5,软钢,normal_real,,,,,,
diagnostic_candidate,True,0030125207-000100,0030125207-000100,0030125207-000100,BR_00000006,BR_00000001,initial-000023,7,2,24.0,1500.0,1.2,830.0,850.0,DC51D+Z,IF钢,SPHETI-3,软钢,normal_real,,,,,,
diagnostic_candidate,True,0010019881-000050,0010019881-000050,0010019881-000050,BR_00000006,BR_00000001,initial-000023,7,3,26.0,1500.0,1.45,700.0,840.0,DC51D+Z,普碳,SPHC,软钢,actual_transition,,,,,,
diagnostic_candidate,True,0005000571-000040,0005000571-000040,0005000571-000040,BR_00000006,BR_00000001,initial-000023,7,4,10.0,1458.0,1.5,830.0,850.0,CR180BH,加磷高强、烘烤硬化钢,H180BH,软钢,normal_real,,,,,,
diagnostic_candidate,True,0005000562-000050,0005000562-000050,0005000562-000050,BR_00000006,BR_00000001,initial-000023,7,5,23.0,1370.0,1.5,830.0,850.0,CR3,IF钢,SPHETI-36,软钢,normal_real,,,,,,
diagnostic_candidate,True,0002002058-000020,0002002058-000020,0002002058-000020,BR_00000001,BR_00000001,initial-000023,7,6,18.91,1260.0,1.5,820.0,840.0,DX53D+Z-CD,IF钢,SPHETI-5,软钢,normal_real,,,,,,
diagnostic_candidate,True,0030123653-000020,0030123653-000020,0030123653-000020,BR_00000006,BR_00000001,initial-000023,7,7,24.0,1250.0,1.2,700.0,840.0,DC51D+Z,普碳,SPHC,软钢,normal_real,,,,,,
diagnostic_candidate,True,0002002054-000230,0002002054-000230,0002002054-000230,BR_00000001,BR_00000001,initial-000023,7,8,2.05,1236.0,1.0,820.0,840.0,DX53D+Z-CD,IF钢,SPHETI-5,软钢,normal_real,,,,,,
diagnostic_candidate,True,0002002195-000100,0002002195-000100,0002002195-000100,BR_00000006,BR_00000001,initial-000023,7,9,230.0,1220.0,1.0,830.0,850.0,DC53D+Z,IF钢,SPHETI-3,软钢,normal_real,,,,,,
diagnostic_candidate,True,0030125147-000010,0030125147-000010,0030125147-000010,BR_00000006,BR_00000001,initial-000023,7,10,24.0,1200.0,1.0,820.0,840.0,DC53D+Z,IF钢,SPHETI-5,软钢,normal_real,,,,,,
diagnostic_candidate,True,0030120939-000080,0030120939-000080,0030120939-000080,BR_00000002,BR_00000001,initial-000023,7,11,46.0,1150.0,1.2,810.0,830.0,HC180YD+Z,加磷高强、烘烤硬化钢,H180YD,软钢,normal_real,,,,,,
diagnostic_candidate,True,0030120939-000070,0030120939-000070,0030120939-000070,BR_00000002,BR_00000001,initial-000023,7,12,23.0,1100.0,1.2,810.0,830.0,HC180YD+Z,加磷高强、烘烤硬化钢,H180YD,软钢,normal_real,,,,,,
diagnostic_candidate,True,0002002053-000050,0002002053-000050,0002002053-000050,BR_00000001,BR_00000001,initial-000023,7,13,13.67,1100.0,1.2,820.0,840.0,DX53D+Z-MD,IF钢,SPHETI-5,软钢,normal_real,,,,,,
diagnostic_candidate,True,0030120939-000060,0030120939-000060,0030120939-000060,BR_00000002,BR_00000001,initial-000023,7,14,23.45,1080.0,1.2,810.0,830.0,HC180YD+Z,加磷高强、烘烤硬化钢,H180YD,软钢,normal_real,,,,,,
diagnostic_candidate,True,0030117285-000070,0030117285-000070,0030117285-000070,BR_00000001,BR_00000001,initial-000023,7,15,12.8,1060.0,1.0,800.0,820.0,SCG260Y+Z,加磷高强、烘烤硬化钢,H260Y,软钢,normal_real,,,,,,
diagnostic_candidate,True,0002002021-000070,0002002021-000070,0002002021-000070,BR_00000001,BR_00000001,initial-000023,7,16,19.0,1044.0,1.0,770.0,810.0,DC51D+Z,IF钢,SPHETI-3,软钢,normal_real,,,,,,
diagnostic_candidate,True,0002002184-000160,0002002184-000160,0002002184-000160,BR_00000006,BR_00000001,initial-000023,7,17,16.0,1036.0,1.2,770.0,810.0,DC51D+Z,普碳,SPHC,软钢,normal_real,,,,,,
diagnostic_candidate,True,0030118934-000010,0030118934-000010,0030118934-000010,BR_00000001,BR_00000001,initial-000023,7,18,130.44,910.0,1.15,800.0,820.0,HX260YD+Z,加磷高强、烘烤硬化钢,H260Y,软钢,normal_real,,,,,,
diagnostic_candidate,True,0002002180-000160,0002002180-000160,0002002180-000160,BR_00000006,BR_00000001,initial-000023,7,19,20.0,885.0,1.4,770.0,810.0,DC51D+Z,IF钢,SPHETI-3,软钢,normal_real,,,,,,
diagnostic_candidate,True,0010020206-000070,0010020206-000070,0010020206-000070,BR_00000006,BR_00000001,initial-000025,8,1,143.49,1500.0,2.0,700.0,720.0,DC51D+Z,普碳,SPHC,软钢,actual_transition,,,,,,
diagnostic_candidate,True,0030124583-000010,0030124583-000010,0030124583-000010,BR_00000006,BR_00000001,initial-000025,8,2,24.0,1388.0,1.6,700.0,720.0,DC51D+Z,普碳,SPHC,软钢,actual_transition,,,,,,
diagnostic_candidate,True,0030125101-000020,0030125101-000020,0030125101-000020,BR_00000006,BR_00000001,initial-000025,8,3,120.0,1360.0,1.5,700.0,720.0,DC51D+Z-Q,深冲钢（PD）,SPHCQ,软钢,normal_real,,,,,,
diagnostic_candidate,True,0010019881-000060,0010019881-000060,0010019881-000060,BR_00000006,BR_00000001,initial-000025,8,4,96.0,1355.0,1.95,700.0,840.0,DC51D+Z,普碳,SPHC,软钢,actual_transition,,,,,,
diagnostic_candidate,True,0002002054-000060,0002002054-000060,0002002054-000060,BR_00000001,BR_00000001,initial-000025,8,5,50.0,1300.0,2.0,820.0,840.0,DX53D+Z-MD,IF钢,SPHETI-5,软钢,normal_real,,,,,,
diagnostic_candidate,True,0005000571-000030,0005000571-000030,0005000571-000030,BR_00000006,BR_00000001,initial-000025,8,6,7.0,1256.0,2.0,830.0,850.0,CR180BH,加磷高强、烘烤硬化钢,H180BH,软钢,normal_real,,,,,,
diagnostic_candidate,True,0005000563-000090,0005000563-000090,0005000563-000090,BR_00000006,BR_00000001,initial-000025,8,7,21.0,1245.0,1.75,830.0,850.0,CR3,IF钢,SPHETI-36,软钢,normal_real,,,,,,
diagnostic_candidate,True,0002002059-000020,0002002059-000020,0002002059-000020,BR_00000001,BR_00000001,initial-000025,8,8,20.43,1243.0,1.5,820.0,840.0,DX53D+Z-CD,IF钢,SPHETI-5,软钢,normal_real,,,,,,
diagnostic_candidate,True,0002002053-000100,0002002053-000100,0002002053-000100,BR_00000001,BR_00000001,initial-000025,8,9,92.0,1219.0,1.5,820.0,840.0,DX53D+Z-MD,IF钢,SPHETI-5,软钢,normal_real,,,,,,
diagnostic_candidate,True,0005000548-000050,0005000548-000050,0005000548-000050,BR_00000001,BR_00000001,initial-000025,8,10,7.0,1214.0,1.5,820.0,840.0,CR240BH,加磷高强、烘烤硬化钢,H240BH,软钢,normal_real,,,,,,
diagnostic_candidate,True,0030124772-000010,0030124772-000010,0030124772-000010,BR_00000006,BR_00000001,initial-000025,8,11,24.0,1200.0,1.5,700.0,840.0,DC51D+Z,普碳,SPHC,软钢,actual_transition,,,,,,
diagnostic_candidate,True,0002002170-000050,0002002170-000050,0002002170-000050,BR_00000006,BR_00000001,initial-000025,8,12,23.0,1175.0,1.2,770.0,810.0,DC51D+Z,普碳,SPHC,软钢,normal_real,,,,,,
diagnostic_candidate,True,0030124683-000050,0030124683-000050,0030124683-000050,BR_00000006,BR_00000001,initial-000025,8,13,23.0,1140.0,1.2,795.0,815.0,HC220YD+Z,加磷高强、烘烤硬化钢,H220Y,软钢,normal_real,,,,,,
diagnostic_candidate,True,0030125170-000010,0030125170-000010,0030125170-000010,BR_00000006,BR_00000001,initial-000025,8,14,20.0,1070.0,1.2,795.0,815.0,HC220YD+Z-GL,加磷高强、烘烤硬化钢,H220Y,,normal_real,,,,,,
diagnostic_candidate,True,0030122898-000020,0030122898-000020,0030122898-000020,BR_00000006,BR_00000001,initial-000025,8,15,19.26,1000.0,1.2,700.0,840.0,DC51D+Z,普碳,SPHC,软钢,actual_transition,,,,,,
diagnostic_candidate,True,0005000563-000240,0005000563-000240,0005000563-000240,BR_00000006,BR_00000001,initial-000025,8,16,16.0,900.0,1.2,830.0,850.0,CR3,IF钢,SPHETI-36,软钢,normal_real,,,,,,
diagnostic_candidate,True,0030124734-000010,0030124734-000010,0030124734-000010,BR_00000006,BR_00000001,initial-000026,9,1,24.0,1500.0,2.0,795.0,815.0,HC220YD+Z,加磷高强、烘烤硬化钢,H220Y,软钢,normal_real,,,,,,
diagnostic_candidate,True,0002002185-000030,0002002185-000030,0002002185-000030,BR_00000006,BR_00000001,initial-000026,9,2,23.0,1373.0,1.6,770.0,810.0,DC51D+Z,IF钢,SPHETI-3,软钢,normal_real,,,,,,
diagnostic_candidate,True,0002002170-000040,0002002170-000040,0002002170-000040,BR_00000006,BR_00000001,initial-000026,9,3,23.0,1251.0,1.8,770.0,810.0,DC51D+Z,普碳,SPHC,软钢,normal_real,,,,,,
diagnostic_candidate,True,0030123653-000010,0030123653-000010,0030123653-000010,BR_00000006,BR_00000001,initial-000026,9,4,96.0,1225.0,1.5,700.0,840.0,DC51D+Z,普碳,SPHC,软钢,normal_real,,,,,,
diagnostic_candidate,True,0002002195-000090,0002002195-000090,0002002195-000090,BR_00000006,BR_00000001,initial-000026,9,5,48.0,1200.0,1.6,795.0,815.0,220YD+Z,加磷高强、烘烤硬化钢,H220Y,软钢,normal_real,,,,,,
diagnostic_candidate,True,0002002185-000020,0002002185-000020,0002002185-000020,BR_00000006,BR_00000001,initial-000026,9,6,23.0,1190.0,1.6,770.0,810.0,DC51D+Z,IF钢,SPHETI-3,软钢,normal_real,,,,,,
diagnostic_candidate,True,0002002202-000120,0002002202-000120,0002002202-000120,BR_00000006,BR_00000001,initial-000026,9,7,23.0,1163.0,1.4,770.0,810.0,DC51D+Z,IF钢,SPHETI-3,软钢,normal_real,,,,,,
diagnostic_candidate,True,0002002006-000190,0002002006-000190,0002002006-000190,BR_00000001,BR_00000001,initial-000026,9,8,7.7,1152.0,1.2,770.0,810.0,DC51D+Z,IF钢,SPHETI-3,软钢,normal_real,,,,,,
diagnostic_candidate,True,0030118093-000020,0030118093-000020,0030118093-000020,BR_00000001,BR_00000001,initial-000026,9,9,135.54,1172.0,1.0,700.0,840.0,DX51D+Z,普碳,SPHC,软钢,normal_real,,,,,,
diagnostic_candidate,True,0030125184-000010,0030125184-000010,0030125184-000010,BR_00000006,BR_00000001,initial-000026,9,10,48.0,1183.0,1.0,790.0,810.0,HC220YD+Z,加磷高强、烘烤硬化钢,H220Y,软钢,normal_real,,,,,,
diagnostic_candidate,True,0002002170-000080,0002002170-000080,0002002170-000080,BR_00000006,BR_00000001,initial-000026,9,11,23.0,1128.0,1.0,770.0,810.0,DC51D+Z,普碳,SPHC,软钢,normal_real,,,,,,
diagnostic_candidate,True,0002002202-000220,0002002202-000220,0002002202-000220,BR_00000006,BR_00000001,initial-000026,9,12,23.0,1115.0,1.2,770.0,810.0,DC51D+Z,普碳,SPHC,软钢,normal_real,,,,,,
diagnostic_candidate,True,0002002185-000010,0002002185-000010,0002002185-000010,BR_00000006,BR_00000001,initial-000026,9,13,23.0,1113.0,1.2,770.0,810.0,DC51D+Z,普碳,SPHC,软钢,normal_real,,,,,,
diagnostic_candidate,True,0002002169-000010,0002002169-000010,0002002169-000010,BR_00000006,BR_00000001,initial-000026,9,14,25.0,1090.0,1.4,770.0,810.0,DC51D+Z,普碳,SPHC,软钢,normal_real,,,,,,
diagnostic_candidate,True,0002002202-000010,0002002202-000010,0002002202-000010,BR_00000006,BR_00000001,initial-000026,9,15,19.0,1085.0,1.4,770.0,810.0,DC51D+Z,普碳,SPHC,软钢,normal_real,,,,,,
diagnostic_candidate,True,0002002202-000240,0002002202-000240,0002002202-000240,BR_00000006,BR_00000001,initial-000026,9,16,19.0,1065.0,1.4,770.0,810.0,DC51D+Z,IF钢,SPHETI-3,软钢,normal_real,,,,,,
diagnostic_candidate,True,0002002202-000300,0002002202-000300,0002002202-000300,BR_00000006,BR_00000001,initial-000026,9,17,30.0,1030.0,1.6,770.0,810.0,DC51D+Z,IF钢,SPHETI-3,软钢,normal_real,,,,,,
diagnostic_candidate,True,0002002202-000230,0002002202-000230,0002002202-000230,BR_00000006,BR_00000001,initial-000026,9,18,19.0,1020.0,1.4,770.0,810.0,DC51D+Z,IF钢,SPHETI-3,软钢,normal_real,,,,,,
diagnostic_candidate,True,0030125207-000130,0030125207-000130,0030125207-000130,BR_00000006,BR_00000001,initial-000026,9,19,22.0,1011.0,1.2,800.0,820.0,HC260YD+Z,加磷高强、烘烤硬化钢,H260Y,软钢,normal_real,,,,,,
diagnostic_candidate,True,0002002180-000060,0002002180-000060,0002002180-000060,BR_00000006,BR_00000001,initial-000026,9,20,20.0,921.0,1.2,770.0,810.0,DC51D+Z,IF钢,SPHETI-3,软钢,normal_real,,,,,,
diagnostic_candidate,True,0002002170-000140,0002002170-000140,0002002170-000140,BR_00000006,BR_00000001,initial-000026,9,21,16.0,899.0,1.2,770.0,810.0,DC51D+Z,普碳,SPHC,软钢,normal_real,,,,,,
diagnostic_candidate,True,0002002170-000070,0002002170-000070,0002002170-000070,BR_00000006,BR_00000001,initial-000026,9,22,16.0,890.0,1.2,770.0,810.0,DC51D+Z,IF钢,SPHETI-3,软钢,normal_real,,,,,,
diagnostic_candidate,True,0030122647-000590,0030122647-000590,0030122647-000590,BR_00000006,BR_00000001,initial-000027,10,1,48.0,1500.0,2.49,820.0,840.0,DC53D+Z,IF钢,SPHETI-5,软钢,normal_real,,,,,,
diagnostic_candidate,True,0030119938-000340,0030119938-000340,0030119938-000340,BR_00000001,BR_00000001,initial-000027,10,2,48.0,1500.0,2.49,820.0,840.0,DC53D+Z,IF钢,SPHETI-5,软钢,normal_real,,,,,,
diagnostic_candidate,True,0030122647-000580,0030122647-000580,0030122647-000580,BR_00000006,BR_00000001,initial-000027,10,3,48.0,1363.0,2.49,820.0,840.0,DC53D+Z,IF钢,SPHETI-5,软钢,normal_real,,,,,,
diagnostic_candidate,True,0030122647-000570,0030122647-000570,0030122647-000570,BR_00000006,BR_00000001,initial-000027,10,4,48.0,1300.0,2.49,820.0,840.0,DC53D+Z,IF钢,SPHETI-5,软钢,normal_real,,,,,,
diagnostic_candidate,True,0030119938-000330,0030119938-000330,0030119938-000330,BR_00000001,BR_00000001,initial-000027,10,5,95.14,1300.0,2.49,820.0,840.0,DC53D+Z,IF钢,SPHETI-5,软钢,normal_real,,,,,,
diagnostic_candidate,True,0030122647-000560,0030122647-000560,0030122647-000560,BR_00000006,BR_00000001,initial-000027,10,6,72.0,1250.0,2.49,820.0,840.0,DC53D+Z,IF钢,SPHETI-5,软钢,normal_real,,,,,,
diagnostic_candidate,True,0002002074-000010,0002002074-000010,0002002074-000010,BR_00000006,BR_00000001,initial-000027,10,7,150.0,1200.0,2.0,820.0,840.0,DX53D+Z-MD,IF钢,SPHETI-5,软钢,normal_real,,,,,,
diagnostic_candidate,True,0030122760-000020,0030122760-000020,0030122760-000020,BR_00000006,BR_00000001,initial-000027,10,8,18.35,914.0,1.5,830.0,850.0,CR180BH,加磷高强、烘烤硬化钢,H180BH,软钢,normal_real,,,,,,
diagnostic_candidate,True,0005000563-000220,0005000563-000220,0005000563-000220,BR_00000006,BR_00000001,initial-000027,10,9,18.22,928.0,1.2,820.0,840.0,CR210BH,加磷高强、烘烤硬化钢,H220BH,软钢,normal_real,,,,,,
diagnostic_candidate,True,0005000563-000170,0005000563-000170,0005000563-000170,BR_00000006,BR_00000001,initial-000027,10,10,48.0,900.0,1.2,830.0,850.0,CR180BH,加磷高强、烘烤硬化钢,H180BH,软钢,normal_real,,,,,,
diagnostic_candidate,True,0030122480-000070,0030122480-000070,0030122480-000070,BR_00000006,BR_00000001,initial-000027,10,11,108.0,905.0,1.2,820.0,840.0,DX53D+Z,IF钢,SPHETI-5,软钢,normal_real,,,,,,
diagnostic_candidate,True,0030122898-000030,0030122898-000030,0030122898-000030,BR_00000006,BR_00000001,initial-000029,11,1,96.0,1500.0,2.5,700.0,720.0,DC51D+Z,普碳,SPHC,软钢,actual_transition,,,,,,
diagnostic_candidate,True,0030122898-000040,0030122898-000040,0030122898-000040,BR_00000006,BR_00000001,initial-000029,11,2,240.0,1250.0,2.5,700.0,720.0,DC51D+Z,普碳,SPHC,软钢,actual_transition,,,,,,
diagnostic_candidate,True,0030122899-000050,0030122899-000050,0030122899-000050,BR_00000006,BR_00000001,initial-000029,11,3,240.0,1250.0,2.5,700.0,720.0,DC51D+Z,普碳,SPHC,软钢,actual_transition,,,,,,
diagnostic_candidate,True,0030118921-000020,0030118921-000020,0030118921-000020,BR_00000001,BR_00000001,initial-000029,11,4,23.0,1110.0,2.49,700.0,720.0,DC51D+Z,普碳,SPHC,软钢,actual_transition,,,,,,
diagnostic_candidate,True,0010020206-000030,0010020206-000030,0010020206-000030,BR_00000006,BR_00000001,initial-000029,11,5,110.0,1000.0,2.5,700.0,720.0,DC51D+Z,普碳,SPHC,软钢,actual_transition,,,,,,
diagnostic_candidate,True,0030120757-000040,0030120757-000040,0030120757-000040,BR_00000001,BR_00000001,initial-000009,12,1,25.98,1155.0,0.8,830.0,850.0,DC54D+Z,IF钢,SPHETI-5,软钢,normal_real,,,,,,
diagnostic_candidate,True,0002002054-000260,0002002054-000260,0002002054-000260,BR_00000001,BR_00000001,initial-000009,12,2,293.39,1150.0,0.6,820.0,840.0,DX53D+Z-MD,IF钢,SPHETI-5,软钢,normal_real,,,,,,
diagnostic_candidate,True,0002002170-000310,0002002170-000310,0002002170-000310,BR_00000006,BR_00000001,initial-000009,12,3,23.0,1120.0,0.6,810.0,830.0,180YD+Z,加磷高强、烘烤硬化钢,H180YD,软钢,normal_real,,,,,,
diagnostic_candidate,True,0030119041-000020,0030119041-000020,0030119041-000020,BR_00000001,BR_00000001,initial-000009,12,4,16.85,1120.0,0.6,820.0,840.0,HC180BD+Z,加磷高强、烘烤硬化钢,H180BH1,软钢,normal_real,,,,,,
diagnostic_candidate,True,0030119959-000010,0030119959-000010,0030119959-000010,BR_00000001,BR_00000001,initial-000009,12,5,23.0,1120.0,0.65,830.0,850.0,DC54D+Z,IF钢,SPHETI-5,软钢,normal_real,,,,,,
diagnostic_candidate,True,0030124772-000060,0030124772-000060,0030124772-000060,BR_00000006,BR_00000001,initial-000009,12,6,23.0,1120.0,0.65,830.0,850.0,DC54D+Z,IF钢,SPHETI-5,软钢,normal_real,,,,,,
diagnostic_candidate,True,0030118934-000060,0030118934-000060,0030118934-000060,BR_00000001,BR_00000001,initial-000009,12,7,188.59,1120.0,0.7,830.0,850.0,DX54D+Z,IF钢,SPHETI-5,软钢,normal_real,,,,,,
diagnostic_candidate,True,0002002180-000270,0002002180-000270,0002002180-000270,BR_00000006,BR_00000001,initial-000009,12,8,20.0,1100.0,0.65,830.0,850.0,DC53D+Z,IF钢,SPHETI-3,软钢,normal_real,,,,,,
diagnostic_candidate,True,0002002170-000210,0002002170-000210,0002002170-000210,BR_00000006,BR_00000001,initial-000009,12,9,45.97,1095.0,0.7,830.0,850.0,DC53D+Z,IF钢,SPHETI-3,软钢,normal_real,,,,,,
diagnostic_candidate,True,0030119032-000020,0030119032-000020,0030119032-000020,BR_00000001,BR_00000001,initial-000009,12,10,10.4,1080.0,0.75,820.0,840.0,DX53D+Z,IF钢,SPHETI-5,软钢,normal_real,,,,,,
diagnostic_candidate,True,0030117933-000010,0030117933-000010,0030117933-000010,BR_00000001,BR_00000001,initial-000009,12,11,10.9,1075.0,0.7,700.0,840.0,DX51D+Z,普碳,SPHC,软钢,normal_real,,,,,,
diagnostic_candidate,True,0030121690-000040,0030121690-000040,0030121690-000040,BR_00000002,BR_00000001,initial-000009,12,12,11.87,1070.0,0.67,820.0,840.0,HC220BD+Z,加磷高强、烘烤硬化钢,H220BH4,软钢,normal_real,,,,,,
diagnostic_candidate,True,0030122480-000080,0030122480-000080,0030122480-000080,BR_00000006,BR_00000001,initial-000009,12,13,69.0,1060.0,0.65,830.0,850.0,DX53D+Z,IF钢,SPHETI-5,软钢,normal_real,,,,,,
diagnostic_candidate,True,0030120757-000020,0030120757-000020,0030120757-000020,BR_00000001,BR_00000001,initial-000009,12,14,17.37,1044.0,0.7,830.0,850.0,DC54D+Z,IF钢,SPHETI-5,软钢,normal_real,,,,,,
diagnostic_candidate,True,0030122480-000110,0030122480-000110,0030122480-000110,BR_00000006,BR_00000001,initial-000009,12,15,110.0,1040.0,0.7,830.0,850.0,DX53D+Z,IF钢,SPHETI-5,软钢,normal_real,,,,,,
diagnostic_candidate,True,0030118799-000010,0030118799-000010,0030118799-000010,BR_00000001,BR_00000001,initial-000009,12,16,7.55,1010.0,0.65,820.0,840.0,HC180BD+Z,加磷高强、烘烤硬化钢,H180BH1,软钢,normal_real,,,,,,
diagnostic_candidate,True,0030123256-000010,0030123256-000010,0030123256-000010,BR_00000006,BR_00000001,initial-000009,12,17,100.0,1010.0,0.65,820.0,840.0,HC180BD+Z,加磷高强、烘烤硬化钢,H180BH1,软钢,normal_real,,,,,,
diagnostic_candidate,True,0002002170-000170,0002002170-000170,0002002170-000170,BR_00000006,BR_00000001,initial-000009,12,18,100.0,1000.0,0.65,810.0,830.0,180YD+Z,加磷高强、烘烤硬化钢,H180YD,软钢,normal_real,,,,,,
diagnostic_candidate,True,0005000563-000210,0005000563-000210,0005000563-000210,BR_00000006,BR_00000001,initial-000009,12,19,21.0,995.0,0.7,800.0,820.0,CR2,IF钢,SPHETI-36,软钢,normal_real,,,,,,
diagnostic_candidate,True,0002002180-000010,0002002180-000010,0002002180-000010,BR_00000006,BR_00000001,initial-000009,12,20,39.0,985.0,0.6,810.0,830.0,180YD+Z,加磷高强、烘烤硬化钢,H180YD,软钢,normal_real,,,,,,
diagnostic_candidate,True,0030123145-000010,0030123145-000010,0030123145-000010,BR_00000006,BR_00000001,initial-000009,12,21,51.02,975.0,0.65,810.0,830.0,HC180YD+Z,加磷高强、烘烤硬化钢,H180YD,软钢,normal_real,,,,,,
diagnostic_candidate,True,0030123256-000020,0030123256-000020,0030123256-000020,BR_00000006,BR_00000001,initial-000009,12,22,92.21,930.0,0.65,820.0,840.0,HC180BD+Z,加磷高强、烘烤硬化钢,H180BH1,软钢,normal_real,,,,,,
diagnostic_candidate,True,0002002162-000070,0002002162-000070,0002002162-000070,BR_00000006,BR_00000001,initial-000009,12,23,18.0,930.0,0.6,830.0,850.0,DC54D+Z,IF钢,SPHETI-3,软钢,normal_real,,,,,,
diagnostic_candidate,True,0030122080-000010,0030122080-000010,0030122080-000010,BR_00000003,BR_00000001,initial-000009,12,24,14.4,865.0,0.8,830.0,850.0,DX53D+Z,IF钢,SPHETI-5,软钢,normal_real,,,,,,
diagnostic_candidate,True,0030125207-000090,0030125207-000090,0030125207-000090,BR_00000006,BR_00000001,initial-000014,13,1,24.0,1183.0,0.8,830.0,850.0,DC51D+Z,IF钢,SPHETI-3,软钢,normal_real,,,,,,
diagnostic_candidate,True,0030124772-000030,0030124772-000030,0030124772-000030,BR_00000006,BR_00000001,initial-000014,13,2,24.0,1180.0,0.7,820.0,840.0,DC53D+Z,IF钢,SPHETI-5,软钢,normal_real,,,,,,
diagnostic_candidate,True,0030122759-000010,0030122759-000010,0030122759-000010,BR_00000006,BR_00000001,initial-000014,13,3,22.0,1170.0,0.7,830.0,850.0,CR3,IF钢,SPHETI-36,软钢,normal_real,,,,,,
diagnostic_candidate,True,0010019680-000010,0010019680-000010,0010019680-000010,BR_00000006,BR_00000001,initial-000014,13,4,48.0,1170.0,0.6,700.0,840.0,DC51D+Z-D,普碳,SPHC,软钢,normal_real,,,,,,
diagnostic_candidate,True,0010019680-000030,0010019680-000030,0010019680-000030,BR_00000006,BR_00000001,initial-000014,13,5,48.0,1160.0,0.6,700.0,840.0,DC51D+Z-D,普碳,SPHC,软钢,normal_real,,,,,,
diagnostic_candidate,True,0002002176-000010,0002002176-000010,0002002176-000010,BR_00000006,BR_00000001,initial-000014,13,6,15.0,1150.0,0.65,770.0,810.0,DC51D+Z,普碳,SPHC,软钢,normal_real,,,,,,
diagnostic_candidate,True,0002002148-000010,0002002148-000010,0002002148-000010,BR_00000006,BR_00000001,initial-000014,13,7,300.0,1148.0,0.65,770.0,810.0,DC51D+Z,IF钢,SPHETI-3,软钢,normal_real,,,,,,
diagnostic_candidate,True,0002002195-000070,0002002195-000070,0002002195-000070,BR_00000006,BR_00000001,initial-000014,13,8,145.0,1148.0,0.65,770.0,810.0,DC51D+Z,IF钢,SPHETI-3,软钢,normal_real,,,,,,
diagnostic_candidate,True,0030117283-000020,0030117283-000020,0030117283-000020,BR_00000001,BR_00000001,initial-000014,13,9,3.44,1130.0,0.65,790.0,810.0,SCG260Y+Z,加磷高强、烘烤硬化钢,H260Y,软钢,normal_real,,,,,,
diagnostic_candidate,True,0030120974-000030,0030120974-000030,0030120974-000030,BR_00000002,BR_00000001,initial-000014,13,10,23.0,1130.0,0.8,790.0,810.0,HC260YD+Z,加磷高强、烘烤硬化钢,H260Y,软钢,normal_real,,,,,,
diagnostic_candidate,True,0002002176-000180,0002002176-000180,0002002176-000180,BR_00000006,BR_00000001,initial-000014,13,11,15.0,1122.0,0.65,770.0,810.0,DC51D+Z,普碳,SPHC,软钢,normal_real,,,,,,
diagnostic_candidate,True,0030125206-000010,0030125206-000010,0030125206-000010,BR_00000006,BR_00000001,initial-000014,13,12,23.0,1120.0,0.6,770.0,810.0,DC51D+Z,深冲钢（PD）,SPHCQ,软钢,normal_real,,,,,,
diagnostic_candidate,True,0030124800-000060,0030124800-000060,0030124800-000060,BR_00000006,BR_00000001,initial-000014,13,13,23.0,1116.0,0.5,770.0,810.0,DX52D+Z,深冲钢（PD）,SPHCQ,软钢,normal_real,,,,,,
diagnostic_candidate,True,0002002176-000200,0002002176-000200,0002002176-000200,BR_00000006,BR_00000001,initial-000014,13,14,15.0,1080.0,0.6,770.0,810.0,DC51D+Z,普碳,SPHC,软钢,normal_real,,,,,,
diagnostic_candidate,True,0030124800-000050,0030124800-000050,0030124800-000050,BR_00000006,BR_00000001,initial-000014,13,15,23.0,1066.0,0.5,770.0,810.0,DX52D+Z,深冲钢（PD）,SPHCQ,软钢,normal_real,,,,,,
diagnostic_candidate,True,0002002184-000130,0002002184-000130,0002002184-000130,BR_00000006,BR_00000001,initial-000014,13,16,19.0,1063.0,0.6,770.0,810.0,DC51D+Z,IF钢,SPHETI-3,软钢,normal_real,,,,,,
diagnostic_candidate,True,0002002195-000050,0002002195-000050,0002002195-000050,BR_00000006,BR_00000001,initial-000014,13,17,48.0,1063.0,0.65,770.0,810.0,DC51D+Z,普碳,SPHC,软钢,normal_real,,,,,,
diagnostic_candidate,True,0002002176-000210,0002002176-000210,0002002176-000210,BR_00000006,BR_00000001,initial-000014,13,18,15.0,1042.0,0.6,770.0,810.0,DC51D+Z,普碳,SPHC,软钢,normal_real,,,,,,
diagnostic_candidate,True,0002002185-000150,0002002185-000150,0002002185-000150,BR_00000006,BR_00000001,initial-000014,13,19,16.0,990.0,0.6,770.0,810.0,DC51D+Z,IF钢,SPHETI-3,软钢,normal_real,,,,,,
diagnostic_candidate,True,0002002195-000020,0002002195-000020,0002002195-000020,BR_00000006,BR_00000001,initial-000014,13,20,44.0,985.0,0.65,770.0,810.0,DC51D+Z,普碳,SPHC,软钢,normal_real,,,,,,
diagnostic_candidate,True,0002002170-000280,0002002170-000280,0002002170-000280,BR_00000006,BR_00000001,initial-000014,13,21,19.0,971.0,0.65,770.0,810.0,DC51D+Z,IF钢,SPHETI-3,软钢,normal_real,,,,,,
diagnostic_candidate,True,0002002195-000010,0002002195-000010,0002002195-000010,BR_00000006,BR_00000001,initial-000014,13,22,10.0,918.0,0.65,770.0,810.0,DC51D+Z,普碳,SPHC,软钢,normal_real,,,,,,
diagnostic_candidate,True,0002002009-000020,0002002009-000020,0002002009-000020,BR_00000001,BR_00000001,initial-000014,13,23,8.14,828.0,0.65,770.0,810.0,DC51D+Z,普碳,SPHC,软钢,normal_real,,,,,,
diagnostic_candidate,True,0002002055-000070,0002002055-000070,0002002055-000070,BR_00000001,BR_00000001,initial-000016,14,1,491.0,1191.0,0.6,820.0,840.0,DX53D+Z-MD,IF钢,SPHETI-5,软钢,normal_real,,,,,,
diagnostic_candidate,True,virtual-000001,,,,BR_00000001,initial-000016,14,2,20.0,1250.0,0.8,820.0,840.0,SPHC,,SPHC,,virtual_sphc,,"{""accepted_sequence"":1,""prototype_id"":""virtual_sphc:1250x0.8"",""purpose"":""edge_bridge"",""related_partition_id"":null}",,,,
diagnostic_candidate,True,0030118934-000020,0030118934-000020,0030118934-000020,BR_00000001,BR_00000001,initial-000016,14,3,238.96,1060.0,0.95,820.0,840.0,HX220BD+Z,加磷高强、烘烤硬化钢,H220BH4,软钢,normal_real,,,,,,
diagnostic_candidate,True,0030124824-000020,0030124824-000020,0030124824-000020,BR_00000006,BR_00000001,initial-000016,14,4,430.0,1055.0,0.95,820.0,840.0,DX53D+Z,IF钢,SPHETI-5,软钢,normal_real,,,,,,
diagnostic_candidate,True,0030119031-000020,0030119031-000020,0030119031-000020,BR_00000001,BR_00000001,initial-000016,14,5,26.67,1055.0,0.95,820.0,840.0,DX53D+Z,IF钢,SPHETI-5,软钢,normal_real,,,,,,
diagnostic_candidate,True,0030118093-000060,0030118093-000060,0030118093-000060,BR_00000001,BR_00000001,initial-000016,14,6,31.46,1048.0,0.8,820.0,840.0,DC53D+Z,IF钢,SPHETI-5,软钢,normal_real,,,,,,
diagnostic_candidate,True,0030123145-000020,0030123145-000020,0030123145-000020,BR_00000006,BR_00000001,initial-000016,14,7,21.43,1010.0,0.8,810.0,830.0,HC180YD+Z,加磷高强、烘烤硬化钢,H180YD,软钢,normal_real,,,,,,
diagnostic_candidate,True,0030122899-000010,0030122899-000010,0030122899-000010,BR_00000006,BR_00000001,initial-000016,14,8,60.0,1000.0,0.8,700.0,840.0,DC51D+Z,普碳,SPHC,软钢,actual_transition,,,,,,
diagnostic_candidate,True,0030125147-000030,0030125147-000030,0030125147-000030,BR_00000006,BR_00000001,initial-000016,14,9,110.0,1000.0,1.0,830.0,850.0,DC54D+Z,IF钢,SPHETI-5,软钢,normal_real,,,,,,
diagnostic_candidate,True,0030117110-000090,0030117110-000090,0030117110-000090,BR_00000001,BR_00000001,initial-000016,14,10,4.67,955.0,1.0,830.0,850.0,CR3,IF钢,SPHETI-36,软钢,normal_real,,,,,,
diagnostic_candidate,True,0002002193-000020,0002002193-000020,0002002193-000020,BR_00000006,BR_00000001,initial-000010,15,1,260.0,1640.0,0.8,830.0,850.0,DC53D+Z,IF钢,SPHETI-3,软钢,normal_real,,,,,,
diagnostic_candidate,True,0030123646-000010,0030123646-000010,0030123646-000010,BR_00000006,BR_00000001,initial-000010,15,2,12.0,1620.0,0.7,830.0,850.0,SCG4+Z,IF钢,SPHETI-3,软钢,normal_real,,,,,,
diagnostic_candidate,True,0030123142-000010,0030123142-000010,0030123142-000010,BR_00000006,BR_00000001,initial-000010,15,3,312.0,1465.0,0.7,830.0,850.0,SCG4+Z,IF钢,SPHETI-3,软钢,normal_real,,,,,,
diagnostic_candidate,True,0030124397-000030,0030124397-000030,0030124397-000030,BR_00000006,BR_00000001,initial-000010,15,4,24.0,1465.0,0.7,830.0,850.0,DC56D+Z,IF钢,SPHETI-3,软钢,normal_real,,,,,,
diagnostic_candidate,True,0030120049-000040,0030120049-000040,0030120049-000040,BR_00000001,BR_00000001,initial-000010,15,5,24.0,1440.0,0.7,830.0,850.0,DC56D+Z,IF钢,SPHETI-3,软钢,normal_real,,,,,,
diagnostic_candidate,True,0002002176-000110,0002002176-000110,0002002176-000110,BR_00000006,BR_00000001,initial-000010,15,6,35.0,1418.0,0.65,830.0,850.0,DC53D+Z,IF钢,SPHETI-3,软钢,normal_real,,,,,,
diagnostic_candidate,True,0030119860-000030,0030119860-000030,0030119860-000030,BR_00000001,BR_00000001,initial-000010,15,7,56.58,1410.0,0.8,830.0,850.0,DC56D+Z,IF钢,SPHETI-3,软钢,normal_real,,,,,,
diagnostic_candidate,True,0002002053-000120,0002002053-000120,0002002053-000120,BR_00000001,BR_00000001,initial-000010,15,8,18.57,1400.0,0.8,820.0,840.0,DX53D+Z-MD,IF钢,SPHETI-5,软钢,normal_real,,,,,,
diagnostic_candidate,True,0030121799-000010,0030121799-000010,0030121799-000010,BR_00000006,BR_00000001,initial-000010,15,9,168.0,1395.0,0.6,830.0,850.0,DC54D+Z,IF钢,SPHETI-5,软钢,normal_real,,,,,,
diagnostic_candidate,True,0030124199-000010,0030124199-000010,0030124199-000010,BR_00000006,BR_00000001,initial-000010,15,10,26.0,1385.0,0.6,830.0,850.0,DC54D+Z,IF钢,SPHETI-5,软钢,normal_real,,,,,,
diagnostic_candidate,True,0030123425-000020,0030123425-000020,0030123425-000020,BR_00000006,BR_00000001,initial-000010,15,11,130.0,1360.0,0.65,830.0,850.0,SCG4+Z,IF钢,SPHETI-3,软钢,normal_real,,,,,,
diagnostic_candidate,True,0030123143-000060,0030123143-000060,0030123143-000060,BR_00000006,BR_00000001,initial-000010,15,12,78.0,1360.0,0.65,830.0,850.0,SCG4+Z,IF钢,SPHETI-3,软钢,normal_real,,,,,,
diagnostic_candidate,True,virtual-000002,,,,BR_00000001,initial-000010,15,13,20.0,1250.0,0.6,820.0,850.0,SPHC,,SPHC,,virtual_sphc,,"{""accepted_sequence"":2,""prototype_id"":""virtual_sphc:1250x0.6"",""purpose"":""edge_bridge"",""related_partition_id"":null}",,,,
diagnostic_candidate,True,0030118093-000030,0030118093-000030,0030118093-000030,BR_00000001,BR_00000001,initial-000010,15,14,13.15,1050.0,0.5,820.0,840.0,DC53D+Z,IF钢,SPHETI-5,软钢,normal_real,,,,,,
diagnostic_candidate,True,0030124826-000030,0030124826-000030,0030124826-000030,BR_00000006,BR_00000001,initial-000010,15,15,30.0,1050.0,0.6,820.0,840.0,DX53D+Z,IF钢,SPHETI-5,软钢,normal_real,,,,,,
diagnostic_candidate,True,0002002170-000360,0002002170-000360,0002002170-000360,BR_00000006,BR_00000001,initial-000010,15,16,40.0,1030.0,0.6,830.0,850.0,DC54D+Z,IF钢,SPHETI-3,软钢,normal_real,,,,,,
diagnostic_candidate,True,0030124437-000020,0030124437-000020,0030124437-000020,BR_00000006,BR_00000001,initial-000010,15,17,22.0,1003.0,0.8,830.0,850.0,DC54D+Z,IF钢,SPHETI-5,软钢,normal_real,,,,,,
diagnostic_candidate,True,0030122480-000090,0030122480-000090,0030122480-000090,BR_00000006,BR_00000001,initial-000010,15,18,22.0,990.0,0.7,830.0,850.0,DX53D+Z,IF钢,SPHETI-5,软钢,normal_real,,,,,,
diagnostic_candidate,True,0030120940-000030,0030120940-000030,0030120940-000030,BR_00000002,BR_00000001,initial-000010,15,19,18.0,950.0,0.7,830.0,850.0,DC56D+Z,IF钢,SPHETI-3,软钢,normal_real,,,,,,
diagnostic_candidate,True,0030120745-000010,0030120745-000010,0030120745-000010,BR_00000001,BR_00000001,initial-000010,15,20,12.99,865.0,0.8,830.0,850.0,DX53D+Z,IF钢,SPHETI-5,软钢,normal_real,,,,,,
diagnostic_candidate,True,0030122066-000070,0030122066-000070,0030122066-000070,BR_00000003,BR_00000001,initial-000031,16,1,24.0,1299.0,2.49,760.0,780.0,HC340/590DPD+Z,双相钢,W590X4,硬钢,normal_real,,,,,,
diagnostic_candidate,True,virtual-000013,,,,BR_00000001,initial-000031,16,2,20.0,1250.0,2.0,760.0,780.0,SPHC,,SPHC,,virtual_sphc,,"{""accepted_sequence"":13,""prototype_id"":""virtual_sphc:1250x2"",""purpose"":""weight_fill"",""related_partition_id"":null}",,,,
diagnostic_candidate,True,0030120939-000090,0030120939-000090,0030120939-000090,BR_00000002,BR_00000001,initial-000031,16,3,24.0,1250.0,1.5,810.0,830.0,HC180YD+Z,加磷高强、烘烤硬化钢,H180YD,软钢,normal_real,,,,,,
diagnostic_candidate,True,0030124735-000080,0030124735-000080,0030124735-000080,BR_00000006,BR_00000001,initial-000031,16,4,24.0,1250.0,1.8,805.0,825.0,HC260YD+Z,加磷高强、烘烤硬化钢,H260Y,软钢,normal_real,,,,,,
diagnostic_candidate,True,virtual-000012,,,,BR_00000001,initial-000031,16,5,20.0,1250.0,2.0,760.0,780.0,SPHC,,SPHC,,virtual_sphc,,"{""accepted_sequence"":12,""prototype_id"":""virtual_sphc:1250x2"",""purpose"":""weight_fill"",""related_partition_id"":null}",,,,
diagnostic_candidate,True,0030119183-000010,0030119183-000010,0030119183-000010,BR_00000001,BR_00000001,initial-000031,16,6,1.02,1233.0,2.45,760.0,780.0,HC340/590DPD+Z,双相钢,W590X4,硬钢,normal_real,,,,,,
diagnostic_candidate,True,virtual-000003,,,,BR_00000001,initial-000031,16,7,20.0,1250.0,2.5,760.0,840.0,SPHC,,SPHC,,virtual_sphc,,"{""accepted_sequence"":3,""prototype_id"":""virtual_sphc:1250x2.5"",""purpose"":""edge_bridge"",""related_partition_id"":null}",,,,
diagnostic_candidate,True,0030119938-000320,0030119938-000320,0030119938-000320,BR_00000001,BR_00000001,initial-000031,16,8,24.6,1250.0,2.49,820.0,840.0,DC53D+Z,IF钢,SPHETI-5,软钢,normal_real,,,,,,
diagnostic_candidate,True,0030122647-000550,0030122647-000550,0030122647-000550,BR_00000006,BR_00000001,initial-000031,16,9,72.0,1200.0,2.49,820.0,840.0,DC53D+Z,IF钢,SPHETI-5,软钢,normal_real,,,,,,
diagnostic_candidate,True,0030119938-000310,0030119938-000310,0030119938-000310,BR_00000001,BR_00000001,initial-000031,16,10,72.86,1200.0,2.49,820.0,840.0,DC53D+Z,IF钢,SPHETI-5,软钢,normal_real,,,,,,
diagnostic_candidate,True,0030120757-000050,0030120757-000050,0030120757-000050,BR_00000001,BR_00000001,initial-000031,16,11,24.0,1164.0,2.0,830.0,850.0,DC54D+Z,IF钢,SPHETI-5,软钢,normal_real,,,,,,
diagnostic_candidate,True,0005000575-000020,0005000575-000020,0005000575-000020,BR_00000006,BR_00000001,initial-000031,16,12,20.0,1105.0,1.5,830.0,850.0,CR3,IF钢,SPHETI-36,软钢,normal_real,,,,,,
diagnostic_candidate,True,0030120940-000120,0030120940-000120,0030120940-000120,BR_00000002,BR_00000001,initial-000031,16,13,20.15,1055.0,1.2,830.0,850.0,DC56D+Z,IF钢,SPHETI-3,软钢,normal_real,,,,,,
diagnostic_candidate,True,0005000546-000010,0005000546-000010,0005000546-000010,BR_00000001,BR_00000001,initial-000031,16,14,7.0,1015.0,1.4,830.0,850.0,CR3,IF钢,SPHETI-36,软钢,normal_real,,,,,,
diagnostic_candidate,True,virtual-000015,,,,BR_00000001,initial-000031,16,15,20.0,1000.0,1.2,820.0,850.0,SPHC,,SPHC,,virtual_sphc,,"{""accepted_sequence"":15,""prototype_id"":""virtual_sphc:1000x1.2"",""purpose"":""weight_fill"",""related_partition_id"":null}",,,,
diagnostic_candidate,True,0030122899-000020,0030122899-000020,0030122899-000020,BR_00000006,BR_00000001,initial-000031,16,16,187.98,1000.0,1.0,700.0,840.0,DC51D+Z,普碳,SPHC,软钢,actual_transition,,,,,,
diagnostic_candidate,True,virtual-000014,,,,BR_00000001,initial-000031,16,17,20.0,1000.0,1.2,820.0,850.0,SPHC,,SPHC,,virtual_sphc,,"{""accepted_sequence"":14,""prototype_id"":""virtual_sphc:1000x1.2"",""purpose"":""weight_fill"",""related_partition_id"":null}",,,,
diagnostic_candidate,True,0030122488-000010,0030122488-000010,0030122488-000010,BR_00000006,BR_00000001,initial-000031,16,18,110.0,1000.0,1.25,820.0,840.0,DC53D+Z,IF钢,SPHETI-5,软钢,normal_real,,,,,,
diagnostic_candidate,True,virtual-000017,,,,BR_00000001,initial-000031,16,19,20.0,1000.0,1.2,820.0,850.0,SPHC,,SPHC,,virtual_sphc,,"{""accepted_sequence"":17,""prototype_id"":""virtual_sphc:1000x1.2"",""purpose"":""weight_fill"",""related_partition_id"":null}",,,,
diagnostic_candidate,True,virtual-000016,,,,BR_00000001,initial-000031,16,20,20.0,1000.0,1.2,820.0,850.0,SPHC,,SPHC,,virtual_sphc,,"{""accepted_sequence"":16,""prototype_id"":""virtual_sphc:1000x1.2"",""purpose"":""weight_fill"",""related_partition_id"":null}",,,,
diagnostic_candidate,True,0030125097-000010,0030125097-000010,0030125097-000010,BR_00000006,BR_00000001,initial-000031,16,21,7.65,870.0,1.2,830.0,850.0,DC56D+Z,IF钢,SPHETI-3,软钢,normal_real,,,,,,
diagnostic_candidate,True,0002002193-000030,0002002193-000030,0002002193-000030,BR_00000006,BR_00000001,initial-000006,17,1,52.0,1655.0,1.0,770.0,810.0,DC51D+Z,IF钢,SPHETI-3,软钢,normal_real,,,,,,
diagnostic_candidate,True,0002002202-000190,0002002202-000190,0002002202-000190,BR_00000006,BR_00000001,initial-000006,17,2,23.0,1555.0,1.0,770.0,810.0,DC51D+Z,IF钢,SPHETI-3,软钢,normal_real,,,,,,
diagnostic_candidate,True,0002002184-000170,0002002184-000170,0002002184-000170,BR_00000006,BR_00000001,initial-000006,17,3,23.0,1512.0,1.2,770.0,810.0,DC51D+Z,普碳,SPHC,软钢,normal_real,,,,,,
diagnostic_candidate,True,virtual-000033,,,,BR_00000001,initial-000006,17,4,20.0,1500.0,1.0,770.0,810.0,SPHC,,SPHC,,virtual_sphc,,"{""accepted_sequence"":33,""prototype_id"":""virtual_sphc:1500x1"",""purpose"":""edge_bridge"",""related_partition_id"":null}",,,,
diagnostic_candidate,True,virtual-000034,,,,BR_00000001,initial-000006,17,5,20.0,1500.0,0.8,770.0,810.0,SPHC,,SPHC,,virtual_sphc,,"{""accepted_sequence"":34,""prototype_id"":""virtual_sphc:1500x0.8"",""purpose"":""edge_bridge"",""related_partition_id"":null}",,,,
diagnostic_candidate,True,0030121196-000030,0030121196-000030,0030121196-000030,BR_00000002,BR_00000001,initial-000006,17,6,46.91,1500.0,0.7,770.0,790.0,HC340/590DPD+Z,双相钢,W590X4,硬钢,normal_real,,,,,,
diagnostic_candidate,True,virtual-000035,,,,BR_00000001,initial-000006,17,7,20.0,1500.0,0.8,770.0,810.0,SPHC,,SPHC,,virtual_sphc,,"{""accepted_sequence"":35,""prototype_id"":""virtual_sphc:1500x0.8"",""purpose"":""edge_bridge"",""related_partition_id"":null}",,,,
diagnostic_candidate,True,virtual-000037,,,,BR_00000001,initial-000006,17,8,20.0,1500.0,1.0,770.0,810.0,SPHC,,SPHC,,virtual_sphc,,"{""accepted_sequence"":37,""prototype_id"":""virtual_sphc:1500x1"",""purpose"":""edge_bridge"",""related_partition_id"":null}",,,,
diagnostic_candidate,True,0030122476-000040,0030122476-000040,0030122476-000040,BR_00000006,BR_00000001,initial-000006,17,9,16.09,1495.0,1.2,770.0,810.0,DC51D+Z,深冲钢（PD）,SPHCQ,软钢,normal_real,,,,,,
diagnostic_candidate,True,0002002170-000250,0002002170-000250,0002002170-000250,BR_00000006,BR_00000001,initial-000006,17,10,69.0,1445.0,1.0,770.0,810.0,DC51D+Z,IF钢,SPHETI-3,软钢,normal_real,,,,,,
diagnostic_candidate,True,0002002180-000380,0002002180-000380,0002002180-000380,BR_00000006,BR_00000001,initial-000006,17,11,20.0,1430.0,1.0,770.0,810.0,DC51D+Z,IF钢,SPHETI-3,软钢,normal_real,,,,,,
diagnostic_candidate,True,0002002170-000230,0002002170-000230,0002002170-000230,BR_00000006,BR_00000001,initial-000006,17,12,23.0,1420.0,1.0,770.0,810.0,DC51D+Z,IF钢,SPHETI-3,软钢,normal_real,,,,,,
diagnostic_candidate,True,0002002195-000240,0002002195-000240,0002002195-000240,BR_00000006,BR_00000001,initial-000006,17,13,24.0,1363.0,1.0,770.0,810.0,DC51D+Z,普碳,SPHC,软钢,normal_real,,,,,,
diagnostic_candidate,True,0002002170-000260,0002002170-000260,0002002170-000260,BR_00000006,BR_00000001,initial-000006,17,14,23.0,1360.0,1.2,770.0,810.0,DC51D+Z,IF钢,SPHETI-3,软钢,normal_real,,,,,,
diagnostic_candidate,True,0002002202-000130,0002002202-000130,0002002202-000130,BR_00000006,BR_00000001,initial-000006,17,15,23.0,1341.0,1.0,770.0,810.0,DC51D+Z,IF钢,SPHETI-3,软钢,normal_real,,,,,,
diagnostic_candidate,True,0002002185-000120,0002002185-000120,0002002185-000120,BR_00000006,BR_00000001,initial-000006,17,16,23.0,1333.0,0.8,770.0,810.0,DC51D+Z,IF钢,SPHETI-3,软钢,normal_real,,,,,,
diagnostic_candidate,True,0002002170-000270,0002002170-000270,0002002170-000270,BR_00000006,BR_00000001,initial-000006,17,17,46.0,1290.0,0.65,770.0,810.0,DC51D+Z,IF钢,SPHETI-3,软钢,normal_real,,,,,,
diagnostic_candidate,True,0002002170-000330,0002002170-000330,0002002170-000330,BR_00000006,BR_00000001,initial-000006,17,18,23.0,1260.0,0.65,770.0,810.0,DC51D+Z,IF钢,SPHETI-3,软钢,normal_real,,,,,,
diagnostic_candidate,True,0030122897-000090,0030122897-000090,0030122897-000090,BR_00000006,BR_00000001,initial-000006,17,19,48.0,1250.0,0.6,700.0,840.0,DC51D+Z,普碳,SPHC,软钢,actual_transition,,,,,,
diagnostic_candidate,True,0002002053-000130,0002002053-000130,0002002053-000130,BR_00000001,BR_00000001,initial-000006,17,20,23.0,1250.0,0.6,820.0,840.0,DX53D+Z-MD,IF钢,SPHETI-5,软钢,normal_real,,,,,,
diagnostic_candidate,True,0030122897-000030,0030122897-000030,0030122897-000030,BR_00000006,BR_00000001,initial-000006,17,21,24.0,1250.0,0.75,700.0,840.0,DC51D+Z,普碳,SPHC,软钢,actual_transition,,,,,,
diagnostic_candidate,True,0030124871-000070,0030124871-000070,0030124871-000070,BR_00000006,BR_00000001,initial-000006,17,22,230.0,1250.0,0.75,820.0,840.0,DX53D+Z,IF钢,SPHETI-5,软钢,normal_real,,,,,,
diagnostic_candidate,True,0030118006-000020,0030118006-000020,0030118006-000020,BR_00000001,BR_00000001,initial-000006,17,23,29.28,1240.0,0.6,700.0,840.0,DC51D+Z,普碳,SPHC,软钢,normal_real,,,,,,
diagnostic_candidate,True,0002002176-000160,0002002176-000160,0002002176-000160,BR_00000006,BR_00000001,initial-000006,17,24,13.76,1220.0,0.65,830.0,850.0,DC53D+Z,IF钢,SPHETI-3,软钢,normal_real,,,,,,
diagnostic_candidate,True,0030122086-000010,0030122086-000010,0030122086-000010,BR_00000003,BR_00000001,initial-000006,17,25,48.0,1220.0,0.65,830.0,850.0,DC56D+Z,IF钢,SPHETI-3,软钢,normal_real,,,,,,
diagnostic_candidate,True,0002002184-000080,0002002184-000080,0002002184-000080,BR_00000006,BR_00000001,initial-000006,17,26,23.0,1220.0,0.8,830.0,850.0,DC56D+Z,IF钢,SPHETI-3,软钢,normal_real,,,,,,
diagnostic_candidate,True,0002002170-000420,0002002170-000420,0002002170-000420,BR_00000006,BR_00000001,initial-000006,17,27,23.0,1218.0,0.65,830.0,850.0,DC54D+Z,IF钢,SPHETI-3,软钢,normal_real,,,,,,
diagnostic_candidate,True,0030124772-000020,0030124772-000020,0030124772-000020,BR_00000006,BR_00000001,initial-000006,17,28,24.0,1200.0,0.65,820.0,840.0,DC53D+Z,IF钢,SPHETI-5,软钢,normal_real,,,,,,
diagnostic_candidate,True,0002002195-000080,0002002195-000080,0002002195-000080,BR_00000006,BR_00000001,initial-000006,17,29,190.0,1195.0,0.65,830.0,850.0,DC53D+Z,IF钢,SPHETI-3,软钢,normal_real,,,,,,
diagnostic_candidate,True,0002002162-000100,0002002162-000100,0002002162-000100,BR_00000006,BR_00000001,initial-000006,17,30,24.0,1180.0,0.65,830.0,850.0,DC53D+Z,IF钢,SPHETI-3,软钢,normal_real,,,,,,
diagnostic_candidate,True,0030117110-000010,0030117110-000010,0030117110-000010,BR_00000001,BR_00000001,initial-000006,17,31,13.2,1170.0,0.7,830.0,850.0,CR3,IF钢,SPHETI-36,软钢,normal_real,,,,,,
diagnostic_candidate,True,0002002170-000200,0002002170-000200,0002002170-000200,BR_00000006,BR_00000001,initial-000006,17,32,126.53,1160.0,0.7,830.0,850.0,DC53D+Z,IF钢,SPHETI-3,软钢,normal_real,,,,,,
diagnostic_candidate,True,virtual-000004,,,,BR_00000001,initial-000006,17,33,20.0,1000.0,0.6,700.0,850.0,SPHC,,SPHC,,virtual_sphc,,"{""accepted_sequence"":4,""prototype_id"":""virtual_sphc:1000x0.6"",""purpose"":""edge_bridge"",""related_partition_id"":null}",,,,
diagnostic_candidate,True,0010019618-000010,0010019618-000010,0010019618-000010,BR_00000006,BR_00000001,initial-000006,17,34,198.0,1000.0,0.5,700.0,840.0,DC51D+Z,普碳,SPHC,软钢,actual_transition,,,,,,
diagnostic_candidate,True,0030124078-000010,0030124078-000010,0030124078-000010,BR_00000006,BR_00000001,initial-000006,17,35,44.0,1000.0,0.6,830.0,850.0,DC56D+Z,IF钢,SPHETI-3,软钢,normal_real,,,,,,
diagnostic_candidate,True,0030122480-000100,0030122480-000100,0030122480-000100,BR_00000006,BR_00000001,initial-000006,17,36,154.0,995.0,0.7,830.0,850.0,DX53D+Z,IF钢,SPHETI-5,软钢,normal_real,,,,,,
diagnostic_candidate,True,0030122480-000040,0030122480-000040,0030122480-000040,BR_00000006,BR_00000001,initial-000006,17,37,72.0,950.0,0.7,830.0,850.0,DX54D+Z,IF钢,SPHETI-3,软钢,normal_real,,,,,,
diagnostic_candidate,True,0002002162-000080,0002002162-000080,0002002162-000080,BR_00000006,BR_00000001,initial-000006,17,38,18.0,950.0,0.8,830.0,850.0,DC56D+Z,IF钢,SPHETI-3,软钢,normal_real,,,,,,
diagnostic_candidate,True,0030123255-000030,0030123255-000030,0030123255-000030,BR_00000006,BR_00000001,initial-000006,17,39,36.0,935.0,0.65,820.0,840.0,DC56D+Z,IF钢,SPHETI-3,软钢,normal_real,,,,,,
diagnostic_candidate,True,0002002176-000120,0002002176-000120,0002002176-000120,BR_00000006,BR_00000001,initial-000006,17,40,25.0,913.0,0.6,810.0,830.0,180YD+Z,加磷高强、烘烤硬化钢,H180YD,软钢,normal_real,,,,,,
diagnostic_candidate,True,virtual-000031,,,,BR_00000001,initial-000006,17,41,20.0,1000.0,0.8,770.0,830.0,SPHC,,SPHC,,virtual_sphc,,"{""accepted_sequence"":31,""prototype_id"":""virtual_sphc:1000x0.8"",""purpose"":""edge_bridge"",""related_partition_id"":null}",,,,
diagnostic_candidate,True,0002002180-000170,0002002180-000170,0002002180-000170,BR_00000006,BR_00000001,initial-000006,17,42,20.0,930.0,1.0,770.0,810.0,DC51D+Z,IF钢,SPHETI-3,软钢,normal_real,,,,,,
diagnostic_candidate,True,0030124871-000100,0030124871-000100,0030124871-000100,BR_00000006,BR_00000001,initial-000017,18,1,210.0,1585.0,0.75,730.0,750.0,DX51D+Z,普碳,SPHC,软钢,normal_real,,,,,,
diagnostic_candidate,True,0030124871-000090,0030124871-000090,0030124871-000090,BR_00000006,BR_00000001,initial-000017,18,2,70.0,1550.0,0.75,730.0,750.0,DX51D+Z,普碳,SPHC,软钢,normal_real,,,,,,
diagnostic_candidate,True,0030125168-000080,0030125168-000080,0030125168-000080,BR_00000006,BR_00000001,initial-000017,18,3,24.0,1500.0,0.8,700.0,840.0,DX51D+Z,普碳,SPHC,软钢,normal_real,,,,,,
diagnostic_candidate,True,0030123256-000030,0030123256-000030,0030123256-000030,BR_00000006,BR_00000001,initial-000017,18,4,46.0,1490.0,0.65,820.0,840.0,HC180BD+Z,加磷高强、烘烤硬化钢,H180BH1,软钢,normal_real,,,,,,
diagnostic_candidate,True,0030118966-000010,0030118966-000010,0030118966-000010,BR_00000001,BR_00000001,initial-000017,18,5,31.64,1488.0,0.65,830.0,850.0,DC56D+Z,IF钢,SPHETI-3,软钢,normal_real,,,,,,
diagnostic_candidate,True,0030118006-000070,0030118006-000070,0030118006-000070,BR_00000001,BR_00000001,initial-000017,18,6,43.72,1480.0,0.8,700.0,840.0,DC51D+Z,普碳,SPHC,软钢,normal_real,,,,,,
diagnostic_candidate,True,0002002176-000150,0002002176-000150,0002002176-000150,BR_00000006,BR_00000001,initial-000017,18,7,23.0,1470.0,0.65,830.0,850.0,DC53D+Z,IF钢,SPHETI-3,软钢,normal_real,,,,,,
diagnostic_candidate,True,0002002170-000010,0002002170-000010,0002002170-000010,BR_00000006,BR_00000001,initial-000017,18,8,23.0,1470.0,0.65,830.0,850.0,DC53D+Z,IF钢,SPHETI-3,软钢,normal_real,,,,,,
diagnostic_candidate,True,0002002184-000030,0002002184-000030,0002002184-000030,BR_00000006,BR_00000001,initial-000017,18,9,23.0,1440.0,0.65,830.0,850.0,DC53D+Z,IF钢,SPHETI-3,软钢,normal_real,,,,,,
diagnostic_candidate,True,0002002170-000430,0002002170-000430,0002002170-000430,BR_00000006,BR_00000001,initial-000017,18,10,23.0,1440.0,0.65,830.0,850.0,DC53D+Z,IF钢,SPHETI-3,软钢,normal_real,,,,,,
diagnostic_candidate,True,0002002055-000100,0002002055-000100,0002002055-000100,BR_00000001,BR_00000001,initial-000017,18,11,18.26,1413.0,0.6,820.0,840.0,DX53D+Z-MD,IF钢,SPHETI-5,软钢,normal_real,,,,,,
diagnostic_candidate,True,0002002054-000200,0002002054-000200,0002002054-000200,BR_00000001,BR_00000001,initial-000017,18,12,52.56,1385.0,0.8,815.0,835.0,DX51D+Z-MD,普碳,SPHC,软钢,normal_real,,,,,,
diagnostic_candidate,True,0002002170-000410,0002002170-000410,0002002170-000410,BR_00000006,BR_00000001,initial-000017,18,13,23.0,1330.0,0.8,810.0,830.0,180YD+Z,加磷高强、烘烤硬化钢,H180YD,软钢,normal_real,,,,,,
diagnostic_candidate,True,0030125150-000020,0030125150-000020,0030125150-000020,BR_00000006,BR_00000001,initial-000017,18,14,24.0,1305.0,0.7,820.0,840.0,DC53D+Z,IF钢,SPHETI-5,软钢,normal_real,,,,,,
diagnostic_candidate,True,0002002180-000360,0002002180-000360,0002002180-000360,BR_00000006,BR_00000001,initial-000017,18,15,17.08,1300.0,0.65,810.0,830.0,180YD+Z,加磷高强、烘烤硬化钢,H180YD,软钢,normal_real,,,,,,
diagnostic_candidate,True,0030124735-000120,0030124735-000120,0030124735-000120,BR_00000006,BR_00000001,initial-000017,18,16,24.0,1300.0,0.65,820.0,840.0,DX53D+Z,IF钢,SPHETI-5,软钢,normal_real,,,,,,
diagnostic_candidate,True,0030118006-000010,0030118006-000010,0030118006-000010,BR_00000001,BR_00000001,initial-000017,18,17,55.45,1295.0,0.6,700.0,840.0,DC51D+Z,普碳,SPHC,软钢,normal_real,,,,,,
diagnostic_candidate,True,0002002195-000110,0002002195-000110,0002002195-000110,BR_00000006,BR_00000001,initial-000017,18,18,110.0,1285.0,0.6,830.0,850.0,DC54D+Z,IF钢,SPHETI-3,软钢,normal_real,,,,,,
diagnostic_candidate,True,0030123141-000010,0030123141-000010,0030123141-000010,BR_00000006,BR_00000001,initial-000017,18,19,50.0,1275.0,0.6,830.0,850.0,SCG4+Z,IF钢,SPHETI-3,软钢,normal_real,,,,,,
diagnostic_candidate,True,0030123916-000040,0030123916-000040,0030123916-000040,BR_00000006,BR_00000001,initial-000017,18,20,23.0,1250.0,0.6,700.0,840.0,DC51D+Z,普碳,SPHC,软钢,actual_transition,,,,,,
diagnostic_candidate,True,0030122897-000060,0030122897-000060,0030122897-000060,BR_00000006,BR_00000001,initial-000017,18,21,72.0,1250.0,0.6,700.0,840.0,DC51D+Z,普碳,SPHC,软钢,actual_transition,,,,,,
diagnostic_candidate,True,0030124800-000080,0030124800-000080,0030124800-000080,BR_00000006,BR_00000001,initial-000017,18,22,24.0,1236.0,0.5,770.0,810.0,DX52D+Z,深冲钢（PD）,SPHCQ,软钢,normal_real,,,,,,
diagnostic_candidate,True,0030123653-000040,0030123653-000040,0030123653-000040,BR_00000006,BR_00000001,initial-000017,18,23,48.0,1212.0,0.6,700.0,840.0,DC51D+Z,普碳,SPHC,软钢,normal_real,,,,,,
diagnostic_candidate,True,0030123143-000050,0030123143-000050,0030123143-000050,BR_00000006,BR_00000001,initial-000017,18,24,13.39,1210.0,0.6,830.0,850.0,SCG4+Z,IF钢,SPHETI-3,软钢,normal_real,,,,,,
diagnostic_candidate,True,0030124871-000010,0030124871-000010,0030124871-000010,BR_00000006,BR_00000001,initial-000017,18,25,25.0,1200.0,0.75,820.0,840.0,DX53D+Z,IF钢,SPHETI-5,软钢,normal_real,,,,,,
diagnostic_candidate,True,virtual-000005,,,,BR_00000001,initial-000017,18,26,20.0,1250.0,0.6,770.0,840.0,SPHC,,SPHC,,virtual_sphc,,"{""accepted_sequence"":5,""prototype_id"":""virtual_sphc:1250x0.6"",""purpose"":""edge_bridge"",""related_partition_id"":null}",,,,
diagnostic_candidate,True,0002002195-000060,0002002195-000060,0002002195-000060,BR_00000006,BR_00000001,initial-000017,18,27,61.96,1095.0,0.65,770.0,810.0,DC51D+Z,普碳,SPHC,软钢,normal_real,,,,,,
diagnostic_candidate,True,0002002202-000150,0002002202-000150,0002002202-000150,BR_00000006,BR_00000001,initial-000017,18,28,25.0,1095.0,0.7,770.0,810.0,DC51D+Z,IF钢,SPHETI-3,软钢,normal_real,,,,,,
diagnostic_candidate,True,0002002195-000170,0002002195-000170,0002002195-000170,BR_00000006,BR_00000001,initial-000017,18,29,24.0,1088.0,0.65,770.0,810.0,DC51D+Z,普碳,SPHC,软钢,normal_real,,,,,,
diagnostic_candidate,True,0002002202-000160,0002002202-000160,0002002202-000160,BR_00000006,BR_00000001,initial-000017,18,30,19.0,1085.0,0.7,770.0,810.0,DC51D+Z,IF钢,SPHETI-3,软钢,normal_real,,,,,,
diagnostic_candidate,True,0030124800-000030,0030124800-000030,0030124800-000030,BR_00000006,BR_00000001,initial-000017,18,31,23.0,1084.0,0.8,770.0,810.0,DX52D+Z,深冲钢（PD）,SPHCQ,软钢,normal_real,,,,,,
diagnostic_candidate,True,0002002176-000070,0002002176-000070,0002002176-000070,BR_00000006,BR_00000001,initial-000017,18,32,100.0,1063.0,1.0,770.0,810.0,DC51D+Z,IF钢,SPHETI-3,软钢,normal_real,,,,,,
diagnostic_candidate,True,0030123143-000070,0030123143-000070,0030123143-000070,BR_00000006,BR_00000001,initial-000017,18,33,88.0,1060.0,1.0,800.0,820.0,SCG260Y+Z,加磷高强、烘烤硬化钢,H260Y,软钢,normal_real,,,,,,
diagnostic_candidate,True,0002002202-000200,0002002202-000200,0002002202-000200,BR_00000006,BR_00000001,initial-000017,18,34,19.0,1055.0,1.0,770.0,810.0,DC51D+Z,普碳,SPHC,软钢,normal_real,,,,,,
diagnostic_candidate,True,0002002202-000180,0002002202-000180,0002002202-000180,BR_00000006,BR_00000001,initial-000017,18,35,19.0,1015.0,1.0,770.0,810.0,DC51D+Z,普碳,SPHC,软钢,normal_real,,,,,,
diagnostic_candidate,True,0002002202-000100,0002002202-000100,0002002202-000100,BR_00000006,BR_00000001,initial-000017,18,36,19.0,1001.0,1.2,770.0,810.0,DC51D+Z,普碳,SPHC,软钢,normal_real,,,,,,
diagnostic_candidate,True,virtual-000032,,,,BR_00000001,initial-000017,18,37,20.0,1000.0,1.0,700.0,840.0,SPHC,,SPHC,,virtual_sphc,,"{""accepted_sequence"":32,""prototype_id"":""virtual_sphc:1000x1"",""purpose"":""edge_bridge"",""related_partition_id"":null}",,,,
diagnostic_candidate,True,0030124437-000010,0030124437-000010,0030124437-000010,BR_00000006,BR_00000001,initial-000017,18,38,18.0,910.0,0.8,700.0,840.0,DC51D+Z,普碳,SPHC,软钢,actual_transition,,,,,,
diagnostic_candidate,True,0002002170-000060,0002002170-000060,0002002170-000060,BR_00000006,BR_00000001,initial-000017,18,39,32.0,900.0,1.0,770.0,810.0,DC51D+Z,IF钢,SPHETI-3,软钢,normal_real,,,,,,
diagnostic_candidate,True,0002002170-000120,0002002170-000120,0002002170-000120,BR_00000006,BR_00000001,initial-000017,18,40,23.0,836.0,1.0,770.0,810.0,DC51D+Z,IF钢,SPHETI-3,软钢,normal_real,,,,,,
diagnostic_candidate,True,0030124871-000080,0030124871-000080,0030124871-000080,BR_00000006,BR_00000001,initial-000020,19,1,60.0,1575.0,0.95,710.0,730.0,DX51D+Z,普碳,SPHC,软钢,normal_real,,,,,,
diagnostic_candidate,True,0030124871-000140,0030124871-000140,0030124871-000140,BR_00000006,BR_00000001,initial-000020,19,2,30.0,1550.0,0.95,710.0,730.0,DX51D+Z,普碳,SPHC,软钢,normal_real,,,,,,
diagnostic_candidate,True,0010019881-000030,0010019881-000030,0010019881-000030,BR_00000006,BR_00000001,initial-000020,19,3,26.0,1500.0,0.95,700.0,840.0,DC51D+Z,普碳,SPHC,软钢,actual_transition,,,,,,
diagnostic_candidate,True,0010020206-000100,0010020206-000100,0010020206-000100,BR_00000006,BR_00000001,initial-000020,19,4,95.94,1500.0,1.0,700.0,840.0,DC51D+Z,普碳,SPHC,软钢,actual_transition,,,,,,
diagnostic_candidate,True,0002002195-000190,0002002195-000190,0002002195-000190,BR_00000006,BR_00000001,initial-000020,19,5,24.0,1500.0,1.0,830.0,850.0,DC54D+Z,IF钢,SPHETI-3,软钢,normal_real,,,,,,
diagnostic_candidate,True,0010020206-000110,0010020206-000110,0010020206-000110,BR_00000006,BR_00000001,initial-000020,19,6,117.45,1500.0,1.2,700.0,840.0,DC51D+Z,普碳,SPHC,软钢,actual_transition,,,,,,
diagnostic_candidate,True,0030120817-000050,0030120817-000050,0030120817-000050,BR_00000003,BR_00000001,initial-000020,19,7,50.0,1480.0,1.2,785.0,815.0,HC420/780DPD+Z,顶级牌号780以上,W780X,硬钢,normal_real,,,,,,
diagnostic_candidate,True,0030124735-000110,0030124735-000110,0030124735-000110,BR_00000006,BR_00000001,initial-000020,19,8,24.0,1350.0,1.4,700.0,840.0,DX51D+Z,普碳,SPHC,软钢,actual_transition,,,,,,
diagnostic_candidate,True,0030124735-000070,0030124735-000070,0030124735-000070,BR_00000006,BR_00000001,initial-000020,19,9,24.0,1350.0,1.4,805.0,825.0,HC260YD+Z,加磷高强、烘烤硬化钢,H260Y,软钢,normal_real,,,,,,
diagnostic_candidate,True,0030121501-000010,0030121501-000010,0030121501-000010,BR_00000001,BR_00000001,initial-000020,19,10,25.11,1330.0,1.2,800.0,820.0,HC260YD+Z,加磷高强、烘烤硬化钢,H260Y,软钢,normal_real,,,,,,
diagnostic_candidate,True,0010020206-000080,0010020206-000080,0010020206-000080,BR_00000006,BR_00000001,initial-000020,19,11,122.45,1250.0,1.0,700.0,840.0,DC51D+Z,普碳,SPHC,软钢,actual_transition,,,,,,
diagnostic_candidate,True,0030123653-000050,0030123653-000050,0030123653-000050,BR_00000006,BR_00000001,initial-000020,19,12,120.0,1240.0,0.8,700.0,840.0,DC51D+Z,普碳,SPHC,软钢,normal_real,,,,,,
diagnostic_candidate,True,0030125207-000050,0030125207-000050,0030125207-000050,BR_00000006,BR_00000001,initial-000020,19,13,48.0,1233.0,0.7,770.0,810.0,DC51D+Z,深冲钢（PD）,SPHCQ,软钢,normal_real,,,,,,
diagnostic_candidate,True,0002002184-000060,0002002184-000060,0002002184-000060,BR_00000006,BR_00000001,initial-000020,19,14,23.0,1170.0,0.6,770.0,810.0,DC51D+Z,IF钢,SPHETI-3,软钢,normal_real,,,,,,
diagnostic_candidate,True,0030117932-000010,0030117932-000010,0030117932-000010,BR_00000001,BR_00000001,initial-000020,19,15,99.77,1162.0,0.6,700.0,840.0,DC51D+Z,普碳,SPHC,软钢,normal_real,,,,,,
diagnostic_candidate,True,0030124871-000040,0030124871-000040,0030124871-000040,BR_00000006,BR_00000001,initial-000020,19,16,20.0,1160.0,0.6,820.0,840.0,DX53D+Z,IF钢,SPHETI-5,软钢,normal_real,,,,,,
diagnostic_candidate,True,0002002152-000010,0002002152-000010,0002002152-000010,BR_00000006,BR_00000001,initial-000020,19,17,23.0,1155.0,0.65,810.0,830.0,HC180YD+Z,加磷高强、烘烤硬化钢,H180YD,软钢,normal_real,,,,,,
diagnostic_candidate,True,0002002054-000340,0002002054-000340,0002002054-000340,BR_00000001,BR_00000001,initial-000020,19,18,102.32,1150.0,0.6,815.0,835.0,DX51D+Z-MD,普碳,SPHC,软钢,normal_real,,,,,,
diagnostic_candidate,True,0002002054-000310,0002002054-000310,0002002054-000310,BR_00000001,BR_00000001,initial-000020,19,19,11.7,1100.0,0.5,820.0,840.0,DX53D+Z-CD,IF钢,SPHETI-5,软钢,normal_real,,,,,,
diagnostic_candidate,True,0030123142-000030,0030123142-000030,0030123142-000030,BR_00000006,BR_00000001,initial-000020,19,20,132.0,1090.0,0.55,830.0,850.0,SCG4+Z,IF钢,SPHETI-3,软钢,normal_real,,,,,,
diagnostic_candidate,True,0030117284-000030,0030117284-000030,0030117284-000030,BR_00000001,BR_00000001,initial-000020,19,21,13.54,1090.0,0.55,830.0,850.0,SCG4+Z,IF钢,SPHETI-3,软钢,normal_real,,,,,,
diagnostic_candidate,True,0030123425-000010,0030123425-000010,0030123425-000010,BR_00000006,BR_00000001,initial-000020,19,22,132.0,1090.0,0.55,830.0,850.0,SCG4+Z,IF钢,SPHETI-3,软钢,normal_real,,,,,,
diagnostic_candidate,True,virtual-000006,,,,BR_00000001,initial-000020,19,23,20.0,1000.0,0.6,770.0,850.0,SPHC,,SPHC,,virtual_sphc,,"{""accepted_sequence"":6,""prototype_id"":""virtual_sphc:1000x0.6"",""purpose"":""edge_bridge"",""related_partition_id"":null}",,,,
diagnostic_candidate,True,virtual-000007,,,,BR_00000001,initial-000020,19,24,20.0,1000.0,0.8,770.0,850.0,SPHC,,SPHC,,virtual_sphc,,"{""accepted_sequence"":7,""prototype_id"":""virtual_sphc:1000x0.8"",""purpose"":""edge_bridge"",""related_partition_id"":null}",,,,
diagnostic_candidate,True,0030122488-000030,0030122488-000030,0030122488-000030,BR_00000006,BR_00000001,initial-000020,19,25,110.0,1000.0,0.9,770.0,810.0,DC52D+Z,深冲钢（PD）,SPHCQ,软钢,normal_real,,,,,,
diagnostic_candidate,True,0002002170-000090,0002002170-000090,0002002170-000090,BR_00000006,BR_00000001,initial-000020,19,26,25.0,1000.0,1.0,770.0,810.0,DC51D+Z,IF钢,SPHETI-3,软钢,normal_real,,,,,,
diagnostic_candidate,True,0030122899-000030,0030122899-000030,0030122899-000030,BR_00000006,BR_00000001,initial-000020,19,27,170.0,1000.0,1.2,700.0,840.0,DC51D+Z,普碳,SPHC,软钢,actual_transition,,,,,,
diagnostic_candidate,True,virtual-000028,,,,BR_00000001,initial-000020,19,28,20.0,1000.0,1.5,700.0,840.0,SPHC,,SPHC,,virtual_sphc,,"{""accepted_sequence"":28,""prototype_id"":""virtual_sphc:1000x1.5"",""purpose"":""edge_bridge"",""related_partition_id"":null}",,,,
diagnostic_candidate,True,0002002202-000290,0002002202-000290,0002002202-000290,BR_00000006,BR_00000001,initial-000020,19,29,16.0,931.0,1.6,770.0,810.0,DC51D+Z,普碳,SPHC,软钢,normal_real,,,,,,
diagnostic_candidate,True,0002002170-000290,0002002170-000290,0002002170-000290,BR_00000006,BR_00000001,initial-000020,19,30,50.0,883.0,1.4,770.0,810.0,DC51D+Z,IF钢,SPHETI-3,软钢,normal_real,,,,,,
diagnostic_candidate,True,0002002202-000030,0002002202-000030,0002002202-000030,BR_00000006,BR_00000001,initial-000024,20,1,23.0,1480.0,1.0,770.0,810.0,DC51D+Z,普碳,SPHC,软钢,normal_real,,,,,,
diagnostic_candidate,True,virtual-000036,,,,BR_00000001,initial-000024,20,2,20.0,1500.0,1.0,700.0,840.0,SPHC,,SPHC,,virtual_sphc,,"{""accepted_sequence"":36,""prototype_id"":""virtual_sphc:1500x1"",""purpose"":""edge_bridge"",""related_partition_id"":null}",,,,
diagnostic_candidate,True,0030123053-000010,0030123053-000010,0030123053-000010,BR_00000006,BR_00000001,initial-000024,20,3,48.0,1440.0,0.8,700.0,840.0,DC51D+Z,普碳,SPHC,软钢,actual_transition,,,,,,
diagnostic_candidate,True,0030118957-000010,0030118957-000010,0030118957-000010,BR_00000001,BR_00000001,initial-000024,20,4,48.0,1360.0,0.7,700.0,720.0,DX51D+Z3,深冲钢（PD）,DD12BB,软钢,normal_real,,,,,,
diagnostic_candidate,True,0030124735-000090,0030124735-000090,0030124735-000090,BR_00000006,BR_00000001,initial-000024,20,5,24.0,1325.0,0.7,700.0,840.0,DX51D+Z,普碳,SPHC,软钢,actual_transition,,,,,,
diagnostic_candidate,True,0002002195-000120,0002002195-000120,0002002195-000120,BR_00000006,BR_00000001,initial-000024,20,6,72.0,1315.0,0.65,770.0,810.0,DC51D+Z,普碳,SPHC,软钢,normal_real,,,,,,
diagnostic_candidate,True,0002002170-000030,0002002170-000030,0002002170-000030,BR_00000006,BR_00000001,initial-000024,20,7,23.0,1300.0,0.6,770.0,810.0,DC51D+Z,IF钢,SPHETI-3,软钢,normal_real,,,,,,
diagnostic_candidate,True,0002002176-000190,0002002176-000190,0002002176-000190,BR_00000006,BR_00000001,initial-000024,20,8,15.0,1295.0,0.6,770.0,810.0,DC51D+Z,普碳,SPHC,软钢,normal_real,,,,,,
diagnostic_candidate,True,0002002202-000090,0002002202-000090,0002002202-000090,BR_00000006,BR_00000001,initial-000024,20,9,138.0,1280.0,0.65,770.0,810.0,DC51D+Z,IF钢,SPHETI-3,软钢,normal_real,,,,,,
diagnostic_candidate,True,0030122897-000070,0030122897-000070,0030122897-000070,BR_00000006,BR_00000001,initial-000024,20,10,24.0,1250.0,0.75,700.0,840.0,DC51D+Z,普碳,SPHC,软钢,actual_transition,,,,,,
diagnostic_candidate,True,0002002053-000150,0002002053-000150,0002002053-000150,BR_00000001,BR_00000001,initial-000024,20,11,18.76,1219.0,0.8,815.0,835.0,DX51D+Z-MD,普碳,SPHC,软钢,normal_real,,,,,,
diagnostic_candidate,True,0030125102-000010,0030125102-000010,0030125102-000010,BR_00000006,BR_00000001,initial-000024,20,12,72.0,1182.0,0.7,820.0,840.0,DC53D+Z,IF钢,SPHETI-5,软钢,normal_real,,,,,,
diagnostic_candidate,True,0030118934-000050,0030118934-000050,0030118934-000050,BR_00000001,BR_00000001,initial-000024,20,13,15.37,1160.0,0.7,830.0,850.0,DX54D+Z,IF钢,SPHETI-5,软钢,normal_real,,,,,,
diagnostic_candidate,True,0002002185-000060,0002002185-000060,0002002185-000060,BR_00000006,BR_00000001,initial-000024,20,14,23.0,1155.0,0.65,830.0,850.0,DC54D+Z,IF钢,SPHETI-3,软钢,normal_real,,,,,,
diagnostic_candidate,True,0002002170-000180,0002002170-000180,0002002170-000180,BR_00000006,BR_00000001,initial-000024,20,15,46.0,1133.0,0.7,830.0,850.0,DC53D+Z,IF钢,SPHETI-3,软钢,normal_real,,,,,,
diagnostic_candidate,True,0005000545-000020,0005000545-000020,0005000545-000020,BR_00000001,BR_00000001,initial-000024,20,16,9.59,1130.0,0.7,820.0,840.0,CR210BH,加磷高强、烘烤硬化钢,H220BH,软钢,normal_real,,,,,,
diagnostic_candidate,True,0002002055-000110,0002002055-000110,0002002055-000110,BR_00000001,BR_00000001,initial-000024,20,17,15.3,1100.0,0.8,815.0,835.0,DX51D+Z-MD,普碳,SPHC,软钢,normal_real,,,,,,
diagnostic_candidate,True,0030124574-000010,0030124574-000010,0030124574-000010,BR_00000006,BR_00000001,initial-000024,20,18,23.0,1100.0,1.0,700.0,840.0,DC51D+Z,普碳,SPHC,软钢,actual_transition,,,,,,
diagnostic_candidate,True,0030124824-000010,0030124824-000010,0030124824-000010,BR_00000006,BR_00000001,initial-000024,20,19,20.0,1060.0,0.95,710.0,730.0,DX51D+Z,普碳,SPHC,软钢,normal_real,,,,,,
diagnostic_candidate,True,0030124826-000010,0030124826-000010,0030124826-000010,BR_00000006,BR_00000001,initial-000024,20,20,40.0,1000.0,1.15,710.0,730.0,DX51D+Z,普碳,SPHC,软钢,normal_real,,,,,,
diagnostic_candidate,True,0030124207-000010,0030124207-000010,0030124207-000010,BR_00000006,BR_00000001,initial-000024,20,21,24.0,1000.0,1.2,700.0,840.0,DC51D+Z,普碳,SPHC,软钢,actual_transition,,,,,,
diagnostic_candidate,True,0030125207-000140,0030125207-000140,0030125207-000140,BR_00000006,BR_00000001,initial-000024,20,22,44.0,993.0,1.0,800.0,820.0,HC260YD+Z,加磷高强、烘烤硬化钢,H260Y,软钢,normal_real,,,,,,
diagnostic_candidate,True,0002002170-000190,0002002170-000190,0002002170-000190,BR_00000006,BR_00000001,initial-000024,20,23,40.0,928.0,1.0,770.0,810.0,DC51D+Z,IF钢,SPHETI-3,软钢,normal_real,,,,,,
diagnostic_candidate,True,0030124731-000020,0030124731-000020,0030124731-000020,BR_00000006,BR_00000001,initial-000024,20,24,54.0,920.0,0.9,770.0,810.0,DC51D+Z,深冲钢（PD）,SPHCQ,软钢,normal_real,,,,,,
diagnostic_candidate,True,0002002202-000070,0002002202-000070,0002002202-000070,BR_00000006,BR_00000001,initial-000024,20,25,16.0,855.0,1.0,770.0,810.0,DC51D+Z,IF钢,SPHETI-3,软钢,normal_real,,,,,,
diagnostic_candidate,True,0030117283-000030,0030117283-000030,0030117283-000030,BR_00000001,BR_00000001,initial-000019,21,1,13.32,1190.0,0.7,830.0,850.0,SCG4+Z,IF钢,SPHETI-3,软钢,normal_real,,,,,,
diagnostic_candidate,True,0002002009-000050,0002002009-000050,0002002009-000050,BR_00000001,BR_00000001,initial-000019,21,2,8.22,1168.0,0.65,830.0,850.0,DC53D+Z,IF钢,SPHETI-3,软钢,normal_real,,,,,,
diagnostic_candidate,True,0030118093-000010,0030118093-000010,0030118093-000010,BR_00000001,BR_00000001,initial-000019,21,3,122.84,1165.0,0.6,700.0,840.0,DC51D+Z,普碳,SPHC,软钢,normal_real,,,,,,
diagnostic_candidate,True,split-partition-12867008acf6a0ea9d8776d23dc778175dc8c9ecf45f1c627e21aad01e519f05:piece:0001,0002002055-000120,0002002055-000120,BR_00000001,BR_00000001,initial-000019,21,4,500.0,1150.0,0.6,820.0,840.0,DX53D+Z-MD,IF钢,SPHETI-5,软钢,normal_real,"{""accepted_source_sequence"":1,""authorization_decision_fingerprint"":""4155e7ebad9c18a2077f1ec9c656959238f9d92456bd70ec05bd4c8c54bc3239"",""authorization_rule_id"":""controlled_order_split"",""authorization_rule_version"":""1"",""origin_assigned_period"":""BR_00000001"",""parent_node_id"":""0002002055-000120"",""parent_source_order_id"":""0002002055-000120"",""parent_weight"":570.3,""partition_id"":""partition-12867008acf6a0ea9d8776d23dc778175dc8c9ecf45f1c627e21aad01e519f05"",""piece_count"":2,""piece_index"":1,""reason_code"":""same_period_split"",""source_period"":""BR_00000001"",""source_resource_id"":""0002002055-000120"",""split_mode"":""same_period_split"",""target_assigned_period"":""BR_00000001""}",,,,,
diagnostic_candidate,True,virtual-000025,,,,BR_00000001,initial-000019,21,5,20.0,1250.0,0.6,820.0,840.0,SPHC,,SPHC,,virtual_sphc,,"{""accepted_sequence"":25,""prototype_id"":""virtual_sphc:1250x0.6"",""purpose"":""split_separator"",""related_partition_id"":""partition-12867008acf6a0ea9d8776d23dc778175dc8c9ecf45f1c627e21aad01e519f05""}",,,,
diagnostic_candidate,True,split-partition-12867008acf6a0ea9d8776d23dc778175dc8c9ecf45f1c627e21aad01e519f05:piece:0002,0002002055-000120,0002002055-000120,BR_00000001,BR_00000001,initial-000019,21,6,70.3,1150.0,0.6,820.0,840.0,DX53D+Z-MD,IF钢,SPHETI-5,软钢,normal_real,"{""accepted_source_sequence"":1,""authorization_decision_fingerprint"":""4155e7ebad9c18a2077f1ec9c656959238f9d92456bd70ec05bd4c8c54bc3239"",""authorization_rule_id"":""controlled_order_split"",""authorization_rule_version"":""1"",""origin_assigned_period"":""BR_00000001"",""parent_node_id"":""0002002055-000120"",""parent_source_order_id"":""0002002055-000120"",""parent_weight"":570.3,""partition_id"":""partition-12867008acf6a0ea9d8776d23dc778175dc8c9ecf45f1c627e21aad01e519f05"",""piece_count"":2,""piece_index"":2,""reason_code"":""same_period_split"",""source_period"":""BR_00000001"",""source_resource_id"":""0002002055-000120"",""split_mode"":""same_period_split"",""target_assigned_period"":""BR_00000001""}",,,,,
diagnostic_candidate,True,virtual-000027,,,,BR_00000001,initial-000019,21,7,20.0,1250.0,0.6,730.0,840.0,SPHC,,SPHC,,virtual_sphc,,"{""accepted_sequence"":27,""prototype_id"":""virtual_sphc:1250x0.6"",""purpose"":""edge_bridge"",""related_partition_id"":null}",,,,
diagnostic_candidate,True,0030124827-000010,0030124827-000010,0030124827-000010,BR_00000006,BR_00000001,initial-000019,21,8,70.0,1140.0,0.75,730.0,750.0,DX51D+Z,普碳,SPHC,软钢,normal_real,,,,,,
diagnostic_candidate,True,0030124827-000020,0030124827-000020,0030124827-000020,BR_00000006,BR_00000001,initial-000019,21,9,50.0,1100.0,0.75,730.0,750.0,DX51D+Z,普碳,SPHC,软钢,normal_real,,,,,,
diagnostic_candidate,True,0030124871-000130,0030124871-000130,0030124871-000130,BR_00000006,BR_00000001,initial-000019,21,10,180.0,1100.0,0.75,730.0,750.0,DX51D+Z,普碳,SPHC,软钢,normal_real,,,,,,
diagnostic_candidate,True,0010019680-000020,0010019680-000020,0010019680-000020,BR_00000006,BR_00000001,initial-000019,21,11,69.0,1072.0,0.75,730.0,750.0,DC51D+Z-D,普碳,SPHC,软钢,normal_real,,,,,,
diagnostic_candidate,True,0030124826-000040,0030124826-000040,0030124826-000040,BR_00000006,BR_00000001,initial-000019,21,12,50.0,1055.0,0.6,730.0,750.0,DX51D+Z,普碳,SPHC,软钢,normal_real,,,,,,
diagnostic_candidate,True,0030124824-000040,0030124824-000040,0030124824-000040,BR_00000006,BR_00000001,initial-000019,21,13,92.95,1055.0,0.6,730.0,750.0,DX51D+Z,普碳,SPHC,软钢,normal_real,,,,,,
diagnostic_candidate,True,0030120951-000010,0030120951-000010,0030120951-000010,BR_00000002,BR_00000001,initial-000019,21,14,32.24,1050.0,0.7,700.0,840.0,DX51D+Z,普碳,SPHC,软钢,normal_real,,,,,,
diagnostic_candidate,True,0002002180-000350,0002002180-000350,0002002180-000350,BR_00000006,BR_00000001,initial-000019,21,15,20.0,1025.0,0.6,810.0,830.0,180YD+Z,加磷高强、烘烤硬化钢,H180YD,软钢,normal_real,,,,,,
diagnostic_candidate,True,0002002006-000230,0002002006-000230,0002002006-000230,BR_00000001,BR_00000001,initial-000019,21,16,21.76,1020.0,0.6,810.0,830.0,180YD+Z,加磷高强、烘烤硬化钢,H180YD,软钢,normal_real,,,,,,
diagnostic_candidate,True,0030124457-000010,0030124457-000010,0030124457-000010,BR_00000006,BR_00000001,initial-000019,21,17,44.0,1001.0,0.6,820.0,840.0,DX53D+Z,IF钢,SPHETI-5,软钢,normal_real,,,,,,
diagnostic_candidate,True,0030119215-000010,0030119215-000010,0030119215-000010,BR_00000001,BR_00000001,initial-000019,21,18,22.0,1001.0,0.6,820.0,840.0,DC53D+Z,IF钢,SPHETI-5,软钢,normal_real,,,,,,
diagnostic_candidate,True,0010018206-000010,0010018206-000010,0010018206-000010,BR_00000001,BR_00000001,initial-000019,21,19,31.76,1000.0,0.5,700.0,840.0,DC51D+Z,普碳,SPHC,软钢,actual_transition,,,,,,
diagnostic_candidate,True,0030122066-000020,0030122066-000020,0030122066-000020,BR_00000003,BR_00000001,initial-000019,21,20,24.0,1000.0,0.6,830.0,850.0,DC54D+Z,IF钢,SPHETI-5,软钢,normal_real,,,,,,
diagnostic_candidate,True,0030122898-000010,0030122898-000010,0030122898-000010,BR_00000006,BR_00000001,initial-000019,21,21,50.0,1000.0,0.8,700.0,840.0,DC51D+Z,普碳,SPHC,软钢,actual_transition,,,,,,
diagnostic_candidate,True,0005000563-000270,0005000563-000270,0005000563-000270,BR_00000006,BR_00000001,initial-000019,21,22,18.0,968.0,0.8,830.0,850.0,CR180BH,加磷高强、烘烤硬化钢,H180BH,软钢,normal_real,,,,,,
diagnostic_candidate,True,0030118632-000010,0030118632-000010,0030118632-000010,BR_00000001,BR_00000001,initial-000019,21,23,16.85,939.0,0.8,830.0,850.0,DC56D+Z,IF钢,SPHETI-3,软钢,normal_real,,,,,,
diagnostic_candidate,True,0002002184-000020,0002002184-000020,0002002184-000020,BR_00000006,BR_00000001,initial-000019,21,24,16.0,883.0,0.65,830.0,850.0,DC53D+Z,IF钢,SPHETI-3,软钢,normal_real,,,,,,
diagnostic_candidate,True,0002002184-000190,0002002184-000190,0002002184-000190,BR_00000006,BR_00000001,initial-000019,21,25,64.0,840.0,0.6,830.0,850.0,DC56D+Z,IF钢,SPHETI-3,软钢,normal_real,,,,,,
diagnostic_candidate,True,virtual-000019,,,,BR_00000002,initial-000030,1,1,20.0,1250.0,1.5,795.0,815.0,SPHC,,SPHC,,virtual_sphc,,"{""accepted_sequence"":19,""prototype_id"":""virtual_sphc:1250x1.5"",""purpose"":""weight_fill"",""related_partition_id"":null}",,,,
diagnostic_candidate,True,virtual-000018,,,,BR_00000002,initial-000030,1,2,20.0,1250.0,2.0,795.0,815.0,SPHC,,SPHC,,virtual_sphc,,"{""accepted_sequence"":18,""prototype_id"":""virtual_sphc:1250x2"",""purpose"":""weight_fill"",""related_partition_id"":null}",,,,
diagnostic_candidate,True,0030120865-000010,0030120865-000010,0030120865-000010,BR_00000002,BR_00000002,initial-000030,1,3,50.0,1422.0,2.5,795.0,815.0,HC220YD+Z,加磷高强、烘烤硬化钢,H220Y,软钢,normal_real,,,,,,
diagnostic_candidate,True,virtual-000021,,,,BR_00000002,initial-000030,1,4,20.0,1250.0,2.0,795.0,815.0,SPHC,,SPHC,,virtual_sphc,,"{""accepted_sequence"":21,""prototype_id"":""virtual_sphc:1250x2"",""purpose"":""weight_fill"",""related_partition_id"":null}",,,,
diagnostic_candidate,True,0030121724-000020,0030121724-000020,0030121724-000020,BR_00000002,BR_00000002,initial-000030,1,5,195.2,1250.0,2.5,700.0,720.0,DC51D+Z,普碳,SPHC,软钢,actual_transition,,,,,,
diagnostic_candidate,True,0030124735-000130,0030124735-000130,0030124735-000130,BR_00000006,BR_00000002,initial-000030,1,6,24.0,1250.0,2.45,700.0,720.0,DC51D+Z,普碳,SPHC,软钢,actual_transition,,,,,,
diagnostic_candidate,True,virtual-000020,,,,BR_00000002,initial-000030,1,7,20.0,1250.0,2.0,795.0,815.0,SPHC,,SPHC,,virtual_sphc,,"{""accepted_sequence"":20,""prototype_id"":""virtual_sphc:1250x2"",""purpose"":""weight_fill"",""related_partition_id"":null}",,,,
diagnostic_candidate,True,0030121327-000010,0030121327-000010,0030121327-000010,BR_00000002,BR_00000002,initial-000030,1,8,24.0,1195.0,2.49,795.0,815.0,HC220YD+Z,加磷高强、烘烤硬化钢,H220Y,软钢,normal_real,,,,,,
diagnostic_candidate,True,virtual-000022,,,,BR_00000002,initial-000030,1,9,20.0,1250.0,2.0,770.0,815.0,SPHC,,SPHC,,virtual_sphc,,"{""accepted_sequence"":22,""prototype_id"":""virtual_sphc:1250x2"",""purpose"":""weight_fill"",""related_partition_id"":null}",,,,
diagnostic_candidate,True,0002002202-000270,0002002202-000270,0002002202-000270,BR_00000006,BR_00000002,initial-000030,1,10,23.0,1185.0,2.0,770.0,810.0,DC51D+Z,IF钢,SPHETI-3,软钢,normal_real,,,,,,
diagnostic_candidate,True,0002002202-000260,0002002202-000260,0002002202-000260,BR_00000006,BR_00000002,initial-000030,1,11,15.93,1175.0,1.6,770.0,810.0,DC51D+Z,普碳,SPHC,软钢,normal_real,,,,,,
diagnostic_candidate,True,0002002185-000040,0002002185-000040,0002002185-000040,BR_00000006,BR_00000002,initial-000030,1,12,40.0,1165.0,1.6,770.0,810.0,DC51D+Z,IF钢,SPHETI-3,软钢,normal_real,,,,,,
diagnostic_candidate,True,0030122476-000030,0030122476-000030,0030122476-000030,BR_00000006,BR_00000002,initial-000030,1,13,24.0,1165.0,1.8,800.0,820.0,HC220YD+Z,加磷高强、烘烤硬化钢,H220Y,软钢,normal_real,,,,,,
diagnostic_candidate,True,0030122476-000060,0030122476-000060,0030122476-000060,BR_00000006,BR_00000002,initial-000030,1,14,8.92,1115.0,1.6,770.0,810.0,DC51D+Z,深冲钢（PD）,SPHCQ,软钢,normal_real,,,,,,
diagnostic_candidate,True,0002002185-000050,0002002185-000050,0002002185-000050,BR_00000006,BR_00000002,initial-000030,1,15,23.0,1113.0,1.5,770.0,810.0,DC51D+Z,IF钢,SPHETI-3,软钢,normal_real,,,,,,
diagnostic_candidate,True,0030122476-000080,0030122476-000080,0030122476-000080,BR_00000006,BR_00000002,initial-000030,1,16,8.0,1110.0,2.0,795.0,815.0,HC220YD+Z,加磷高强、烘烤硬化钢,H220Y,软钢,normal_real,,,,,,
diagnostic_candidate,True,0030120940-000110,0030120940-000110,0030120940-000110,BR_00000002,BR_00000002,initial-000030,1,17,8.66,1093.0,2.0,795.0,815.0,HC220YD+Z,加磷高强、烘烤硬化钢,H220Y,软钢,normal_real,,,,,,
diagnostic_candidate,True,0002002202-000280,0002002202-000280,0002002202-000280,BR_00000006,BR_00000002,initial-000030,1,18,19.0,1085.0,2.0,770.0,810.0,DC51D+Z,IF钢,SPHETI-3,软钢,normal_real,,,,,,
diagnostic_candidate,True,0030125207-000080,0030125207-000080,0030125207-000080,BR_00000006,BR_00000002,initial-000030,1,19,46.0,1078.0,2.5,770.0,810.0,DC51D+Z,深冲钢（PD）,SPHCQ,软钢,normal_real,,,,,,
diagnostic_candidate,True,virtual-000024,,,,BR_00000002,initial-000030,1,20,20.0,1000.0,2.0,770.0,810.0,SPHC,,SPHC,,virtual_sphc,,"{""accepted_sequence"":24,""prototype_id"":""virtual_sphc:1000x2"",""purpose"":""weight_fill"",""related_partition_id"":null}",,,,
diagnostic_candidate,True,0010020206-000010,0010020206-000010,0010020206-000010,BR_00000006,BR_00000002,initial-000030,1,21,58.48,1000.0,1.5,700.0,840.0,DC51D+Z,普碳,SPHC,软钢,actual_transition,,,,,,
diagnostic_candidate,True,virtual-000023,,,,BR_00000002,initial-000030,1,22,20.0,1000.0,2.0,770.0,810.0,SPHC,,SPHC,,virtual_sphc,,"{""accepted_sequence"":23,""prototype_id"":""virtual_sphc:1000x2"",""purpose"":""weight_fill"",""related_partition_id"":null}",,,,
diagnostic_candidate,True,0002002187-000020,0002002187-000020,0002002187-000020,BR_00000006,BR_00000006,split-chain-partition-13401a812fadc7043ab36ab23f9bfe55f79c2da4ff8bf077265b3a893f60b3e9,1,1,25.0,1815.0,0.6,830.0,850.0,DC53D+Z,IF钢,SPHETI-3,软钢,normal_real,,,,,,
diagnostic_candidate,True,0002002177-000010,0002002177-000010,0002002177-000010,BR_00000006,BR_00000006,split-chain-partition-13401a812fadc7043ab36ab23f9bfe55f79c2da4ff8bf077265b3a893f60b3e9,1,2,30.0,1775.0,0.6,830.0,850.0,DC53D+Z,IF钢,SPHETI-3,软钢,normal_real,,,,,,
diagnostic_candidate,True,0002002177-000020,0002002177-000020,0002002177-000020,BR_00000006,BR_00000006,split-chain-partition-13401a812fadc7043ab36ab23f9bfe55f79c2da4ff8bf077265b3a893f60b3e9,1,3,15.0,1590.0,0.6,830.0,850.0,DC53D+Z,IF钢,SPHETI-3,软钢,normal_real,,,,,,
diagnostic_candidate,True,0002002184-000220,0002002184-000220,0002002184-000220,BR_00000006,BR_00000006,split-chain-partition-13401a812fadc7043ab36ab23f9bfe55f79c2da4ff8bf077265b3a893f60b3e9,1,4,23.0,1455.0,0.6,830.0,850.0,DC53D+Z,IF钢,SPHETI-3,软钢,normal_real,,,,,,
diagnostic_candidate,True,split-partition-13401a812fadc7043ab36ab23f9bfe55f79c2da4ff8bf077265b3a893f60b3e9:piece:0001,0002002073-000010,0002002073-000010,BR_00000006,BR_00000006,split-chain-partition-13401a812fadc7043ab36ab23f9bfe55f79c2da4ff8bf077265b3a893f60b3e9,1,5,500.0,1065.0,0.5,820.0,840.0,DX53D+Z-CD,IF钢,SPHETI-5,软钢,normal_real,"{""accepted_source_sequence"":2,""authorization_decision_fingerprint"":""5e6552195fe4bcf2d74c219ef9660ecbdae0803c44e77d4a7d5fed81c52564c9"",""authorization_rule_id"":""controlled_order_split"",""authorization_rule_version"":""1"",""origin_assigned_period"":""BR_00000001"",""parent_node_id"":""0002002073-000010"",""parent_source_order_id"":""0002002073-000010"",""parent_weight"":600.0,""partition_id"":""partition-13401a812fadc7043ab36ab23f9bfe55f79c2da4ff8bf077265b3a893f60b3e9"",""piece_count"":2,""piece_index"":1,""reason_code"":""future_borrow_return"",""source_period"":""BR_00000006"",""source_resource_id"":""0002002073-000010"",""split_mode"":""future_borrow_return"",""target_assigned_period"":""BR_00000006""}",,,,,
diagnostic_candidate,True,virtual-000026,,,,BR_00000006,split-chain-partition-13401a812fadc7043ab36ab23f9bfe55f79c2da4ff8bf077265b3a893f60b3e9,1,6,20.0,1000.0,0.5,820.0,840.0,SPHC,,SPHC,,virtual_sphc,,"{""accepted_sequence"":26,""prototype_id"":""virtual_sphc:1000x0.5"",""purpose"":""split_separator"",""related_partition_id"":""partition-13401a812fadc7043ab36ab23f9bfe55f79c2da4ff8bf077265b3a893f60b3e9""}",,,,
diagnostic_candidate,True,split-partition-13401a812fadc7043ab36ab23f9bfe55f79c2da4ff8bf077265b3a893f60b3e9:piece:0002,0002002073-000010,0002002073-000010,BR_00000006,BR_00000006,split-chain-partition-13401a812fadc7043ab36ab23f9bfe55f79c2da4ff8bf077265b3a893f60b3e9,1,7,100.0,1065.0,0.5,820.0,840.0,DX53D+Z-CD,IF钢,SPHETI-5,软钢,normal_real,"{""accepted_source_sequence"":2,""authorization_decision_fingerprint"":""5e6552195fe4bcf2d74c219ef9660ecbdae0803c44e77d4a7d5fed81c52564c9"",""authorization_rule_id"":""controlled_order_split"",""authorization_rule_version"":""1"",""origin_assigned_period"":""BR_00000001"",""parent_node_id"":""0002002073-000010"",""parent_source_order_id"":""0002002073-000010"",""parent_weight"":600.0,""partition_id"":""partition-13401a812fadc7043ab36ab23f9bfe55f79c2da4ff8bf077265b3a893f60b3e9"",""piece_count"":2,""piece_index"":2,""reason_code"":""future_borrow_return"",""source_period"":""BR_00000006"",""source_resource_id"":""0002002073-000010"",""split_mode"":""future_borrow_return"",""target_assigned_period"":""BR_00000006""}",,,,,
diagnostic_candidate,True,virtual-000029,,,,BR_00000006,split-chain-partition-13401a812fadc7043ab36ab23f9bfe55f79c2da4ff8bf077265b3a893f60b3e9,1,8,20.0,1000.0,0.6,820.0,850.0,SPHC,,SPHC,,virtual_sphc,,"{""accepted_sequence"":29,""prototype_id"":""virtual_sphc:1000x0.6"",""purpose"":""edge_bridge"",""related_partition_id"":null}",,,,
diagnostic_candidate,True,virtual-000030,,,,BR_00000006,split-chain-partition-13401a812fadc7043ab36ab23f9bfe55f79c2da4ff8bf077265b3a893f60b3e9,1,9,20.0,1000.0,0.8,820.0,850.0,SPHC,,SPHC,,virtual_sphc,,"{""accepted_sequence"":30,""prototype_id"":""virtual_sphc:1000x0.8"",""purpose"":""edge_bridge"",""related_partition_id"":null}",,,,
diagnostic_candidate,True,0002002184-000200,0002002184-000200,0002002184-000200,BR_00000006,BR_00000006,split-chain-partition-13401a812fadc7043ab36ab23f9bfe55f79c2da4ff8bf077265b3a893f60b3e9,1,10,91.34,830.0,1.0,830.0,850.0,DC56D+Z,IF钢,SPHETI-3,软钢,normal_real,,,,,,
