artifact_kind,publishable,node_id,source_order_id,source_resource_id,source_period,assigned_period,chain_id,chain_sequence,node_sequence,weight,width,thickness,min_temperature,max_temperature,grade,grade_class,hot_roll_grade,soft_hard_class,material_role,split_lineage,virtual_lineage,width_warning,thickness_warning,temperature_warning,chain_warning
diagnostic_candidate,True,0030124583-000010,0030124583-000010,0030124583-000010,BR_00000006,BR_00000001,numeric-chain-000023,1,1,24,1388,1.6,700,720,DC51D+Z,普碳,SPHC,软钢,actual_transition,,,,,,
diagnostic_candidate,True,0030125101-000020,0030125101-000020,0030125101-000020,BR_00000006,BR_00000001,numeric-chain-000023,1,2,120,1360,1.5,700,720,DC51D+Z-Q,深冲钢（PD）,SPHCQ,软钢,normal_real,,,,,,
diagnostic_candidate,True,0010019881-000060,0010019881-000060,0010019881-000060,BR_00000006,BR_00000001,numeric-chain-000023,1,3,96,1355,1.95,700,840,DC51D+Z,普碳,SPHC,软钢,actual_transition,,,,,,
diagnostic_candidate,True,0002002054-000060,0002002054-000060,0002002054-000060,BR_00000001,BR_00000001,numeric-chain-000023,1,4,50,1300,2,820,840,DX53D+Z-MD,IF钢,SPHETI-5,软钢,normal_real,,,,,,
diagnostic_candidate,True,0002002058-000020,0002002058-000020,0002002058-000020,BR_00000001,BR_00000001,numeric-chain-000023,1,5,18.91,1260,1.5,820,840,DX53D+Z-CD,IF钢,SPHETI-5,软钢,normal_real,,,,,,
diagnostic_candidate,True,0005000571-000030,0005000571-000030,0005000571-000030,BR_00000006,BR_00000001,numeric-chain-000023,1,6,7,1256,2,830,850,CR180BH,加磷高强、烘烤硬化钢,H180BH,软钢,normal_real,,,,,,
diagnostic_candidate,True,0002002059-000020,0002002059-000020,0002002059-000020,BR_00000001,BR_00000001,numeric-chain-000023,1,7,20.43,1243,1.5,820,840,DX53D+Z-CD,IF钢,SPHETI-5,软钢,normal_real,,,,,,
diagnostic_candidate,True,0005000563-000090,0005000563-000090,0005000563-000090,BR_00000006,BR_00000001,numeric-chain-000023,1,8,21,1245,1.75,830,850,CR3,IF钢,SPHETI-36,软钢,normal_real,,,,,,
diagnostic_candidate,True,0002002053-000100,0002002053-000100,0002002053-000100,BR_00000001,BR_00000001,numeric-chain-000023,1,9,92,1219,1.5,820,840,DX53D+Z-MD,IF钢,SPHETI-5,软钢,normal_real,,,,,,
diagnostic_candidate,True,0005000548-000050,0005000548-000050,0005000548-000050,BR_00000001,BR_00000001,numeric-chain-000023,1,10,7,1214,1.5,820,840,CR240BH,加磷高强、烘烤硬化钢,H240BH,软钢,normal_real,,,,,,
diagnostic_candidate,True,0030119945-000140,0030119945-000140,0030119945-000140,BR_00000001,BR_00000001,numeric-chain-000023,1,11,24,1195,1.3,830,850,DC54D+Z,IF钢,SPHETI-5,软钢,normal_real,,,,,,
diagnostic_candidate,True,0030124772-000010,0030124772-000010,0030124772-000010,BR_00000006,BR_00000001,numeric-chain-000023,1,12,24,1200,1.5,700,840,DC51D+Z,普碳,SPHC,软钢,actual_transition,,,,,,
diagnostic_candidate,True,0002002170-000050,0002002170-000050,0002002170-000050,BR_00000006,BR_00000001,numeric-chain-000023,1,13,23,1175,1.2,770,810,DC51D+Z,普碳,SPHC,软钢,normal_real,,,,,,
diagnostic_candidate,True,0030118093-000020,0030118093-000020,0030118093-000020,BR_00000001,BR_00000001,numeric-chain-000023,1,14,135.54,1172,1,700,840,DX51D+Z,普碳,SPHC,软钢,normal_real,,,,,,
diagnostic_candidate,True,0030120939-000080,0030120939-000080,0030120939-000080,BR_00000002,BR_00000001,numeric-chain-000023,1,15,46,1150,1.2,810,830,HC180YD+Z,加磷高强、烘烤硬化钢,H180YD,软钢,normal_real,,,,,,
diagnostic_candidate,True,0002002053-000050,0002002053-000050,0002002053-000050,BR_00000001,BR_00000001,numeric-chain-000023,1,16,13.67,1100,1.2,820,840,DX53D+Z-MD,IF钢,SPHETI-5,软钢,normal_real,,,,,,
diagnostic_candidate,True,0030120939-000070,0030120939-000070,0030120939-000070,BR_00000002,BR_00000001,numeric-chain-000023,1,17,23,1100,1.2,810,830,HC180YD+Z,加磷高强、烘烤硬化钢,H180YD,软钢,normal_real,,,,,,
diagnostic_candidate,True,0030120939-000060,0030120939-000060,0030120939-000060,BR_00000002,BR_00000001,numeric-chain-000023,1,18,23.45,1080,1.2,810,830,HC180YD+Z,加磷高强、烘烤硬化钢,H180YD,软钢,normal_real,,,,,,
diagnostic_candidate,True,0030117285-000070,0030117285-000070,0030117285-000070,BR_00000001,BR_00000001,numeric-chain-000023,1,19,12.8,1060,1,800,820,SCG260Y+Z,加磷高强、烘烤硬化钢,H260Y,软钢,normal_real,,,,,,
diagnostic_candidate,True,0002002021-000070,0002002021-000070,0002002021-000070,BR_00000001,BR_00000001,numeric-chain-000023,1,20,19,1044,1,770,810,DC51D+Z,IF钢,SPHETI-3,软钢,normal_real,,,,,,
diagnostic_candidate,True,0002002184-000160,0002002184-000160,0002002184-000160,BR_00000006,BR_00000001,numeric-chain-000023,1,21,16,1036,1.2,770,810,DC51D+Z,普碳,SPHC,软钢,normal_real,,,,,,
diagnostic_candidate,True,0030125207-000130,0030125207-000130,0030125207-000130,BR_00000006,BR_00000001,numeric-chain-000023,1,22,22,1011,1.2,800,820,HC260YD+Z,加磷高强、烘烤硬化钢,H260Y,软钢,normal_real,,,,,,
diagnostic_candidate,True,0002002170-000090,0002002170-000090,0002002170-000090,BR_00000006,BR_00000001,numeric-chain-000023,1,23,25,1000,1,770,810,DC51D+Z,IF钢,SPHETI-3,软钢,normal_real,,,,,,
diagnostic_candidate,True,0030125207-000140,0030125207-000140,0030125207-000140,BR_00000006,BR_00000001,numeric-chain-000023,1,24,44,993,1,800,820,HC260YD+Z,加磷高强、烘烤硬化钢,H260Y,软钢,normal_real,,,,,,
diagnostic_candidate,True,0002002170-000190,0002002170-000190,0002002170-000190,BR_00000006,BR_00000001,numeric-chain-000023,1,25,40,928,1,770,810,DC51D+Z,IF钢,SPHETI-3,软钢,normal_real,,,,,,
diagnostic_candidate,True,0030118934-000010,0030118934-000010,0030118934-000010,BR_00000001,BR_00000001,numeric-chain-000023,1,26,130.44,910,1.15,800,820,HX260YD+Z,加磷高强、烘烤硬化钢,H260Y,软钢,normal_real,,,,,,
diagnostic_candidate,True,0002002170-000140,0002002170-000140,0002002170-000140,BR_00000006,BR_00000001,numeric-chain-000023,1,27,16,899,1.2,770,810,DC51D+Z,普碳,SPHC,软钢,normal_real,,,,,,
diagnostic_candidate,True,0002002170-000070,0002002170-000070,0002002170-000070,BR_00000006,BR_00000001,numeric-chain-000023,1,28,16,890,1.2,770,810,DC51D+Z,IF钢,SPHETI-3,软钢,normal_real,,,,,,
diagnostic_candidate,True,0002002055-000070,0002002055-000070,0002002055-000070,BR_00000001,BR_00000001,numeric-chain-000019,2,1,491,1191,0.6,820,840,DX53D+Z-MD,IF钢,SPHETI-5,软钢,normal_real,,,,,,
diagnostic_candidate,True,0010019680-000010,0010019680-000010,0010019680-000010,BR_00000006,BR_00000001,numeric-chain-000019,2,2,48,1170,0.6,700,840,DC51D+Z-D,普碳,SPHC,软钢,normal_real,,,,,,
diagnostic_candidate,True,split-000001:piece:0002,0002002055-000120,0002002055-000120,BR_00000001,BR_00000001,numeric-chain-000019,2,3,70.30,1150,0.6,820,840,DX53D+Z-MD,IF钢,SPHETI-5,软钢,normal_real,"{""accepted_source_sequence"":1,""authorization_decision_fingerprint"":""e13c3ae788ef2a71d429bed1f3005bf1d0d5ec4af91e7925fa7d54534c94de3b"",""authorization_rule_id"":""controlled_order_split"",""authorization_rule_version"":""1"",""origin_assigned_period"":""BR_00000001"",""parent_node_id"":""0002002055-000120"",""parent_source_order_id"":""0002002055-000120"",""parent_weight"":570.3,""partition_id"":""partition-b9d00e3e0136f1d80122a53d6a83f34a0b4ebb2cd157acf243c498d20d4275c2"",""piece_count"":2,""piece_index"":2,""reason_code"":""same_period_split"",""source_period"":""BR_00000001"",""source_resource_id"":""0002002055-000120"",""split_mode"":""same_period_split"",""target_assigned_period"":""BR_00000001""}",,,,,
diagnostic_candidate,True,0002002054-000340,0002002054-000340,0002002054-000340,BR_00000001,BR_00000001,numeric-chain-000019,2,4,102.32,1150,0.6,815,835,DX51D+Z-MD,普碳,SPHC,软钢,normal_real,,,,,,
diagnostic_candidate,True,split-000001:piece:0001,0002002055-000120,0002002055-000120,BR_00000001,BR_00000001,numeric-chain-000019,2,5,500.00,1150,0.6,820,840,DX53D+Z-MD,IF钢,SPHETI-5,软钢,normal_real,"{""accepted_source_sequence"":1,""authorization_decision_fingerprint"":""e13c3ae788ef2a71d429bed1f3005bf1d0d5ec4af91e7925fa7d54534c94de3b"",""authorization_rule_id"":""controlled_order_split"",""authorization_rule_version"":""1"",""origin_assigned_period"":""BR_00000001"",""parent_node_id"":""0002002055-000120"",""parent_source_order_id"":""0002002055-000120"",""parent_weight"":570.3,""partition_id"":""partition-b9d00e3e0136f1d80122a53d6a83f34a0b4ebb2cd157acf243c498d20d4275c2"",""piece_count"":2,""piece_index"":1,""reason_code"":""same_period_split"",""source_period"":""BR_00000001"",""source_resource_id"":""0002002055-000120"",""split_mode"":""same_period_split"",""target_assigned_period"":""BR_00000001""}",,,,,
diagnostic_candidate,True,virtual-000017,,,,BR_00000001,numeric-chain-000019,2,6,20.00,1250,0.60,820,840,SPHC,,SPHC,,virtual_sphc,,"{""accepted_sequence"":17,""prototype_id"":""virtual_sphc:1250x0.6"",""purpose"":""split_separator"",""related_partition_id"":""partition-b9d00e3e0136f1d80122a53d6a83f34a0b4ebb2cd157acf243c498d20d4275c2""}",,,,
diagnostic_candidate,True,0010019680-000030,0010019680-000030,0010019680-000030,BR_00000006,BR_00000001,numeric-chain-000019,2,7,48,1160,0.6,700,840,DC51D+Z-D,普碳,SPHC,软钢,normal_real,,,,,,
diagnostic_candidate,True,0002002176-000010,0002002176-000010,0002002176-000010,BR_00000006,BR_00000001,numeric-chain-000019,2,8,15,1150,0.65,770,810,DC51D+Z,普碳,SPHC,软钢,normal_real,,,,,,
diagnostic_candidate,True,0030117283-000020,0030117283-000020,0030117283-000020,BR_00000001,BR_00000001,numeric-chain-000019,2,9,3.44,1130,0.65,790,810,SCG260Y+Z,加磷高强、烘烤硬化钢,H260Y,软钢,normal_real,,,,,,
diagnostic_candidate,True,0030125206-000010,0030125206-000010,0030125206-000010,BR_00000006,BR_00000001,numeric-chain-000019,2,10,23,1120,0.6,770,810,DC51D+Z,深冲钢（PD）,SPHCQ,软钢,normal_real,,,,,,
diagnostic_candidate,True,0030124800-000060,0030124800-000060,0030124800-000060,BR_00000006,BR_00000001,numeric-chain-000019,2,11,23,1116,0.5,770,810,DX52D+Z,深冲钢（PD）,SPHCQ,软钢,normal_real,,,,,,
diagnostic_candidate,True,0030124800-000050,0030124800-000050,0030124800-000050,BR_00000006,BR_00000001,numeric-chain-000019,2,12,23,1066,0.5,770,810,DX52D+Z,深冲钢（PD）,SPHCQ,软钢,normal_real,,,,,,
diagnostic_candidate,True,0002002184-000130,0002002184-000130,0002002184-000130,BR_00000006,BR_00000001,numeric-chain-000019,2,13,19,1063,0.6,770,810,DC51D+Z,IF钢,SPHETI-3,软钢,normal_real,,,,,,
diagnostic_candidate,True,0002002195-000050,0002002195-000050,0002002195-000050,BR_00000006,BR_00000001,numeric-chain-000019,2,14,48,1063,0.65,770,810,DC51D+Z,普碳,SPHC,软钢,normal_real,,,,,,
diagnostic_candidate,True,0002002202-000050,0002002202-000050,0002002202-000050,BR_00000006,BR_00000001,numeric-chain-000019,2,15,25,1060,0.7,770,810,DC51D+Z,IF钢,SPHETI-3,软钢,normal_real,,,,,,
diagnostic_candidate,True,0002002195-000040,0002002195-000040,0002002195-000040,BR_00000006,BR_00000001,numeric-chain-000019,2,16,64.87,1051,0.65,770,810,DC51D+Z,普碳,SPHC,软钢,normal_real,,,,,,
diagnostic_candidate,True,0002002176-000210,0002002176-000210,0002002176-000210,BR_00000006,BR_00000001,numeric-chain-000019,2,17,15,1042,0.6,770,810,DC51D+Z,普碳,SPHC,软钢,normal_real,,,,,,
diagnostic_candidate,True,0002002195-000220,0002002195-000220,0002002195-000220,BR_00000006,BR_00000001,numeric-chain-000019,2,18,80,1040,0.65,770,810,DC51D+Z,普碳,SPHC,软钢,normal_real,,,,,,
diagnostic_candidate,True,0002002184-000210,0002002184-000210,0002002184-000210,BR_00000006,BR_00000001,numeric-chain-000019,2,19,25,1030,0.6,770,810,DC51D+Z,IF钢,SPHETI-3,软钢,normal_real,,,,,,
diagnostic_candidate,True,0002002180-000030,0002002180-000030,0002002180-000030,BR_00000006,BR_00000001,numeric-chain-000019,2,20,89,1020,0.6,770,810,DC51D+Z,IF钢,SPHETI-3,软钢,normal_real,,,,,,
diagnostic_candidate,True,0002002176-000090,0002002176-000090,0002002176-000090,BR_00000006,BR_00000001,numeric-chain-000019,2,21,20,983,0.6,770,810,DC51D+Z,普碳,SPHC,软钢,normal_real,,,,,,
diagnostic_candidate,True,0002002170-000280,0002002170-000280,0002002170-000280,BR_00000006,BR_00000001,numeric-chain-000019,2,22,19,971,0.65,770,810,DC51D+Z,IF钢,SPHETI-3,软钢,normal_real,,,,,,
diagnostic_candidate,True,0002002180-000050,0002002180-000050,0002002180-000050,BR_00000006,BR_00000001,numeric-chain-000019,2,23,20,910,0.65,770,810,DC51D+Z,IF钢,SPHETI-3,软钢,normal_real,,,,,,
diagnostic_candidate,True,0002002195-000210,0002002195-000210,0002002195-000210,BR_00000006,BR_00000001,numeric-chain-000019,2,24,8.86,830,0.6,770,810,DC51D+Z,普碳,SPHC,软钢,normal_real,,,,,,
diagnostic_candidate,True,0002002170-000130,0002002170-000130,0002002170-000130,BR_00000006,BR_00000001,numeric-chain-000019,2,25,55,828,0.65,770,810,DC51D+Z,普碳,SPHC,软钢,normal_real,,,,,,
diagnostic_candidate,True,0030119938-000340,0030119938-000340,0030119938-000340,BR_00000001,BR_00000001,numeric-chain-000013,3,1,48,1500,2.49,820,840,DC53D+Z,IF钢,SPHETI-5,软钢,normal_real,,,,,,
diagnostic_candidate,True,0030122647-000590,0030122647-000590,0030122647-000590,BR_00000006,BR_00000001,numeric-chain-000013,3,2,48,1500,2.49,820,840,DC53D+Z,IF钢,SPHETI-5,软钢,normal_real,,,,,,
diagnostic_candidate,True,0030122647-000580,0030122647-000580,0030122647-000580,BR_00000006,BR_00000001,numeric-chain-000013,3,3,48,1363,2.49,820,840,DC53D+Z,IF钢,SPHETI-5,软钢,normal_real,,,,,,
diagnostic_candidate,True,0030119938-000330,0030119938-000330,0030119938-000330,BR_00000001,BR_00000001,numeric-chain-000013,3,4,95.14,1300,2.49,820,840,DC53D+Z,IF钢,SPHETI-5,软钢,normal_real,,,,,,
diagnostic_candidate,True,0030122647-000570,0030122647-000570,0030122647-000570,BR_00000006,BR_00000001,numeric-chain-000013,3,5,48,1300,2.49,820,840,DC53D+Z,IF钢,SPHETI-5,软钢,normal_real,,,,,,
diagnostic_candidate,True,0030119938-000320,0030119938-000320,0030119938-000320,BR_00000001,BR_00000001,numeric-chain-000013,3,6,24.6,1250,2.49,820,840,DC53D+Z,IF钢,SPHETI-5,软钢,normal_real,,,,,,
diagnostic_candidate,True,0030122647-000560,0030122647-000560,0030122647-000560,BR_00000006,BR_00000001,numeric-chain-000013,3,7,72,1250,2.49,820,840,DC53D+Z,IF钢,SPHETI-5,软钢,normal_real,,,,,,
diagnostic_candidate,True,0002002074-000010,0002002074-000010,0002002074-000010,BR_00000006,BR_00000001,numeric-chain-000013,3,8,150,1200,2,820,840,DX53D+Z-MD,IF钢,SPHETI-5,软钢,normal_real,,,,,,
diagnostic_candidate,True,virtual-000020,,,,BR_00000001,numeric-chain-000013,3,9,20.00,1000,1.50,820,850,SPHC,,SPHC,,virtual_sphc,,"{""accepted_sequence"":20,""prototype_id"":""virtual_sphc:1000x1.5"",""purpose"":""edge_bridge"",""related_partition_id"":null}",,,,
diagnostic_candidate,True,0005000563-000170,0005000563-000170,0005000563-000170,BR_00000006,BR_00000001,numeric-chain-000013,3,10,48,900,1.2,830,850,CR180BH,加磷高强、烘烤硬化钢,H180BH,软钢,normal_real,,,,,,
diagnostic_candidate,True,0030122480-000070,0030122480-000070,0030122480-000070,BR_00000006,BR_00000001,numeric-chain-000013,3,11,108,905,1.2,820,840,DX53D+Z,IF钢,SPHETI-5,软钢,normal_real,,,,,,
diagnostic_candidate,True,0030121196-000030,0030121196-000030,0030121196-000030,BR_00000002,BR_00000001,numeric-chain-000021,4,1,46.91,1500,0.7,770,790,HC340/590DPD+Z,双相钢,W590X4,硬钢,normal_real,,,,,,
diagnostic_candidate,True,0030123053-000010,0030123053-000010,0030123053-000010,BR_00000006,BR_00000001,numeric-chain-000021,4,2,48,1440,0.8,700,840,DC51D+Z,普碳,SPHC,软钢,actual_transition,,,,,,
diagnostic_candidate,True,0030118957-000010,0030118957-000010,0030118957-000010,BR_00000001,BR_00000001,numeric-chain-000021,4,3,48,1360,0.7,700,720,DX51D+Z3,深冲钢（PD）,DD12BB,软钢,normal_real,,,,,,
diagnostic_candidate,True,0030119098-000060,0030119098-000060,0030119098-000060,BR_00000001,BR_00000001,numeric-chain-000021,4,4,24,1333,0.6,700,840,DX51D+Z,普碳,SPHC,软钢,normal_real,,,,,,
diagnostic_candidate,True,0030123143-000030,0030123143-000030,0030123143-000030,BR_00000006,BR_00000001,numeric-chain-000021,4,5,175,1315,0.6,830,850,SCG4+Z,IF钢,SPHETI-3,软钢,normal_real,,,,,,
diagnostic_candidate,True,0010019718-000020,0010019718-000020,0010019718-000020,BR_00000006,BR_00000001,numeric-chain-000021,4,6,58,1300,0.5,700,840,DC51D+Z,普碳,SPHC,软钢,actual_transition,,,,,,
diagnostic_candidate,True,0002002170-000030,0002002170-000030,0002002170-000030,BR_00000006,BR_00000001,numeric-chain-000021,4,7,23,1300,0.6,770,810,DC51D+Z,IF钢,SPHETI-3,软钢,normal_real,,,,,,
diagnostic_candidate,True,0002002176-000190,0002002176-000190,0002002176-000190,BR_00000006,BR_00000001,numeric-chain-000021,4,8,15,1295,0.6,770,810,DC51D+Z,普碳,SPHC,软钢,normal_real,,,,,,
diagnostic_candidate,True,0002002202-000090,0002002202-000090,0002002202-000090,BR_00000006,BR_00000001,numeric-chain-000021,4,9,138,1280,0.65,770,810,DC51D+Z,IF钢,SPHETI-3,软钢,normal_real,,,,,,
diagnostic_candidate,True,0030123916-000040,0030123916-000040,0030123916-000040,BR_00000006,BR_00000001,numeric-chain-000021,4,10,23,1250,0.6,700,840,DC51D+Z,普碳,SPHC,软钢,actual_transition,,,,,,
diagnostic_candidate,True,0030122897-000060,0030122897-000060,0030122897-000060,BR_00000006,BR_00000001,numeric-chain-000021,4,11,72,1250,0.6,700,840,DC51D+Z,普碳,SPHC,软钢,actual_transition,,,,,,
diagnostic_candidate,True,0030123653-000040,0030123653-000040,0030123653-000040,BR_00000006,BR_00000001,numeric-chain-000021,4,12,48,1212,0.6,700,840,DC51D+Z,普碳,SPHC,软钢,normal_real,,,,,,
diagnostic_candidate,True,0030123143-000050,0030123143-000050,0030123143-000050,BR_00000006,BR_00000001,numeric-chain-000021,4,13,13.39,1210,0.6,830,850,SCG4+Z,IF钢,SPHETI-3,软钢,normal_real,,,,,,
diagnostic_candidate,True,0002002054-000260,0002002054-000260,0002002054-000260,BR_00000001,BR_00000001,numeric-chain-000021,4,14,293.39,1150,0.6,820,840,DX53D+Z-MD,IF钢,SPHETI-5,软钢,normal_real,,,,,,
diagnostic_candidate,True,0030124871-000040,0030124871-000040,0030124871-000040,BR_00000006,BR_00000001,numeric-chain-000021,4,15,20,1160,0.6,820,840,DX53D+Z,IF钢,SPHETI-5,软钢,normal_real,,,,,,
diagnostic_candidate,True,0002002152-000010,0002002152-000010,0002002152-000010,BR_00000006,BR_00000001,numeric-chain-000021,4,16,23,1155,0.65,810,830,HC180YD+Z,加磷高强、烘烤硬化钢,H180YD,软钢,normal_real,,,,,,
diagnostic_candidate,True,0002002170-000310,0002002170-000310,0002002170-000310,BR_00000006,BR_00000001,numeric-chain-000021,4,17,23,1120,0.6,810,830,180YD+Z,加磷高强、烘烤硬化钢,H180YD,软钢,normal_real,,,,,,
diagnostic_candidate,True,0030119041-000020,0030119041-000020,0030119041-000020,BR_00000001,BR_00000001,numeric-chain-000021,4,18,16.85,1120,0.6,820,840,HC180BD+Z,加磷高强、烘烤硬化钢,H180BH1,软钢,normal_real,,,,,,
diagnostic_candidate,True,0030118934-000060,0030118934-000060,0030118934-000060,BR_00000001,BR_00000001,numeric-chain-000021,4,19,188.59,1120,0.7,830,850,DX54D+Z,IF钢,SPHETI-5,软钢,normal_real,,,,,,
diagnostic_candidate,True,0030119959-000010,0030119959-000010,0030119959-000010,BR_00000001,BR_00000001,numeric-chain-000021,4,20,23,1120,0.65,830,850,DC54D+Z,IF钢,SPHETI-5,软钢,normal_real,,,,,,
diagnostic_candidate,True,0030124772-000060,0030124772-000060,0030124772-000060,BR_00000006,BR_00000001,numeric-chain-000021,4,21,23,1120,0.65,830,850,DC54D+Z,IF钢,SPHETI-5,软钢,normal_real,,,,,,
diagnostic_candidate,True,0002002180-000270,0002002180-000270,0002002180-000270,BR_00000006,BR_00000001,numeric-chain-000021,4,22,20,1100,0.65,830,850,DC53D+Z,IF钢,SPHETI-3,软钢,normal_real,,,,,,
diagnostic_candidate,True,0030123142-000030,0030123142-000030,0030123142-000030,BR_00000006,BR_00000001,numeric-chain-000021,4,23,132,1090,0.55,830,850,SCG4+Z,IF钢,SPHETI-3,软钢,normal_real,,,,,,
diagnostic_candidate,True,0030125207-000060,0030125207-000060,0030125207-000060,BR_00000006,BR_00000001,numeric-chain-000015,5,1,24,1589,0.7,770,810,DC51D+Z,深冲钢（PD）,SPHCQ,软钢,normal_real,,,,,,
diagnostic_candidate,True,0002002176-000230,0002002176-000230,0002002176-000230,BR_00000006,BR_00000001,numeric-chain-000015,5,2,15,1555,0.6,770,810,DC51D+Z,普碳,SPHC,软钢,normal_real,,,,,,
diagnostic_candidate,True,0002002185-000130,0002002185-000130,0002002185-000130,BR_00000006,BR_00000001,numeric-chain-000015,5,3,23,1545,0.65,770,810,DC51D+Z,IF钢,SPHETI-3,软钢,normal_real,,,,,,
diagnostic_candidate,True,0002002185-000080,0002002185-000080,0002002185-000080,BR_00000006,BR_00000001,numeric-chain-000015,5,4,40,1540,0.7,770,810,DC51D+Z,IF钢,SPHETI-3,软钢,normal_real,,,,,,
diagnostic_candidate,True,0002001998-000190,0002001998-000190,0002001998-000190,BR_00000001,BR_00000001,numeric-chain-000015,5,5,42.46,1510,0.6,770,810,DC51D+Z,IF钢,SPHETI-3,软钢,normal_real,,,,,,
diagnostic_candidate,True,0002002195-000160,0002002195-000160,0002002195-000160,BR_00000006,BR_00000001,numeric-chain-000015,5,6,635,1510,0.6,770,810,DC51D+Z,IF钢,SPHETI-3,软钢,normal_real,,,,,,
diagnostic_candidate,True,0030125168-000080,0030125168-000080,0030125168-000080,BR_00000006,BR_00000001,numeric-chain-000015,5,7,24,1500,0.8,700,840,DX51D+Z,普碳,SPHC,软钢,normal_real,,,,,,
diagnostic_candidate,True,0005000563-000280,0005000563-000280,0005000563-000280,BR_00000006,BR_00000001,numeric-chain-000015,5,8,21,1448,0.8,830,850,CR3,IF钢,SPHETI-36,软钢,normal_real,,,,,,
diagnostic_candidate,True,0030119860-000030,0030119860-000030,0030119860-000030,BR_00000001,BR_00000001,numeric-chain-000015,5,9,56.58,1410,0.8,830,850,DC56D+Z,IF钢,SPHETI-3,软钢,normal_real,,,,,,
diagnostic_candidate,True,0002002053-000120,0002002053-000120,0002002053-000120,BR_00000001,BR_00000001,numeric-chain-000015,5,10,18.57,1400,0.8,820,840,DX53D+Z-MD,IF钢,SPHETI-5,软钢,normal_real,,,,,,
diagnostic_candidate,True,0002002054-000200,0002002054-000200,0002002054-000200,BR_00000001,BR_00000001,numeric-chain-000015,5,11,52.56,1385,0.8,815,835,DX51D+Z-MD,普碳,SPHC,软钢,normal_real,,,,,,
diagnostic_candidate,True,0002002055-000050,0002002055-000050,0002002055-000050,BR_00000001,BR_00000001,numeric-chain-000015,5,12,280.12,1310,0.6,815,835,DX51D+Z-MD,普碳,SPHC,软钢,normal_real,,,,,,
diagnostic_candidate,True,0002002170-000410,0002002170-000410,0002002170-000410,BR_00000006,BR_00000001,numeric-chain-000015,5,13,23,1330,0.8,810,830,180YD+Z,加磷高强、烘烤硬化钢,H180YD,软钢,normal_real,,,,,,
diagnostic_candidate,True,0030118006-000010,0030118006-000010,0030118006-000010,BR_00000001,BR_00000001,numeric-chain-000015,5,14,55.45,1295,0.6,700,840,DC51D+Z,普碳,SPHC,软钢,normal_real,,,,,,
diagnostic_candidate,True,0002002195-000110,0002002195-000110,0002002195-000110,BR_00000006,BR_00000001,numeric-chain-000015,5,15,110,1285,0.6,830,850,DC54D+Z,IF钢,SPHETI-3,软钢,normal_real,,,,,,
diagnostic_candidate,True,0030123141-000010,0030123141-000010,0030123141-000010,BR_00000006,BR_00000001,numeric-chain-000015,5,16,50,1275,0.6,830,850,SCG4+Z,IF钢,SPHETI-3,软钢,normal_real,,,,,,
diagnostic_candidate,True,0030122897-000010,0030122897-000010,0030122897-000010,BR_00000006,BR_00000001,numeric-chain-000015,5,17,24,1250,0.5,700,840,DC51D+Z,普碳,SPHC,软钢,actual_transition,,,,,,
diagnostic_candidate,True,0030125168-000060,0030125168-000060,0030125168-000060,BR_00000006,BR_00000001,numeric-chain-000015,5,18,24,1190,0.4,770,810,DX52D+Z-LG,深冲钢（PD）,SPHCQ,软钢,normal_real,,,,,,
diagnostic_candidate,True,0030125168-000050,0030125168-000050,0030125168-000050,BR_00000006,BR_00000001,numeric-chain-000015,5,19,24,1145,0.4,700,840,DC51D+Z,普碳,SPHC,软钢,normal_real,,,,,,
diagnostic_candidate,True,0030123654-000010,0030123654-000010,0030123654-000010,BR_00000006,BR_00000001,numeric-chain-000015,5,20,48,1066,0.5,715,735,DX51D+Z1,普碳,SPHC,软钢,normal_real,,,,,,
diagnostic_candidate,True,0030118641-000020,0030118641-000020,0030118641-000020,BR_00000001,BR_00000001,numeric-chain-000015,5,21,6.04,1000,0.4,700,840,DC51D+Z,普碳,SPHC,软钢,actual_transition,,,,,,
diagnostic_candidate,True,0002002187-000020,0002002187-000020,0002002187-000020,BR_00000006,BR_00000001,numeric-chain-000000,6,1,25,1815,0.6,830,850,DC53D+Z,IF钢,SPHETI-3,软钢,normal_real,,,,,,
diagnostic_candidate,True,0002002177-000010,0002002177-000010,0002002177-000010,BR_00000006,BR_00000001,numeric-chain-000000,6,2,30,1775,0.6,830,850,DC53D+Z,IF钢,SPHETI-3,软钢,normal_real,,,,,,
diagnostic_candidate,True,0002002177-000020,0002002177-000020,0002002177-000020,BR_00000006,BR_00000001,numeric-chain-000000,6,3,15,1590,0.6,830,850,DC53D+Z,IF钢,SPHETI-3,软钢,normal_real,,,,,,
diagnostic_candidate,True,0002002195-000200,0002002195-000200,0002002195-000200,BR_00000006,BR_00000001,numeric-chain-000000,6,4,24,1515,0.65,830,850,DC54D+Z,IF钢,SPHETI-3,软钢,normal_real,,,,,,
diagnostic_candidate,True,0030118966-000010,0030118966-000010,0030118966-000010,BR_00000001,BR_00000001,numeric-chain-000000,6,5,31.64,1488,0.65,830,850,DC56D+Z,IF钢,SPHETI-3,软钢,normal_real,,,,,,
diagnostic_candidate,True,0030123255-000020,0030123255-000020,0030123255-000020,BR_00000006,BR_00000001,numeric-chain-000000,6,6,46,1500,0.65,820,840,HC180BD+Z,加磷高强、烘烤硬化钢,H180BH1,软钢,normal_real,,,,,,
diagnostic_candidate,True,0030123256-000030,0030123256-000030,0030123256-000030,BR_00000006,BR_00000001,numeric-chain-000000,6,7,46,1490,0.65,820,840,HC180BD+Z,加磷高强、烘烤硬化钢,H180BH1,软钢,normal_real,,,,,,
diagnostic_candidate,True,0002002176-000150,0002002176-000150,0002002176-000150,BR_00000006,BR_00000001,numeric-chain-000000,6,8,23,1470,0.65,830,850,DC53D+Z,IF钢,SPHETI-3,软钢,normal_real,,,,,,
diagnostic_candidate,True,0002002170-000010,0002002170-000010,0002002170-000010,BR_00000006,BR_00000001,numeric-chain-000000,6,9,23,1470,0.65,830,850,DC53D+Z,IF钢,SPHETI-3,软钢,normal_real,,,,,,
diagnostic_candidate,True,0030123142-000010,0030123142-000010,0030123142-000010,BR_00000006,BR_00000001,numeric-chain-000000,6,10,312,1465,0.7,830,850,SCG4+Z,IF钢,SPHETI-3,软钢,normal_real,,,,,,
diagnostic_candidate,True,0030124397-000030,0030124397-000030,0030124397-000030,BR_00000006,BR_00000001,numeric-chain-000000,6,11,24,1465,0.7,830,850,DC56D+Z,IF钢,SPHETI-3,软钢,normal_real,,,,,,
diagnostic_candidate,True,0030120049-000040,0030120049-000040,0030120049-000040,BR_00000001,BR_00000001,numeric-chain-000000,6,12,24,1440,0.7,830,850,DC56D+Z,IF钢,SPHETI-3,软钢,normal_real,,,,,,
diagnostic_candidate,True,0002002170-000240,0002002170-000240,0002002170-000240,BR_00000006,BR_00000001,numeric-chain-000000,6,13,80,1434,0.7,830,850,DC53D+Z,IF钢,SPHETI-3,软钢,normal_real,,,,,,
diagnostic_candidate,True,0002002176-000110,0002002176-000110,0002002176-000110,BR_00000006,BR_00000001,numeric-chain-000000,6,14,35,1418,0.65,830,850,DC53D+Z,IF钢,SPHETI-3,软钢,normal_real,,,,,,
diagnostic_candidate,True,0030124683-000030,0030124683-000030,0030124683-000030,BR_00000006,BR_00000001,numeric-chain-000000,6,15,48,1410,0.8,830,850,DC56D+Z,IF钢,SPHETI-3,软钢,normal_real,,,,,,
diagnostic_candidate,True,0030121799-000010,0030121799-000010,0030121799-000010,BR_00000006,BR_00000001,numeric-chain-000000,6,16,168,1395,0.6,830,850,DC54D+Z,IF钢,SPHETI-5,软钢,normal_real,,,,,,
diagnostic_candidate,True,0030121346-000020,0030121346-000020,0030121346-000020,BR_00000002,BR_00000001,numeric-chain-000000,6,17,48,1393,0.5,820,840,DX53D+Z,IF钢,SPHETI-5,软钢,normal_real,,,,,,
diagnostic_candidate,True,0030125168-000010,0030125168-000010,0030125168-000010,BR_00000006,BR_00000001,numeric-chain-000000,6,18,72,1375,0.4,700,840,DC51D+Z,普碳,SPHC,软钢,normal_real,,,,,,
diagnostic_candidate,True,0010019718-000010,0010019718-000010,0010019718-000010,BR_00000006,BR_00000001,numeric-chain-000000,6,19,58,1350,0.5,700,840,DC51D+Z,普碳,SPHC,软钢,actual_transition,,,,,,
diagnostic_candidate,True,0030123654-000020,0030123654-000020,0030123654-000020,BR_00000006,BR_00000001,numeric-chain-000000,6,20,48,1346,0.5,715,735,DX51D+Z1,普碳,SPHC,软钢,normal_real,,,,,,
diagnostic_candidate,True,0030125168-000030,0030125168-000030,0030125168-000030,BR_00000006,BR_00000001,numeric-chain-000000,6,21,48,1326,0.4,700,840,DC51D+Z,普碳,SPHC,软钢,normal_real,,,,,,
diagnostic_candidate,True,0030119098-000010,0030119098-000010,0030119098-000010,BR_00000001,BR_00000001,numeric-chain-000000,6,22,22.98,1306,0.4,700,840,DC51D+Z,普碳,SPHC,软钢,normal_real,,,,,,
diagnostic_candidate,True,0030125168-000020,0030125168-000020,0030125168-000020,BR_00000006,BR_00000001,numeric-chain-000000,6,23,48,1306,0.4,700,840,DC51D+Z,普碳,SPHC,软钢,normal_real,,,,,,
diagnostic_candidate,True,0002002054-000270,0002002054-000270,0002002054-000270,BR_00000001,BR_00000001,numeric-chain-000000,6,24,12.7,1258,0.4,815,835,DX51D+Z-MD,普碳,SPHC,软钢,normal_real,,,,,,
diagnostic_candidate,True,0002002055-000010,0002002055-000010,0002002055-000010,BR_00000001,BR_00000001,numeric-chain-000000,6,25,70.55,1250,0.5,815,835,DX51D+Z-MD,普碳,SPHC,软钢,normal_real,,,,,,
diagnostic_candidate,True,0002002054-000350,0002002054-000350,0002002054-000350,BR_00000001,BR_00000001,numeric-chain-000000,6,26,98.97,1250,0.5,815,835,DX51D+Z-MD,普碳,SPHC,软钢,normal_real,,,,,,
diagnostic_candidate,True,0002002054-000320,0002002054-000320,0002002054-000320,BR_00000001,BR_00000001,numeric-chain-000000,6,27,23,1235,0.5,820,840,DX53D+Z-CD,IF钢,SPHETI-5,软钢,normal_real,,,,,,
diagnostic_candidate,True,0030118641-000010,0030118641-000010,0030118641-000010,BR_00000001,BR_00000001,numeric-chain-000000,6,28,22.03,1200,0.4,700,840,DC51D+Z,普碳,SPHC,软钢,actual_transition,,,,,,
diagnostic_candidate,True,0030123916-000010,0030123916-000010,0030123916-000010,BR_00000006,BR_00000001,numeric-chain-000000,6,29,23,1200,0.4,700,840,DC51D+Z,普碳,SPHC,软钢,actual_transition,,,,,,
diagnostic_candidate,True,0002002054-000040,0002002054-000040,0002002054-000040,BR_00000001,BR_00000001,numeric-chain-000000,6,30,36.52,1150,0.5,815,835,DX51D+Z-MD,普碳,SPHC,软钢,normal_real,,,,,,
diagnostic_candidate,True,0002002055-000040,0002002055-000040,0002002055-000040,BR_00000001,BR_00000001,numeric-chain-000000,6,31,346.03,1150,0.5,815,835,DX51D+Z-MD,普碳,SPHC,软钢,normal_real,,,,,,
diagnostic_candidate,True,0002002055-000080,0002002055-000080,0002002055-000080,BR_00000001,BR_00000001,numeric-chain-000000,6,32,5.45,1150,0.5,815,835,DX51D+Z-MD,普碳,SPHC,软钢,normal_real,,,,,,
diagnostic_candidate,True,0002002054-000310,0002002054-000310,0002002054-000310,BR_00000001,BR_00000001,numeric-chain-000000,6,33,11.7,1100,0.5,820,840,DX53D+Z-CD,IF钢,SPHETI-5,软钢,normal_real,,,,,,
diagnostic_candidate,True,0030117284-000030,0030117284-000030,0030117284-000030,BR_00000001,BR_00000001,numeric-chain-000000,6,34,13.54,1090,0.55,830,850,SCG4+Z,IF钢,SPHETI-3,软钢,normal_real,,,,,,
diagnostic_candidate,True,0030124731-000010,0030124731-000010,0030124731-000010,BR_00000006,BR_00000001,numeric-chain-000009,7,1,48,1290,0.9,830,850,DC54D+Z,IF钢,SPHETI-5,软钢,normal_real,,,,,,
diagnostic_candidate,True,0010019881-000020,0010019881-000020,0010019881-000020,BR_00000006,BR_00000001,numeric-chain-000009,7,2,24,1250,0.95,700,840,DC51D+Z,普碳,SPHC,软钢,actual_transition,,,,,,
diagnostic_candidate,True,0030124871-000020,0030124871-000020,0030124871-000020,BR_00000006,BR_00000001,numeric-chain-000009,7,3,20,1250,1.15,710,730,DX51D+Z,普碳,SPHC,软钢,normal_real,,,,,,
diagnostic_candidate,True,0030122897-000050,0030122897-000050,0030122897-000050,BR_00000006,BR_00000001,numeric-chain-000009,7,4,24,1250,1.2,700,840,DC51D+Z,普碳,SPHC,软钢,actual_transition,,,,,,
diagnostic_candidate,True,0002002195-000100,0002002195-000100,0002002195-000100,BR_00000006,BR_00000001,numeric-chain-000009,7,5,230,1220,1,830,850,DC53D+Z,IF钢,SPHETI-3,软钢,normal_real,,,,,,
diagnostic_candidate,True,0030123653-000030,0030123653-000030,0030123653-000030,BR_00000006,BR_00000001,numeric-chain-000009,7,6,48,1200,0.8,700,840,DC51D+Z,普碳,SPHC,软钢,normal_real,,,,,,
diagnostic_candidate,True,0030117283-000030,0030117283-000030,0030117283-000030,BR_00000001,BR_00000001,numeric-chain-000009,7,7,13.32,1190,0.7,830,850,SCG4+Z,IF钢,SPHETI-3,软钢,normal_real,,,,,,
diagnostic_candidate,True,0030125102-000010,0030125102-000010,0030125102-000010,BR_00000006,BR_00000001,numeric-chain-000009,7,8,72,1182,0.7,820,840,DC53D+Z,IF钢,SPHETI-5,软钢,normal_real,,,,,,
diagnostic_candidate,True,0030120757-000040,0030120757-000040,0030120757-000040,BR_00000001,BR_00000001,numeric-chain-000009,7,9,25.98,1155,0.8,830,850,DC54D+Z,IF钢,SPHETI-5,软钢,normal_real,,,,,,
diagnostic_candidate,True,0030118934-000050,0030118934-000050,0030118934-000050,BR_00000001,BR_00000001,numeric-chain-000009,7,10,15.37,1160,0.7,830,850,DX54D+Z,IF钢,SPHETI-5,软钢,normal_real,,,,,,
diagnostic_candidate,True,0002002170-000200,0002002170-000200,0002002170-000200,BR_00000006,BR_00000001,numeric-chain-000009,7,11,126.53,1160,0.7,830,850,DC53D+Z,IF钢,SPHETI-3,软钢,normal_real,,,,,,
diagnostic_candidate,True,0002002185-000060,0002002185-000060,0002002185-000060,BR_00000006,BR_00000001,numeric-chain-000009,7,12,23,1155,0.65,830,850,DC54D+Z,IF钢,SPHETI-3,软钢,normal_real,,,,,,
diagnostic_candidate,True,0002002170-000180,0002002170-000180,0002002170-000180,BR_00000006,BR_00000001,numeric-chain-000009,7,13,46,1133,0.7,830,850,DC53D+Z,IF钢,SPHETI-3,软钢,normal_real,,,,,,
diagnostic_candidate,True,0005000545-000020,0005000545-000020,0005000545-000020,BR_00000001,BR_00000001,numeric-chain-000009,7,14,9.59,1130,0.7,820,840,CR210BH,加磷高强、烘烤硬化钢,H220BH,软钢,normal_real,,,,,,
diagnostic_candidate,True,0002002055-000110,0002002055-000110,0002002055-000110,BR_00000001,BR_00000001,numeric-chain-000009,7,15,15.3,1100,0.8,815,835,DX51D+Z-MD,普碳,SPHC,软钢,normal_real,,,,,,
diagnostic_candidate,True,0002002053-000020,0002002053-000020,0002002053-000020,BR_00000001,BR_00000001,numeric-chain-000009,7,16,8.8,1100,0.8,820,840,DX53D+Z-MD,IF钢,SPHETI-5,软钢,normal_real,,,,,,
diagnostic_candidate,True,0002002170-000210,0002002170-000210,0002002170-000210,BR_00000006,BR_00000001,numeric-chain-000009,7,17,45.97,1095,0.7,830,850,DC53D+Z,IF钢,SPHETI-3,软钢,normal_real,,,,,,
diagnostic_candidate,True,0030124438-000010,0030124438-000010,0030124438-000010,BR_00000006,BR_00000001,numeric-chain-000009,7,18,23,1083,0.8,830,850,DC54D+Z,IF钢,SPHETI-5,软钢,normal_real,,,,,,
diagnostic_candidate,True,0030119032-000020,0030119032-000020,0030119032-000020,BR_00000001,BR_00000001,numeric-chain-000009,7,19,10.4,1080,0.75,820,840,DX53D+Z,IF钢,SPHETI-5,软钢,normal_real,,,,,,
diagnostic_candidate,True,0030118934-000020,0030118934-000020,0030118934-000020,BR_00000001,BR_00000001,numeric-chain-000009,7,20,238.96,1060,0.95,820,840,HX220BD+Z,加磷高强、烘烤硬化钢,H220BH4,软钢,normal_real,,,,,,
diagnostic_candidate,True,0030119031-000020,0030119031-000020,0030119031-000020,BR_00000001,BR_00000001,numeric-chain-000009,7,21,26.67,1055,0.95,820,840,DX53D+Z,IF钢,SPHETI-5,软钢,normal_real,,,,,,
diagnostic_candidate,True,0030124824-000020,0030124824-000020,0030124824-000020,BR_00000006,BR_00000001,numeric-chain-000009,7,22,430,1055,0.95,820,840,DX53D+Z,IF钢,SPHETI-5,软钢,normal_real,,,,,,
diagnostic_candidate,True,0030118093-000060,0030118093-000060,0030118093-000060,BR_00000001,BR_00000001,numeric-chain-000009,7,23,31.46,1048,0.8,820,840,DC53D+Z,IF钢,SPHETI-5,软钢,normal_real,,,,,,
diagnostic_candidate,True,0030123145-000020,0030123145-000020,0030123145-000020,BR_00000006,BR_00000001,numeric-chain-000009,7,24,21.43,1010,0.8,810,830,HC180YD+Z,加磷高强、烘烤硬化钢,H180YD,软钢,normal_real,,,,,,
diagnostic_candidate,True,0030122899-000010,0030122899-000010,0030122899-000010,BR_00000006,BR_00000001,numeric-chain-000009,7,25,60,1000,0.8,700,840,DC51D+Z,普碳,SPHC,软钢,actual_transition,,,,,,
diagnostic_candidate,True,0005000563-000270,0005000563-000270,0005000563-000270,BR_00000006,BR_00000001,numeric-chain-000009,7,26,18,968,0.8,830,850,CR180BH,加磷高强、烘烤硬化钢,H180BH,软钢,normal_real,,,,,,
diagnostic_candidate,True,0030122480-000040,0030122480-000040,0030122480-000040,BR_00000006,BR_00000001,numeric-chain-000009,7,27,72,950,0.7,830,850,DX54D+Z,IF钢,SPHETI-3,软钢,normal_real,,,,,,
diagnostic_candidate,True,0030120940-000030,0030120940-000030,0030120940-000030,BR_00000002,BR_00000001,numeric-chain-000009,7,28,18,950,0.7,830,850,DC56D+Z,IF钢,SPHETI-3,软钢,normal_real,,,,,,
diagnostic_candidate,True,0030123256-000020,0030123256-000020,0030123256-000020,BR_00000006,BR_00000001,numeric-chain-000009,7,29,92.21,930,0.65,820,840,HC180BD+Z,加磷高强、烘烤硬化钢,H180BH1,软钢,normal_real,,,,,,
diagnostic_candidate,True,0002002162-000070,0002002162-000070,0002002162-000070,BR_00000006,BR_00000001,numeric-chain-000009,7,30,18,930,0.6,830,850,DC54D+Z,IF钢,SPHETI-3,软钢,normal_real,,,,,,
diagnostic_candidate,True,0030124437-000010,0030124437-000010,0030124437-000010,BR_00000006,BR_00000001,numeric-chain-000009,7,31,18,910,0.8,700,840,DC51D+Z,普碳,SPHC,软钢,actual_transition,,,,,,
diagnostic_candidate,True,0002002170-000060,0002002170-000060,0002002170-000060,BR_00000006,BR_00000001,numeric-chain-000009,7,32,32,900,1,770,810,DC51D+Z,IF钢,SPHETI-3,软钢,normal_real,,,,,,
diagnostic_candidate,True,0002002202-000070,0002002202-000070,0002002202-000070,BR_00000006,BR_00000001,numeric-chain-000009,7,33,16,855,1,770,810,DC51D+Z,IF钢,SPHETI-3,软钢,normal_real,,,,,,
diagnostic_candidate,True,0030122898-000030,0030122898-000030,0030122898-000030,BR_00000006,BR_00000001,numeric-chain-000027,8,1,96,1500,2.5,700,720,DC51D+Z,普碳,SPHC,软钢,actual_transition,,,,,,
diagnostic_candidate,True,0030121724-000020,0030121724-000020,0030121724-000020,BR_00000002,BR_00000001,numeric-chain-000027,8,2,195.2,1250,2.5,700,720,DC51D+Z,普碳,SPHC,软钢,actual_transition,,,,,,
diagnostic_candidate,True,0030124735-000130,0030124735-000130,0030124735-000130,BR_00000006,BR_00000001,numeric-chain-000027,8,3,24,1250,2.45,700,720,DC51D+Z,普碳,SPHC,软钢,actual_transition,,,,,,
diagnostic_candidate,True,0030122898-000040,0030122898-000040,0030122898-000040,BR_00000006,BR_00000001,numeric-chain-000027,8,4,240,1250,2.5,700,720,DC51D+Z,普碳,SPHC,软钢,actual_transition,,,,,,
diagnostic_candidate,True,0030122899-000050,0030122899-000050,0030122899-000050,BR_00000006,BR_00000001,numeric-chain-000027,8,5,240,1250,2.5,700,720,DC51D+Z,普碳,SPHC,软钢,actual_transition,,,,,,
diagnostic_candidate,True,0030118921-000020,0030118921-000020,0030118921-000020,BR_00000001,BR_00000001,numeric-chain-000027,8,6,23,1110,2.49,700,720,DC51D+Z,普碳,SPHC,软钢,actual_transition,,,,,,
diagnostic_candidate,True,0010020206-000030,0010020206-000030,0010020206-000030,BR_00000006,BR_00000001,numeric-chain-000027,8,7,110,1000,2.5,700,720,DC51D+Z,普碳,SPHC,软钢,actual_transition,,,,,,
diagnostic_candidate,True,0030122066-000070,0030122066-000070,0030122066-000070,BR_00000003,BR_00000001,numeric-chain-000029,9,1,24,1299,2.49,760,780,HC340/590DPD+Z,双相钢,W590X4,硬钢,normal_real,,,,,,
diagnostic_candidate,True,0030119183-000010,0030119183-000010,0030119183-000010,BR_00000001,BR_00000001,numeric-chain-000029,9,2,1.02,1233,2.45,760,780,HC340/590DPD+Z,双相钢,W590X4,硬钢,normal_real,,,,,,
diagnostic_candidate,True,virtual-000019,,,,BR_00000001,numeric-chain-000029,9,3,20.00,1250,2.50,760,840,SPHC,,SPHC,,virtual_sphc,,"{""accepted_sequence"":19,""prototype_id"":""virtual_sphc:1250x2.5"",""purpose"":""edge_bridge"",""related_partition_id"":null}",,,,
diagnostic_candidate,True,0030119938-000310,0030119938-000310,0030119938-000310,BR_00000001,BR_00000001,numeric-chain-000029,9,4,72.86,1200,2.49,820,840,DC53D+Z,IF钢,SPHETI-5,软钢,normal_real,,,,,,
diagnostic_candidate,True,0030122647-000550,0030122647-000550,0030122647-000550,BR_00000006,BR_00000001,numeric-chain-000029,9,5,72,1200,2.49,820,840,DC53D+Z,IF钢,SPHETI-5,软钢,normal_real,,,,,,
diagnostic_candidate,True,0030120757-000050,0030120757-000050,0030120757-000050,BR_00000001,BR_00000001,numeric-chain-000029,9,6,24,1164,2,830,850,DC54D+Z,IF钢,SPHETI-5,软钢,normal_real,,,,,,
diagnostic_candidate,True,0005000575-000020,0005000575-000020,0005000575-000020,BR_00000006,BR_00000001,numeric-chain-000029,9,7,20,1105,1.5,830,850,CR3,IF钢,SPHETI-36,软钢,normal_real,,,,,,
diagnostic_candidate,True,0030120940-000120,0030120940-000120,0030120940-000120,BR_00000002,BR_00000001,numeric-chain-000029,9,8,20.15,1055,1.2,830,850,DC56D+Z,IF钢,SPHETI-3,软钢,normal_real,,,,,,
diagnostic_candidate,True,0030125147-000030,0030125147-000030,0030125147-000030,BR_00000006,BR_00000001,numeric-chain-000029,9,9,110,1000,1,830,850,DC54D+Z,IF钢,SPHETI-5,软钢,normal_real,,,,,,
diagnostic_candidate,True,0030122899-000030,0030122899-000030,0030122899-000030,BR_00000006,BR_00000001,numeric-chain-000029,9,10,170,1000,1.2,700,840,DC51D+Z,普碳,SPHC,软钢,actual_transition,,,,,,
diagnostic_candidate,True,0005000546-000010,0005000546-000010,0005000546-000010,BR_00000001,BR_00000001,numeric-chain-000029,9,11,7,1015,1.4,830,850,CR3,IF钢,SPHETI-36,软钢,normal_real,,,,,,
diagnostic_candidate,True,0030122488-000010,0030122488-000010,0030122488-000010,BR_00000006,BR_00000001,numeric-chain-000029,9,12,110,1000,1.25,820,840,DC53D+Z,IF钢,SPHETI-5,软钢,normal_real,,,,,,
diagnostic_candidate,True,0010020206-000010,0010020206-000010,0010020206-000010,BR_00000006,BR_00000001,numeric-chain-000029,9,13,58.48,1000,1.5,700,840,DC51D+Z,普碳,SPHC,软钢,actual_transition,,,,,,
diagnostic_candidate,True,0002002179-000010,0002002179-000010,0002002179-000010,BR_00000006,BR_00000001,numeric-chain-000011,10,1,41,1650,0.8,810,830,180YD+Z,加磷高强、烘烤硬化钢,H180YD,软钢,normal_real,,,,,,
diagnostic_candidate,True,0030121690-000010,0030121690-000010,0030121690-000010,BR_00000002,BR_00000001,numeric-chain-000011,10,2,23,1580,0.8,820,840,HC180BD+Z,加磷高强、烘烤硬化钢,H180BH1,软钢,normal_real,,,,,,
diagnostic_candidate,True,0002002180-000140,0002002180-000140,0002002180-000140,BR_00000006,BR_00000001,numeric-chain-000011,10,3,20,1540,0.8,830,850,DC56D+Z,IF钢,SPHETI-3,软钢,normal_real,,,,,,
diagnostic_candidate,True,0030118006-000070,0030118006-000070,0030118006-000070,BR_00000001,BR_00000001,numeric-chain-000011,10,4,43.72,1480,0.8,700,840,DC51D+Z,普碳,SPHC,软钢,normal_real,,,,,,
diagnostic_candidate,True,0002002170-000020,0002002170-000020,0002002170-000020,BR_00000006,BR_00000001,numeric-chain-000011,10,5,69,1498,0.8,830,850,DC53D+Z,IF钢,SPHETI-3,软钢,normal_real,,,,,,
diagnostic_candidate,True,0002002170-000160,0002002170-000160,0002002170-000160,BR_00000006,BR_00000001,numeric-chain-000011,10,6,23,1495,0.7,830,850,DC53D+Z,IF钢,SPHETI-3,软钢,normal_real,,,,,,
diagnostic_candidate,True,0030123256-000040,0030123256-000040,0030123256-000040,BR_00000006,BR_00000001,numeric-chain-000011,10,7,69,1475,0.65,820,840,HC180BD+Z,加磷高强、烘烤硬化钢,H180BH1,软钢,normal_real,,,,,,
diagnostic_candidate,True,0002002170-000150,0002002170-000150,0002002170-000150,BR_00000006,BR_00000001,numeric-chain-000011,10,8,23,1433,0.65,810,830,180YD+Z,加磷高强、烘烤硬化钢,H180YD,软钢,normal_real,,,,,,
diagnostic_candidate,True,0002002055-000030,0002002055-000030,0002002055-000030,BR_00000001,BR_00000001,numeric-chain-000011,10,9,66.82,1430,0.6,815,835,DX51D+Z-MD,普碳,SPHC,软钢,normal_real,,,,,,
diagnostic_candidate,True,0030125168-000070,0030125168-000070,0030125168-000070,BR_00000006,BR_00000001,numeric-chain-000011,10,10,24,1405,0.5,820,840,DX53D+Z-LG,IF钢,SPHETI-5,软钢,normal_real,,,,,,
diagnostic_candidate,True,0002002054-000010,0002002054-000010,0002002054-000010,BR_00000001,BR_00000001,numeric-chain-000011,10,11,36.83,1365,0.5,820,840,DX53D+Z-CD,IF钢,SPHETI-5,软钢,normal_real,,,,,,
diagnostic_candidate,True,0030124871-000120,0030124871-000120,0030124871-000120,BR_00000006,BR_00000001,numeric-chain-000011,10,12,220,1360,0.6,820,840,DX53D+Z,IF钢,SPHETI-5,软钢,normal_real,,,,,,
diagnostic_candidate,True,0030119860-000040,0030119860-000040,0030119860-000040,BR_00000001,BR_00000001,numeric-chain-000011,10,13,180.24,1360,0.7,810,830,HC180YD+Z,加磷高强、烘烤硬化钢,H180YD,软钢,normal_real,,,,,,
diagnostic_candidate,True,0030125150-000030,0030125150-000030,0030125150-000030,BR_00000006,BR_00000001,numeric-chain-000011,10,14,96,1360,0.7,810,830,HC180YD+Z,加磷高强、烘烤硬化钢,H180YD,软钢,normal_real,,,,,,
diagnostic_candidate,True,0030124683-000040,0030124683-000040,0030124683-000040,BR_00000006,BR_00000001,numeric-chain-000011,10,15,192,1360,0.7,810,830,HC180YD+Z,加磷高强、烘烤硬化钢,H180YD,软钢,normal_real,,,,,,
diagnostic_candidate,True,0030125150-000010,0030125150-000010,0030125150-000010,BR_00000006,BR_00000001,numeric-chain-000011,10,16,24,1360,0.7,820,840,DC53D+Z,IF钢,SPHETI-5,软钢,normal_real,,,,,,
diagnostic_candidate,True,0030124683-000010,0030124683-000010,0030124683-000010,BR_00000006,BR_00000001,numeric-chain-000011,10,17,96,1360,0.7,820,840,DC53D+Z,IF钢,SPHETI-5,软钢,normal_real,,,,,,
diagnostic_candidate,True,virtual-000001,,,,BR_00000001,numeric-chain-000011,10,18,20.00,1250,0.60,820,840,SPHC,,SPHC,,virtual_sphc,,"{""accepted_sequence"":1,""prototype_id"":""virtual_sphc:1250x0.6"",""purpose"":""edge_bridge"",""related_partition_id"":null}",,,,
diagnostic_candidate,True,0030118093-000030,0030118093-000030,0030118093-000030,BR_00000001,BR_00000001,numeric-chain-000011,10,19,13.15,1050,0.5,820,840,DC53D+Z,IF钢,SPHETI-5,软钢,normal_real,,,,,,
diagnostic_candidate,True,0030124826-000030,0030124826-000030,0030124826-000030,BR_00000006,BR_00000001,numeric-chain-000011,10,20,30,1050,0.6,820,840,DX53D+Z,IF钢,SPHETI-5,软钢,normal_real,,,,,,
diagnostic_candidate,True,0002002006-000230,0002002006-000230,0002002006-000230,BR_00000001,BR_00000001,numeric-chain-000011,10,21,21.76,1020,0.6,810,830,180YD+Z,加磷高强、烘烤硬化钢,H180YD,软钢,normal_real,,,,,,
diagnostic_candidate,True,0030123256-000010,0030123256-000010,0030123256-000010,BR_00000006,BR_00000001,numeric-chain-000011,10,22,100,1010,0.65,820,840,HC180BD+Z,加磷高强、烘烤硬化钢,H180BH1,软钢,normal_real,,,,,,
diagnostic_candidate,True,0030124457-000010,0030124457-000010,0030124457-000010,BR_00000006,BR_00000001,numeric-chain-000011,10,23,44,1001,0.6,820,840,DX53D+Z,IF钢,SPHETI-5,软钢,normal_real,,,,,,
diagnostic_candidate,True,0002002170-000170,0002002170-000170,0002002170-000170,BR_00000006,BR_00000001,numeric-chain-000011,10,24,100,1000,0.65,810,830,180YD+Z,加磷高强、烘烤硬化钢,H180YD,软钢,normal_real,,,,,,
diagnostic_candidate,True,0005000563-000210,0005000563-000210,0005000563-000210,BR_00000006,BR_00000001,numeric-chain-000011,10,25,21,995,0.7,800,820,CR2,IF钢,SPHETI-36,软钢,normal_real,,,,,,
diagnostic_candidate,True,0002002185-000150,0002002185-000150,0002002185-000150,BR_00000006,BR_00000001,numeric-chain-000011,10,26,16,990,0.6,770,810,DC51D+Z,IF钢,SPHETI-3,软钢,normal_real,,,,,,
diagnostic_candidate,True,0002002195-000020,0002002195-000020,0002002195-000020,BR_00000006,BR_00000001,numeric-chain-000011,10,27,44,985,0.65,770,810,DC51D+Z,普碳,SPHC,软钢,normal_real,,,,,,
diagnostic_candidate,True,0002002170-000380,0002002170-000380,0002002170-000380,BR_00000006,BR_00000001,numeric-chain-000011,10,28,20,960,0.65,770,810,DC51D+Z,IF钢,SPHETI-3,软钢,normal_real,,,,,,
diagnostic_candidate,True,0002002195-000010,0002002195-000010,0002002195-000010,BR_00000006,BR_00000001,numeric-chain-000011,10,29,10,918,0.65,770,810,DC51D+Z,普碳,SPHC,软钢,normal_real,,,,,,
diagnostic_candidate,True,0002002009-000020,0002002009-000020,0002002009-000020,BR_00000001,BR_00000001,numeric-chain-000011,10,30,8.14,828,0.65,770,810,DC51D+Z,普碳,SPHC,软钢,normal_real,,,,,,
diagnostic_candidate,True,0002002193-000030,0002002193-000030,0002002193-000030,BR_00000006,BR_00000001,numeric-chain-000010,11,1,52,1655,1,770,810,DC51D+Z,IF钢,SPHETI-3,软钢,normal_real,,,,,,
diagnostic_candidate,True,0002002202-000190,0002002202-000190,0002002202-000190,BR_00000006,BR_00000001,numeric-chain-000010,11,2,23,1555,1,770,810,DC51D+Z,IF钢,SPHETI-3,软钢,normal_real,,,,,,
diagnostic_candidate,True,0002002184-000170,0002002184-000170,0002002184-000170,BR_00000006,BR_00000001,numeric-chain-000010,11,3,23,1512,1.2,770,810,DC51D+Z,普碳,SPHC,软钢,normal_real,,,,,,
diagnostic_candidate,True,0030122476-000040,0030122476-000040,0030122476-000040,BR_00000006,BR_00000001,numeric-chain-000010,11,4,16.09,1495,1.2,770,810,DC51D+Z,深冲钢（PD）,SPHCQ,软钢,normal_real,,,,,,
diagnostic_candidate,True,0002002202-000030,0002002202-000030,0002002202-000030,BR_00000006,BR_00000001,numeric-chain-000010,11,5,23,1480,1,770,810,DC51D+Z,普碳,SPHC,软钢,normal_real,,,,,,
diagnostic_candidate,True,0002002170-000250,0002002170-000250,0002002170-000250,BR_00000006,BR_00000001,numeric-chain-000010,11,6,69,1445,1,770,810,DC51D+Z,IF钢,SPHETI-3,软钢,normal_real,,,,,,
diagnostic_candidate,True,0002002180-000380,0002002180-000380,0002002180-000380,BR_00000006,BR_00000001,numeric-chain-000010,11,7,20,1430,1,770,810,DC51D+Z,IF钢,SPHETI-3,软钢,normal_real,,,,,,
diagnostic_candidate,True,0002002170-000230,0002002170-000230,0002002170-000230,BR_00000006,BR_00000001,numeric-chain-000010,11,8,23,1420,1,770,810,DC51D+Z,IF钢,SPHETI-3,软钢,normal_real,,,,,,
diagnostic_candidate,True,0002002195-000240,0002002195-000240,0002002195-000240,BR_00000006,BR_00000001,numeric-chain-000010,11,9,24,1363,1,770,810,DC51D+Z,普碳,SPHC,软钢,normal_real,,,,,,
diagnostic_candidate,True,0002002170-000260,0002002170-000260,0002002170-000260,BR_00000006,BR_00000001,numeric-chain-000010,11,10,23,1360,1.2,770,810,DC51D+Z,IF钢,SPHETI-3,软钢,normal_real,,,,,,
diagnostic_candidate,True,0030124800-000020,0030124800-000020,0030124800-000020,BR_00000006,BR_00000001,numeric-chain-000010,11,11,24,1332,1,770,810,DX52D+Z,深冲钢（PD）,SPHCQ,软钢,normal_real,,,,,,
diagnostic_candidate,True,0002002170-000220,0002002170-000220,0002002170-000220,BR_00000006,BR_00000001,numeric-chain-000010,11,12,46,1330,1,770,810,DC51D+Z,IF钢,SPHETI-3,软钢,normal_real,,,,,,
diagnostic_candidate,True,0002002170-000350,0002002170-000350,0002002170-000350,BR_00000006,BR_00000001,numeric-chain-000010,11,13,23,1300,1.2,770,810,DC51D+Z,IF钢,SPHETI-3,软钢,normal_real,,,,,,
diagnostic_candidate,True,0030123653-000020,0030123653-000020,0030123653-000020,BR_00000006,BR_00000001,numeric-chain-000010,11,14,24,1250,1.2,700,840,DC51D+Z,普碳,SPHC,软钢,normal_real,,,,,,
diagnostic_candidate,True,0030120939-000090,0030120939-000090,0030120939-000090,BR_00000002,BR_00000001,numeric-chain-000010,11,15,24,1250,1.5,810,830,HC180YD+Z,加磷高强、烘烤硬化钢,H180YD,软钢,normal_real,,,,,,
diagnostic_candidate,True,0030124735-000080,0030124735-000080,0030124735-000080,BR_00000006,BR_00000001,numeric-chain-000010,11,16,24,1250,1.8,805,825,HC260YD+Z,加磷高强、烘烤硬化钢,H260Y,软钢,normal_real,,,,,,
diagnostic_candidate,True,0030125101-000030,0030125101-000030,0030125101-000030,BR_00000006,BR_00000001,numeric-chain-000010,11,17,48,1242,1.5,700,840,DC51D+Z,普碳,SPHC,软钢,actual_transition,,,,,,
diagnostic_candidate,True,0002002053-000070,0002002053-000070,0002002053-000070,BR_00000001,BR_00000001,numeric-chain-000010,11,18,25.67,1219,1.2,820,840,DX53D+Z-MD,IF钢,SPHETI-5,软钢,normal_real,,,,,,
diagnostic_candidate,True,0030117976-000020,0030117976-000020,0030117976-000020,BR_00000001,BR_00000001,numeric-chain-000010,11,19,7.91,1201,1,700,840,DC51D+Z,普碳,SPHC,软钢,actual_transition,,,,,,
diagnostic_candidate,True,0030122476-000070,0030122476-000070,0030122476-000070,BR_00000006,BR_00000001,numeric-chain-000010,11,20,24,1205,1,830,850,DC56D+Z,IF钢,SPHETI-3,软钢,normal_real,,,,,,
diagnostic_candidate,True,0030125147-000010,0030125147-000010,0030125147-000010,BR_00000006,BR_00000001,numeric-chain-000010,11,21,24,1200,1,820,840,DC53D+Z,IF钢,SPHETI-5,软钢,normal_real,,,,,,
diagnostic_candidate,True,0030125207-000090,0030125207-000090,0030125207-000090,BR_00000006,BR_00000001,numeric-chain-000010,11,22,24,1183,0.8,830,850,DC51D+Z,IF钢,SPHETI-3,软钢,normal_real,,,,,,
diagnostic_candidate,True,0002002009-000050,0002002009-000050,0002002009-000050,BR_00000001,BR_00000001,numeric-chain-000010,11,23,8.22,1168,0.65,830,850,DC53D+Z,IF钢,SPHETI-3,软钢,normal_real,,,,,,
diagnostic_candidate,True,0030122759-000010,0030122759-000010,0030122759-000010,BR_00000006,BR_00000001,numeric-chain-000010,11,24,22,1170,0.7,830,850,CR3,IF钢,SPHETI-36,软钢,normal_real,,,,,,
diagnostic_candidate,True,0030118093-000010,0030118093-000010,0030118093-000010,BR_00000001,BR_00000001,numeric-chain-000010,11,25,122.84,1165,0.6,700,840,DC51D+Z,普碳,SPHC,软钢,normal_real,,,,,,
diagnostic_candidate,True,0030124827-000010,0030124827-000010,0030124827-000010,BR_00000006,BR_00000001,numeric-chain-000010,11,26,70,1140,0.75,730,750,DX51D+Z,普碳,SPHC,软钢,normal_real,,,,,,
diagnostic_candidate,True,0030124827-000020,0030124827-000020,0030124827-000020,BR_00000006,BR_00000001,numeric-chain-000010,11,27,50,1100,0.75,730,750,DX51D+Z,普碳,SPHC,软钢,normal_real,,,,,,
diagnostic_candidate,True,0030124871-000130,0030124871-000130,0030124871-000130,BR_00000006,BR_00000001,numeric-chain-000010,11,28,180,1100,0.75,730,750,DX51D+Z,普碳,SPHC,软钢,normal_real,,,,,,
diagnostic_candidate,True,0010019680-000020,0010019680-000020,0010019680-000020,BR_00000006,BR_00000001,numeric-chain-000010,11,29,69,1072,0.75,730,750,DC51D+Z-D,普碳,SPHC,软钢,normal_real,,,,,,
diagnostic_candidate,True,0030124826-000040,0030124826-000040,0030124826-000040,BR_00000006,BR_00000001,numeric-chain-000010,11,30,50,1055,0.6,730,750,DX51D+Z,普碳,SPHC,软钢,normal_real,,,,,,
diagnostic_candidate,True,0030124824-000040,0030124824-000040,0030124824-000040,BR_00000006,BR_00000001,numeric-chain-000010,11,31,92.95,1055,0.6,730,750,DX51D+Z,普碳,SPHC,软钢,normal_real,,,,,,
diagnostic_candidate,True,0030120951-000010,0030120951-000010,0030120951-000010,BR_00000002,BR_00000001,numeric-chain-000010,11,32,32.24,1050,0.7,700,840,DX51D+Z,普碳,SPHC,软钢,normal_real,,,,,,
diagnostic_candidate,True,0002002180-000350,0002002180-000350,0002002180-000350,BR_00000006,BR_00000001,numeric-chain-000010,11,33,20,1025,0.6,810,830,180YD+Z,加磷高强、烘烤硬化钢,H180YD,软钢,normal_real,,,,,,
diagnostic_candidate,True,0030119215-000010,0030119215-000010,0030119215-000010,BR_00000001,BR_00000001,numeric-chain-000010,11,34,22,1001,0.6,820,840,DC53D+Z,IF钢,SPHETI-5,软钢,normal_real,,,,,,
diagnostic_candidate,True,0010018206-000010,0010018206-000010,0010018206-000010,BR_00000001,BR_00000001,numeric-chain-000010,11,35,31.76,1000,0.5,700,840,DC51D+Z,普碳,SPHC,软钢,actual_transition,,,,,,
diagnostic_candidate,True,0002002180-000010,0002002180-000010,0002002180-000010,BR_00000006,BR_00000001,numeric-chain-000010,11,36,39,985,0.6,810,830,180YD+Z,加磷高强、烘烤硬化钢,H180YD,软钢,normal_real,,,,,,
diagnostic_candidate,True,0030123145-000010,0030123145-000010,0030123145-000010,BR_00000006,BR_00000001,numeric-chain-000010,11,37,51.02,975,0.65,810,830,HC180YD+Z,加磷高强、烘烤硬化钢,H180YD,软钢,normal_real,,,,,,
diagnostic_candidate,True,0030123255-000030,0030123255-000030,0030123255-000030,BR_00000006,BR_00000001,numeric-chain-000010,11,38,36,935,0.65,820,840,DC56D+Z,IF钢,SPHETI-3,软钢,normal_real,,,,,,
diagnostic_candidate,True,0002002176-000120,0002002176-000120,0002002176-000120,BR_00000006,BR_00000001,numeric-chain-000010,11,39,25,913,0.6,810,830,180YD+Z,加磷高强、烘烤硬化钢,H180YD,软钢,normal_real,,,,,,
diagnostic_candidate,True,0002001995-000010,0002001995-000010,0002001995-000010,BR_00000001,BR_00000001,numeric-chain-000014,12,1,19.16,1583,0.65,770,810,DC51D+Z,IF钢,SPHETI-3,软钢,normal_real,,,,,,
diagnostic_candidate,True,0002002177-000030,0002002177-000030,0002002177-000030,BR_00000006,BR_00000001,numeric-chain-000014,12,2,15,1590,0.65,770,810,DC51D+Z,IF钢,SPHETI-3,软钢,normal_real,,,,,,
diagnostic_candidate,True,0002002180-000340,0002002180-000340,0002002180-000340,BR_00000006,BR_00000001,numeric-chain-000014,12,3,20,1555,0.6,770,810,DC51D+Z,IF钢,SPHETI-3,软钢,normal_real,,,,,,
diagnostic_candidate,True,0002002180-000130,0002002180-000130,0002002180-000130,BR_00000006,BR_00000001,numeric-chain-000014,12,4,34,1510,0.6,770,810,DC51D+Z,IF钢,SPHETI-3,软钢,normal_real,,,,,,
diagnostic_candidate,True,0002002185-000140,0002002185-000140,0002002185-000140,BR_00000006,BR_00000001,numeric-chain-000014,12,5,30,1510,0.65,770,810,DC51D+Z,IF钢,SPHETI-3,软钢,normal_real,,,,,,
diagnostic_candidate,True,0002002176-000080,0002002176-000080,0002002176-000080,BR_00000006,BR_00000001,numeric-chain-000014,12,6,15,1498,0.65,770,810,DC51D+Z,IF钢,SPHETI-3,软钢,normal_real,,,,,,
diagnostic_candidate,True,0002002195-000150,0002002195-000150,0002002195-000150,BR_00000006,BR_00000001,numeric-chain-000014,12,7,175,1490,0.65,770,810,DC51D+Z,IF钢,SPHETI-3,软钢,normal_real,,,,,,
diagnostic_candidate,True,0002002176-000220,0002002176-000220,0002002176-000220,BR_00000006,BR_00000001,numeric-chain-000014,12,8,15,1485,0.6,770,810,DC51D+Z,普碳,SPHC,软钢,normal_real,,,,,,
diagnostic_candidate,True,0002002162-000010,0002002162-000010,0002002162-000010,BR_00000006,BR_00000001,numeric-chain-000014,12,9,72,1470,0.65,770,810,DC51D+Z,IF钢,SPHETI-3,软钢,normal_real,,,,,,
diagnostic_candidate,True,0002002176-000030,0002002176-000030,0002002176-000030,BR_00000006,BR_00000001,numeric-chain-000014,12,10,15,1465,0.65,770,810,DC51D+Z,IF钢,SPHETI-3,软钢,normal_real,,,,,,
diagnostic_candidate,True,0002002195-000140,0002002195-000140,0002002195-000140,BR_00000006,BR_00000001,numeric-chain-000014,12,11,72,1463,0.65,770,810,DC51D+Z,IF钢,SPHETI-3,软钢,normal_real,,,,,,
diagnostic_candidate,True,0002002044-000070,0002002044-000070,0002002044-000070,BR_00000001,BR_00000001,numeric-chain-000014,12,12,18.71,1450,0.65,770,810,DC51D+Z,普碳,SPHC,软钢,normal_real,,,,,,
diagnostic_candidate,True,0002002195-000250,0002002195-000250,0002002195-000250,BR_00000006,BR_00000001,numeric-chain-000014,12,13,24,1455,0.65,770,810,DC51D+Z,IF钢,SPHETI-3,软钢,normal_real,,,,,,
diagnostic_candidate,True,0002002162-000040,0002002162-000040,0002002162-000040,BR_00000006,BR_00000001,numeric-chain-000014,12,14,168,1450,0.65,770,810,DC51D+Z,IF钢,SPHETI-3,软钢,normal_real,,,,,,
diagnostic_candidate,True,0002002185-000070,0002002185-000070,0002002185-000070,BR_00000006,BR_00000001,numeric-chain-000014,12,15,92,1375,0.65,770,810,DC51D+Z,IF钢,SPHETI-3,软钢,normal_real,,,,,,
diagnostic_candidate,True,0002002024-000070,0002002024-000070,0002002024-000070,BR_00000001,BR_00000001,numeric-chain-000014,12,16,6.04,1360,0.7,770,810,DC51D+Z,普碳,SPHC,软钢,normal_real,,,,,,
diagnostic_candidate,True,0002002176-000100,0002002176-000100,0002002176-000100,BR_00000006,BR_00000001,numeric-chain-000014,12,17,23,1358,0.7,770,810,DC51D+Z,普碳,SPHC,软钢,normal_real,,,,,,
diagnostic_candidate,True,0030125207-000070,0030125207-000070,0030125207-000070,BR_00000006,BR_00000001,numeric-chain-000014,12,18,24,1349,0.9,770,810,DC51D+Z,深冲钢（PD）,SPHCQ,软钢,normal_real,,,,,,
diagnostic_candidate,True,0002002202-000130,0002002202-000130,0002002202-000130,BR_00000006,BR_00000001,numeric-chain-000014,12,19,23,1341,1,770,810,DC51D+Z,IF钢,SPHETI-3,软钢,normal_real,,,,,,
diagnostic_candidate,True,0002002185-000120,0002002185-000120,0002002185-000120,BR_00000006,BR_00000001,numeric-chain-000014,12,20,23,1333,0.8,770,810,DC51D+Z,IF钢,SPHETI-3,软钢,normal_real,,,,,,
diagnostic_candidate,True,0030124735-000090,0030124735-000090,0030124735-000090,BR_00000006,BR_00000001,numeric-chain-000014,12,21,24,1325,0.7,700,840,DX51D+Z,普碳,SPHC,软钢,actual_transition,,,,,,
diagnostic_candidate,True,0030117110-000020,0030117110-000020,0030117110-000020,BR_00000001,BR_00000001,numeric-chain-000014,12,22,21.51,1312,0.75,830,850,CR3,IF钢,SPHETI-36,软钢,normal_real,,,,,,
diagnostic_candidate,True,0030122759-000020,0030122759-000020,0030122759-000020,BR_00000006,BR_00000001,numeric-chain-000014,12,23,22,1312,0.75,830,850,CR3,IF钢,SPHETI-36,软钢,normal_real,,,,,,
diagnostic_candidate,True,0030125150-000020,0030125150-000020,0030125150-000020,BR_00000006,BR_00000001,numeric-chain-000014,12,24,24,1305,0.7,820,840,DC53D+Z,IF钢,SPHETI-5,软钢,normal_real,,,,,,
diagnostic_candidate,True,0002002180-000360,0002002180-000360,0002002180-000360,BR_00000006,BR_00000001,numeric-chain-000014,12,25,17.08,1300,0.65,810,830,180YD+Z,加磷高强、烘烤硬化钢,H180YD,软钢,normal_real,,,,,,
diagnostic_candidate,True,0030124735-000120,0030124735-000120,0030124735-000120,BR_00000006,BR_00000001,numeric-chain-000014,12,26,24,1300,0.65,820,840,DX53D+Z,IF钢,SPHETI-5,软钢,normal_real,,,,,,
diagnostic_candidate,True,0002002170-000340,0002002170-000340,0002002170-000340,BR_00000006,BR_00000001,numeric-chain-000014,12,27,23,1280,0.65,830,850,DC54D+Z,IF钢,SPHETI-3,软钢,normal_real,,,,,,
diagnostic_candidate,True,0002002053-000130,0002002053-000130,0002002053-000130,BR_00000001,BR_00000001,numeric-chain-000014,12,28,23,1250,0.6,820,840,DX53D+Z-MD,IF钢,SPHETI-5,软钢,normal_real,,,,,,
diagnostic_candidate,True,0030122897-000090,0030122897-000090,0030122897-000090,BR_00000006,BR_00000001,numeric-chain-000014,12,29,48,1250,0.6,700,840,DC51D+Z,普碳,SPHC,软钢,actual_transition,,,,,,
diagnostic_candidate,True,0030122897-000100,0030122897-000100,0030122897-000100,BR_00000006,BR_00000001,numeric-chain-000014,12,30,96,1250,0.75,700,840,DC51D+Z,普碳,SPHC,软钢,actual_transition,,,,,,
diagnostic_candidate,True,0030124081-000010,0030124081-000010,0030124081-000010,BR_00000006,BR_00000001,numeric-chain-000014,12,31,48,1250,0.75,700,840,DC51D+Z,普碳,SPHC,软钢,actual_transition,,,,,,
diagnostic_candidate,True,0030124824-000030,0030124824-000030,0030124824-000030,BR_00000006,BR_00000001,numeric-chain-000014,12,32,37.29,1250,0.75,730,750,DX51D+Z,普碳,SPHC,软钢,normal_real,,,,,,
diagnostic_candidate,True,0010019881-000010,0010019881-000010,0010019881-000010,BR_00000006,BR_00000001,numeric-chain-000014,12,33,24,1250,0.8,700,840,DC51D+Z,普碳,SPHC,软钢,actual_transition,,,,,,
diagnostic_candidate,True,0030122897-000040,0030122897-000040,0030122897-000040,BR_00000006,BR_00000001,numeric-chain-000014,12,34,24,1250,1,700,840,DC51D+Z,普碳,SPHC,软钢,actual_transition,,,,,,
diagnostic_candidate,True,0030123916-000030,0030123916-000030,0030123916-000030,BR_00000006,BR_00000001,numeric-chain-000014,12,35,69,1250,1,700,840,DC51D+Z,普碳,SPHC,软钢,actual_transition,,,,,,
diagnostic_candidate,True,0030124800-000010,0030124800-000010,0030124800-000010,BR_00000006,BR_00000001,numeric-chain-000014,12,36,24,1240,1,770,810,DX52D+Z,深冲钢（PD）,SPHCQ,软钢,normal_real,,,,,,
diagnostic_candidate,True,0030125184-000010,0030125184-000010,0030125184-000010,BR_00000006,BR_00000001,numeric-chain-000014,12,37,48,1183,1,790,810,HC220YD+Z,加磷高强、烘烤硬化钢,H220Y,软钢,normal_real,,,,,,
diagnostic_candidate,True,0030124440-000030,0030124440-000030,0030124440-000030,BR_00000006,BR_00000001,numeric-chain-000014,12,38,24,1155,0.9,770,810,DX52D+Z,深冲钢（PD）,SPHCQ,软钢,normal_real,,,,,,
diagnostic_candidate,True,0002002202-000210,0002002202-000210,0002002202-000210,BR_00000006,BR_00000001,numeric-chain-000014,12,39,8.21,1155,1,770,810,DC51D+Z,普碳,SPHC,软钢,normal_real,,,,,,
diagnostic_candidate,True,0002002202-000220,0002002202-000220,0002002202-000220,BR_00000006,BR_00000001,numeric-chain-000014,12,40,23,1115,1.2,770,810,DC51D+Z,普碳,SPHC,软钢,normal_real,,,,,,
diagnostic_candidate,True,0002002185-000010,0002002185-000010,0002002185-000010,BR_00000006,BR_00000001,numeric-chain-000014,12,41,23,1113,1.2,770,810,DC51D+Z,普碳,SPHC,软钢,normal_real,,,,,,
diagnostic_candidate,True,0002002169-000010,0002002169-000010,0002002169-000010,BR_00000006,BR_00000001,numeric-chain-000014,12,42,25,1090,1.4,770,810,DC51D+Z,普碳,SPHC,软钢,normal_real,,,,,,
diagnostic_candidate,True,0002002202-000010,0002002202-000010,0002002202-000010,BR_00000006,BR_00000001,numeric-chain-000014,12,43,19,1085,1.4,770,810,DC51D+Z,普碳,SPHC,软钢,normal_real,,,,,,
diagnostic_candidate,True,0002002202-000240,0002002202-000240,0002002202-000240,BR_00000006,BR_00000001,numeric-chain-000014,12,44,19,1065,1.4,770,810,DC51D+Z,IF钢,SPHETI-3,软钢,normal_real,,,,,,
diagnostic_candidate,True,0002002202-000300,0002002202-000300,0002002202-000300,BR_00000006,BR_00000001,numeric-chain-000014,12,45,30,1030,1.6,770,810,DC51D+Z,IF钢,SPHETI-3,软钢,normal_real,,,,,,
diagnostic_candidate,True,0002002202-000230,0002002202-000230,0002002202-000230,BR_00000006,BR_00000001,numeric-chain-000014,12,46,19,1020,1.4,770,810,DC51D+Z,IF钢,SPHETI-3,软钢,normal_real,,,,,,
diagnostic_candidate,True,0002002180-000060,0002002180-000060,0002002180-000060,BR_00000006,BR_00000001,numeric-chain-000014,12,47,20,921,1.2,770,810,DC51D+Z,IF钢,SPHETI-3,软钢,normal_real,,,,,,
diagnostic_candidate,True,0030124871-000080,0030124871-000080,0030124871-000080,BR_00000006,BR_00000001,numeric-chain-000007,13,1,60,1575,0.95,710,730,DX51D+Z,普碳,SPHC,软钢,normal_real,,,,,,
diagnostic_candidate,True,0030124871-000140,0030124871-000140,0030124871-000140,BR_00000006,BR_00000001,numeric-chain-000007,13,2,30,1550,0.95,710,730,DX51D+Z,普碳,SPHC,软钢,normal_real,,,,,,
diagnostic_candidate,True,0010019881-000030,0010019881-000030,0010019881-000030,BR_00000006,BR_00000001,numeric-chain-000007,13,3,26,1500,0.95,700,840,DC51D+Z,普碳,SPHC,软钢,actual_transition,,,,,,
diagnostic_candidate,True,0010020206-000100,0010020206-000100,0010020206-000100,BR_00000006,BR_00000001,numeric-chain-000007,13,4,95.94,1500,1,700,840,DC51D+Z,普碳,SPHC,软钢,actual_transition,,,,,,
diagnostic_candidate,True,0002002195-000190,0002002195-000190,0002002195-000190,BR_00000006,BR_00000001,numeric-chain-000007,13,5,24,1500,1,830,850,DC54D+Z,IF钢,SPHETI-3,软钢,normal_real,,,,,,
diagnostic_candidate,True,0010020206-000110,0010020206-000110,0010020206-000110,BR_00000006,BR_00000001,numeric-chain-000007,13,6,117.45,1500,1.2,700,840,DC51D+Z,普碳,SPHC,软钢,actual_transition,,,,,,
diagnostic_candidate,True,0030120817-000050,0030120817-000050,0030120817-000050,BR_00000003,BR_00000001,numeric-chain-000007,13,7,50,1480,1.2,785,815,HC420/780DPD+Z,顶级牌号780以上,W780X,硬钢,normal_real,,,,,,
diagnostic_candidate,True,0030124735-000110,0030124735-000110,0030124735-000110,BR_00000006,BR_00000001,numeric-chain-000007,13,8,24,1350,1.4,700,840,DX51D+Z,普碳,SPHC,软钢,actual_transition,,,,,,
diagnostic_candidate,True,0030124735-000070,0030124735-000070,0030124735-000070,BR_00000006,BR_00000001,numeric-chain-000007,13,9,24,1350,1.4,805,825,HC260YD+Z,加磷高强、烘烤硬化钢,H260Y,软钢,normal_real,,,,,,
diagnostic_candidate,True,0030121501-000010,0030121501-000010,0030121501-000010,BR_00000001,BR_00000001,numeric-chain-000007,13,10,25.11,1330,1.2,800,820,HC260YD+Z,加磷高强、烘烤硬化钢,H260Y,软钢,normal_real,,,,,,
diagnostic_candidate,True,0010020206-000080,0010020206-000080,0010020206-000080,BR_00000006,BR_00000001,numeric-chain-000007,13,11,122.45,1250,1,700,840,DC51D+Z,普碳,SPHC,软钢,actual_transition,,,,,,
diagnostic_candidate,True,0002002054-000230,0002002054-000230,0002002054-000230,BR_00000001,BR_00000001,numeric-chain-000007,13,12,2.05,1236,1,820,840,DX53D+Z-CD,IF钢,SPHETI-5,软钢,normal_real,,,,,,
diagnostic_candidate,True,0002002053-000150,0002002053-000150,0002002053-000150,BR_00000001,BR_00000001,numeric-chain-000007,13,13,18.76,1219,0.8,815,835,DX51D+Z-MD,普碳,SPHC,软钢,normal_real,,,,,,
diagnostic_candidate,True,0030124871-000010,0030124871-000010,0030124871-000010,BR_00000006,BR_00000001,numeric-chain-000007,13,14,25,1200,0.75,820,840,DX53D+Z,IF钢,SPHETI-5,软钢,normal_real,,,,,,
diagnostic_candidate,True,virtual-000002,,,,BR_00000001,numeric-chain-000007,13,15,20.00,1250,0.60,770,840,SPHC,,SPHC,,virtual_sphc,,"{""accepted_sequence"":2,""prototype_id"":""virtual_sphc:1250x0.6"",""purpose"":""edge_bridge"",""related_partition_id"":null}",,,,
diagnostic_candidate,True,0002002195-000070,0002002195-000070,0002002195-000070,BR_00000006,BR_00000001,numeric-chain-000007,13,16,145,1148,0.65,770,810,DC51D+Z,IF钢,SPHETI-3,软钢,normal_real,,,,,,
diagnostic_candidate,True,0030120974-000030,0030120974-000030,0030120974-000030,BR_00000002,BR_00000001,numeric-chain-000007,13,17,23,1130,0.8,790,810,HC260YD+Z,加磷高强、烘烤硬化钢,H260Y,软钢,normal_real,,,,,,
diagnostic_candidate,True,0002002170-000080,0002002170-000080,0002002170-000080,BR_00000006,BR_00000001,numeric-chain-000007,13,18,23,1128,1,770,810,DC51D+Z,普碳,SPHC,软钢,normal_real,,,,,,
diagnostic_candidate,True,0030124440-000020,0030124440-000020,0030124440-000020,BR_00000006,BR_00000001,numeric-chain-000007,13,19,23,1125,0.9,770,810,DX52D+Z,深冲钢（PD）,SPHCQ,软钢,normal_real,,,,,,
diagnostic_candidate,True,0002002169-000030,0002002169-000030,0002002169-000030,BR_00000006,BR_00000001,numeric-chain-000007,13,20,30,1120,0.7,770,810,DC51D+Z,普碳,SPHC,软钢,normal_real,,,,,,
diagnostic_candidate,True,0002002202-000140,0002002202-000140,0002002202-000140,BR_00000006,BR_00000001,numeric-chain-000007,13,21,23,1110,0.7,770,810,DC51D+Z,IF钢,SPHETI-3,软钢,normal_real,,,,,,
diagnostic_candidate,True,0030125207-000040,0030125207-000040,0030125207-000040,BR_00000006,BR_00000001,numeric-chain-000007,13,22,46,1103,0.7,770,810,DC51D+Z,深冲钢（PD）,SPHCQ,软钢,normal_real,,,,,,
diagnostic_candidate,True,0002002202-000160,0002002202-000160,0002002202-000160,BR_00000006,BR_00000001,numeric-chain-000007,13,23,19,1085,0.7,770,810,DC51D+Z,IF钢,SPHETI-3,软钢,normal_real,,,,,,
diagnostic_candidate,True,0002002176-000200,0002002176-000200,0002002176-000200,BR_00000006,BR_00000001,numeric-chain-000007,13,24,15,1080,0.6,770,810,DC51D+Z,普碳,SPHC,软钢,normal_real,,,,,,
diagnostic_candidate,True,0002002202-000170,0002002202-000170,0002002202-000170,BR_00000006,BR_00000001,numeric-chain-000007,13,25,19,1080,0.7,770,810,DC51D+Z,IF钢,SPHETI-3,软钢,normal_real,,,,,,
diagnostic_candidate,True,0030117933-000010,0030117933-000010,0030117933-000010,BR_00000001,BR_00000001,numeric-chain-000007,13,26,10.9,1075,0.7,700,840,DX51D+Z,普碳,SPHC,软钢,normal_real,,,,,,
diagnostic_candidate,True,0030121690-000040,0030121690-000040,0030121690-000040,BR_00000002,BR_00000001,numeric-chain-000007,13,27,11.87,1070,0.67,820,840,HC220BD+Z,加磷高强、烘烤硬化钢,H220BH4,软钢,normal_real,,,,,,
diagnostic_candidate,True,0030120757-000020,0030120757-000020,0030120757-000020,BR_00000001,BR_00000001,numeric-chain-000007,13,28,17.37,1044,0.7,830,850,DC54D+Z,IF钢,SPHETI-5,软钢,normal_real,,,,,,
diagnostic_candidate,True,0030122480-000080,0030122480-000080,0030122480-000080,BR_00000006,BR_00000001,numeric-chain-000007,13,29,69,1060,0.65,830,850,DX53D+Z,IF钢,SPHETI-5,软钢,normal_real,,,,,,
diagnostic_candidate,True,0030122480-000110,0030122480-000110,0030122480-000110,BR_00000006,BR_00000001,numeric-chain-000007,13,30,110,1040,0.7,830,850,DX53D+Z,IF钢,SPHETI-5,软钢,normal_real,,,,,,
diagnostic_candidate,True,0030118799-000010,0030118799-000010,0030118799-000010,BR_00000001,BR_00000001,numeric-chain-000007,13,31,7.55,1010,0.65,820,840,HC180BD+Z,加磷高强、烘烤硬化钢,H180BH1,软钢,normal_real,,,,,,
diagnostic_candidate,True,0030124437-000020,0030124437-000020,0030124437-000020,BR_00000006,BR_00000001,numeric-chain-000007,13,32,22,1003,0.8,830,850,DC54D+Z,IF钢,SPHETI-5,软钢,normal_real,,,,,,
diagnostic_candidate,True,0030120745-000010,0030120745-000010,0030120745-000010,BR_00000001,BR_00000001,numeric-chain-000007,13,33,12.99,865,0.8,830,850,DX53D+Z,IF钢,SPHETI-5,软钢,normal_real,,,,,,
diagnostic_candidate,True,0030122080-000010,0030122080-000010,0030122080-000010,BR_00000003,BR_00000001,numeric-chain-000007,13,34,14.4,865,0.8,830,850,DX53D+Z,IF钢,SPHETI-5,软钢,normal_real,,,,,,
diagnostic_candidate,True,0030119860-000010,0030119860-000010,0030119860-000010,BR_00000001,BR_00000001,numeric-chain-000012,14,1,38.27,1360,0.7,820,840,DC53D+Z,IF钢,SPHETI-5,软钢,normal_real,,,,,,
diagnostic_candidate,True,0002002184-000010,0002002184-000010,0002002184-000010,BR_00000006,BR_00000001,numeric-chain-000012,14,2,23,1354,0.65,830,850,DC56D+Z,IF钢,SPHETI-3,软钢,normal_real,,,,,,
diagnostic_candidate,True,0030118802-000010,0030118802-000010,0030118802-000010,BR_00000001,BR_00000001,numeric-chain-000012,14,3,14.77,1350,0.6,820,840,HC180BD+Z,加磷高强、烘烤硬化钢,H180BH1,软钢,normal_real,,,,,,
diagnostic_candidate,True,0002002184-000040,0002002184-000040,0002002184-000040,BR_00000006,BR_00000001,numeric-chain-000012,14,4,92,1354,0.7,830,850,DC56D+Z,IF钢,SPHETI-3,软钢,normal_real,,,,,,
diagnostic_candidate,True,0030125207-000110,0030125207-000110,0030125207-000110,BR_00000006,BR_00000001,numeric-chain-000012,14,5,24,1353,0.7,830,850,DC53D+Z,IF钢,SPHETI-3,软钢,normal_real,,,,,,
diagnostic_candidate,True,0030123255-000010,0030123255-000010,0030123255-000010,BR_00000006,BR_00000001,numeric-chain-000012,14,6,92,1350,0.6,820,840,HC180BD+Z,加磷高强、烘烤硬化钢,H180BH1,软钢,normal_real,,,,,,
diagnostic_candidate,True,0002002176-000240,0002002176-000240,0002002176-000240,BR_00000006,BR_00000001,numeric-chain-000012,14,7,69,1335,0.65,820,840,DC53D+Z,IF钢,SPHETI-3,软钢,normal_real,,,,,,
diagnostic_candidate,True,0030123141-000020,0030123141-000020,0030123141-000020,BR_00000006,BR_00000001,numeric-chain-000012,14,8,100,1330,0.65,830,850,SCG4+Z,IF钢,SPHETI-3,软钢,normal_real,,,,,,
diagnostic_candidate,True,0002002162-000110,0002002162-000110,0002002162-000110,BR_00000006,BR_00000001,numeric-chain-000012,14,9,24,1305,0.65,830,850,DC53D+Z,IF钢,SPHETI-3,软钢,normal_real,,,,,,
diagnostic_candidate,True,0030124683-000020,0030124683-000020,0030124683-000020,BR_00000006,BR_00000001,numeric-chain-000012,14,10,48,1305,0.7,820,840,DC53D+Z,IF钢,SPHETI-5,软钢,normal_real,,,,,,
diagnostic_candidate,True,0030123654-000030,0030123654-000030,0030123654-000030,BR_00000006,BR_00000001,numeric-chain-000012,14,11,24,1304,0.7,830,850,DX53D+Z1,IF钢,SPHETI-5,软钢,normal_real,,,,,,
diagnostic_candidate,True,0030123653-000060,0030123653-000060,0030123653-000060,BR_00000006,BR_00000001,numeric-chain-000012,14,12,96,1260,0.8,700,840,DC51D+Z,普碳,SPHC,软钢,normal_real,,,,,,
diagnostic_candidate,True,0030124871-000030,0030124871-000030,0030124871-000030,BR_00000006,BR_00000001,numeric-chain-000012,14,13,20,1250,0.95,710,730,DX51D+Z,普碳,SPHC,软钢,normal_real,,,,,,
diagnostic_candidate,True,0030124735-000100,0030124735-000100,0030124735-000100,BR_00000006,BR_00000001,numeric-chain-000012,14,14,24,1250,1,700,840,DX51D+Z,普碳,SPHC,软钢,actual_transition,,,,,,
diagnostic_candidate,True,0030124871-000060,0030124871-000060,0030124871-000060,BR_00000006,BR_00000001,numeric-chain-000012,14,15,300,1250,1.15,820,840,DX53D+Z,IF钢,SPHETI-5,软钢,normal_real,,,,,,
diagnostic_candidate,True,0010020206-000090,0010020206-000090,0010020206-000090,BR_00000006,BR_00000001,numeric-chain-000012,14,16,52.98,1250,1.2,700,840,DC51D+Z,普碳,SPHC,软钢,actual_transition,,,,,,
diagnostic_candidate,True,0030122488-000020,0030122488-000020,0030122488-000020,BR_00000006,BR_00000001,numeric-chain-000012,14,17,96,1250,1.25,770,810,DC52D+Z,深冲钢（PD）,SPHCQ,软钢,normal_real,,,,,,
diagnostic_candidate,True,0002002202-000110,0002002202-000110,0002002202-000110,BR_00000006,BR_00000001,numeric-chain-000012,14,18,23,1218,1.2,770,810,DC51D+Z,普碳,SPHC,软钢,normal_real,,,,,,
diagnostic_candidate,True,0002002185-000090,0002002185-000090,0002002185-000090,BR_00000006,BR_00000001,numeric-chain-000012,14,19,1.97,1215,1.2,770,810,DC51D+Z,普碳,SPHC,软钢,normal_real,,,,,,
diagnostic_candidate,True,0030124440-000040,0030124440-000040,0030124440-000040,BR_00000006,BR_00000001,numeric-chain-000012,14,20,24,1206,1.3,700,840,DC51D+Z,普碳,SPHC,软钢,normal_real,,,,,,
diagnostic_candidate,True,0030119597-000010,0030119597-000010,0030119597-000010,BR_00000001,BR_00000001,numeric-chain-000012,14,21,7.08,1155,1.2,830,850,DC54D+Z,IF钢,SPHETI-5,软钢,normal_real,,,,,,
diagnostic_candidate,True,0030118261-000010,0030118261-000010,0030118261-000010,BR_00000001,BR_00000001,numeric-chain-000012,14,22,57.02,1145,1,830,850,HDX53D+Z-SN,IF钢,SPHETI-3,软钢,normal_real,,,,,,
diagnostic_candidate,True,0030125147-000020,0030125147-000020,0030125147-000020,BR_00000006,BR_00000001,numeric-chain-000012,14,23,23,1145,1,820,840,DC53D+Z,IF钢,SPHETI-5,软钢,normal_real,,,,,,
diagnostic_candidate,True,0030123508-000010,0030123508-000010,0030123508-000010,BR_00000006,BR_00000001,numeric-chain-000012,14,24,138,1145,1,830,850,HDX53D+Z-SN,IF钢,SPHETI-3,软钢,normal_real,,,,,,
diagnostic_candidate,True,0030124170-000010,0030124170-000010,0030124170-000010,BR_00000006,BR_00000001,numeric-chain-000012,14,25,69,1145,1,830,850,HDX53D+Z-SN,IF钢,SPHETI-3,软钢,normal_real,,,,,,
diagnostic_candidate,True,0005000571-000020,0005000571-000020,0005000571-000020,BR_00000006,BR_00000001,numeric-chain-000012,14,26,7,1135,1.2,830,850,CR4,IF钢,SPHETI-36,软钢,normal_real,,,,,,
diagnostic_candidate,True,0002002184-000090,0002002184-000090,0002002184-000090,BR_00000006,BR_00000001,numeric-chain-000012,14,27,30,1134,1,830,850,DC56D+Z,IF钢,SPHETI-3,软钢,normal_real,,,,,,
diagnostic_candidate,True,0005000547-000400,0005000547-000400,0005000547-000400,BR_00000001,BR_00000001,numeric-chain-000012,14,28,20,1100,0.8,830,850,CR180BH,加磷高强、烘烤硬化钢,H180BH,软钢,normal_real,,,,,,
diagnostic_candidate,True,0005000563-000290,0005000563-000290,0005000563-000290,BR_00000006,BR_00000001,numeric-chain-000012,14,29,20,1100,0.8,830,850,CR180BH,加磷高强、烘烤硬化钢,H180BH,软钢,normal_real,,,,,,
diagnostic_candidate,True,0030124574-000010,0030124574-000010,0030124574-000010,BR_00000006,BR_00000001,numeric-chain-000012,14,30,23,1100,1,700,840,DC51D+Z,普碳,SPHC,软钢,actual_transition,,,,,,
diagnostic_candidate,True,0030124824-000010,0030124824-000010,0030124824-000010,BR_00000006,BR_00000001,numeric-chain-000012,14,31,20,1060,0.95,710,730,DX51D+Z,普碳,SPHC,软钢,normal_real,,,,,,
diagnostic_candidate,True,0002002185-000030,0002002185-000030,0002002185-000030,BR_00000006,BR_00000001,numeric-chain-000024,15,1,23,1373,1.6,770,810,DC51D+Z,IF钢,SPHETI-3,软钢,normal_real,,,,,,
diagnostic_candidate,True,0002002170-000040,0002002170-000040,0002002170-000040,BR_00000006,BR_00000001,numeric-chain-000024,15,2,23,1251,1.8,770,810,DC51D+Z,普碳,SPHC,软钢,normal_real,,,,,,
diagnostic_candidate,True,0030123653-000010,0030123653-000010,0030123653-000010,BR_00000006,BR_00000001,numeric-chain-000024,15,3,96,1225,1.5,700,840,DC51D+Z,普碳,SPHC,软钢,normal_real,,,,,,
diagnostic_candidate,True,0030121432-000010,0030121432-000010,0030121432-000010,BR_00000002,BR_00000001,numeric-chain-000024,15,4,48,1235,1.35,795,815,HC220YD+Z,加磷高强、烘烤硬化钢,H220Y,软钢,normal_real,,,,,,
diagnostic_candidate,True,0010019881-000040,0010019881-000040,0010019881-000040,BR_00000006,BR_00000001,numeric-chain-000024,15,5,96,1250,1.45,700,840,DC51D+Z,普碳,SPHC,软钢,actual_transition,,,,,,
diagnostic_candidate,True,0002002195-000090,0002002195-000090,0002002195-000090,BR_00000006,BR_00000001,numeric-chain-000024,15,6,48,1200,1.6,795,815,220YD+Z,加磷高强、烘烤硬化钢,H220Y,软钢,normal_real,,,,,,
diagnostic_candidate,True,0002002185-000020,0002002185-000020,0002002185-000020,BR_00000006,BR_00000001,numeric-chain-000024,15,7,23,1190,1.6,770,810,DC51D+Z,IF钢,SPHETI-3,软钢,normal_real,,,,,,
diagnostic_candidate,True,0002002185-000040,0002002185-000040,0002002185-000040,BR_00000006,BR_00000001,numeric-chain-000024,15,8,40,1165,1.6,770,810,DC51D+Z,IF钢,SPHETI-3,软钢,normal_real,,,,,,
diagnostic_candidate,True,0002002202-000120,0002002202-000120,0002002202-000120,BR_00000006,BR_00000001,numeric-chain-000024,15,9,23,1163,1.4,770,810,DC51D+Z,IF钢,SPHETI-3,软钢,normal_real,,,,,,
diagnostic_candidate,True,0002002006-000190,0002002006-000190,0002002006-000190,BR_00000001,BR_00000001,numeric-chain-000024,15,10,7.7,1152,1.2,770,810,DC51D+Z,IF钢,SPHETI-3,软钢,normal_real,,,,,,
diagnostic_candidate,True,0030124683-000050,0030124683-000050,0030124683-000050,BR_00000006,BR_00000001,numeric-chain-000024,15,11,23,1140,1.2,795,815,HC220YD+Z,加磷高强、烘烤硬化钢,H220Y,软钢,normal_real,,,,,,
diagnostic_candidate,True,0030125170-000010,0030125170-000010,0030125170-000010,BR_00000006,BR_00000001,numeric-chain-000024,15,12,20,1070,1.2,795,815,HC220YD+Z-GL,加磷高强、烘烤硬化钢,H220Y,,normal_real,,,,,,
diagnostic_candidate,True,0030124207-000010,0030124207-000010,0030124207-000010,BR_00000006,BR_00000001,numeric-chain-000024,15,13,24,1000,1.2,700,840,DC51D+Z,普碳,SPHC,软钢,actual_transition,,,,,,
diagnostic_candidate,True,0030124826-000010,0030124826-000010,0030124826-000010,BR_00000006,BR_00000001,numeric-chain-000024,15,14,40,1000,1.15,710,730,DX51D+Z,普碳,SPHC,软钢,normal_real,,,,,,
diagnostic_candidate,True,0030122898-000020,0030122898-000020,0030122898-000020,BR_00000006,BR_00000001,numeric-chain-000024,15,15,19.26,1000,1.2,700,840,DC51D+Z,普碳,SPHC,软钢,actual_transition,,,,,,
diagnostic_candidate,True,0005000563-000220,0005000563-000220,0005000563-000220,BR_00000006,BR_00000001,numeric-chain-000024,15,16,18.22,928,1.2,820,840,CR210BH,加磷高强、烘烤硬化钢,H220BH,软钢,normal_real,,,,,,
diagnostic_candidate,True,0030122760-000020,0030122760-000020,0030122760-000020,BR_00000006,BR_00000001,numeric-chain-000024,15,17,18.35,914,1.5,830,850,CR180BH,加磷高强、烘烤硬化钢,H180BH,软钢,normal_real,,,,,,
diagnostic_candidate,True,0005000563-000240,0005000563-000240,0005000563-000240,BR_00000006,BR_00000001,numeric-chain-000024,15,18,16,900,1.2,830,850,CR3,IF钢,SPHETI-36,软钢,normal_real,,,,,,
diagnostic_candidate,True,0030125097-000010,0030125097-000010,0030125097-000010,BR_00000006,BR_00000001,numeric-chain-000024,15,19,7.65,870,1.2,830,850,DC56D+Z,IF钢,SPHETI-3,软钢,normal_real,,,,,,
diagnostic_candidate,True,0002002184-000200,0002002184-000200,0002002184-000200,BR_00000006,BR_00000001,numeric-chain-000024,15,20,91.34,830,1,830,850,DC56D+Z,IF钢,SPHETI-3,软钢,normal_real,,,,,,
diagnostic_candidate,True,0030124871-000100,0030124871-000100,0030124871-000100,BR_00000006,BR_00000001,numeric-chain-000017,16,1,210,1585,0.75,730,750,DX51D+Z,普碳,SPHC,软钢,normal_real,,,,,,
diagnostic_candidate,True,0030124871-000090,0030124871-000090,0030124871-000090,BR_00000006,BR_00000001,numeric-chain-000017,16,2,70,1550,0.75,730,750,DX51D+Z,普碳,SPHC,软钢,normal_real,,,,,,
diagnostic_candidate,True,0030124871-000110,0030124871-000110,0030124871-000110,BR_00000006,BR_00000001,numeric-chain-000017,16,3,140,1460,0.6,730,750,DX51D+Z,普碳,SPHC,软钢,normal_real,,,,,,
diagnostic_candidate,True,0010019718-000030,0010019718-000030,0010019718-000030,BR_00000006,BR_00000001,numeric-chain-000017,16,4,131.46,1400,0.5,700,840,DC51D+Z,普碳,SPHC,软钢,actual_transition,,,,,,
diagnostic_candidate,True,0002002176-000140,0002002176-000140,0002002176-000140,BR_00000006,BR_00000001,numeric-chain-000017,16,5,23,1380,0.6,770,810,DC51D+Z,普碳,SPHC,软钢,normal_real,,,,,,
diagnostic_candidate,True,0002002180-000040,0002002180-000040,0002002180-000040,BR_00000006,BR_00000001,numeric-chain-000017,16,6,20,1363,0.6,770,810,DC51D+Z,IF钢,SPHETI-3,软钢,normal_real,,,,,,
diagnostic_candidate,True,0002002195-000230,0002002195-000230,0002002195-000230,BR_00000006,BR_00000001,numeric-chain-000017,16,7,24,1355,0.65,770,810,DC51D+Z,普碳,SPHC,软钢,normal_real,,,,,,
diagnostic_candidate,True,0002002185-000100,0002002185-000100,0002002185-000100,BR_00000006,BR_00000001,numeric-chain-000017,16,8,23,1335,0.65,770,810,DC51D+Z,IF钢,SPHETI-3,软钢,normal_real,,,,,,
diagnostic_candidate,True,0002002195-000120,0002002195-000120,0002002195-000120,BR_00000006,BR_00000001,numeric-chain-000017,16,9,72,1315,0.65,770,810,DC51D+Z,普碳,SPHC,软钢,normal_real,,,,,,
diagnostic_candidate,True,0002002170-000270,0002002170-000270,0002002170-000270,BR_00000006,BR_00000001,numeric-chain-000017,16,10,46,1290,0.65,770,810,DC51D+Z,IF钢,SPHETI-3,软钢,normal_real,,,,,,
diagnostic_candidate,True,0030118006-000020,0030118006-000020,0030118006-000020,BR_00000001,BR_00000001,numeric-chain-000017,16,11,29.28,1240,0.6,700,840,DC51D+Z,普碳,SPHC,软钢,normal_real,,,,,,
diagnostic_candidate,True,0002002170-000330,0002002170-000330,0002002170-000330,BR_00000006,BR_00000001,numeric-chain-000017,16,12,23,1260,0.65,770,810,DC51D+Z,IF钢,SPHETI-3,软钢,normal_real,,,,,,
diagnostic_candidate,True,0030122897-000070,0030122897-000070,0030122897-000070,BR_00000006,BR_00000001,numeric-chain-000017,16,13,24,1250,0.75,700,840,DC51D+Z,普碳,SPHC,软钢,actual_transition,,,,,,
diagnostic_candidate,True,0030122086-000010,0030122086-000010,0030122086-000010,BR_00000003,BR_00000001,numeric-chain-000017,16,14,48,1220,0.65,830,850,DC56D+Z,IF钢,SPHETI-3,软钢,normal_real,,,,,,
diagnostic_candidate,True,0002002176-000160,0002002176-000160,0002002176-000160,BR_00000006,BR_00000001,numeric-chain-000017,16,15,13.76,1220,0.65,830,850,DC53D+Z,IF钢,SPHETI-3,软钢,normal_real,,,,,,
diagnostic_candidate,True,0002002184-000080,0002002184-000080,0002002184-000080,BR_00000006,BR_00000001,numeric-chain-000017,16,16,23,1220,0.8,830,850,DC56D+Z,IF钢,SPHETI-3,软钢,normal_real,,,,,,
diagnostic_candidate,True,0002002170-000420,0002002170-000420,0002002170-000420,BR_00000006,BR_00000001,numeric-chain-000017,16,17,23,1218,0.65,830,850,DC54D+Z,IF钢,SPHETI-3,软钢,normal_real,,,,,,
diagnostic_candidate,True,0030124772-000020,0030124772-000020,0030124772-000020,BR_00000006,BR_00000001,numeric-chain-000017,16,18,24,1200,0.65,820,840,DC53D+Z,IF钢,SPHETI-5,软钢,normal_real,,,,,,
diagnostic_candidate,True,0002002195-000080,0002002195-000080,0002002195-000080,BR_00000006,BR_00000001,numeric-chain-000017,16,19,190,1195,0.65,830,850,DC53D+Z,IF钢,SPHETI-3,软钢,normal_real,,,,,,
diagnostic_candidate,True,0002002162-000100,0002002162-000100,0002002162-000100,BR_00000006,BR_00000001,numeric-chain-000017,16,20,24,1180,0.65,830,850,DC53D+Z,IF钢,SPHETI-3,软钢,normal_real,,,,,,
diagnostic_candidate,True,0030124772-000030,0030124772-000030,0030124772-000030,BR_00000006,BR_00000001,numeric-chain-000017,16,21,24,1180,0.7,820,840,DC53D+Z,IF钢,SPHETI-5,软钢,normal_real,,,,,,
diagnostic_candidate,True,0030117110-000010,0030117110-000010,0030117110-000010,BR_00000001,BR_00000001,numeric-chain-000017,16,22,13.2,1170,0.7,830,850,CR3,IF钢,SPHETI-36,软钢,normal_real,,,,,,
diagnostic_candidate,True,0030117932-000010,0030117932-000010,0030117932-000010,BR_00000001,BR_00000001,numeric-chain-000017,16,23,99.77,1162,0.6,700,840,DC51D+Z,普碳,SPHC,软钢,normal_real,,,,,,
diagnostic_candidate,True,0030124800-000070,0030124800-000070,0030124800-000070,BR_00000006,BR_00000001,numeric-chain-000017,16,24,23,1146,0.5,770,810,DX52D+Z,深冲钢（PD）,SPHCQ,软钢,normal_real,,,,,,
diagnostic_candidate,True,0002002176-000170,0002002176-000170,0002002176-000170,BR_00000006,BR_00000001,numeric-chain-000017,16,25,17,1145,0.6,770,810,DC51D+Z,IF钢,SPHETI-3,软钢,normal_real,,,,,,
diagnostic_candidate,True,0002002202-000060,0002002202-000060,0002002202-000060,BR_00000006,BR_00000001,numeric-chain-000017,16,26,46,1145,0.7,770,810,DC51D+Z,IF钢,SPHETI-3,软钢,normal_real,,,,,,
diagnostic_candidate,True,0002002170-000370,0002002170-000370,0002002170-000370,BR_00000006,BR_00000001,numeric-chain-000017,16,27,23,1130,0.7,770,810,DC51D+Z,IF钢,SPHETI-3,软钢,normal_real,,,,,,
diagnostic_candidate,True,0002002176-000180,0002002176-000180,0002002176-000180,BR_00000006,BR_00000001,numeric-chain-000017,16,28,15,1122,0.65,770,810,DC51D+Z,普碳,SPHC,软钢,normal_real,,,,,,
diagnostic_candidate,True,0002002185-000110,0002002185-000110,0002002185-000110,BR_00000006,BR_00000001,numeric-chain-000017,16,29,19,1097,0.65,770,810,DC51D+Z,IF钢,SPHETI-3,软钢,normal_real,,,,,,
diagnostic_candidate,True,0002002195-000060,0002002195-000060,0002002195-000060,BR_00000006,BR_00000001,numeric-chain-000017,16,30,61.96,1095,0.65,770,810,DC51D+Z,普碳,SPHC,软钢,normal_real,,,,,,
diagnostic_candidate,True,0002002202-000150,0002002202-000150,0002002202-000150,BR_00000006,BR_00000001,numeric-chain-000017,16,31,25,1095,0.7,770,810,DC51D+Z,IF钢,SPHETI-3,软钢,normal_real,,,,,,
diagnostic_candidate,True,0002002195-000170,0002002195-000170,0002002195-000170,BR_00000006,BR_00000001,numeric-chain-000017,16,32,24,1088,0.65,770,810,DC51D+Z,普碳,SPHC,软钢,normal_real,,,,,,
diagnostic_candidate,True,0030124800-000030,0030124800-000030,0030124800-000030,BR_00000006,BR_00000001,numeric-chain-000017,16,33,23,1084,0.8,770,810,DX52D+Z,深冲钢（PD）,SPHCQ,软钢,normal_real,,,,,,
diagnostic_candidate,True,0002002176-000070,0002002176-000070,0002002176-000070,BR_00000006,BR_00000001,numeric-chain-000017,16,34,100,1063,1,770,810,DC51D+Z,IF钢,SPHETI-3,软钢,normal_real,,,,,,
diagnostic_candidate,True,0030123143-000070,0030123143-000070,0030123143-000070,BR_00000006,BR_00000001,numeric-chain-000017,16,35,88,1060,1,800,820,SCG260Y+Z,加磷高强、烘烤硬化钢,H260Y,软钢,normal_real,,,,,,
diagnostic_candidate,True,0002002202-000200,0002002202-000200,0002002202-000200,BR_00000006,BR_00000001,numeric-chain-000017,16,36,19,1055,1,770,810,DC51D+Z,普碳,SPHC,软钢,normal_real,,,,,,
diagnostic_candidate,True,0002002202-000180,0002002202-000180,0002002202-000180,BR_00000006,BR_00000001,numeric-chain-000017,16,37,19,1015,1,770,810,DC51D+Z,普碳,SPHC,软钢,normal_real,,,,,,
diagnostic_candidate,True,0002002202-000100,0002002202-000100,0002002202-000100,BR_00000006,BR_00000001,numeric-chain-000017,16,38,19,1001,1.2,770,810,DC51D+Z,普碳,SPHC,软钢,normal_real,,,,,,
diagnostic_candidate,True,0002002180-000170,0002002180-000170,0002002180-000170,BR_00000006,BR_00000001,numeric-chain-000017,16,39,20,930,1,770,810,DC51D+Z,IF钢,SPHETI-3,软钢,normal_real,,,,,,
diagnostic_candidate,True,0030124731-000020,0030124731-000020,0030124731-000020,BR_00000006,BR_00000001,numeric-chain-000017,16,40,54,920,0.9,770,810,DC51D+Z,深冲钢（PD）,SPHCQ,软钢,normal_real,,,,,,
diagnostic_candidate,True,0002002170-000120,0002002170-000120,0002002170-000120,BR_00000006,BR_00000001,numeric-chain-000017,16,41,23,836,1,770,810,DC51D+Z,IF钢,SPHETI-3,软钢,normal_real,,,,,,
diagnostic_candidate,True,0002002193-000040,0002002193-000040,0002002193-000040,BR_00000006,BR_00000001,numeric-chain-000008,17,1,104,1665,0.7,830,850,DC53D+Z,IF钢,SPHETI-3,软钢,normal_real,,,,,,
diagnostic_candidate,True,0030123647-000010,0030123647-000010,0030123647-000010,BR_00000006,BR_00000001,numeric-chain-000008,17,2,6.15,1675,0.65,830,850,SCG4+Z,IF钢,SPHETI-3,软钢,normal_real,,,,,,
diagnostic_candidate,True,0002002193-000020,0002002193-000020,0002002193-000020,BR_00000006,BR_00000001,numeric-chain-000008,17,3,260,1640,0.8,830,850,DC53D+Z,IF钢,SPHETI-3,软钢,normal_real,,,,,,
diagnostic_candidate,True,0030123646-000010,0030123646-000010,0030123646-000010,BR_00000006,BR_00000001,numeric-chain-000008,17,4,12,1620,0.7,830,850,SCG4+Z,IF钢,SPHETI-3,软钢,normal_real,,,,,,
diagnostic_candidate,True,0002002170-000320,0002002170-000320,0002002170-000320,BR_00000006,BR_00000001,numeric-chain-000008,17,5,23,1515,0.7,830,850,DC53D+Z,IF钢,SPHETI-3,软钢,normal_real,,,,,,
diagnostic_candidate,True,0030123936-000020,0030123936-000020,0030123936-000020,BR_00000006,BR_00000001,numeric-chain-000008,17,6,327.94,1465,0.7,830,850,SCG4+Z,IF钢,SPHETI-3,软钢,normal_real,,,,,,
diagnostic_candidate,True,0030123143-000010,0030123143-000010,0030123143-000010,BR_00000006,BR_00000001,numeric-chain-000008,17,7,52,1455,0.7,830,850,SCG4+Z,IF钢,SPHETI-3,软钢,normal_real,,,,,,
diagnostic_candidate,True,0030123936-000010,0030123936-000010,0030123936-000010,BR_00000006,BR_00000001,numeric-chain-000008,17,8,182,1440,0.7,830,850,SCG4+Z,IF钢,SPHETI-3,软钢,normal_real,,,,,,
diagnostic_candidate,True,0030123142-000020,0030123142-000020,0030123142-000020,BR_00000006,BR_00000001,numeric-chain-000008,17,9,182,1440,0.7,830,850,SCG4+Z,IF钢,SPHETI-3,软钢,normal_real,,,,,,
diagnostic_candidate,True,0030123143-000040,0030123143-000040,0030123143-000040,BR_00000006,BR_00000001,numeric-chain-000008,17,10,67.97,1430,0.65,830,850,SCG4+Z,IF钢,SPHETI-3,软钢,normal_real,,,,,,
diagnostic_candidate,True,0002002180-000280,0002002180-000280,0002002180-000280,BR_00000006,BR_00000001,numeric-chain-000008,17,11,20,1390,0.65,830,850,DC53D+Z,IF钢,SPHETI-3,软钢,normal_real,,,,,,
diagnostic_candidate,True,0030123425-000020,0030123425-000020,0030123425-000020,BR_00000006,BR_00000001,numeric-chain-000008,17,12,130,1360,0.65,830,850,SCG4+Z,IF钢,SPHETI-3,软钢,normal_real,,,,,,
diagnostic_candidate,True,0030123143-000060,0030123143-000060,0030123143-000060,BR_00000006,BR_00000001,numeric-chain-000008,17,13,78,1360,0.65,830,850,SCG4+Z,IF钢,SPHETI-3,软钢,normal_real,,,,,,
diagnostic_candidate,True,0030123142-000040,0030123142-000040,0030123142-000040,BR_00000006,BR_00000001,numeric-chain-000008,17,14,156,1360,0.65,830,850,SCG4+Z,IF钢,SPHETI-3,软钢,normal_real,,,,,,
diagnostic_candidate,True,0030124735-000060,0030124735-000060,0030124735-000060,BR_00000006,BR_00000001,numeric-chain-000008,17,15,24,1360,0.8,820,840,DX53D+Z,IF钢,SPHETI-5,软钢,normal_real,,,,,,
diagnostic_candidate,True,0030122476-000050,0030122476-000050,0030122476-000050,BR_00000006,BR_00000001,numeric-chain-000008,17,16,8,1325,1,830,850,DC56D+Z,IF钢,SPHETI-3,软钢,normal_real,,,,,,
diagnostic_candidate,True,0002002054-000100,0002002054-000100,0002002054-000100,BR_00000001,BR_00000001,numeric-chain-000008,17,17,75.01,1300,1,820,840,DX53D+Z-MD,IF钢,SPHETI-5,软钢,normal_real,,,,,,
diagnostic_candidate,True,virtual-000003,,,,BR_00000001,numeric-chain-000008,17,18,20.00,1250,0.80,820,850,SPHC,,SPHC,,virtual_sphc,,"{""accepted_sequence"":3,""prototype_id"":""virtual_sphc:1250x0.8"",""purpose"":""edge_bridge"",""related_partition_id"":null}",,,,
diagnostic_candidate,True,virtual-000004,,,,BR_00000001,numeric-chain-000008,17,19,20.00,1250,0.60,820,850,SPHC,,SPHC,,virtual_sphc,,"{""accepted_sequence"":4,""prototype_id"":""virtual_sphc:1250x0.6"",""purpose"":""edge_bridge"",""related_partition_id"":null}",,,,
diagnostic_candidate,True,0030123425-000010,0030123425-000010,0030123425-000010,BR_00000006,BR_00000001,numeric-chain-000008,17,20,132,1090,0.55,830,850,SCG4+Z,IF钢,SPHETI-3,软钢,normal_real,,,,,,
diagnostic_candidate,True,0002002170-000360,0002002170-000360,0002002170-000360,BR_00000006,BR_00000001,numeric-chain-000008,17,21,40,1030,0.6,830,850,DC54D+Z,IF钢,SPHETI-3,软钢,normal_real,,,,,,
diagnostic_candidate,True,0030122066-000020,0030122066-000020,0030122066-000020,BR_00000003,BR_00000001,numeric-chain-000008,17,22,24,1000,0.6,830,850,DC54D+Z,IF钢,SPHETI-5,软钢,normal_real,,,,,,
diagnostic_candidate,True,0030122480-000090,0030122480-000090,0030122480-000090,BR_00000006,BR_00000001,numeric-chain-000008,17,23,22,990,0.7,830,850,DX53D+Z,IF钢,SPHETI-5,软钢,normal_real,,,,,,
diagnostic_candidate,True,0030118632-000010,0030118632-000010,0030118632-000010,BR_00000001,BR_00000001,numeric-chain-000008,17,24,16.85,939,0.8,830,850,DC56D+Z,IF钢,SPHETI-3,软钢,normal_real,,,,,,
diagnostic_candidate,True,0030117110-000090,0030117110-000090,0030117110-000090,BR_00000001,BR_00000001,numeric-chain-000008,17,25,4.67,955,1,830,850,CR3,IF钢,SPHETI-36,软钢,normal_real,,,,,,
diagnostic_candidate,True,0002002187-000010,0002002187-000010,0002002187-000010,BR_00000006,BR_00000001,numeric-chain-000006,18,1,25,1710,0.6,810,830,180YD+Z,加磷高强、烘烤硬化钢,H180YD,软钢,normal_real,,,,,,
diagnostic_candidate,True,0010019718-000050,0010019718-000050,0010019718-000050,BR_00000006,BR_00000001,numeric-chain-000006,18,2,96,1550,0.5,700,840,DC51D+Z,普碳,SPHC,软钢,actual_transition,,,,,,
diagnostic_candidate,True,0010018206-000080,0010018206-000080,0010018206-000080,BR_00000001,BR_00000001,numeric-chain-000006,18,3,8.26,1500,0.5,700,840,DC51D+Z,普碳,SPHC,软钢,actual_transition,,,,,,
diagnostic_candidate,True,0010019718-000040,0010019718-000040,0010019718-000040,BR_00000006,BR_00000001,numeric-chain-000006,18,4,144,1500,0.5,700,840,DC51D+Z,普碳,SPHC,软钢,actual_transition,,,,,,
diagnostic_candidate,True,0010019618-000020,0010019618-000020,0010019618-000020,BR_00000006,BR_00000001,numeric-chain-000006,18,5,192,1500,0.5,700,840,DC51D+Z,普碳,SPHC,软钢,actual_transition,,,,,,
diagnostic_candidate,True,0002002170-000300,0002002170-000300,0002002170-000300,BR_00000006,BR_00000001,numeric-chain-000006,18,6,23,1500,0.6,810,830,180YD+Z,加磷高强、烘烤硬化钢,H180YD,软钢,normal_real,,,,,,
diagnostic_candidate,True,0030124457-000020,0030124457-000020,0030124457-000020,BR_00000006,BR_00000001,numeric-chain-000006,18,7,24,1483,0.6,820,840,DX53D+Z,IF钢,SPHETI-5,软钢,normal_real,,,,,,
diagnostic_candidate,True,0002002184-000220,0002002184-000220,0002002184-000220,BR_00000006,BR_00000001,numeric-chain-000006,18,8,23,1455,0.6,830,850,DC53D+Z,IF钢,SPHETI-3,软钢,normal_real,,,,,,
diagnostic_candidate,True,0002002184-000030,0002002184-000030,0002002184-000030,BR_00000006,BR_00000001,numeric-chain-000006,18,9,23,1440,0.65,830,850,DC53D+Z,IF钢,SPHETI-3,软钢,normal_real,,,,,,
diagnostic_candidate,True,0002002170-000430,0002002170-000430,0002002170-000430,BR_00000006,BR_00000001,numeric-chain-000006,18,10,23,1440,0.65,830,850,DC53D+Z,IF钢,SPHETI-3,软钢,normal_real,,,,,,
diagnostic_candidate,True,0002002055-000100,0002002055-000100,0002002055-000100,BR_00000001,BR_00000001,numeric-chain-000006,18,11,18.26,1413,0.6,820,840,DX53D+Z-MD,IF钢,SPHETI-5,软钢,normal_real,,,,,,
diagnostic_candidate,True,0030119866-000010,0030119866-000010,0030119866-000010,BR_00000001,BR_00000001,numeric-chain-000006,18,12,27.97,1385,0.6,830,850,DC54D+Z,IF钢,SPHETI-5,软钢,normal_real,,,,,,
diagnostic_candidate,True,0030123143-000020,0030123143-000020,0030123143-000020,BR_00000006,BR_00000001,numeric-chain-000006,18,13,104,1390,0.7,830,850,SCG4+Z,IF钢,SPHETI-3,软钢,normal_real,,,,,,
diagnostic_candidate,True,0030125157-000010,0030125157-000010,0030125157-000010,BR_00000006,BR_00000001,numeric-chain-000006,18,14,26,1385,0.6,830,850,DC54D+Z,IF钢,SPHETI-5,软钢,normal_real,,,,,,
diagnostic_candidate,True,0030124199-000010,0030124199-000010,0030124199-000010,BR_00000006,BR_00000001,numeric-chain-000006,18,15,26,1385,0.6,830,850,DC54D+Z,IF钢,SPHETI-5,软钢,normal_real,,,,,,
diagnostic_candidate,True,0030122759-000030,0030122759-000030,0030122759-000030,BR_00000006,BR_00000001,numeric-chain-000006,18,16,88,1374,0.75,830,850,CR3,IF钢,SPHETI-36,软钢,normal_real,,,,,,
diagnostic_candidate,True,0005000563-000030,0005000563-000030,0005000563-000030,BR_00000006,BR_00000001,numeric-chain-000006,18,17,63,1365,0.8,830,850,CR180BH,加磷高强、烘烤硬化钢,H180BH,软钢,normal_real,,,,,,
diagnostic_candidate,True,0002002020-000080,0002002020-000080,0002002020-000080,BR_00000001,BR_00000001,numeric-chain-000006,18,18,13.01,1364,1,830,850,DC54D+Z,IF钢,SPHETI-3,软钢,normal_real,,,,,,
diagnostic_candidate,True,0005000563-000130,0005000563-000130,0005000563-000130,BR_00000006,BR_00000001,numeric-chain-000006,18,19,42,1350,0.8,830,850,CR180BH,加磷高强、烘烤硬化钢,H180BH,软钢,normal_real,,,,,,
diagnostic_candidate,True,0002002053-000180,0002002053-000180,0002002053-000180,BR_00000001,BR_00000001,numeric-chain-000006,18,20,60,1300,1,820,840,DX53D+Z-MD,IF钢,SPHETI-5,软钢,normal_real,,,,,,
diagnostic_candidate,True,0030121196-000020,0030121196-000020,0030121196-000020,BR_00000002,BR_00000001,numeric-chain-000006,18,21,24,1300,0.95,830,850,DC56D+Z,IF钢,SPHETI-3,软钢,normal_real,,,,,,
diagnostic_candidate,True,0030124567-000010,0030124567-000010,0030124567-000010,BR_00000006,BR_00000001,numeric-chain-000006,18,22,24,1310,1,830,850,DC56D+Z,IF钢,SPHETI-3,软钢,normal_real,,,,,,
diagnostic_candidate,True,0002002195-000180,0002002195-000180,0002002195-000180,BR_00000006,BR_00000001,numeric-chain-000006,18,23,25,1258,0.8,830,850,DC53D+Z,IF钢,SPHETI-3,软钢,normal_real,,,,,,
diagnostic_candidate,True,0030122897-000030,0030122897-000030,0030122897-000030,BR_00000006,BR_00000001,numeric-chain-000006,18,24,24,1250,0.75,700,840,DC51D+Z,普碳,SPHC,软钢,actual_transition,,,,,,
diagnostic_candidate,True,0030124871-000070,0030124871-000070,0030124871-000070,BR_00000006,BR_00000001,numeric-chain-000006,18,25,230,1250,0.75,820,840,DX53D+Z,IF钢,SPHETI-5,软钢,normal_real,,,,,,
diagnostic_candidate,True,0030123653-000050,0030123653-000050,0030123653-000050,BR_00000006,BR_00000001,numeric-chain-000006,18,26,120,1240,0.8,700,840,DC51D+Z,普碳,SPHC,软钢,normal_real,,,,,,
diagnostic_candidate,True,0030125207-000050,0030125207-000050,0030125207-000050,BR_00000006,BR_00000001,numeric-chain-000006,18,27,48,1233,0.7,770,810,DC51D+Z,深冲钢（PD）,SPHCQ,软钢,normal_real,,,,,,
diagnostic_candidate,True,0002002184-000060,0002002184-000060,0002002184-000060,BR_00000006,BR_00000001,numeric-chain-000006,18,28,23,1170,0.6,770,810,DC51D+Z,IF钢,SPHETI-3,软钢,normal_real,,,,,,
diagnostic_candidate,True,0002002148-000010,0002002148-000010,0002002148-000010,BR_00000006,BR_00000001,numeric-chain-000006,18,29,300,1148,0.65,770,810,DC51D+Z,IF钢,SPHETI-3,软钢,normal_real,,,,,,
diagnostic_candidate,True,0030120727-000030,0030120727-000030,0030120727-000030,BR_00000001,BR_00000001,numeric-chain-000004,19,1,300,1227,0.45,715,735,DX51D+Z1,普碳,SPHC,软钢,normal_real,,,,,,
diagnostic_candidate,True,0030120882-000010,0030120882-000010,0030120882-000010,BR_00000002,BR_00000001,numeric-chain-000004,19,2,110,1000,0.45,700,840,DX51D+Z,普碳,SPHC,软钢,actual_transition,,,,,,
diagnostic_candidate,True,0010019618-000010,0010019618-000010,0010019618-000010,BR_00000006,BR_00000001,numeric-chain-000004,19,3,198,1000,0.5,700,840,DC51D+Z,普碳,SPHC,软钢,actual_transition,,,,,,
diagnostic_candidate,True,0030124078-000010,0030124078-000010,0030124078-000010,BR_00000006,BR_00000001,numeric-chain-000004,19,4,44,1000,0.6,830,850,DC56D+Z,IF钢,SPHETI-3,软钢,normal_real,,,,,,
diagnostic_candidate,True,0030122898-000010,0030122898-000010,0030122898-000010,BR_00000006,BR_00000001,numeric-chain-000004,19,5,50,1000,0.8,700,840,DC51D+Z,普碳,SPHC,软钢,actual_transition,,,,,,
diagnostic_candidate,True,0030122480-000100,0030122480-000100,0030122480-000100,BR_00000006,BR_00000001,numeric-chain-000004,19,6,154,995,0.7,830,850,DX53D+Z,IF钢,SPHETI-5,软钢,normal_real,,,,,,
diagnostic_candidate,True,0002002162-000080,0002002162-000080,0002002162-000080,BR_00000006,BR_00000001,numeric-chain-000004,19,7,18,950,0.8,830,850,DC56D+Z,IF钢,SPHETI-3,软钢,normal_real,,,,,,
diagnostic_candidate,True,0002002184-000020,0002002184-000020,0002002184-000020,BR_00000006,BR_00000001,numeric-chain-000004,19,8,16,883,0.65,830,850,DC53D+Z,IF钢,SPHETI-3,软钢,normal_real,,,,,,
diagnostic_candidate,True,0002002184-000190,0002002184-000190,0002002184-000190,BR_00000006,BR_00000001,numeric-chain-000004,19,9,64,840,0.6,830,850,DC56D+Z,IF钢,SPHETI-3,软钢,normal_real,,,,,,
diagnostic_candidate,True,0030124871-000050,0030124871-000050,0030124871-000050,BR_00000006,BR_00000002,numeric-chain-000020,1,1,20,1540,1.15,820,840,DX53D+Z,IF钢,SPHETI-5,软钢,normal_real,,,,,,
diagnostic_candidate,True,0030125207-000100,0030125207-000100,0030125207-000100,BR_00000006,BR_00000002,numeric-chain-000020,1,2,24,1500,1.2,830,850,DC51D+Z,IF钢,SPHETI-3,软钢,normal_real,,,,,,
diagnostic_candidate,True,0010019881-000050,0010019881-000050,0010019881-000050,BR_00000006,BR_00000002,numeric-chain-000020,1,3,26,1500,1.45,700,840,DC51D+Z,普碳,SPHC,软钢,actual_transition,,,,,,
diagnostic_candidate,True,0005000571-000040,0005000571-000040,0005000571-000040,BR_00000006,BR_00000002,numeric-chain-000020,1,4,10,1458,1.5,830,850,CR180BH,加磷高强、烘烤硬化钢,H180BH,软钢,normal_real,,,,,,
diagnostic_candidate,True,0005000562-000050,0005000562-000050,0005000562-000050,BR_00000006,BR_00000002,numeric-chain-000020,1,5,23,1370,1.5,830,850,CR3,IF钢,SPHETI-36,软钢,normal_real,,,,,,
diagnostic_candidate,True,0030124207-000020,0030124207-000020,0030124207-000020,BR_00000006,BR_00000002,numeric-chain-000020,1,6,24,1250,1.2,700,840,DC51D+Z,普碳,SPHC,软钢,actual_transition,,,,,,
diagnostic_candidate,True,0030125168-000090,0030125168-000090,0030125168-000090,BR_00000006,BR_00000002,numeric-chain-000020,1,7,24,1250,1.2,770,810,DX52D+Z-LG,深冲钢（PD）,SPHCQ,软钢,normal_real,,,,,,
diagnostic_candidate,True,0002002202-000020,0002002202-000020,0002002202-000020,BR_00000006,BR_00000002,numeric-chain-000020,1,8,23,1245,1.2,770,810,DC51D+Z,普碳,SPHC,软钢,normal_real,,,,,,
diagnostic_candidate,True,0002002202-000040,0002002202-000040,0002002202-000040,BR_00000006,BR_00000002,numeric-chain-000020,1,9,23,1227,1,770,810,DC51D+Z,IF钢,SPHETI-3,软钢,normal_real,,,,,,
diagnostic_candidate,True,0002002202-000080,0002002202-000080,0002002202-000080,BR_00000006,BR_00000002,numeric-chain-000020,1,10,23,1203,1,770,810,DC51D+Z,IF钢,SPHETI-3,软钢,normal_real,,,,,,
diagnostic_candidate,True,0030124800-000040,0030124800-000040,0030124800-000040,BR_00000006,BR_00000002,numeric-chain-000020,1,11,24,1164,0.8,770,810,DX52D+Z,深冲钢（PD）,SPHCQ,软钢,normal_real,,,,,,
diagnostic_candidate,True,0030120939-000100,0030120939-000100,0030120939-000100,BR_00000002,BR_00000002,numeric-chain-000020,1,12,48,1160,0.7,780,800,HC220YD+Z,加磷高强、烘烤硬化钢,H220Y,软钢,normal_real,,,,,,
diagnostic_candidate,True,0030124824-000050,0030124824-000050,0030124824-000050,BR_00000006,BR_00000002,numeric-chain-000020,1,13,23.11,1050,0.65,780,800,HC220YD+Z-GL,加磷高强、烘烤硬化钢,H220Y,,normal_real,,,,,,
diagnostic_candidate,True,0030125207-000030,0030125207-000030,0030125207-000030,BR_00000006,BR_00000002,numeric-chain-000020,1,14,22,1043,0.7,780,800,HC220YD+Z,加磷高强、烘烤硬化钢,H220Y,软钢,normal_real,,,,,,
diagnostic_candidate,True,0030125207-000120,0030125207-000120,0030125207-000120,BR_00000006,BR_00000002,numeric-chain-000020,1,15,22,1039,0.7,790,810,HC260YD+Z,加磷高强、烘烤硬化钢,H260Y,软钢,normal_real,,,,,,
diagnostic_candidate,True,0030125207-000020,0030125207-000020,0030125207-000020,BR_00000006,BR_00000002,numeric-chain-000020,1,16,22,1033,0.7,780,800,HC220YD+Z,加磷高强、烘烤硬化钢,H220Y,软钢,normal_real,,,,,,
diagnostic_candidate,True,0002002195-000030,0002002195-000030,0002002195-000030,BR_00000006,BR_00000002,numeric-chain-000020,1,17,22,1022,0.7,770,810,DC51D+Z,普碳,SPHC,软钢,normal_real,,,,,,
diagnostic_candidate,True,0030122488-000030,0030122488-000030,0030122488-000030,BR_00000006,BR_00000002,numeric-chain-000020,1,18,110,1000,0.9,770,810,DC52D+Z,深冲钢（PD）,SPHCQ,软钢,normal_real,,,,,,
diagnostic_candidate,True,0030122899-000020,0030122899-000020,0030122899-000020,BR_00000006,BR_00000002,numeric-chain-000020,1,19,187.98,1000,1,700,840,DC51D+Z,普碳,SPHC,软钢,actual_transition,,,,,,
diagnostic_candidate,True,virtual-000008,,,,BR_00000002,numeric-chain-000028,2,1,20.00,1500,1.20,795,815,SPHC,,SPHC,,virtual_sphc,,"{""accepted_sequence"":8,""prototype_id"":""virtual_sphc:1500x1.2"",""purpose"":""weight_fill"",""related_partition_id"":null}",,,,
diagnostic_candidate,True,virtual-000007,,,,BR_00000002,numeric-chain-000028,2,2,20.00,1500,1.50,795,815,SPHC,,SPHC,,virtual_sphc,,"{""accepted_sequence"":7,""prototype_id"":""virtual_sphc:1500x1.5"",""purpose"":""weight_fill"",""related_partition_id"":null}",,,,
diagnostic_candidate,True,0030124734-000010,0030124734-000010,0030124734-000010,BR_00000006,BR_00000002,numeric-chain-000028,2,3,24,1500,2,795,815,HC220YD+Z,加磷高强、烘烤硬化钢,H220Y,软钢,normal_real,,,,,,
diagnostic_candidate,True,virtual-000010,,,,BR_00000002,numeric-chain-000028,2,4,20.00,1500,1.50,795,815,SPHC,,SPHC,,virtual_sphc,,"{""accepted_sequence"":10,""prototype_id"":""virtual_sphc:1500x1.5"",""purpose"":""weight_fill"",""related_partition_id"":null}",,,,
diagnostic_candidate,True,0010020206-000070,0010020206-000070,0010020206-000070,BR_00000006,BR_00000002,numeric-chain-000028,2,5,143.49,1500,2,700,720,DC51D+Z,普碳,SPHC,软钢,actual_transition,,,,,,
diagnostic_candidate,True,virtual-000009,,,,BR_00000002,numeric-chain-000028,2,6,20.00,1500,2.00,795,815,SPHC,,SPHC,,virtual_sphc,,"{""accepted_sequence"":9,""prototype_id"":""virtual_sphc:1500x2"",""purpose"":""weight_fill"",""related_partition_id"":null}",,,,
diagnostic_candidate,True,0030120865-000010,0030120865-000010,0030120865-000010,BR_00000002,BR_00000002,numeric-chain-000028,2,7,50,1422,2.5,795,815,HC220YD+Z,加磷高强、烘烤硬化钢,H220Y,软钢,normal_real,,,,,,
diagnostic_candidate,True,virtual-000012,,,,BR_00000002,numeric-chain-000028,2,8,20.00,1250,2.00,795,815,SPHC,,SPHC,,virtual_sphc,,"{""accepted_sequence"":12,""prototype_id"":""virtual_sphc:1250x2"",""purpose"":""weight_fill"",""related_partition_id"":null}",,,,
diagnostic_candidate,True,virtual-000011,,,,BR_00000002,numeric-chain-000028,2,9,20.00,1250,2.00,795,815,SPHC,,SPHC,,virtual_sphc,,"{""accepted_sequence"":11,""prototype_id"":""virtual_sphc:1250x2"",""purpose"":""weight_fill"",""related_partition_id"":null}",,,,
diagnostic_candidate,True,0030121327-000010,0030121327-000010,0030121327-000010,BR_00000002,BR_00000002,numeric-chain-000028,2,10,24,1195,2.49,795,815,HC220YD+Z,加磷高强、烘烤硬化钢,H220Y,软钢,normal_real,,,,,,
diagnostic_candidate,True,virtual-000014,,,,BR_00000002,numeric-chain-000028,2,11,20.00,1250,2.00,770,815,SPHC,,SPHC,,virtual_sphc,,"{""accepted_sequence"":14,""prototype_id"":""virtual_sphc:1250x2"",""purpose"":""weight_fill"",""related_partition_id"":null}",,,,
diagnostic_candidate,True,virtual-000013,,,,BR_00000002,numeric-chain-000028,2,12,20.00,1250,2.00,770,815,SPHC,,SPHC,,virtual_sphc,,"{""accepted_sequence"":13,""prototype_id"":""virtual_sphc:1250x2"",""purpose"":""weight_fill"",""related_partition_id"":null}",,,,
diagnostic_candidate,True,0002002202-000270,0002002202-000270,0002002202-000270,BR_00000006,BR_00000002,numeric-chain-000028,2,13,23,1185,2,770,810,DC51D+Z,IF钢,SPHETI-3,软钢,normal_real,,,,,,
diagnostic_candidate,True,0002002202-000260,0002002202-000260,0002002202-000260,BR_00000006,BR_00000002,numeric-chain-000028,2,14,15.93,1175,1.6,770,810,DC51D+Z,普碳,SPHC,软钢,normal_real,,,,,,
diagnostic_candidate,True,0030122476-000030,0030122476-000030,0030122476-000030,BR_00000006,BR_00000002,numeric-chain-000028,2,15,24,1165,1.8,800,820,HC220YD+Z,加磷高强、烘烤硬化钢,H220Y,软钢,normal_real,,,,,,
diagnostic_candidate,True,0030122476-000060,0030122476-000060,0030122476-000060,BR_00000006,BR_00000002,numeric-chain-000028,2,16,8.92,1115,1.6,770,810,DC51D+Z,深冲钢（PD）,SPHCQ,软钢,normal_real,,,,,,
diagnostic_candidate,True,0002002185-000050,0002002185-000050,0002002185-000050,BR_00000006,BR_00000002,numeric-chain-000028,2,17,23,1113,1.5,770,810,DC51D+Z,IF钢,SPHETI-3,软钢,normal_real,,,,,,
diagnostic_candidate,True,0030122476-000080,0030122476-000080,0030122476-000080,BR_00000006,BR_00000002,numeric-chain-000028,2,18,8,1110,2,795,815,HC220YD+Z,加磷高强、烘烤硬化钢,H220Y,软钢,normal_real,,,,,,
diagnostic_candidate,True,0030120940-000110,0030120940-000110,0030120940-000110,BR_00000002,BR_00000002,numeric-chain-000028,2,19,8.66,1093,2,795,815,HC220YD+Z,加磷高强、烘烤硬化钢,H220Y,软钢,normal_real,,,,,,
diagnostic_candidate,True,0002002202-000280,0002002202-000280,0002002202-000280,BR_00000006,BR_00000002,numeric-chain-000028,2,20,19,1085,2,770,810,DC51D+Z,IF钢,SPHETI-3,软钢,normal_real,,,,,,
diagnostic_candidate,True,0030125207-000080,0030125207-000080,0030125207-000080,BR_00000006,BR_00000002,numeric-chain-000028,2,21,46,1078,2.5,770,810,DC51D+Z,深冲钢（PD）,SPHCQ,软钢,normal_real,,,,,,
diagnostic_candidate,True,virtual-000016,,,,BR_00000002,numeric-chain-000028,2,22,20.00,1000,2.00,770,810,SPHC,,SPHC,,virtual_sphc,,"{""accepted_sequence"":16,""prototype_id"":""virtual_sphc:1000x2"",""purpose"":""weight_fill"",""related_partition_id"":null}",,,,
diagnostic_candidate,True,virtual-000015,,,,BR_00000002,numeric-chain-000028,2,23,20.00,1000,2.00,770,810,SPHC,,SPHC,,virtual_sphc,,"{""accepted_sequence"":15,""prototype_id"":""virtual_sphc:1000x2"",""purpose"":""weight_fill"",""related_partition_id"":null}",,,,
diagnostic_candidate,True,0002002202-000290,0002002202-000290,0002002202-000290,BR_00000006,BR_00000002,numeric-chain-000028,2,24,16,931,1.6,770,810,DC51D+Z,普碳,SPHC,软钢,normal_real,,,,,,
diagnostic_candidate,True,0002002180-000160,0002002180-000160,0002002180-000160,BR_00000006,BR_00000002,numeric-chain-000028,2,25,20,885,1.4,770,810,DC51D+Z,IF钢,SPHETI-3,软钢,normal_real,,,,,,
diagnostic_candidate,True,0002002170-000290,0002002170-000290,0002002170-000290,BR_00000006,BR_00000002,numeric-chain-000028,2,26,50,883,1.4,770,810,DC51D+Z,IF钢,SPHETI-3,软钢,normal_real,,,,,,
diagnostic_candidate,True,0030124800-000080,0030124800-000080,0030124800-000080,BR_00000006,BR_00000006,numeric-chain-000031,1,1,24,1236,0.5,770,810,DX52D+Z,深冲钢（PD）,SPHCQ,软钢,normal_real,,,,,,
diagnostic_candidate,True,0030125168-000040,0030125168-000040,0030125168-000040,BR_00000006,BR_00000006,numeric-chain-000031,1,2,48,1219,0.4,700,840,DC51D+Z,普碳,SPHC,软钢,normal_real,,,,,,
diagnostic_candidate,True,split-000002:piece:0001,0002002073-000010,0002002073-000010,BR_00000006,BR_00000006,numeric-chain-000031,1,3,500.00,1065,0.5,820,840,DX53D+Z-CD,IF钢,SPHETI-5,软钢,normal_real,"{""accepted_source_sequence"":2,""authorization_decision_fingerprint"":""42f6ae0ff68375ca211d0da42d4bb605871ac9a213fdf327fdf060eef0e0ed81"",""authorization_rule_id"":""controlled_order_split"",""authorization_rule_version"":""1"",""origin_assigned_period"":""BR_00000002"",""parent_node_id"":""0002002073-000010"",""parent_source_order_id"":""0002002073-000010"",""parent_weight"":600.0,""partition_id"":""partition-79a7c7340c93cc856a03d44103e47c3986345970bc9970efdc6145d944c9d5ba"",""piece_count"":2,""piece_index"":1,""reason_code"":""future_borrow_return"",""source_period"":""BR_00000006"",""source_resource_id"":""0002002073-000010"",""split_mode"":""future_borrow_return"",""target_assigned_period"":""BR_00000006""}",,,,,
diagnostic_candidate,True,virtual-000018,,,,BR_00000006,numeric-chain-000031,1,4,20.00,1000,0.50,820,840,SPHC,,SPHC,,virtual_sphc,,"{""accepted_sequence"":18,""prototype_id"":""virtual_sphc:1000x0.5"",""purpose"":""split_separator"",""related_partition_id"":""partition-79a7c7340c93cc856a03d44103e47c3986345970bc9970efdc6145d944c9d5ba""}",,,,
diagnostic_candidate,True,split-000002:piece:0002,0002002073-000010,0002002073-000010,BR_00000006,BR_00000006,numeric-chain-000031,1,5,100.00,1065,0.5,820,840,DX53D+Z-CD,IF钢,SPHETI-5,软钢,normal_real,"{""accepted_source_sequence"":2,""authorization_decision_fingerprint"":""42f6ae0ff68375ca211d0da42d4bb605871ac9a213fdf327fdf060eef0e0ed81"",""authorization_rule_id"":""controlled_order_split"",""authorization_rule_version"":""1"",""origin_assigned_period"":""BR_00000002"",""parent_node_id"":""0002002073-000010"",""parent_source_order_id"":""0002002073-000010"",""parent_weight"":600.0,""partition_id"":""partition-79a7c7340c93cc856a03d44103e47c3986345970bc9970efdc6145d944c9d5ba"",""piece_count"":2,""piece_index"":2,""reason_code"":""future_borrow_return"",""source_period"":""BR_00000006"",""source_resource_id"":""0002002073-000010"",""split_mode"":""future_borrow_return"",""target_assigned_period"":""BR_00000006""}",,,,,
diagnostic_candidate,True,0030123916-000020,0030123916-000020,0030123916-000020,BR_00000006,BR_00000006,numeric-chain-000031,1,6,23,1000,0.4,700,840,DC51D+Z,普碳,SPHC,软钢,actual_transition,,,,,,
