artifact_kind,publishable,node_id,source_order_id,source_resource_id,source_period,assigned_period,chain_id,chain_sequence,node_sequence,weight,width,thickness,min_temperature,max_temperature,grade,grade_class,hot_roll_grade,soft_hard_class,material_role,split_lineage,virtual_lineage,width_warning,thickness_warning,temperature_warning,chain_warning
diagnostic_candidate,True,0030121703-000030,0030121703-000030,0030121703-000030,BR_00000032,BR_00000003,numeric-chain-000060,1,1,24,1568,1.45,830,850,DC54D+Z,IF钢,SPHETI-5,软钢,normal_real,,,,,,
diagnostic_candidate,True,0030124871-000050,0030124871-000050,0030124871-000050,BR_00000036,BR_00000003,numeric-chain-000060,1,2,20,1540,1.15,820,840,DX53D+Z,IF钢,SPHETI-5,软钢,normal_real,,,,,,
diagnostic_candidate,True,0005000547-000720,0005000547-000720,0005000547-000720,BR_00000030,BR_00000003,numeric-chain-000060,1,3,21,1535,1,820,840,CR210BH,加磷高强、烘烤硬化钢,H220BH,软钢,normal_real,,,,,,
diagnostic_candidate,True,0030114745-000020,0030114745-000020,0030114745-000020,BR_00000024,BR_00000003,numeric-chain-000060,1,4,24,1530,1,830,850,DC56D+Z,IF钢,SPHETI-3,软钢,normal_real,,,,,,
diagnostic_candidate,True,0030112161-000010,0030112161-000010,0030112161-000010,BR_00000024,BR_00000003,numeric-chain-000060,1,5,24,1530,1,830,850,DC56D+Z,IF钢,SPHETI-3,软钢,normal_real,,,,,,
diagnostic_candidate,True,0005000486-000580,0005000486-000580,0005000486-000580,BR_00000018,BR_00000003,numeric-chain-000060,1,6,42,1525,1,830,850,CR3,IF钢,SPHETI-36,软钢,normal_real,,,,,,
diagnostic_candidate,True,0030114768-000100,0030114768-000100,0030114768-000100,BR_00000024,BR_00000003,numeric-chain-000060,1,7,7,1520,0.9,820,840,CR210BH,加磷高强、烘烤硬化钢,H220BH,软钢,normal_real,,,,,,
diagnostic_candidate,True,0030114756-000010,0030114756-000010,0030114756-000010,BR_00000024,BR_00000003,numeric-chain-000060,1,8,48,1508,0.8,700,840,DC51D+Z,普碳,SPHC,软钢,normal_real,,,,,,
diagnostic_candidate,True,0030110599-000010,0030110599-000010,0030110599-000010,BR_00000018,BR_00000003,numeric-chain-000060,1,9,48,1503,0.6,830,850,DC54D+Z,IF钢,SPHETI-5,软钢,normal_real,,,,,,
diagnostic_candidate,True,0030105848-000010,0030105848-000010,0030105848-000010,BR_00000012,BR_00000003,numeric-chain-000060,1,10,72,1503,0.6,830,850,DC54D+Z,IF钢,SPHETI-3,软钢,normal_real,,,,,,
diagnostic_candidate,True,0030102732-000260,0030102732-000260,0030102732-000260,BR_00000009,BR_00000003,numeric-chain-000060,1,11,48,1500,0.5,700,840,DC51D+Z,普碳,SPHC,软钢,actual_transition,,,,,,
diagnostic_candidate,True,0010019618-000020,0010019618-000020,0010019618-000020,BR_00000036,BR_00000003,numeric-chain-000060,1,12,91.97,1500,0.5,700,840,DC51D+Z,普碳,SPHC,软钢,actual_transition,,,,,,
diagnostic_candidate,True,0030114756-000020,0030114756-000020,0030114756-000020,BR_00000024,BR_00000003,numeric-chain-000060,1,13,148,1480,0.5,820,840,DC53D+Z,IF钢,SPHETI-5,软钢,normal_real,,,,,,
diagnostic_candidate,True,0002001614-000100,0002001614-000100,0002001614-000100,BR_00000012,BR_00000003,numeric-chain-000060,1,14,7.17,1455,0.6,830,850,DC53D+Z,IF钢,SPHETI-3,软钢,normal_real,,,,,,
diagnostic_candidate,True,0002002184-000220,0002002184-000220,0002002184-000220,BR_00000036,BR_00000003,numeric-chain-000060,1,15,23,1455,0.6,830,850,DC53D+Z,IF钢,SPHETI-3,软钢,normal_real,,,,,,
diagnostic_candidate,True,0002002020-000130,0002002020-000130,0002002020-000130,BR_00000030,BR_00000003,numeric-chain-000060,1,16,69,1455,0.6,830,850,DC53D+Z,IF钢,SPHETI-3,软钢,normal_real,,,,,,
diagnostic_candidate,True,0002001400-000050,0002001400-000050,0002001400-000050,BR_00000003,BR_00000003,numeric-chain-000060,1,17,5.7,1455,0.65,830,850,DC53D+Z,IF钢,SPHETI-3,软钢,normal_real,,,,,,
diagnostic_candidate,True,0005000544-000010,0005000544-000010,0005000544-000010,BR_00000030,BR_00000003,numeric-chain-000060,1,18,7,1450,0.8,830,850,CR3,IF钢,SPHETI-36,软钢,normal_real,,,,,,
diagnostic_candidate,True,0005000547-000390,0005000547-000390,0005000547-000390,BR_00000030,BR_00000003,numeric-chain-000060,1,19,40.94,1448,0.8,830,850,CR3,IF钢,SPHETI-36,软钢,normal_real,,,,,,
diagnostic_candidate,True,0030123142-000020,0030123142-000020,0030123142-000020,BR_00000036,BR_00000003,numeric-chain-000060,1,20,149.8,1440,0.7,830,850,SCG4+Z,IF钢,SPHETI-3,软钢,normal_real,,,,,,
diagnostic_candidate,True,0030120049-000040,0030120049-000040,0030120049-000040,BR_00000031,BR_00000003,numeric-chain-000060,1,21,24,1440,0.7,830,850,DC56D+Z,IF钢,SPHETI-3,软钢,normal_real,,,,,,
diagnostic_candidate,True,0002001603-000130,0002001603-000130,0002001603-000130,BR_00000012,BR_00000003,numeric-chain-000060,1,22,24.16,1434,0.7,830,850,DC53D+Z,IF钢,SPHETI-3,软钢,normal_real,,,,,,
diagnostic_candidate,True,0030118991-000040,0030118991-000040,0030118991-000040,BR_00000030,BR_00000003,numeric-chain-000060,1,23,182,1430,0.65,830,850,SCG4+Z,IF钢,SPHETI-3,软钢,normal_real,,,,,,
diagnostic_candidate,True,0002002006-000210,0002002006-000210,0002002006-000210,BR_00000030,BR_00000003,numeric-chain-000060,1,24,49,1390,0.65,830,850,DC53D+Z,IF钢,SPHETI-3,软钢,normal_real,,,,,,
diagnostic_candidate,True,0030119866-000010,0030119866-000010,0030119866-000010,BR_00000030,BR_00000003,numeric-chain-000060,1,25,78,1385,0.6,830,850,DC54D+Z,IF钢,SPHETI-5,软钢,normal_real,,,,,,
diagnostic_candidate,True,0030121196-000010,0030121196-000010,0030121196-000010,BR_00000032,BR_00000003,numeric-chain-000060,1,26,24,1380,0.67,830,850,DC56D+Z,IF钢,SPHETI-3,软钢,normal_real,,,,,,
diagnostic_candidate,True,0030112686-000020,0030112686-000020,0030112686-000020,BR_00000024,BR_00000003,numeric-chain-000060,1,27,66,1374,0.75,830,850,CR3,IF钢,SPHETI-36,软钢,normal_real,,,,,,
diagnostic_candidate,True,0030107381-000030,0030107381-000030,0030107381-000030,BR_00000018,BR_00000003,numeric-chain-000060,1,28,132,1374,0.75,830,850,CR3,IF钢,SPHETI-36,软钢,normal_real,,,,,,
diagnostic_candidate,True,0005000547-000030,0005000547-000030,0005000547-000030,BR_00000030,BR_00000003,numeric-chain-000060,1,29,70.61,1365,0.8,830,850,CR180BH,加磷高强、烘烤硬化钢,H180BH,软钢,normal_real,,,,,,
diagnostic_candidate,True,0005000486-000030,0005000486-000030,0005000486-000030,BR_00000018,BR_00000003,numeric-chain-000060,1,30,63,1365,0.8,830,850,CR180BH,加磷高强、烘烤硬化钢,H180BH,软钢,normal_real,,,,,,
diagnostic_candidate,True,0002001780-000010,0002001780-000010,0002001780-000010,BR_00000024,BR_00000003,numeric-chain-000060,1,31,23,1365,0.65,830,850,DC53D+Z,IF钢,SPHETI-3,软钢,normal_real,,,,,,
diagnostic_candidate,True,0030112575-000060,0030112575-000060,0030112575-000060,BR_00000024,BR_00000003,numeric-chain-000060,1,32,156,1360,0.65,830,850,SCG4+Z,IF钢,SPHETI-3,软钢,normal_real,,,,,,
diagnostic_candidate,True,0030123142-000040,0030123142-000040,0030123142-000040,BR_00000036,BR_00000003,numeric-chain-000060,1,33,133.89,1360,0.65,830,850,SCG4+Z,IF钢,SPHETI-3,软钢,normal_real,,,,,,
diagnostic_candidate,True,0030117285-000060,0030117285-000060,0030117285-000060,BR_00000030,BR_00000003,numeric-chain-000060,1,34,52,1360,0.65,830,850,SCG4+Z,IF钢,SPHETI-3,软钢,normal_real,,,,,,
diagnostic_candidate,True,0002001733-000010,0002001733-000010,0002001733-000010,BR_00000018,BR_00000006,numeric-chain-000031,1,1,17.11,1583,0.65,770,810,DC51D+Z,普碳,SPHC,软钢,normal_real,,,,,,
diagnostic_candidate,True,0002002180-000340,0002002180-000340,0002002180-000340,BR_00000036,BR_00000006,numeric-chain-000031,1,2,20,1555,0.6,770,810,DC51D+Z,IF钢,SPHETI-3,软钢,normal_real,,,,,,
diagnostic_candidate,True,0002001750-000400,0002001750-000400,0002001750-000400,BR_00000018,BR_00000006,numeric-chain-000031,1,3,20,1555,0.6,770,810,DC51D+Z,普碳,SPHC,软钢,normal_real,,,,,,
diagnostic_candidate,True,0002002021-000190,0002002021-000190,0002002021-000190,BR_00000030,BR_00000006,numeric-chain-000031,1,4,23,1548,0.6,770,810,DC51D+Z,IF钢,SPHETI-3,软钢,normal_real,,,,,,
diagnostic_candidate,True,0002001874-000080,0002001874-000080,0002001874-000080,BR_00000024,BR_00000006,numeric-chain-000031,1,5,23,1545,0.65,770,810,DC51D+Z,普碳,SPHC,软钢,normal_real,,,,,,
diagnostic_candidate,True,0002001628-000020,0002001628-000020,0002001628-000020,BR_00000012,BR_00000006,numeric-chain-000031,1,6,23,1545,0.65,770,810,DC51D+Z,普碳,SPHC,软钢,normal_real,,,,,,
diagnostic_candidate,True,0002001633-000110,0002001633-000110,0002001633-000110,BR_00000012,BR_00000006,numeric-chain-000031,1,7,63.35,1510,0.6,770,810,DC51D+Z,IF钢,SPHETI-3,软钢,normal_real,,,,,,
diagnostic_candidate,True,0030107311-000020,0030107311-000020,0030107311-000020,BR_00000018,BR_00000006,numeric-chain-000031,1,8,35.52,1500,0.6,700,840,DC51D+Z,普碳,SPHC,软钢,actual_transition,,,,,,
diagnostic_candidate,True,0030107311-000170,0030107311-000170,0030107311-000170,BR_00000018,BR_00000006,numeric-chain-000031,1,9,48,1500,0.6,700,840,DC51D+Z,普碳,SPHC,软钢,actual_transition,,,,,,
diagnostic_candidate,True,0010017445-000060,0010017445-000060,0010017445-000060,BR_00000025,BR_00000006,numeric-chain-000031,1,10,90.09,1500,0.8,700,840,DC51D+Z,普碳,SPHC,软钢,actual_transition,,,,,,
diagnostic_candidate,True,0030105071-000010,0030105071-000010,0030105071-000010,BR_00000012,BR_00000006,numeric-chain-000031,1,11,48,1500,0.8,700,840,DX51D+Z,普碳,SPHC,软钢,normal_real,,,,,,
diagnostic_candidate,True,0010018679-000080,0010018679-000080,0010018679-000080,BR_00000030,BR_00000006,numeric-chain-000031,1,12,26.45,1500,1,700,840,DC51D+Z,普碳,SPHC,软钢,actual_transition,,,,,,
diagnostic_candidate,True,0010017445-000070,0010017445-000070,0010017445-000070,BR_00000025,BR_00000006,numeric-chain-000031,1,13,24.45,1500,1,700,840,DC51D+Z,普碳,SPHC,软钢,actual_transition,,,,,,
diagnostic_candidate,True,0030105071-000020,0030105071-000020,0030105071-000020,BR_00000012,BR_00000006,numeric-chain-000031,1,14,46.69,1500,1,700,840,DX51D+Z,普碳,SPHC,软钢,normal_real,,,,,,
diagnostic_candidate,True,0030109817-000020,0030109817-000020,0030109817-000020,BR_00000018,BR_00000006,numeric-chain-000031,1,15,144,1500,1.2,700,840,DX51D+Z,普碳,SPHC,软钢,normal_real,,,,,,
diagnostic_candidate,True,0030109817-000030,0030109817-000030,0030109817-000030,BR_00000018,BR_00000006,numeric-chain-000031,1,16,48,1500,1.45,700,840,DX51D+Z,普碳,SPHC,软钢,normal_real,,,,,,
diagnostic_candidate,True,0030102517-000110,0030102517-000110,0030102517-000110,BR_00000009,BR_00000006,numeric-chain-000031,1,17,25.23,1500,1.6,700,720,DC51D+Z,普碳,SPHC,软钢,actual_transition,,,,,,
diagnostic_candidate,True,0030100868-000060,0030100868-000060,0030100868-000060,BR_00000008,BR_00000006,numeric-chain-000031,1,18,24,1500,1.78,700,720,DC51D+Z,普碳,SPHC,软钢,actual_transition,,,,,,
diagnostic_candidate,True,0030107311-000090,0030107311-000090,0030107311-000090,BR_00000018,BR_00000006,numeric-chain-000031,1,19,48,1500,1.95,700,720,DC51D+Z,普碳,SPHC,软钢,actual_transition,,,,,,
diagnostic_candidate,True,0030107311-000350,0030107311-000350,0030107311-000350,BR_00000018,BR_00000006,numeric-chain-000031,1,20,24,1500,2,700,720,DC51D+Z,普碳,SPHC,软钢,actual_transition,,,,,,
diagnostic_candidate,True,0030107311-000270,0030107311-000270,0030107311-000270,BR_00000018,BR_00000006,numeric-chain-000031,1,21,48,1500,2,700,720,DC51D+Z,普碳,SPHC,软钢,actual_transition,,,,,,
diagnostic_candidate,True,0030107311-000410,0030107311-000410,0030107311-000410,BR_00000018,BR_00000006,numeric-chain-000031,1,22,24,1500,2,700,720,DC51D+Z,普碳,SPHC,软钢,actual_transition,,,,,,
diagnostic_candidate,True,0010017424-000020,0010017424-000020,0010017424-000020,BR_00000024,BR_00000006,numeric-chain-000031,1,23,96,1500,2,700,720,DC51D+Z-D,普碳,SPHC,软钢,normal_real,,,,,,
diagnostic_candidate,True,0030104603-000110,0030104603-000110,0030104603-000110,BR_00000012,BR_00000006,numeric-chain-000031,1,24,24,1500,2.49,700,720,DC51D+Z,普碳,SPHC,软钢,actual_transition,,,,,,
diagnostic_candidate,True,0010018679-000130,0010018679-000130,0010018679-000130,BR_00000030,BR_00000006,numeric-chain-000031,1,25,96,1500,2.5,700,720,DC51D+Z,普碳,SPHC,软钢,actual_transition,,,,,,
diagnostic_candidate,True,0030102943-000070,0030102943-000070,0030102943-000070,BR_00000012,BR_00000006,numeric-chain-000031,1,26,45.74,1500,2.5,700,720,DC51D+Z,普碳,SPHC,软钢,actual_transition,,,,,,
diagnostic_candidate,True,0030101768-000150,0030101768-000150,0030101768-000150,BR_00000008,BR_00000006,numeric-chain-000031,1,27,7.52,1500,2.5,700,720,DC51D+Z,普碳,SPHC,软钢,actual_transition,,,,,,
diagnostic_candidate,True,0030108873-000040,0030108873-000040,0030108873-000040,BR_00000018,BR_00000006,numeric-chain-000031,1,28,72,1500,2.5,700,720,DC51D+Z,普碳,SPHC,软钢,actual_transition,,,,,,
diagnostic_candidate,True,0030108872-000080,0030108872-000080,0030108872-000080,BR_00000018,BR_00000006,numeric-chain-000031,1,29,24,1500,2.5,700,720,DC51D+Z,普碳,SPHC,软钢,actual_transition,,,,,,
diagnostic_candidate,True,0030107311-000130,0030107311-000130,0030107311-000130,BR_00000018,BR_00000006,numeric-chain-000031,1,30,24,1500,2.5,700,720,DC51D+Z,普碳,SPHC,软钢,actual_transition,,,,,,
diagnostic_candidate,True,0010017445-000080,0010017445-000080,0010017445-000080,BR_00000025,BR_00000006,numeric-chain-000031,1,31,96,1500,2.5,700,720,DC51D+Z,普碳,SPHC,软钢,actual_transition,,,,,,
diagnostic_candidate,True,0030114755-000030,0030114755-000030,0030114755-000030,BR_00000024,BR_00000006,numeric-chain-000031,1,32,96,1420,2.5,700,840,DC51D+Z,普碳,SPHC,软钢,normal_real,,,,,,
diagnostic_candidate,True,0030119916-000060,0030119916-000060,0030119916-000060,BR_00000030,BR_00000006,numeric-chain-000031,1,33,24,1400,2,820,840,DC53D+Z,IF钢,SPHETI-5,软钢,normal_real,,,,,,
diagnostic_candidate,True,0005000463-000030,0005000463-000030,0005000463-000030,BR_00000012,BR_00000006,numeric-chain-000031,1,34,8.6,1398,1.8,830,850,CR3,IF钢,SPHETI-36,软钢,normal_real,,,,,,
diagnostic_candidate,True,0030105416-000240,0030105416-000240,0030105416-000240,BR_00000012,BR_00000006,numeric-chain-000031,1,35,24,1380,1.5,830,850,DC54D+Z,IF钢,SPHETI-3,软钢,normal_real,,,,,,
diagnostic_candidate,True,0005000562-000050,0005000562-000050,0005000562-000050,BR_00000036,BR_00000006,numeric-chain-000031,1,36,23,1370,1.5,830,850,CR3,IF钢,SPHETI-36,软钢,normal_real,,,,,,
diagnostic_candidate,True,0005000486-000070,0005000486-000070,0005000486-000070,BR_00000018,BR_00000006,numeric-chain-000031,1,37,20,1349,1.6,820,860,CR3,IF钢,SPHETI-36,软钢,normal_real,,,,,,
diagnostic_candidate,True,0005000486-000750,0005000486-000750,0005000486-000750,BR_00000018,BR_00000006,numeric-chain-000031,1,38,42,1345,1.5,830,850,CR180BH,加磷高强、烘烤硬化钢,H180BH,软钢,normal_real,,,,,,
diagnostic_candidate,True,0005000464-000730,0005000464-000730,0005000464-000730,BR_00000012,BR_00000006,numeric-chain-000031,1,39,30.32,1345,1.5,830,850,CR180BH,加磷高强、烘烤硬化钢,H180BH,软钢,normal_real,,,,,,
diagnostic_candidate,True,0005000501-000750,0005000501-000750,0005000501-000750,BR_00000024,BR_00000006,numeric-chain-000031,1,40,51.99,1345,1.5,830,850,CR180BH,加磷高强、烘烤硬化钢,H180BH,软钢,normal_real,,,,,,
diagnostic_candidate,True,0002002054-000060,0002002054-000060,0002002054-000060,BR_00000030,BR_00000006,numeric-chain-000031,1,41,50,1300,2,820,840,DX53D+Z-MD,IF钢,SPHETI-5,软钢,normal_real,,,,,,
diagnostic_candidate,True,0005000483-000040,0005000483-000040,0005000483-000040,BR_00000014,BR_00000006,numeric-chain-000031,1,42,7,1268,2,830,850,CR180BH,加磷高强、烘烤硬化钢,H180BH,软钢,normal_real,,,,,,
diagnostic_candidate,True,0002001412-000010,0002001412-000010,0002001412-000010,BR_00000006,BR_00000006,numeric-chain-000031,1,43,13.69,1260,2,830,850,DX53D+Z-CY,IF钢,SPHETI-5,软钢,normal_real,,,,,,
diagnostic_candidate,True,0005000571-000030,0005000571-000030,0005000571-000030,BR_00000036,BR_00000006,numeric-chain-000031,1,44,7,1256,2,830,850,CR180BH,加磷高强、烘烤硬化钢,H180BH,软钢,normal_real,,,,,,
diagnostic_candidate,True,0030121327-000030,0030121327-000030,0030121327-000030,BR_00000032,BR_00000006,numeric-chain-000031,1,45,25,1250,2.4,830,850,DC56D+Z,IF钢,SPHETI-3,软钢,normal_real,,,,,,
diagnostic_candidate,True,0030122647-000560,0030122647-000560,0030122647-000560,BR_00000036,BR_00000006,numeric-chain-000031,1,46,72,1250,2.49,820,840,DC53D+Z,IF钢,SPHETI-5,软钢,normal_real,,,,,,
diagnostic_candidate,True,0030119938-000320,0030119938-000320,0030119938-000320,BR_00000030,BR_00000006,numeric-chain-000031,1,47,48,1250,2.49,820,840,DC53D+Z,IF钢,SPHETI-5,软钢,normal_real,,,,,,
diagnostic_candidate,True,0030113335-000040,0030113335-000040,0030113335-000040,BR_00000024,BR_00000006,numeric-chain-000031,1,48,15,1235,2.5,815,835,HC180YD+Z,加磷高强、烘烤硬化钢,H180YD,软钢,normal_real,,,,,,
diagnostic_candidate,True,0005000486-000540,0005000486-000540,0005000486-000540,BR_00000018,BR_00000006,numeric-chain-000031,1,49,20,1221,2.2,820,840,CR210BH,加磷高强、烘烤硬化钢,H220BH,软钢,normal_real,,,,,,
diagnostic_candidate,True,0002001647-000100,0002001647-000100,0002001647-000100,BR_00000012,BR_00000006,numeric-chain-000072,2,1,46,1300,0.45,815,835,DX51D+Z-MD,普碳,SPHC,软钢,normal_real,,,,,,
diagnostic_candidate,True,0010019718-000020,0010019718-000020,0010019718-000020,BR_00000036,BR_00000006,numeric-chain-000072,2,2,34.94,1300,0.5,700,840,DC51D+Z,普碳,SPHC,软钢,actual_transition,,,,,,
diagnostic_candidate,True,0030105927-000030,0030105927-000030,0030105927-000030,BR_00000012,BR_00000006,numeric-chain-000072,2,3,24,1300,0.6,700,720,DX51D+Z3,深冲钢（PD）,DD12BB,软钢,normal_real,,,,,,
diagnostic_candidate,True,0030104498-000020,0030104498-000020,0030104498-000020,BR_00000012,BR_00000006,numeric-chain-000072,2,4,22.46,1295,0.6,700,840,DC51D+Z,普碳,SPHC,软钢,normal_real,,,,,,
diagnostic_candidate,True,0002001744-000260,0002001744-000260,0002001744-000260,BR_00000018,BR_00000006,numeric-chain-000072,2,5,13,1290,0.65,770,810,DC51D+Z,普碳,SPHC,软钢,normal_real,,,,,,
diagnostic_candidate,True,0002001854-000150,0002001854-000150,0002001854-000150,BR_00000024,BR_00000006,numeric-chain-000072,2,6,46,1290,0.65,770,810,DC51D+Z,普碳,SPHC,软钢,normal_real,,,,,,
diagnostic_candidate,True,0002001871-000470,0002001871-000470,0002001871-000470,BR_00000024,BR_00000006,numeric-chain-000072,2,7,45.38,1288,0.65,770,810,DC51D+Z,普碳,SPHC,软钢,normal_real,,,,,,
diagnostic_candidate,True,0002002202-000090,0002002202-000090,0002002202-000090,BR_00000036,BR_00000006,numeric-chain-000072,2,8,138,1280,0.65,770,810,DC51D+Z,IF钢,SPHETI-3,软钢,normal_real,,,,,,
diagnostic_candidate,True,0002001780-000100,0002001780-000100,0002001780-000100,BR_00000024,BR_00000006,numeric-chain-000072,2,9,23,1265,0.8,770,810,DC51D+Z,普碳,SPHC,软钢,normal_real,,,,,,
diagnostic_candidate,True,0002001854-000290,0002001854-000290,0002001854-000290,BR_00000024,BR_00000006,numeric-chain-000072,2,10,46,1265,0.8,770,810,DC51D+Z,普碳,SPHC,软钢,normal_real,,,,,,
diagnostic_candidate,True,0030106995-000160,0030106995-000160,0030106995-000160,BR_00000016,BR_00000006,numeric-chain-000072,2,11,48,1260,0.65,770,810,DC51D+Z,IF钢,SPHETI-5,软钢,normal_real,,,,,,
diagnostic_candidate,True,0030115408-000010,0030115408-000010,0030115408-000010,BR_00000024,BR_00000006,numeric-chain-000072,2,12,24,1250,0.7,780,800,HC220YD+Z,加磷高强、烘烤硬化钢,H220Y,软钢,normal_real,,,,,,
diagnostic_candidate,True,0030125207-000050,0030125207-000050,0030125207-000050,BR_00000036,BR_00000006,numeric-chain-000072,2,13,48,1233,0.7,770,810,DC51D+Z,深冲钢（PD）,SPHCQ,软钢,normal_real,,,,,,
diagnostic_candidate,True,0002001420-000030,0002001420-000030,0002001420-000030,BR_00000006,BR_00000006,numeric-chain-000072,2,14,5.69,1230,0.65,770,810,DC51D+Z,普碳,SPHC,软钢,normal_real,,,,,,
diagnostic_candidate,True,0002001612-000570,0002001612-000570,0002001612-000570,BR_00000012,BR_00000006,numeric-chain-000072,2,15,7.08,1226,0.65,770,810,DC51D+Z,普碳,SPHC,软钢,normal_real,,,,,,
diagnostic_candidate,True,0002001998-000270,0002001998-000270,0002001998-000270,BR_00000030,BR_00000006,numeric-chain-000072,2,16,24,1223,0.65,770,810,DC51D+Z,普碳,SPHC,软钢,normal_real,,,,,,
diagnostic_candidate,True,0030119599-000010,0030119599-000010,0030119599-000010,BR_00000030,BR_00000006,numeric-chain-000072,2,17,95.76,1215,0.65,780,800,HC220YD+Z,加磷高强、烘烤硬化钢,H220Y,软钢,normal_real,,,,,,
diagnostic_candidate,True,0030114676-000030,0030114676-000030,0030114676-000030,BR_00000024,BR_00000006,numeric-chain-000072,2,18,48,1211,0.65,780,800,HC220YD+Z,加磷高强、烘烤硬化钢,H220Y,软钢,normal_real,,,,,,
diagnostic_candidate,True,0030119862-000060,0030119862-000060,0030119862-000060,BR_00000030,BR_00000006,numeric-chain-000072,2,19,48,1203,0.7,770,810,DC51D+Z,深冲钢（PD）,SPHCQ,软钢,normal_real,,,,,,
diagnostic_candidate,True,0002001617-000250,0002001617-000250,0002001617-000250,BR_00000012,BR_00000006,numeric-chain-000072,2,20,18.31,1200,0.6,770,810,DC51D+Z,普碳,SPHC,软钢,normal_real,,,,,,
diagnostic_candidate,True,0030121499-000110,0030121499-000110,0030121499-000110,BR_00000030,BR_00000006,numeric-chain-000072,2,21,72,1185,0.62,790,810,HC260YD+Z,加磷高强、烘烤硬化钢,H260Y,软钢,normal_real,,,,,,
diagnostic_candidate,True,0002001612-000490,0002001612-000490,0002001612-000490,BR_00000012,BR_00000006,numeric-chain-000072,2,22,46,1180,0.65,770,810,DC51D+Z,普碳,SPHC,软钢,normal_real,,,,,,
diagnostic_candidate,True,0002001871-000540,0002001871-000540,0002001871-000540,BR_00000024,BR_00000006,numeric-chain-000072,2,23,13,1180,0.65,770,810,DC51D+Z,普碳,SPHC,软钢,normal_real,,,,,,
diagnostic_candidate,True,0002001612-000440,0002001612-000440,0002001612-000440,BR_00000012,BR_00000006,numeric-chain-000072,2,24,5.49,1174,0.65,770,810,DC51D+Z,普碳,SPHC,软钢,normal_real,,,,,,
diagnostic_candidate,True,0002002009-000130,0002002009-000130,0002002009-000130,BR_00000030,BR_00000006,numeric-chain-000072,2,25,5.42,1172,0.65,770,810,DC51D+Z,普碳,SPHC,软钢,normal_real,,,,,,
diagnostic_candidate,True,0002001871-000250,0002001871-000250,0002001871-000250,BR_00000024,BR_00000006,numeric-chain-000072,2,26,13,1172,0.65,770,810,DC51D+Z,普碳,SPHC,软钢,normal_real,,,,,,
diagnostic_candidate,True,0002002184-000060,0002002184-000060,0002002184-000060,BR_00000036,BR_00000006,numeric-chain-000072,2,27,23,1170,0.6,770,810,DC51D+Z,IF钢,SPHETI-3,软钢,normal_real,,,,,,
diagnostic_candidate,True,0002001867-000140,0002001867-000140,0002001867-000140,BR_00000024,BR_00000006,numeric-chain-000072,2,28,23,1170,0.6,770,810,DC51D+Z,普碳,SPHC,软钢,normal_real,,,,,,
diagnostic_candidate,True,0002002020-000010,0002002020-000010,0002002020-000010,BR_00000030,BR_00000006,numeric-chain-000072,2,29,23,1170,0.6,770,810,DC51D+Z,普碳,SPHC,软钢,normal_real,,,,,,
diagnostic_candidate,True,0002002021-000090,0002002021-000090,0002002021-000090,BR_00000030,BR_00000006,numeric-chain-000072,2,30,23,1170,0.6,770,810,DC51D+Z,IF钢,SPHETI-3,软钢,normal_real,,,,,,
diagnostic_candidate,True,0030120939-000100,0030120939-000100,0030120939-000100,BR_00000032,BR_00000006,numeric-chain-000072,2,31,48,1160,0.7,780,800,HC220YD+Z,加磷高强、烘烤硬化钢,H220Y,软钢,normal_real,,,,,,
diagnostic_candidate,True,0002001744-000080,0002001744-000080,0002001744-000080,BR_00000018,BR_00000006,numeric-chain-000072,2,32,13,1155,0.65,770,810,DC51D+Z,普碳,SPHC,软钢,normal_real,,,,,,
diagnostic_candidate,True,0002002176-000010,0002002176-000010,0002002176-000010,BR_00000036,BR_00000006,numeric-chain-000072,2,33,15,1150,0.65,770,810,DC51D+Z,普碳,SPHC,软钢,normal_real,,,,,,
diagnostic_candidate,True,0002001890-000030,0002001890-000030,0002001890-000030,BR_00000024,BR_00000006,numeric-chain-000072,2,34,13,1150,0.65,770,810,DC51D+Z,普碳,SPHC,软钢,normal_real,,,,,,
diagnostic_candidate,True,0002001871-000050,0002001871-000050,0002001871-000050,BR_00000024,BR_00000006,numeric-chain-000072,2,35,13,1150,0.65,770,810,DC51D+Z,普碳,SPHC,软钢,normal_real,,,,,,
diagnostic_candidate,True,0002002148-000010,0002002148-000010,0002002148-000010,BR_00000036,BR_00000006,numeric-chain-000072,2,36,300,1148,0.65,770,810,DC51D+Z,IF钢,SPHETI-3,软钢,normal_real,,,,,,
diagnostic_candidate,True,0002001627-000020,0002001627-000020,0002001627-000020,BR_00000012,BR_00000006,numeric-chain-000072,2,37,23,1145,0.7,770,810,DC51D+Z,普碳,SPHC,软钢,normal_real,,,,,,
diagnostic_candidate,True,0002002202-000060,0002002202-000060,0002002202-000060,BR_00000036,BR_00000006,numeric-chain-000072,2,38,46,1145,0.7,770,810,DC51D+Z,IF钢,SPHETI-3,软钢,normal_real,,,,,,
diagnostic_candidate,True,0002002024-000030,0002002024-000030,0002002024-000030,BR_00000030,BR_00000006,numeric-chain-000072,2,39,23,1145,0.7,770,810,DC51D+Z,普碳,SPHC,软钢,normal_real,,,,,,
diagnostic_candidate,True,0030120817-000030,0030120817-000030,0030120817-000030,BR_00000030,BR_00000006,numeric-chain-000072,2,40,23,1140,0.7,790,810,HC260YD+Z,加磷高强、烘烤硬化钢,H260Y,软钢,normal_real,,,,,,
diagnostic_candidate,True,0030117283-000020,0030117283-000020,0030117283-000020,BR_00000030,BR_00000006,numeric-chain-000072,2,41,24,1130,0.65,790,810,SCG260Y+Z,加磷高强、烘烤硬化钢,H260Y,软钢,normal_real,,,,,,
diagnostic_candidate,True,0002002020-000090,0002002020-000090,0002002020-000090,BR_00000030,BR_00000006,numeric-chain-000072,2,42,23,1127,0.6,770,810,DC51D+Z,普碳,SPHC,软钢,normal_real,,,,,,
diagnostic_candidate,True,0002001414-000060,0002001414-000060,0002001414-000060,BR_00000006,BR_00000006,numeric-chain-000072,2,43,5.47,1124,0.6,770,810,DC51D+Z,普碳,SPHC,软钢,normal_real,,,,,,
diagnostic_candidate,True,0030125206-000010,0030125206-000010,0030125206-000010,BR_00000036,BR_00000006,numeric-chain-000072,2,44,23,1120,0.6,770,810,DC51D+Z,深冲钢（PD）,SPHCQ,软钢,normal_real,,,,,,
diagnostic_candidate,True,0002001867-000110,0002001867-000110,0002001867-000110,BR_00000024,BR_00000006,numeric-chain-000072,2,45,30,1120,0.6,780,800,220YD+Z,加磷高强、烘烤硬化钢,H220Y,软钢,normal_real,,,,,,
diagnostic_candidate,True,0030124800-000060,0030124800-000060,0030124800-000060,BR_00000036,BR_00000006,numeric-chain-000072,2,46,23,1116,0.5,770,810,DX52D+Z,深冲钢（PD）,SPHCQ,软钢,normal_real,,,,,,
diagnostic_candidate,True,0030105931-000010,0030105931-000010,0030105931-000010,BR_00000012,BR_00000006,numeric-chain-000072,2,47,46,1110,0.6,700,840,DC51D+Z,普碳,SPHC,软钢,normal_real,,,,,,
diagnostic_candidate,True,0030106188-000030,0030106188-000030,0030106188-000030,BR_00000012,BR_00000006,numeric-chain-000072,2,48,23,1110,0.7,830,850,DC57D+Z,IF钢,SPHETI-3,软钢,normal_real,,,,,,
diagnostic_candidate,True,0005000501-000350,0005000501-000350,0005000501-000350,BR_00000024,BR_00000006,numeric-chain-000072,2,49,20,1100,0.8,830,850,CR180BH,加磷高强、烘烤硬化钢,H180BH,软钢,normal_real,,,,,,
diagnostic_candidate,True,0005000563-000290,0005000563-000290,0005000563-000290,BR_00000036,BR_00000006,numeric-chain-000072,2,50,20,1100,0.8,830,850,CR180BH,加磷高强、烘烤硬化钢,H180BH,软钢,normal_real,,,,,,
diagnostic_candidate,True,0002001438-000600,0002001438-000600,0002001438-000600,BR_00000006,BR_00000006,numeric-chain-000072,2,51,5.93,1100,0.65,830,850,DC53D+Z,IF钢,SPHETI-3,软钢,normal_real,,,,,,
diagnostic_candidate,True,0002002180-000270,0002002180-000270,0002002180-000270,BR_00000036,BR_00000006,numeric-chain-000072,2,52,20,1100,0.65,830,850,DC53D+Z,IF钢,SPHETI-3,软钢,normal_real,,,,,,
diagnostic_candidate,True,0030113466-000070,0030113466-000070,0030113466-000070,BR_00000024,BR_00000006,numeric-chain-000072,2,53,23,1100,0.8,820,840,DC53D+Z,IF钢,SPHETI-5,软钢,normal_real,,,,,,
diagnostic_candidate,True,0030105862-000070,0030105862-000070,0030105862-000070,BR_00000012,BR_00000006,numeric-chain-000072,2,54,46,1095,0.7,810,830,HC180YD+Z,加磷高强、烘烤硬化钢,H180YD,软钢,normal_real,,,,,,
diagnostic_candidate,True,0030102862-000020,0030102862-000020,0030102862-000020,BR_00000012,BR_00000006,numeric-chain-000072,2,55,23,1094,0.8,820,840,DC53D+Z,IF钢,SPHETI-5,软钢,normal_real,,,,,,
diagnostic_candidate,True,0030107415-000030,0030107415-000030,0030107415-000030,BR_00000018,BR_00000006,numeric-chain-000072,2,56,23,1094,0.8,820,840,DC53D+Z,IF钢,SPHETI-5,软钢,normal_real,,,,,,
diagnostic_candidate,True,0002001890-000270,0002001890-000270,0002001890-000270,BR_00000024,BR_00000006,numeric-chain-000072,2,57,13,1083,0.65,810,830,180YD+Z,加磷高强、烘烤硬化钢,H180YD,软钢,normal_real,,,,,,
diagnostic_candidate,True,0002001871-000440,0002001871-000440,0002001871-000440,BR_00000024,BR_00000006,numeric-chain-000072,2,58,33,1083,0.65,810,830,180YD+Z,加磷高强、烘烤硬化钢,H180YD,软钢,normal_real,,,,,,
diagnostic_candidate,True,0002001899-000070,0002001899-000070,0002001899-000070,BR_00000024,BR_00000006,numeric-chain-000083,3,1,115,1219,1.5,815,835,DX51D+Z-MD,普碳,SPHC,软钢,normal_real,,,,,,
diagnostic_candidate,True,0030121502-000020,0030121502-000020,0030121502-000020,BR_00000030,BR_00000006,numeric-chain-000083,3,2,24,1209,1.5,805,825,HC260YD+Z,加磷高强、烘烤硬化钢,H260Y,软钢,normal_real,,,,,,
diagnostic_candidate,True,0030104601-000030,0030104601-000030,0030104601-000030,BR_00000012,BR_00000006,numeric-chain-000083,3,3,16.03,1205,1.2,795,815,HC220YD+Z,加磷高强、烘烤硬化钢,H220Y,软钢,normal_real,,,,,,
diagnostic_candidate,True,0002001612-000350,0002001612-000350,0002001612-000350,BR_00000012,BR_00000006,numeric-chain-000083,3,4,15.72,1201,1.2,770,810,DC51D+Z,普碳,SPHC,软钢,normal_real,,,,,,
diagnostic_candidate,True,0002001871-000180,0002001871-000180,0002001871-000180,BR_00000024,BR_00000006,numeric-chain-000083,3,5,13,1199,1.2,770,810,DC51D+Z,普碳,SPHC,软钢,normal_real,,,,,,
diagnostic_candidate,True,0002001647-000080,0002001647-000080,0002001647-000080,BR_00000012,BR_00000006,numeric-chain-000083,3,6,6.73,1195,1.2,770,810,DX51D+Z-WL,深冲钢（PD）,SPHCQ,软钢,normal_real,,,,,,
diagnostic_candidate,True,0002001756-000020,0002001756-000020,0002001756-000020,BR_00000018,BR_00000006,numeric-chain-000083,3,7,122.04,1195,1.2,770,810,DX51D+Z-WL,深冲钢（PD）,SPHCQ,软钢,normal_real,,,,,,
diagnostic_candidate,True,0002001896-000010,0002001896-000010,0002001896-000010,BR_00000024,BR_00000006,numeric-chain-000083,3,8,94.46,1195,1.2,770,810,DX51D+Z-WL,深冲钢（PD）,SPHCQ,软钢,normal_real,,,,,,
diagnostic_candidate,True,0002001457-000030,0002001457-000030,0002001457-000030,BR_00000006,BR_00000006,numeric-chain-000083,3,9,5.63,1195,1.2,770,810,DX51D+Z-WL,深冲钢（PD）,SPHCQ,软钢,normal_real,,,,,,
diagnostic_candidate,True,0002001756-000050,0002001756-000050,0002001756-000050,BR_00000018,BR_00000006,numeric-chain-000083,3,10,297.43,1195,1.2,770,810,DX51D+Z-WL,深冲钢（PD）,SPHCQ,软钢,normal_real,,,,,,
diagnostic_candidate,True,0002001756-000070,0002001756-000070,0002001756-000070,BR_00000018,BR_00000006,numeric-chain-000083,3,11,242,1195,1.2,770,810,DX51D+Z-WL,深冲钢（PD）,SPHCQ,软钢,normal_real,,,,,,
diagnostic_candidate,True,0030125184-000010,0030125184-000010,0030125184-000010,BR_00000036,BR_00000006,numeric-chain-000083,3,12,48,1183,1,790,810,HC220YD+Z,加磷高强、烘烤硬化钢,H220Y,软钢,normal_real,,,,,,
diagnostic_candidate,True,0002002059-000010,0002002059-000010,0002002059-000010,BR_00000030,BR_00000006,numeric-chain-000083,3,13,92,1180,1.2,770,810,DX51D+Z-WL,深冲钢（PD）,SPHCQ,软钢,normal_real,,,,,,
diagnostic_candidate,True,0002001896-000020,0002001896-000020,0002001896-000020,BR_00000024,BR_00000006,numeric-chain-000083,3,14,66,1180,1.2,770,810,DX51D+Z-WL,深冲钢（PD）,SPHCQ,软钢,normal_real,,,,,,
diagnostic_candidate,True,0002002170-000050,0002002170-000050,0002002170-000050,BR_00000036,BR_00000006,numeric-chain-000083,3,15,23,1175,1.2,770,810,DC51D+Z,普碳,SPHC,软钢,normal_real,,,,,,
diagnostic_candidate,True,0002001612-000110,0002001612-000110,0002001612-000110,BR_00000012,BR_00000006,numeric-chain-000083,3,16,18.89,1173,1.2,770,810,DC51D+Z,普碳,SPHC,软钢,normal_real,,,,,,
diagnostic_candidate,True,0002001873-000010,0002001873-000010,0002001873-000010,BR_00000024,BR_00000006,numeric-chain-000083,3,17,23,1163,1.4,770,810,DC51D+Z,普碳,SPHC,软钢,normal_real,,,,,,
diagnostic_candidate,True,0002002202-000120,0002002202-000120,0002002202-000120,BR_00000036,BR_00000006,numeric-chain-000083,3,18,23,1163,1.4,770,810,DC51D+Z,IF钢,SPHETI-3,软钢,normal_real,,,,,,
diagnostic_candidate,True,0002001768-000160,0002001768-000160,0002001768-000160,BR_00000018,BR_00000006,numeric-chain-000083,3,19,23,1140,1.4,770,810,DC51D+Z,普碳,SPHC,软钢,normal_real,,,,,,
diagnostic_candidate,True,0002001751-000070,0002001751-000070,0002001751-000070,BR_00000018,BR_00000006,numeric-chain-000083,3,20,23,1125,1.6,770,810,DC51D+Z,普碳,SPHC,软钢,normal_real,,,,,,
diagnostic_candidate,True,0002002023-000160,0002002023-000160,0002002023-000160,BR_00000030,BR_00000006,numeric-chain-000083,3,21,23,1125,1.6,770,810,DC51D+Z,普碳,SPHC,软钢,normal_real,,,,,,
diagnostic_candidate,True,0002001874-000020,0002001874-000020,0002001874-000020,BR_00000024,BR_00000006,numeric-chain-000083,3,22,23,1113,1.5,770,810,DC51D+Z,普碳,SPHC,软钢,normal_real,,,,,,
diagnostic_candidate,True,0002001622-000010,0002001622-000010,0002001622-000010,BR_00000012,BR_00000006,numeric-chain-000083,3,23,95.75,1100,1.5,770,810,DX51D+Z-WL,深冲钢（PD）,SPHCQ,软钢,normal_real,,,,,,
diagnostic_candidate,True,0002002060-000010,0002002060-000010,0002002060-000010,BR_00000030,BR_00000006,numeric-chain-000083,3,24,20.28,1100,1.5,770,810,DX51D+Z-WL,深冲钢（PD）,SPHCQ,软钢,normal_real,,,,,,
diagnostic_candidate,True,0002002053-000160,0002002053-000160,0002002053-000160,BR_00000030,BR_00000006,numeric-chain-000083,3,25,60,1100,2,800,820,DX51D+Z-MD,普碳,SPHC,软钢,normal_real,,,,,,
diagnostic_candidate,True,0030119726-000020,0030119726-000020,0030119726-000020,BR_00000030,BR_00000006,numeric-chain-000083,3,26,23,1099,2,805,825,HC260YD+Z,加磷高强、烘烤硬化钢,H260Y,软钢,normal_real,,,,,,
diagnostic_candidate,True,0030120940-000110,0030120940-000110,0030120940-000110,BR_00000032,BR_00000006,numeric-chain-000083,3,27,8.66,1093,2,795,815,HC220YD+Z,加磷高强、烘烤硬化钢,H220Y,软钢,normal_real,,,,,,
diagnostic_candidate,True,0030115673-000210,0030115673-000210,0030115673-000210,BR_00000025,BR_00000006,numeric-chain-000083,3,28,23,1093,2,795,815,HC220YD+Z,加磷高强、烘烤硬化钢,H220Y,软钢,normal_real,,,,,,
diagnostic_candidate,True,0030111511-000040,0030111511-000040,0030111511-000040,BR_00000020,BR_00000006,numeric-chain-000083,3,29,8,1093,2,795,815,HC220YD+Z,加磷高强、烘烤硬化钢,H220Y,软钢,normal_real,,,,,,
diagnostic_candidate,True,0002001873-000080,0002001873-000080,0002001873-000080,BR_00000024,BR_00000006,numeric-chain-000083,3,30,19,1085,2,770,810,DC51D+Z,普碳,SPHC,软钢,normal_real,,,,,,
diagnostic_candidate,True,0002002202-000280,0002002202-000280,0002002202-000280,BR_00000036,BR_00000006,numeric-chain-000083,3,31,19,1085,2,770,810,DC51D+Z,IF钢,SPHETI-3,软钢,normal_real,,,,,,
diagnostic_candidate,True,0030125207-000080,0030125207-000080,0030125207-000080,BR_00000036,BR_00000006,numeric-chain-000083,3,32,46,1078,2.5,770,810,DC51D+Z,深冲钢（PD）,SPHCQ,软钢,normal_real,,,,,,
diagnostic_candidate,True,0002001780-000040,0002001780-000040,0002001780-000040,BR_00000024,BR_00000006,numeric-chain-000083,3,33,19,1040,2,770,810,DC51D+Z,普碳,SPHC,软钢,normal_real,,,,,,
diagnostic_candidate,True,0002001454-000020,0002001454-000020,0002001454-000020,BR_00000006,BR_00000006,numeric-chain-000083,3,34,9.38,1040,2,770,810,DC51D+Z,普碳,SPHC,软钢,normal_real,,,,,,
diagnostic_candidate,True,0030119862-000040,0030119862-000040,0030119862-000040,BR_00000030,BR_00000006,numeric-chain-000083,3,35,22,1036,2,795,815,HC220YD+Z,加磷高强、烘烤硬化钢,H220Y,软钢,normal_real,,,,,,
diagnostic_candidate,True,0030105849-000030,0030105849-000030,0030105849-000030,BR_00000012,BR_00000006,numeric-chain-000083,3,36,22.59,1020,1.5,805,825,HC220YD+Z,加磷高强、烘烤硬化钢,H220Y,软钢,normal_real,,,,,,
diagnostic_candidate,True,0030113466-000040,0030113466-000040,0030113466-000040,BR_00000024,BR_00000006,numeric-chain-000083,3,37,22,1010,2,700,840,DC51D+Z,普碳,SPHC,软钢,normal_real,,,,,,
diagnostic_candidate,True,0005000486-000290,0005000486-000290,0005000486-000290,BR_00000018,BR_00000006,numeric-chain-000083,3,38,18,980,2,820,860,CR3,IF钢,SPHETI-36,软钢,normal_real,,,,,,
diagnostic_candidate,True,0030117111-000020,0030117111-000020,0030117111-000020,BR_00000030,BR_00000006,numeric-chain-000083,3,39,18,914,1.5,830,850,CR180BH,加磷高强、烘烤硬化钢,H180BH,软钢,normal_real,,,,,,
diagnostic_candidate,True,0005000547-000320,0005000547-000320,0005000547-000320,BR_00000030,BR_00000006,numeric-chain-000083,3,40,16,900,1.2,830,850,CR3,IF钢,SPHETI-36,软钢,normal_real,,,,,,
diagnostic_candidate,True,0005000547-000210,0005000547-000210,0005000547-000210,BR_00000030,BR_00000006,numeric-chain-000083,3,41,80,900,1.2,830,850,CR180BH,加磷高强、烘烤硬化钢,H180BH,软钢,normal_real,,,,,,
diagnostic_candidate,True,0002001890-000040,0002001890-000040,0002001890-000040,BR_00000024,BR_00000006,numeric-chain-000083,3,42,30,898,1,830,850,DC53D+Z,IF钢,SPHETI-3,软钢,normal_real,,,,,,
diagnostic_candidate,True,0002001438-000110,0002001438-000110,0002001438-000110,BR_00000006,BR_00000006,numeric-chain-000083,3,43,18.73,895,0.8,830,850,DC53D+Z,IF钢,SPHETI-3,软钢,normal_real,,,,,,
diagnostic_candidate,True,0002001738-000010,0002001738-000010,0002001738-000010,BR_00000018,BR_00000006,numeric-chain-000083,3,44,16,865,0.6,830,850,DC53D+Z,IF钢,SPHETI-3,软钢,normal_real,,,,,,
diagnostic_candidate,True,0002001890-000300,0002001890-000300,0002001890-000300,BR_00000024,BR_00000006,numeric-chain-000083,3,45,13,862,0.65,830,850,DC53D+Z,IF钢,SPHETI-3,软钢,normal_real,,,,,,
diagnostic_candidate,True,0002002021-000210,0002002021-000210,0002002021-000210,BR_00000030,BR_00000006,numeric-chain-000083,3,46,32,840,0.6,830,850,DC56D+Z,IF钢,SPHETI-3,软钢,normal_real,,,,,,
diagnostic_candidate,True,0030124824-000020,0030124824-000020,0030124824-000020,BR_00000036,BR_00000006,numeric-chain-000029,4,1,430,1055,0.95,820,840,DX53D+Z,IF钢,SPHETI-5,软钢,normal_real,,,,,,
diagnostic_candidate,True,0030119032-000010,0030119032-000010,0030119032-000010,BR_00000030,BR_00000006,numeric-chain-000029,4,2,50,1050,0.75,820,840,DX53D+Z,IF钢,SPHETI-5,软钢,normal_real,,,,,,
diagnostic_candidate,True,0030118934-000030,0030118934-000030,0030118934-000030,BR_00000030,BR_00000006,numeric-chain-000029,4,3,420,1045,0.65,820,840,HX180BD+Z,加磷高强、烘烤硬化钢,H180BH1,软钢,normal_real,,,,,,
diagnostic_candidate,True,0030122480-000110,0030122480-000110,0030122480-000110,BR_00000036,BR_00000006,numeric-chain-000029,4,4,89.42,1040,0.7,830,850,DX53D+Z,IF钢,SPHETI-5,软钢,normal_real,,,,,,
diagnostic_candidate,True,0030112439-000250,0030112439-000250,0030112439-000250,BR_00000024,BR_00000006,numeric-chain-000029,4,5,22,1040,0.7,830,850,DX53D+Z,IF钢,SPHETI-5,软钢,normal_real,,,,,,
diagnostic_candidate,True,0030108110-000010,0030108110-000010,0030108110-000010,BR_00000018,BR_00000006,numeric-chain-000029,4,6,88,1035,0.6,830,850,DC54D+Z,IF钢,SPHETI-3,软钢,normal_real,,,,,,
diagnostic_candidate,True,0002001780-000160,0002001780-000160,0002001780-000160,BR_00000024,BR_00000006,numeric-chain-000029,4,7,23,1030,0.6,830,850,DC54D+Z,IF钢,SPHETI-3,软钢,normal_real,,,,,,
diagnostic_candidate,True,0002002170-000360,0002002170-000360,0002002170-000360,BR_00000036,BR_00000006,numeric-chain-000029,4,8,40,1030,0.6,830,850,DC54D+Z,IF钢,SPHETI-3,软钢,normal_real,,,,,,
diagnostic_candidate,True,0002001854-000220,0002001854-000220,0002001854-000220,BR_00000024,BR_00000006,numeric-chain-000029,4,9,38,1030,0.6,830,850,DC54D+Z,IF钢,SPHETI-3,软钢,normal_real,,,,,,
diagnostic_candidate,True,0030123256-000010,0030123256-000010,0030123256-000010,BR_00000036,BR_00000006,numeric-chain-000029,4,10,100,1010,0.65,820,840,HC180BD+Z,加磷高强、烘烤硬化钢,H180BH1,软钢,normal_real,,,,,,
diagnostic_candidate,True,0030109100-000020,0030109100-000020,0030109100-000020,BR_00000018,BR_00000006,numeric-chain-000029,4,11,160,1010,0.8,810,830,HC180YD+Z,加磷高强、烘烤硬化钢,H180YD,软钢,normal_real,,,,,,
diagnostic_candidate,True,0002001898-000020,0002001898-000020,0002001898-000020,BR_00000024,BR_00000006,numeric-chain-000029,4,12,22,1005,0.8,815,835,DX51D+Z-MD,普碳,SPHC,软钢,normal_real,,,,,,
diagnostic_candidate,True,0030119215-000010,0030119215-000010,0030119215-000010,BR_00000030,BR_00000006,numeric-chain-000029,4,13,22,1001,0.6,820,840,DC53D+Z,IF钢,SPHETI-5,软钢,normal_real,,,,,,
diagnostic_candidate,True,0030105110-000050,0030105110-000050,0030105110-000050,BR_00000012,BR_00000006,numeric-chain-000029,4,14,44,1001,0.6,820,840,DC53D+Z,IF钢,SPHETI-5,软钢,normal_real,,,,,,
diagnostic_candidate,True,0030110337-000010,0030110337-000010,0030110337-000010,BR_00000018,BR_00000006,numeric-chain-000029,4,15,24,1000,0.6,830,850,DC54D+Z,IF钢,SPHETI-5,软钢,normal_real,,,,,,
diagnostic_candidate,True,0002001749-000040,0002001749-000040,0002001749-000040,BR_00000018,BR_00000006,numeric-chain-000029,4,16,22,980,0.6,830,850,DC54D+Z,IF钢,SPHETI-3,软钢,normal_real,,,,,,
diagnostic_candidate,True,0005000501-000330,0005000501-000330,0005000501-000330,BR_00000024,BR_00000006,numeric-chain-000029,4,17,26.77,968,0.8,830,850,CR180BH,加磷高强、烘烤硬化钢,H180BH,软钢,normal_real,,,,,,
diagnostic_candidate,True,0005000486-000330,0005000486-000330,0005000486-000330,BR_00000018,BR_00000006,numeric-chain-000029,4,18,18,968,0.8,830,850,CR180BH,加磷高强、烘烤硬化钢,H180BH,软钢,normal_real,,,,,,
diagnostic_candidate,True,0030122480-000040,0030122480-000040,0030122480-000040,BR_00000036,BR_00000006,numeric-chain-000029,4,19,72,950,0.7,830,850,DX54D+Z,IF钢,SPHETI-3,软钢,normal_real,,,,,,
diagnostic_candidate,True,0002001612-000730,0002001612-000730,0002001612-000730,BR_00000012,BR_00000006,numeric-chain-000029,4,20,33.65,950,0.7,830,850,DC53D+Z,IF钢,SPHETI-3,软钢,normal_real,,,,,,
diagnostic_candidate,True,0030108875-000060,0030108875-000060,0030108875-000060,BR_00000018,BR_00000006,numeric-chain-000029,4,21,23,940,0.8,830,850,CR3,IF钢,SPHETI-36,软钢,normal_real,,,,,,
diagnostic_candidate,True,0005000489-000050,0005000489-000050,0005000489-000050,BR_00000018,BR_00000006,numeric-chain-000029,4,22,23,940,0.8,830,850,CR3,IF钢,SPHETI-36,软钢,normal_real,,,,,,
diagnostic_candidate,True,0002001425-000040,0002001425-000040,0002001425-000040,BR_00000006,BR_00000006,numeric-chain-000029,4,23,28.57,938,0.65,830,850,DC53D+Z,IF钢,SPHETI-3,软钢,normal_real,,,,,,
diagnostic_candidate,True,0030123255-000030,0030123255-000030,0030123255-000030,BR_00000036,BR_00000006,numeric-chain-000029,4,24,26.29,935,0.65,820,840,DC56D+Z,IF钢,SPHETI-3,软钢,normal_real,,,,,,
diagnostic_candidate,True,0030113136-000020,0030113136-000020,0030113136-000020,BR_00000024,BR_00000006,numeric-chain-000029,4,25,8.74,935,0.65,830,850,DC56D+Z,IF钢,SPHETI-3,软钢,normal_real,,,,,,
diagnostic_candidate,True,0030112516-000010,0030112516-000010,0030112516-000010,BR_00000024,BR_00000006,numeric-chain-000029,4,26,18,913,0.75,830,850,DC54D+Z,IF钢,SPHETI-5,软钢,normal_real,,,,,,
diagnostic_candidate,True,0002001860-000080,0002001860-000080,0002001860-000080,BR_00000024,BR_00000006,numeric-chain-000029,4,27,111.53,895,0.8,830,850,DC53D+Z,IF钢,SPHETI-3,软钢,normal_real,,,,,,
diagnostic_candidate,True,0002002184-000020,0002002184-000020,0002002184-000020,BR_00000036,BR_00000006,numeric-chain-000029,4,28,16,883,0.65,830,850,DC53D+Z,IF钢,SPHETI-3,软钢,normal_real,,,,,,
diagnostic_candidate,True,0002002195-000080,0002002195-000080,0002002195-000080,BR_00000036,BR_00000006,numeric-chain-000006,5,1,180.28,1195,0.65,830,850,DC53D+Z,IF钢,SPHETI-3,软钢,normal_real,,,,,,
diagnostic_candidate,True,0030117283-000030,0030117283-000030,0030117283-000030,BR_00000030,BR_00000006,numeric-chain-000006,5,2,24.15,1190,0.7,830,850,SCG4+Z,IF钢,SPHETI-3,软钢,normal_real,,,,,,
diagnostic_candidate,True,0002001998-000260,0002001998-000260,0002001998-000260,BR_00000030,BR_00000006,numeric-chain-000006,5,3,24,1186,0.7,830,850,DC54D+Z,IF钢,SPHETI-3,软钢,normal_real,,,,,,
diagnostic_candidate,True,0030125102-000010,0030125102-000010,0030125102-000010,BR_00000036,BR_00000006,numeric-chain-000006,5,4,72,1182,0.7,820,840,DC53D+Z,IF钢,SPHETI-5,软钢,normal_real,,,,,,
diagnostic_candidate,True,0030117110-000010,0030117110-000010,0030117110-000010,BR_00000030,BR_00000006,numeric-chain-000006,5,5,66,1170,0.7,830,850,CR3,IF钢,SPHETI-36,软钢,normal_real,,,,,,
diagnostic_candidate,True,0030122759-000010,0030122759-000010,0030122759-000010,BR_00000036,BR_00000006,numeric-chain-000006,5,6,22,1170,0.7,830,850,CR3,IF钢,SPHETI-36,软钢,normal_real,,,,,,
diagnostic_candidate,True,virtual-000057,,,,BR_00000006,numeric-chain-000006,5,7,20.00,1250,0.80,815,850,SPHC,,SPHC,,virtual_sphc,,"{""accepted_sequence"":57,""prototype_id"":""virtual_sphc:1250x0.8"",""purpose"":""edge_bridge"",""related_partition_id"":null}",,,,
diagnostic_candidate,True,0002002053-000060,0002002053-000060,0002002053-000060,BR_00000030,BR_00000006,numeric-chain-000006,5,8,21,1150,0.8,815,835,DX51D+Z-MD,普碳,SPHC,软钢,normal_real,,,,,,
diagnostic_candidate,True,0002001899-000120,0002001899-000120,0002001899-000120,BR_00000024,BR_00000006,numeric-chain-000006,5,9,176,1150,0.8,820,840,DX53D+Z-MD,IF钢,SPHETI-5,软钢,normal_real,,,,,,
diagnostic_candidate,True,0030114756-000030,0030114756-000030,0030114756-000030,BR_00000024,BR_00000006,numeric-chain-000006,5,10,23,1134,0.7,820,840,DC53D+Z,IF钢,SPHETI-5,软钢,normal_real,,,,,,
diagnostic_candidate,True,0002001768-000060,0002001768-000060,0002001768-000060,BR_00000018,BR_00000006,numeric-chain-000006,5,11,46,1133,0.7,830,850,DC53D+Z,IF钢,SPHETI-3,软钢,normal_real,,,,,,
diagnostic_candidate,True,0002002170-000180,0002002170-000180,0002002170-000180,BR_00000036,BR_00000006,numeric-chain-000006,5,12,46,1133,0.7,830,850,DC53D+Z,IF钢,SPHETI-3,软钢,normal_real,,,,,,
diagnostic_candidate,True,0002001603-000060,0002001603-000060,0002001603-000060,BR_00000012,BR_00000006,numeric-chain-000006,5,13,69,1133,0.7,830,850,DC53D+Z,IF钢,SPHETI-3,软钢,normal_real,,,,,,
diagnostic_candidate,True,0005000545-000020,0005000545-000020,0005000545-000020,BR_00000030,BR_00000006,numeric-chain-000006,5,14,30.89,1130,0.7,820,840,CR210BH,加磷高强、烘烤硬化钢,H220BH,软钢,normal_real,,,,,,
diagnostic_candidate,True,0005000453-000020,0005000453-000020,0005000453-000020,BR_00000006,BR_00000006,numeric-chain-000006,5,15,12.31,1130,0.7,820,840,CR210BH,加磷高强、烘烤硬化钢,H220BH,软钢,normal_real,,,,,,
diagnostic_candidate,True,0005000468-000020,0005000468-000020,0005000468-000020,BR_00000012,BR_00000006,numeric-chain-000006,5,16,21,1130,0.7,820,840,CR210BH,加磷高强、烘烤硬化钢,H220BH,软钢,normal_real,,,,,,
diagnostic_candidate,True,0030118934-000060,0030118934-000060,0030118934-000060,BR_00000030,BR_00000006,numeric-chain-000006,5,17,483,1120,0.7,830,850,DX54D+Z,IF钢,SPHETI-5,软钢,normal_real,,,,,,
diagnostic_candidate,True,0030103543-000010,0030103543-000010,0030103543-000010,BR_00000012,BR_00000006,numeric-chain-000006,5,18,23,1110,0.6,700,840,DC51D+Z,普碳,SPHC,软钢,normal_real,,,,,,
diagnostic_candidate,True,0002002023-000040,0002002023-000040,0002002023-000040,BR_00000030,BR_00000006,numeric-chain-000006,5,19,23,1110,0.7,770,810,DC51D+Z,普碳,SPHC,软钢,normal_real,,,,,,
diagnostic_candidate,True,0002001635-000030,0002001635-000030,0002001635-000030,BR_00000012,BR_00000006,numeric-chain-000006,5,20,11.38,1105,0.6,770,810,DC51D+Z,普碳,SPHC,软钢,normal_real,,,,,,
diagnostic_candidate,True,0005000547-000730,0005000547-000730,0005000547-000730,BR_00000030,BR_00000006,numeric-chain-000064,6,1,21,1565,0.8,830,850,CR3,IF钢,SPHETI-36,软钢,normal_real,,,,,,
diagnostic_candidate,True,0005000501-000680,0005000501-000680,0005000501-000680,BR_00000024,BR_00000006,numeric-chain-000064,6,2,21,1565,0.8,830,850,CR3,IF钢,SPHETI-36,软钢,normal_real,,,,,,
diagnostic_candidate,True,0005000501-000360,0005000501-000360,0005000501-000360,BR_00000024,BR_00000006,numeric-chain-000064,6,3,21,1565,0.9,830,850,CR3,IF钢,SPHETI-36,软钢,normal_real,,,,,,
diagnostic_candidate,True,0005000486-000360,0005000486-000360,0005000486-000360,BR_00000018,BR_00000006,numeric-chain-000064,6,4,21,1565,0.9,830,850,CR3,IF钢,SPHETI-36,软钢,normal_real,,,,,,
diagnostic_candidate,True,0005000547-000410,0005000547-000410,0005000547-000410,BR_00000030,BR_00000006,numeric-chain-000064,6,5,21,1565,0.9,830,850,CR3,IF钢,SPHETI-36,软钢,normal_real,,,,,,
diagnostic_candidate,True,0005000450-000090,0005000450-000090,0005000450-000090,BR_00000006,BR_00000006,numeric-chain-000064,6,6,6.17,1565,0.9,830,850,CR3,IF钢,SPHETI-36,软钢,normal_real,,,,,,
diagnostic_candidate,True,0005000501-000770,0005000501-000770,0005000501-000770,BR_00000024,BR_00000006,numeric-chain-000064,6,7,42,1565,1,820,840,CR210BH,加磷高强、烘烤硬化钢,H220BH,软钢,normal_real,,,,,,
diagnostic_candidate,True,0005000501-000660,0005000501-000660,0005000501-000660,BR_00000024,BR_00000006,numeric-chain-000064,6,8,42,1535,1,820,840,CR210BH,加磷高强、烘烤硬化钢,H220BH,软钢,normal_real,,,,,,
diagnostic_candidate,True,0005000547-000630,0005000547-000630,0005000547-000630,BR_00000030,BR_00000006,numeric-chain-000064,6,9,42,1525,1,830,850,CR3,IF钢,SPHETI-36,软钢,normal_real,,,,,,
diagnostic_candidate,True,0005000501-000570,0005000501-000570,0005000501-000570,BR_00000024,BR_00000006,numeric-chain-000064,6,10,42,1525,1,830,850,CR3,IF钢,SPHETI-36,软钢,normal_real,,,,,,
diagnostic_candidate,True,0030105931-000080,0030105931-000080,0030105931-000080,BR_00000012,BR_00000006,numeric-chain-000064,6,11,23.44,1510,1,820,840,DC53D+Z,IF钢,SPHETI-5,软钢,normal_real,,,,,,
diagnostic_candidate,True,0030114040-000050,0030114040-000050,0030114040-000050,BR_00000024,BR_00000006,numeric-chain-000064,6,12,24,1503,1,830,850,DC56D+Z,IF钢,SPHETI-3,软钢,normal_real,,,,,,
diagnostic_candidate,True,0030104596-000020,0030104596-000020,0030104596-000020,BR_00000012,BR_00000006,numeric-chain-000064,6,13,22.92,1500,1.2,700,840,DX51D+Z,普碳,SPHC,软钢,normal_real,,,,,,
diagnostic_candidate,True,0030100952-000080,0030100952-000080,0030100952-000080,BR_00000008,BR_00000006,numeric-chain-000064,6,14,5.82,1500,1.2,770,810,DX51D+Z,深冲钢（PD）,SPHCQ,软钢,normal_real,,,,,,
diagnostic_candidate,True,0030105462-000060,0030105462-000060,0030105462-000060,BR_00000012,BR_00000006,numeric-chain-000064,6,15,48,1500,1.4,700,840,DC51D+Z,普碳,SPHC,软钢,actual_transition,,,,,,
diagnostic_candidate,True,0030107311-000340,0030107311-000340,0030107311-000340,BR_00000018,BR_00000006,numeric-chain-000064,6,16,48,1500,1.5,700,840,DC51D+Z,普碳,SPHC,软钢,actual_transition,,,,,,
diagnostic_candidate,True,0030105462-000070,0030105462-000070,0030105462-000070,BR_00000012,BR_00000006,numeric-chain-000064,6,17,48,1500,1.5,700,840,DC51D+Z,普碳,SPHC,软钢,actual_transition,,,,,,
diagnostic_candidate,True,0030110864-000030,0030110864-000030,0030110864-000030,BR_00000019,BR_00000006,numeric-chain-000064,6,18,24,1500,1.6,830,850,DC54D+Z,IF钢,SPHETI-5,软钢,normal_real,,,,,,
diagnostic_candidate,True,0030110866-000020,0030110866-000020,0030110866-000020,BR_00000019,BR_00000006,numeric-chain-000064,6,19,24,1500,1.6,830,850,DC54D+Z,IF钢,SPHETI-5,软钢,normal_real,,,,,,
diagnostic_candidate,True,0030121192-000010,0030121192-000010,0030121192-000010,BR_00000032,BR_00000006,numeric-chain-000064,6,20,24,1500,1.6,830,850,DC54D+Z,IF钢,SPHETI-5,软钢,normal_real,,,,,,
diagnostic_candidate,True,0030106850-000010,0030106850-000010,0030106850-000010,BR_00000013,BR_00000006,numeric-chain-000064,6,21,8.9,1495,1.55,830,850,DC54D+Z,IF钢,SPHETI-3,软钢,normal_real,,,,,,
diagnostic_candidate,True,0005000509-000050,0005000509-000050,0005000509-000050,BR_00000024,BR_00000006,numeric-chain-000064,6,22,7,1468,1.5,830,850,CR180BH,加磷高强、烘烤硬化钢,H180BH,软钢,normal_real,,,,,,
diagnostic_candidate,True,0010016697-000050,0010016697-000050,0010016697-000050,BR_00000024,BR_00000006,numeric-chain-000064,6,23,71.27,1450,1.2,700,840,DC51D+Z,普碳,SPHC,软钢,actual_transition,,,,,,
diagnostic_candidate,True,0005000464-000450,0005000464-000450,0005000464-000450,BR_00000012,BR_00000006,numeric-chain-000064,6,24,21,1425,1.4,715,735,CR380LA,低合金高强,H380LA-3,硬钢,normal_real,,,,,,
diagnostic_candidate,True,0005000501-000460,0005000501-000460,0005000501-000460,BR_00000024,BR_00000006,numeric-chain-000064,6,25,42,1425,1.4,715,735,CR380LA,低合金高强,H380LA-3,硬钢,normal_real,,,,,,
diagnostic_candidate,True,0030106803-000020,0030106803-000020,0030106803-000020,BR_00000018,BR_00000006,numeric-chain-000064,6,26,24,1375,1.13,700,840,DC51D+Z,普碳,SPHC,软钢,actual_transition,,,,,,
diagnostic_candidate,True,0030106626-000030,0030106626-000030,0030106626-000030,BR_00000018,BR_00000006,numeric-chain-000064,6,27,96,1370,1,830,850,DC56D+Z,IF钢,SPHETI-3,软钢,normal_real,,,,,,
diagnostic_candidate,True,0005000547-000620,0005000547-000620,0005000547-000620,BR_00000030,BR_00000006,numeric-chain-000064,6,28,9.64,1365,1,830,850,CR180BH,加磷高强、烘烤硬化钢,H180BH,软钢,normal_real,,,,,,
diagnostic_candidate,True,0002002053-000030,0002002053-000030,0002002053-000030,BR_00000030,BR_00000006,numeric-chain-000064,6,29,24,1365,1,820,840,DX53D+Z-MD,IF钢,SPHETI-5,软钢,normal_real,,,,,,
diagnostic_candidate,True,0002002020-000080,0002002020-000080,0002002020-000080,BR_00000030,BR_00000006,numeric-chain-000064,6,30,107.06,1364,1,830,850,DC54D+Z,IF钢,SPHETI-3,软钢,normal_real,,,,,,
diagnostic_candidate,True,0005000547-000760,0005000547-000760,0005000547-000760,BR_00000030,BR_00000006,numeric-chain-000064,6,31,9.38,1360,0.9,820,840,CR210BH,加磷高强、烘烤硬化钢,H220BH,软钢,normal_real,,,,,,
diagnostic_candidate,True,0005000464-000700,0005000464-000700,0005000464-000700,BR_00000012,BR_00000006,numeric-chain-000064,6,32,30.61,1360,0.9,820,840,CR210BH,加磷高强、烘烤硬化钢,H220BH,软钢,normal_real,,,,,,
diagnostic_candidate,True,0030125150-000030,0030125150-000030,0030125150-000030,BR_00000036,BR_00000006,numeric-chain-000064,6,33,96,1360,0.7,810,830,HC180YD+Z,加磷高强、烘烤硬化钢,H180YD,软钢,normal_real,,,,,,
diagnostic_candidate,True,0030124683-000040,0030124683-000040,0030124683-000040,BR_00000036,BR_00000006,numeric-chain-000064,6,34,192,1360,0.7,810,830,HC180YD+Z,加磷高强、烘烤硬化钢,H180YD,软钢,normal_real,,,,,,
diagnostic_candidate,True,0030124683-000010,0030124683-000010,0030124683-000010,BR_00000036,BR_00000006,numeric-chain-000064,6,35,96,1360,0.7,820,840,DC53D+Z,IF钢,SPHETI-5,软钢,normal_real,,,,,,
diagnostic_candidate,True,0030105830-000040,0030105830-000040,0030105830-000040,BR_00000012,BR_00000006,numeric-chain-000064,6,36,77.57,1359,0.7,810,830,HC180YD+Z,加磷高强、烘烤硬化钢,H180YD,软钢,normal_real,,,,,,
diagnostic_candidate,True,0030105380-000010,0030105380-000010,0030105380-000010,BR_00000012,BR_00000006,numeric-chain-000064,6,37,36,1355,0.7,810,830,HC180YD+Z,加磷高强、烘烤硬化钢,H180YD,软钢,normal_real,,,,,,
diagnostic_candidate,True,0002001860-000540,0002001860-000540,0002001860-000540,BR_00000024,BR_00000006,numeric-chain-000064,6,38,13.07,1343,0.65,810,830,180YD+Z,加磷高强、烘烤硬化钢,H180YD,软钢,normal_real,,,,,,
diagnostic_candidate,True,0002002176-000240,0002002176-000240,0002002176-000240,BR_00000036,BR_00000006,numeric-chain-000064,6,39,69,1335,0.65,820,840,DC53D+Z,IF钢,SPHETI-3,软钢,normal_real,,,,,,
diagnostic_candidate,True,0002002009-000280,0002002009-000280,0002002009-000280,BR_00000030,BR_00000006,numeric-chain-000064,6,40,80,1335,0.65,820,840,DC53D+Z,IF钢,SPHETI-3,软钢,normal_real,,,,,,
diagnostic_candidate,True,0002001750-000170,0002001750-000170,0002001750-000170,BR_00000018,BR_00000006,numeric-chain-000064,6,41,20,1335,0.7,830,850,DC53D+Z,IF钢,SPHETI-3,软钢,normal_real,,,,,,
diagnostic_candidate,True,0030107381-000110,0030107381-000110,0030107381-000110,BR_00000018,BR_00000006,numeric-chain-000064,6,42,66,1332,0.75,830,850,CR3,IF钢,SPHETI-36,软钢,normal_real,,,,,,
diagnostic_candidate,True,0030102084-000080,0030102084-000080,0030102084-000080,BR_00000009,BR_00000006,numeric-chain-000064,6,43,87.27,1332,0.75,830,850,CR3,IF钢,SPHETI-36,软钢,normal_real,,,,,,
diagnostic_candidate,True,0030123141-000020,0030123141-000020,0030123141-000020,BR_00000036,BR_00000006,numeric-chain-000064,6,44,100,1330,0.65,830,850,SCG4+Z,IF钢,SPHETI-3,软钢,normal_real,,,,,,
diagnostic_candidate,True,0030098172-000030,0030098172-000030,0030098172-000030,BR_00000006,BR_00000006,numeric-chain-000064,6,45,5.06,1315,0.6,830,850,SCG4+Z,IF钢,SPHETI-3,软钢,normal_real,,,,,,
diagnostic_candidate,True,0030122759-000020,0030122759-000020,0030122759-000020,BR_00000036,BR_00000006,numeric-chain-000064,6,46,22,1312,0.75,830,850,CR3,IF钢,SPHETI-36,软钢,normal_real,,,,,,
diagnostic_candidate,True,0030122759-000030,0030122759-000030,0030122759-000030,BR_00000036,BR_00000006,numeric-chain-000052,7,1,88,1374,0.75,830,850,CR3,IF钢,SPHETI-36,软钢,normal_real,,,,,,
diagnostic_candidate,True,0030118809-000050,0030118809-000050,0030118809-000050,BR_00000030,BR_00000006,numeric-chain-000052,7,2,24,1320,0.65,830,850,DC56D+Z,IF钢,SPHETI-3,软钢,normal_real,,,,,,
diagnostic_candidate,True,0030112575-000030,0030112575-000030,0030112575-000030,BR_00000024,BR_00000006,numeric-chain-000052,7,3,138.77,1315,0.6,830,850,SCG4+Z,IF钢,SPHETI-3,软钢,normal_real,,,,,,
diagnostic_candidate,True,0030103920-000030,0030103920-000030,0030103920-000030,BR_00000012,BR_00000006,numeric-chain-000052,7,4,19.49,1315,0.6,830,850,SCG4+Z,IF钢,SPHETI-3,软钢,normal_real,,,,,,
diagnostic_candidate,True,0030118991-000030,0030118991-000030,0030118991-000030,BR_00000030,BR_00000006,numeric-chain-000052,7,5,150,1315,0.6,830,850,SCG4+Z,IF钢,SPHETI-3,软钢,normal_real,,,,,,
diagnostic_candidate,True,0030124683-000020,0030124683-000020,0030124683-000020,BR_00000036,BR_00000006,numeric-chain-000052,7,6,48,1305,0.7,820,840,DC53D+Z,IF钢,SPHETI-5,软钢,normal_real,,,,,,
diagnostic_candidate,True,0002001750-000180,0002001750-000180,0002001750-000180,BR_00000018,BR_00000006,numeric-chain-000052,7,7,44,1300,0.65,810,830,180YD+Z,加磷高强、烘烤硬化钢,H180YD,软钢,normal_real,,,,,,
diagnostic_candidate,True,0002001981-000190,0002001981-000190,0002001981-000190,BR_00000030,BR_00000006,numeric-chain-000052,7,8,37.9,1300,0.65,810,830,180YD+Z,加磷高强、烘烤硬化钢,H180YD,软钢,normal_real,,,,,,
diagnostic_candidate,True,0002001860-000530,0002001860-000530,0002001860-000530,BR_00000024,BR_00000006,numeric-chain-000052,7,9,84,1300,0.65,810,830,180YD+Z,加磷高强、烘烤硬化钢,H180YD,软钢,normal_real,,,,,,
diagnostic_candidate,True,0030114755-000020,0030114755-000020,0030114755-000020,BR_00000024,BR_00000006,numeric-chain-000052,7,10,48,1295,0.6,700,840,DC51D+Z,普碳,SPHC,软钢,normal_real,,,,,,
diagnostic_candidate,True,0002001750-000060,0002001750-000060,0002001750-000060,BR_00000018,BR_00000006,numeric-chain-000052,7,11,24,1295,0.65,770,810,DC51D+Z,普碳,SPHC,软钢,normal_real,,,,,,
diagnostic_candidate,True,0002001768-000130,0002001768-000130,0002001768-000130,BR_00000018,BR_00000006,numeric-chain-000052,7,12,23,1290,0.65,770,810,DC51D+Z,普碳,SPHC,软钢,normal_real,,,,,,
diagnostic_candidate,True,0002001780-000090,0002001780-000090,0002001780-000090,BR_00000024,BR_00000006,numeric-chain-000052,7,13,23,1280,0.6,770,810,DC51D+Z,普碳,SPHC,软钢,normal_real,,,,,,
diagnostic_candidate,True,0002001906-000180,0002001906-000180,0002001906-000180,BR_00000025,BR_00000006,numeric-chain-000052,7,14,23,1265,0.8,770,810,DC51D+Z,普碳,SPHC,软钢,normal_real,,,,,,
diagnostic_candidate,True,0002001871-000350,0002001871-000350,0002001871-000350,BR_00000024,BR_00000006,numeric-chain-000052,7,15,23,1260,0.65,770,810,DC51D+Z,普碳,SPHC,软钢,normal_real,,,,,,
diagnostic_candidate,True,0002001906-000140,0002001906-000140,0002001906-000140,BR_00000025,BR_00000006,numeric-chain-000052,7,16,46,1255,0.6,770,810,DC51D+Z,普碳,SPHC,软钢,normal_real,,,,,,
diagnostic_candidate,True,0030107311-000140,0030107311-000140,0030107311-000140,BR_00000018,BR_00000006,numeric-chain-000052,7,17,48,1250,0.5,700,840,DC51D+Z,普碳,SPHC,软钢,actual_transition,,,,,,
diagnostic_candidate,True,0002002055-000010,0002002055-000010,0002002055-000010,BR_00000030,BR_00000006,numeric-chain-000052,7,18,116,1250,0.5,815,835,DX51D+Z-MD,普碳,SPHC,软钢,normal_real,,,,,,
diagnostic_candidate,True,0030122897-000060,0030122897-000060,0030122897-000060,BR_00000036,BR_00000006,numeric-chain-000052,7,19,72,1250,0.6,700,840,DC51D+Z,普碳,SPHC,软钢,actual_transition,,,,,,
diagnostic_candidate,True,0030103526-000010,0030103526-000010,0030103526-000010,BR_00000012,BR_00000006,numeric-chain-000052,7,20,48,1250,0.6,700,840,DC51D+Z,普碳,SPHC,软钢,actual_transition,,,,,,
diagnostic_candidate,True,0002002053-000130,0002002053-000130,0002002053-000130,BR_00000030,BR_00000006,numeric-chain-000052,7,21,23,1250,0.6,820,840,DX53D+Z-MD,IF钢,SPHETI-5,软钢,normal_real,,,,,,
diagnostic_candidate,True,0002001780-000050,0002001780-000050,0002001780-000050,BR_00000024,BR_00000006,numeric-chain-000052,7,22,23,1250,0.65,830,850,DC53D+Z,IF钢,SPHETI-3,软钢,normal_real,,,,,,
diagnostic_candidate,True,0002001854-000230,0002001854-000230,0002001854-000230,BR_00000024,BR_00000006,numeric-chain-000052,7,23,50,1250,0.65,830,850,DC53D+Z,IF钢,SPHETI-3,软钢,normal_real,,,,,,
diagnostic_candidate,True,0030102517-000020,0030102517-000020,0030102517-000020,BR_00000009,BR_00000006,numeric-chain-000052,7,24,6.37,1250,0.7,700,840,DC51D+Z,普碳,SPHC,软钢,actual_transition,,,,,,
diagnostic_candidate,True,0002001860-000450,0002001860-000450,0002001860-000450,BR_00000024,BR_00000006,numeric-chain-000052,7,25,20,1240,0.65,830,850,DC56D+Z,IF钢,SPHETI-3,软钢,normal_real,,,,,,
diagnostic_candidate,True,0030114676-000010,0030114676-000010,0030114676-000010,BR_00000024,BR_00000006,numeric-chain-000052,7,26,24,1240,0.7,820,840,DC53D+Z,IF钢,SPHETI-5,软钢,normal_real,,,,,,
diagnostic_candidate,True,0030123653-000050,0030123653-000050,0030123653-000050,BR_00000036,BR_00000006,numeric-chain-000052,7,27,95.8,1240,0.8,700,840,DC51D+Z,普碳,SPHC,软钢,normal_real,,,,,,
diagnostic_candidate,True,0030119862-000070,0030119862-000070,0030119862-000070,BR_00000030,BR_00000006,numeric-chain-000052,7,28,48,1233,0.7,770,810,DC51D+Z,深冲钢（PD）,SPHCQ,软钢,normal_real,,,,,,
diagnostic_candidate,True,0002001750-000480,0002001750-000480,0002001750-000480,BR_00000018,BR_00000006,numeric-chain-000052,7,29,20,1230,0.6,770,810,DC51D+Z,普碳,SPHC,软钢,normal_real,,,,,,
diagnostic_candidate,True,0002001628-000030,0002001628-000030,0002001628-000030,BR_00000012,BR_00000006,numeric-chain-000052,7,30,23,1230,0.65,770,810,DC51D+Z,普碳,SPHC,软钢,normal_real,,,,,,
diagnostic_candidate,True,0030113466-000030,0030113466-000030,0030113466-000030,BR_00000024,BR_00000006,numeric-chain-000052,7,31,24,1230,0.8,700,840,DC51D+Z,普碳,SPHC,软钢,normal_real,,,,,,
diagnostic_candidate,True,0002001880-000190,0002001880-000190,0002001880-000190,BR_00000024,BR_00000006,numeric-chain-000052,7,32,24,1220,0.65,830,850,DC53D+Z,IF钢,SPHETI-3,软钢,normal_real,,,,,,
diagnostic_candidate,True,0002001750-000460,0002001750-000460,0002001750-000460,BR_00000018,BR_00000006,numeric-chain-000052,7,33,20,1220,0.65,830,850,DC56D+Z,IF钢,SPHETI-3,软钢,normal_real,,,,,,
diagnostic_candidate,True,0002001867-000170,0002001867-000170,0002001867-000170,BR_00000024,BR_00000006,numeric-chain-000052,7,34,23,1220,0.8,830,850,DC56D+Z,IF钢,SPHETI-3,软钢,normal_real,,,,,,
diagnostic_candidate,True,0030119080-000020,0030119080-000020,0030119080-000020,BR_00000030,BR_00000006,numeric-chain-000052,7,35,24,1220,0.85,830,850,DC54D+Z,IF钢,SPHETI-5,软钢,normal_real,,,,,,
diagnostic_candidate,True,0002002195-000100,0002002195-000100,0002002195-000100,BR_00000036,BR_00000006,numeric-chain-000052,7,36,223.01,1220,1,830,850,DC53D+Z,IF钢,SPHETI-3,软钢,normal_real,,,,,,
diagnostic_candidate,True,0002002058-000010,0002002058-000010,0002002058-000010,BR_00000030,BR_00000006,numeric-chain-000052,7,37,69,1200,1,820,840,DX53D+Z-CD,IF钢,SPHETI-5,软钢,normal_real,,,,,,
diagnostic_candidate,True,0002001627-000080,0002001627-000080,0002001627-000080,BR_00000012,BR_00000006,numeric-chain-000052,7,38,23,1200,1.2,830,850,DC54D+Z,IF钢,SPHETI-3,软钢,normal_real,,,,,,
diagnostic_candidate,True,0030119945-000140,0030119945-000140,0030119945-000140,BR_00000030,BR_00000006,numeric-chain-000052,7,39,24,1195,1.3,830,850,DC54D+Z,IF钢,SPHETI-5,软钢,normal_real,,,,,,
diagnostic_candidate,True,0030108517-000020,0030108517-000020,0030108517-000020,BR_00000018,BR_00000006,numeric-chain-000052,7,40,24,1194,1.3,830,850,DC54D+Z,IF钢,SPHETI-5,软钢,normal_real,,,,,,
diagnostic_candidate,True,0030107688-000040,0030107688-000040,0030107688-000040,BR_00000018,BR_00000006,numeric-chain-000052,7,41,20,1193,1.4,820,840,CR210BH,加磷高强、烘烤硬化钢,H220BH,软钢,normal_real,,,,,,
diagnostic_candidate,True,0030117286-000040,0030117286-000040,0030117286-000040,BR_00000030,BR_00000006,numeric-chain-000052,7,42,20,1193,1.4,820,840,CR210BH,加磷高强、烘烤硬化钢,H220BH,软钢,normal_real,,,,,,
diagnostic_candidate,True,0030098082-000020,0030098082-000020,0030098082-000020,BR_00000006,BR_00000006,numeric-chain-000052,7,43,13.77,1190,1.2,830,850,CR2,IF钢,SPHETI-3,软钢,normal_real,,,,,,
diagnostic_candidate,True,0002001749-000050,0002001749-000050,0002001749-000050,BR_00000018,BR_00000006,numeric-chain-000080,8,1,240,1285,0.6,830,850,DC54D+Z,IF钢,SPHETI-3,软钢,normal_real,,,,,,
diagnostic_candidate,True,0002001854-000200,0002001854-000200,0002001854-000200,BR_00000024,BR_00000006,numeric-chain-000080,8,2,23,1280,0.65,830,850,DC54D+Z,IF钢,SPHETI-3,软钢,normal_real,,,,,,
diagnostic_candidate,True,0002001867-000060,0002001867-000060,0002001867-000060,BR_00000024,BR_00000006,numeric-chain-000080,8,3,46,1260,0.6,830,850,DC53D+Z,IF钢,SPHETI-3,软钢,normal_real,,,,,,
diagnostic_candidate,True,0030104290-000040,0030104290-000040,0030104290-000040,BR_00000012,BR_00000006,numeric-chain-000080,8,4,48,1250,0.5,700,840,DC51D+Z,普碳,SPHC,软钢,actual_transition,,,,,,
diagnostic_candidate,True,0030108542-000040,0030108542-000040,0030108542-000040,BR_00000018,BR_00000006,numeric-chain-000080,8,5,48,1250,0.5,820,840,DX53D+Z-LG,IF钢,SPHETI-5,软钢,normal_real,,,,,,
diagnostic_candidate,True,0030107311-000010,0030107311-000010,0030107311-000010,BR_00000018,BR_00000006,numeric-chain-000080,8,6,24,1250,0.6,700,840,DC51D+Z,普碳,SPHC,软钢,actual_transition,,,,,,
diagnostic_candidate,True,0002001899-000090,0002001899-000090,0002001899-000090,BR_00000024,BR_00000006,numeric-chain-000080,8,7,24,1250,0.6,820,840,DX53D+Z-MD,IF钢,SPHETI-5,软钢,normal_real,,,,,,
diagnostic_candidate,True,0030102456-000030,0030102456-000030,0030102456-000030,BR_00000009,BR_00000006,numeric-chain-000080,8,8,11.94,1250,0.75,700,840,DC51D+Z,普碳,SPHC,软钢,actual_transition,,,,,,
diagnostic_candidate,True,0030114159-000010,0030114159-000010,0030114159-000010,BR_00000024,BR_00000006,numeric-chain-000080,8,9,20,1250,0.75,730,750,DX51D+Z,普碳,SPHC,软钢,normal_real,,,,,,
diagnostic_candidate,True,0030118006-000040,0030118006-000040,0030118006-000040,BR_00000030,BR_00000006,numeric-chain-000080,8,10,99.78,1250,0.8,700,840,DC51D+Z,普碳,SPHC,软钢,normal_real,,,,,,
diagnostic_candidate,True,0010018614-000010,0010018614-000010,0010018614-000010,BR_00000030,BR_00000006,numeric-chain-000080,8,11,24,1250,0.8,700,840,DC51D+Z,普碳,SPHC,软钢,actual_transition,,,,,,
diagnostic_candidate,True,0030107311-000360,0030107311-000360,0030107311-000360,BR_00000018,BR_00000006,numeric-chain-000080,8,12,24,1250,0.8,700,840,DC51D+Z,普碳,SPHC,软钢,actual_transition,,,,,,
diagnostic_candidate,True,0030107311-000190,0030107311-000190,0030107311-000190,BR_00000018,BR_00000006,numeric-chain-000080,8,13,24,1250,0.8,700,840,DC51D+Z,普碳,SPHC,软钢,actual_transition,,,,,,
diagnostic_candidate,True,0010014822-000010,0010014822-000010,0010014822-000010,BR_00000012,BR_00000006,numeric-chain-000080,8,14,24,1250,1,700,840,DC51D+Z,普碳,SPHC,软钢,actual_transition,,,,,,
diagnostic_candidate,True,0030124735-000100,0030124735-000100,0030124735-000100,BR_00000036,BR_00000006,numeric-chain-000080,8,15,24,1250,1,700,840,DX51D+Z,普碳,SPHC,软钢,actual_transition,,,,,,
diagnostic_candidate,True,0002001623-000030,0002001623-000030,0002001623-000030,BR_00000012,BR_00000006,numeric-chain-000080,8,16,16.34,1250,1.2,770,810,DX51D+Z-WL,深冲钢（PD）,SPHCQ,软钢,normal_real,,,,,,
diagnostic_candidate,True,0030108320-000050,0030108320-000050,0030108320-000050,BR_00000018,BR_00000006,numeric-chain-000080,8,17,24,1250,1.4,700,840,DC51D+Z,普碳,SPHC,软钢,actual_transition,,,,,,
diagnostic_candidate,True,0030107311-000070,0030107311-000070,0030107311-000070,BR_00000018,BR_00000006,numeric-chain-000080,8,18,72,1250,1.45,700,840,DC51D+Z,普碳,SPHC,软钢,actual_transition,,,,,,
diagnostic_candidate,True,0030120939-000090,0030120939-000090,0030120939-000090,BR_00000032,BR_00000006,numeric-chain-000080,8,19,24,1250,1.5,810,830,HC180YD+Z,加磷高强、烘烤硬化钢,H180YD,软钢,normal_real,,,,,,
diagnostic_candidate,True,0002002053-000110,0002002053-000110,0002002053-000110,BR_00000030,BR_00000006,numeric-chain-000080,8,20,60.2,1250,1.5,815,835,DX51D+Z-MD,普碳,SPHC,软钢,normal_real,,,,,,
diagnostic_candidate,True,0002002059-000020,0002002059-000020,0002002059-000020,BR_00000030,BR_00000006,numeric-chain-000080,8,21,69,1243,1.5,820,840,DX53D+Z-CD,IF钢,SPHETI-5,软钢,normal_real,,,,,,
diagnostic_candidate,True,0030110522-000010,0030110522-000010,0030110522-000010,BR_00000018,BR_00000006,numeric-chain-000080,8,22,24,1233,1.2,810,830,HC180YD+Z,加磷高强、烘烤硬化钢,H180YD,软钢,normal_real,,,,,,
diagnostic_candidate,True,0030103546-000010,0030103546-000010,0030103546-000010,BR_00000012,BR_00000006,numeric-chain-000080,8,23,9.67,1226,1.2,700,840,DC51D+Z,普碳,SPHC,软钢,normal_real,,,,,,
diagnostic_candidate,True,0002002024-000050,0002002024-000050,0002002024-000050,BR_00000030,BR_00000006,numeric-chain-000080,8,24,23,1218,1.2,770,810,DC51D+Z,普碳,SPHC,软钢,normal_real,,,,,,
diagnostic_candidate,True,0002001874-000040,0002001874-000040,0002001874-000040,BR_00000024,BR_00000006,numeric-chain-000080,8,25,23,1215,1.2,770,810,DC51D+Z,普碳,SPHC,软钢,normal_real,,,,,,
diagnostic_candidate,True,0030109975-000020,0030109975-000020,0030109975-000020,BR_00000018,BR_00000006,numeric-chain-000080,8,26,24,1210,1,700,840,DX51D+Z-TG20,普碳,TG20SPHC,软钢,normal_real,,,,,,
diagnostic_candidate,True,0005000547-000650,0005000547-000650,0005000547-000650,BR_00000030,BR_00000006,numeric-chain-000080,8,27,63,1205,1,830,850,CR3,IF钢,SPHETI-36,软钢,normal_real,,,,,,
diagnostic_candidate,True,0005000501-000590,0005000501-000590,0005000501-000590,BR_00000024,BR_00000006,numeric-chain-000080,8,28,63,1205,1,830,850,CR3,IF钢,SPHETI-36,软钢,normal_real,,,,,,
diagnostic_candidate,True,0005000486-000600,0005000486-000600,0005000486-000600,BR_00000018,BR_00000006,numeric-chain-000080,8,29,21,1205,1,830,850,CR3,IF钢,SPHETI-36,软钢,normal_real,,,,,,
diagnostic_candidate,True,0030114756-000040,0030114756-000040,0030114756-000040,BR_00000024,BR_00000006,numeric-chain-000080,8,30,24,1205,0.8,820,840,DC53D+Z,IF钢,SPHETI-5,软钢,normal_real,,,,,,
diagnostic_candidate,True,0002001898-000050,0002001898-000050,0002001898-000050,BR_00000024,BR_00000006,numeric-chain-000080,8,31,60,1203,0.8,815,835,DX51D+Z-MD,普碳,SPHC,软钢,normal_real,,,,,,
diagnostic_candidate,True,0002001757-000200,0002001757-000200,0002001757-000200,BR_00000018,BR_00000006,numeric-chain-000080,8,32,60,1203,0.8,815,835,DX51D+Z-MD,普碳,SPHC,软钢,normal_real,,,,,,
diagnostic_candidate,True,0030104498-000010,0030104498-000010,0030104498-000010,BR_00000012,BR_00000006,numeric-chain-000080,8,33,45.45,1202,0.8,700,840,DC51D+Z,普碳,SPHC,软钢,normal_real,,,,,,
diagnostic_candidate,True,0030105927-000010,0030105927-000010,0030105927-000010,BR_00000012,BR_00000006,numeric-chain-000080,8,34,48,1180,0.6,700,720,DX51D+Z3,深冲钢（PD）,DD12BB,软钢,normal_real,,,,,,
diagnostic_candidate,True,0030108199-000020,0030108199-000020,0030108199-000020,BR_00000018,BR_00000006,numeric-chain-000080,8,35,72,1180,0.6,700,720,DX51D+Z3,深冲钢（PD）,DD12BB,软钢,normal_real,,,,,,
diagnostic_candidate,True,0030106245-000020,0030106245-000020,0030106245-000020,BR_00000012,BR_00000006,numeric-chain-000080,8,36,24,1171,0.8,700,840,DC51D+Z,普碳,SPHC,软钢,normal_real,,,,,,
diagnostic_candidate,True,0002002054-000120,0002002054-000120,0002002054-000120,BR_00000030,BR_00000006,numeric-chain-000080,8,37,51,1167,0.8,815,835,DX51D+Z-MD,普碳,SPHC,软钢,normal_real,,,,,,
diagnostic_candidate,True,0002001757-000110,0002001757-000110,0002001757-000110,BR_00000018,BR_00000006,numeric-chain-000080,8,38,121,1167,0.8,815,835,DX51D+Z-MD,普碳,SPHC,软钢,normal_real,,,,,,
diagnostic_candidate,True,0030124871-000040,0030124871-000040,0030124871-000040,BR_00000036,BR_00000006,numeric-chain-000080,8,39,20,1160,0.6,820,840,DX53D+Z,IF钢,SPHETI-5,软钢,normal_real,,,,,,
diagnostic_candidate,True,0002001768-000010,0002001768-000010,0002001768-000010,BR_00000018,BR_00000006,numeric-chain-000080,8,40,23,1160,0.7,830,850,DC53D+Z,IF钢,SPHETI-3,软钢,normal_real,,,,,,
diagnostic_candidate,True,0002001901-000040,0002001901-000040,0002001901-000040,BR_00000024,BR_00000006,numeric-chain-000080,8,41,46,1160,0.7,830,850,DC53D+Z,IF钢,SPHETI-3,软钢,normal_real,,,,,,
diagnostic_candidate,True,0002002185-000060,0002002185-000060,0002002185-000060,BR_00000036,BR_00000006,numeric-chain-000080,8,42,11.13,1155,0.65,830,850,DC54D+Z,IF钢,SPHETI-3,软钢,normal_real,,,,,,
diagnostic_candidate,True,0002001420-000060,0002001420-000060,0002001420-000060,BR_00000006,BR_00000006,numeric-chain-000080,8,43,7.67,1155,0.65,830,850,DC54D+Z,IF钢,SPHETI-3,软钢,normal_real,,,,,,
diagnostic_candidate,True,0002001612-000200,0002001612-000200,0002001612-000200,BR_00000012,BR_00000006,numeric-chain-000080,8,44,20.73,1155,0.7,830,850,DC54D+Z,IF钢,SPHETI-3,软钢,normal_real,,,,,,
diagnostic_candidate,True,0030120757-000040,0030120757-000040,0030120757-000040,BR_00000031,BR_00000006,numeric-chain-000080,8,45,72,1155,0.8,830,850,DC54D+Z,IF钢,SPHETI-5,软钢,normal_real,,,,,,
diagnostic_candidate,True,0030103543-000030,0030103543-000030,0030103543-000030,BR_00000012,BR_00000006,numeric-chain-000080,8,46,46,1150,0.6,820,840,DC53D+Z,IF钢,SPHETI-5,软钢,normal_real,,,,,,
diagnostic_candidate,True,0002001612-000720,0002001612-000720,0002001612-000720,BR_00000012,BR_00000006,numeric-chain-000080,8,47,10.24,1150,0.7,830,850,DC54D+Z,IF钢,SPHETI-3,软钢,normal_real,,,,,,
diagnostic_candidate,True,0002002054-000030,0002002054-000030,0002002054-000030,BR_00000030,BR_00000006,numeric-chain-000002,9,1,142,1350,1,820,840,DX53D+Z-CD,IF钢,SPHETI-5,软钢,normal_real,,,,,,
diagnostic_candidate,True,0002001648-000150,0002001648-000150,0002001648-000150,BR_00000012,BR_00000006,numeric-chain-000002,9,2,24,1350,1,820,840,DX53D+Z-CD,IF钢,SPHETI-5,软钢,normal_real,,,,,,
diagnostic_candidate,True,0030108517-000010,0030108517-000010,0030108517-000010,BR_00000018,BR_00000006,numeric-chain-000002,9,3,24,1348,1,820,840,DC53D+Z,IF钢,SPHETI-5,软钢,normal_real,,,,,,
diagnostic_candidate,True,0030103809-000010,0030103809-000010,0030103809-000010,BR_00000012,BR_00000006,numeric-chain-000002,9,4,5.44,1346,1,820,840,DX53D+Z,IF钢,SPHETI-5,软钢,normal_real,,,,,,
diagnostic_candidate,True,0002001423-000170,0002001423-000170,0002001423-000170,BR_00000006,BR_00000006,numeric-chain-000002,9,5,10.47,1343,1,830,850,DC54D+Z,IF钢,SPHETI-3,软钢,normal_real,,,,,,
diagnostic_candidate,True,0030110869-000010,0030110869-000010,0030110869-000010,BR_00000019,BR_00000006,numeric-chain-000002,9,6,72,1340,0.85,830,850,DC54D+Z,IF钢,SPHETI-5,软钢,normal_real,,,,,,
diagnostic_candidate,True,0030106800-000010,0030106800-000010,0030106800-000010,BR_00000013,BR_00000006,numeric-chain-000002,9,7,20.45,1340,0.85,830,850,DC54D+Z,IF钢,SPHETI-3,软钢,normal_real,,,,,,
diagnostic_candidate,True,0030119945-000120,0030119945-000120,0030119945-000120,BR_00000030,BR_00000006,numeric-chain-000002,9,8,24,1340,1,830,850,DC54D+Z,IF钢,SPHETI-5,软钢,normal_real,,,,,,
diagnostic_candidate,True,0030119985-000030,0030119985-000030,0030119985-000030,BR_00000030,BR_00000006,numeric-chain-000002,9,9,24,1335,1,820,840,DC53D+Z,IF钢,SPHETI-5,软钢,normal_real,,,,,,
diagnostic_candidate,True,0005000501-000180,0005000501-000180,0005000501-000180,BR_00000024,BR_00000006,numeric-chain-000002,9,10,42,1333,1,830,850,CR3,IF钢,SPHETI-36,软钢,normal_real,,,,,,
diagnostic_candidate,True,0005000547-000200,0005000547-000200,0005000547-000200,BR_00000030,BR_00000006,numeric-chain-000002,9,11,20.28,1333,1,830,850,CR3,IF钢,SPHETI-36,软钢,normal_real,,,,,,
diagnostic_candidate,True,0005000486-000160,0005000486-000160,0005000486-000160,BR_00000018,BR_00000006,numeric-chain-000002,9,12,21,1333,1,830,850,CR3,IF钢,SPHETI-36,软钢,normal_real,,,,,,
diagnostic_candidate,True,0030119945-000130,0030119945-000130,0030119945-000130,BR_00000030,BR_00000006,numeric-chain-000002,9,13,24,1330,1,830,850,DC54D+Z,IF钢,SPHETI-5,软钢,normal_real,,,,,,
diagnostic_candidate,True,0030119945-000100,0030119945-000100,0030119945-000100,BR_00000030,BR_00000006,numeric-chain-000002,9,14,24,1324,0.8,830,850,DC54D+Z,IF钢,SPHETI-5,软钢,normal_real,,,,,,
diagnostic_candidate,True,virtual-000001,,,,BR_00000006,numeric-chain-000002,9,15,20.00,1250,0.60,700,850,SPHC,,SPHC,,virtual_sphc,,"{""accepted_sequence"":1,""prototype_id"":""virtual_sphc:1250x0.6"",""purpose"":""edge_bridge"",""related_partition_id"":null}",,,,
diagnostic_candidate,True,virtual-000002,,,,BR_00000006,numeric-chain-000002,9,16,20.00,1250,0.50,700,850,SPHC,,SPHC,,virtual_sphc,,"{""accepted_sequence"":2,""prototype_id"":""virtual_sphc:1250x0.5"",""purpose"":""edge_bridge"",""related_partition_id"":null}",,,,
diagnostic_candidate,True,0030106720-000040,0030106720-000040,0030106720-000040,BR_00000018,BR_00000006,numeric-chain-000002,9,17,48,1250,0.4,700,840,DC51D+Z,普碳,SPHC,软钢,actual_transition,,,,,,
diagnostic_candidate,True,0010018206-000030,0010018206-000030,0010018206-000030,BR_00000030,BR_00000006,numeric-chain-000002,9,18,40.51,1250,0.5,700,840,DC51D+Z,普碳,SPHC,软钢,actual_transition,,,,,,
diagnostic_candidate,True,0030106897-000010,0030106897-000010,0030106897-000010,BR_00000018,BR_00000006,numeric-chain-000002,9,19,48,1250,0.5,700,840,DC51D+Z,普碳,SPHC,软钢,actual_transition,,,,,,
diagnostic_candidate,True,0030112553-000010,0030112553-000010,0030112553-000010,BR_00000024,BR_00000006,numeric-chain-000002,9,20,11.26,1250,0.5,700,840,DC51D+Z,普碳,SPHC,软钢,actual_transition,,,,,,
diagnostic_candidate,True,0030102517-000010,0030102517-000010,0030102517-000010,BR_00000009,BR_00000006,numeric-chain-000002,9,21,39.1,1250,0.5,700,840,DC51D+Z,普碳,SPHC,软钢,actual_transition,,,,,,
diagnostic_candidate,True,0030103224-000010,0030103224-000010,0030103224-000010,BR_00000012,BR_00000006,numeric-chain-000002,9,22,48,1250,0.5,700,840,DC51D+Z,普碳,SPHC,软钢,actual_transition,,,,,,
diagnostic_candidate,True,0002002054-000350,0002002054-000350,0002002054-000350,BR_00000030,BR_00000006,numeric-chain-000002,9,23,192,1250,0.5,815,835,DX51D+Z-MD,普碳,SPHC,软钢,normal_real,,,,,,
diagnostic_candidate,True,0030112554-000060,0030112554-000060,0030112554-000060,BR_00000024,BR_00000006,numeric-chain-000002,9,24,24,1250,0.6,700,840,DC51D+Z,普碳,SPHC,软钢,actual_transition,,,,,,
diagnostic_candidate,True,0002001867-000050,0002001867-000050,0002001867-000050,BR_00000024,BR_00000006,numeric-chain-000002,9,25,46,1250,0.6,770,790,220YD+Z,加磷高强、烘烤硬化钢,H220Y,软钢,normal_real,,,,,,
diagnostic_candidate,True,0030117991-000010,0030117991-000010,0030117991-000010,BR_00000030,BR_00000006,numeric-chain-000002,9,26,49.16,1250,0.75,700,840,DC51D+Z,普碳,SPHC,软钢,actual_transition,,,,,,
diagnostic_candidate,True,0030105876-000050,0030105876-000050,0030105876-000050,BR_00000012,BR_00000006,numeric-chain-000002,9,27,180.36,1238,0.75,815,835,DX51D+Z,普碳,SPHC,软钢,normal_real,,,,,,
diagnostic_candidate,True,0030103545-000030,0030103545-000030,0030103545-000030,BR_00000012,BR_00000006,numeric-chain-000002,9,28,35.2,1230,0.8,820,840,DC53D+Z,IF钢,SPHETI-5,软钢,normal_real,,,,,,
diagnostic_candidate,True,0002002184-000080,0002002184-000080,0002002184-000080,BR_00000036,BR_00000006,numeric-chain-000002,9,29,23,1220,0.8,830,850,DC56D+Z,IF钢,SPHETI-3,软钢,normal_real,,,,,,
diagnostic_candidate,True,0002002026-000090,0002002026-000090,0002002026-000090,BR_00000030,BR_00000006,numeric-chain-000002,9,30,23,1218,0.65,830,850,DC54D+Z,IF钢,SPHETI-3,软钢,normal_real,,,,,,
diagnostic_candidate,True,0002002170-000420,0002002170-000420,0002002170-000420,BR_00000036,BR_00000006,numeric-chain-000002,9,31,23,1218,0.65,830,850,DC54D+Z,IF钢,SPHETI-3,软钢,normal_real,,,,,,
diagnostic_candidate,True,0002002021-000060,0002002021-000060,0002002021-000060,BR_00000030,BR_00000006,numeric-chain-000002,9,32,47.81,1210,0.6,830,850,DC56D+Z,IF钢,SPHETI-3,软钢,normal_real,,,,,,
diagnostic_candidate,True,0002001750-000620,0002001750-000620,0002001750-000620,BR_00000018,BR_00000006,numeric-chain-000002,9,33,20,1210,0.65,830,850,DC53D+Z,IF钢,SPHETI-3,软钢,normal_real,,,,,,
diagnostic_candidate,True,0030110865-000130,0030110865-000130,0030110865-000130,BR_00000019,BR_00000006,numeric-chain-000002,9,34,72,1200,0.65,830,850,DC56D+Z,IF钢,SPHETI-3,软钢,normal_real,,,,,,
diagnostic_candidate,True,0002001423-000380,0002001423-000380,0002001423-000380,BR_00000006,BR_00000006,numeric-chain-000002,9,35,6.68,1200,0.65,830,850,DC53D+Z,IF钢,SPHETI-3,软钢,normal_real,,,,,,
diagnostic_candidate,True,0002001880-000160,0002001880-000160,0002001880-000160,BR_00000024,BR_00000006,numeric-chain-000002,9,36,240,1195,0.65,830,850,DC53D+Z,IF钢,SPHETI-3,软钢,normal_real,,,,,,
diagnostic_candidate,True,virtual-000030,,,,BR_00000006,numeric-chain-000002,9,37,20.00,1250,0.80,820,850,SPHC,,SPHC,,virtual_sphc,,"{""accepted_sequence"":30,""prototype_id"":""virtual_sphc:1250x0.8"",""purpose"":""edge_bridge"",""related_partition_id"":null}",,,,
diagnostic_candidate,True,virtual-000031,,,,BR_00000006,numeric-chain-000002,9,38,20.00,1250,1.00,820,850,SPHC,,SPHC,,virtual_sphc,,"{""accepted_sequence"":31,""prototype_id"":""virtual_sphc:1250x1"",""purpose"":""edge_bridge"",""related_partition_id"":null}",,,,
diagnostic_candidate,True,0002001756-000010,0002001756-000010,0002001756-000010,BR_00000018,BR_00000006,numeric-chain-000002,9,39,193.5,1185,1.2,820,840,DX53D+Z-CD,IF钢,SPHETI-5,软钢,normal_real,,,,,,
diagnostic_candidate,True,0002001648-000010,0002001648-000010,0002001648-000010,BR_00000012,BR_00000006,numeric-chain-000063,10,1,226.3,1236,1,820,840,DX53D+Z-CD,IF钢,SPHETI-5,软钢,normal_real,,,,,,
diagnostic_candidate,True,virtual-000011,,,,BR_00000006,numeric-chain-000063,10,2,20.00,1250,1.20,770,840,SPHC,,SPHC,,virtual_sphc,,"{""accepted_sequence"":11,""prototype_id"":""virtual_sphc:1250x1.2"",""purpose"":""edge_bridge"",""related_partition_id"":null}",,,,
diagnostic_candidate,True,0002001648-000120,0002001648-000120,0002001648-000120,BR_00000012,BR_00000006,numeric-chain-000063,10,3,244.98,1100,1.5,770,810,DX51D+Z-WL,深冲钢（PD）,SPHCQ,软钢,normal_real,,,,,,
diagnostic_candidate,True,0002001461-000020,0002001461-000020,0002001461-000020,BR_00000006,BR_00000006,numeric-chain-000063,10,4,13.85,1100,1.5,770,810,DX51D+Z-WL,深冲钢（PD）,SPHCQ,软钢,normal_real,,,,,,
diagnostic_candidate,True,0002002169-000010,0002002169-000010,0002002169-000010,BR_00000036,BR_00000006,numeric-chain-000063,10,5,25,1090,1.4,770,810,DC51D+Z,普碳,SPHC,软钢,normal_real,,,,,,
diagnostic_candidate,True,0030115672-000110,0030115672-000110,0030115672-000110,BR_00000025,BR_00000006,numeric-chain-000063,10,6,22,1070,1.2,770,810,DC51D+Z,深冲钢（PD）,SPHCQ,软钢,normal_real,,,,,,
diagnostic_candidate,True,0030115673-000130,0030115673-000130,0030115673-000130,BR_00000025,BR_00000006,numeric-chain-000063,10,7,8,1070,1.2,770,810,DC51D+Z,深冲钢（PD）,SPHCQ,软钢,normal_real,,,,,,
diagnostic_candidate,True,0002002023-000140,0002002023-000140,0002002023-000140,BR_00000030,BR_00000006,numeric-chain-000063,10,8,19,1065,1.4,770,810,DC51D+Z,普碳,SPHC,软钢,normal_real,,,,,,
diagnostic_candidate,True,0002002202-000240,0002002202-000240,0002002202-000240,BR_00000036,BR_00000006,numeric-chain-000063,10,9,19,1065,1.4,770,810,DC51D+Z,IF钢,SPHETI-3,软钢,normal_real,,,,,,
diagnostic_candidate,True,0002001647-000010,0002001647-000010,0002001647-000010,BR_00000012,BR_00000006,numeric-chain-000063,10,10,80,1050,1.5,770,810,DX51D+Z-WL,深冲钢（PD）,SPHCQ,软钢,normal_real,,,,,,
diagnostic_candidate,True,0030115892-000020,0030115892-000020,0030115892-000020,BR_00000026,BR_00000006,numeric-chain-000063,10,11,22,1040,1.4,795,815,HC220YD+Z,加磷高强、烘烤硬化钢,H220Y,软钢,normal_real,,,,,,
diagnostic_candidate,True,0002001867-000270,0002001867-000270,0002001867-000270,BR_00000024,BR_00000006,numeric-chain-000063,10,12,19,1036,1.2,770,810,DC51D+Z,普碳,SPHC,软钢,normal_real,,,,,,
diagnostic_candidate,True,0002002024-000140,0002002024-000140,0002002024-000140,BR_00000030,BR_00000006,numeric-chain-000063,10,13,19,1020,1.2,770,810,DC51D+Z,普碳,SPHC,软钢,normal_real,,,,,,
diagnostic_candidate,True,0002002023-000100,0002002023-000100,0002002023-000100,BR_00000030,BR_00000006,numeric-chain-000063,10,14,19,1015,1,770,810,DC51D+Z,普碳,SPHC,软钢,normal_real,,,,,,
diagnostic_candidate,True,0002002202-000180,0002002202-000180,0002002202-000180,BR_00000036,BR_00000006,numeric-chain-000063,10,15,19,1015,1,770,810,DC51D+Z,普碳,SPHC,软钢,normal_real,,,,,,
diagnostic_candidate,True,0010017445-000010,0010017445-000010,0010017445-000010,BR_00000025,BR_00000006,numeric-chain-000063,10,16,181.45,1000,1,700,840,DC51D+Z,普碳,SPHC,软钢,actual_transition,,,,,,
diagnostic_candidate,True,0002002170-000090,0002002170-000090,0002002170-000090,BR_00000036,BR_00000006,numeric-chain-000063,10,17,25,1000,1,770,810,DC51D+Z,IF钢,SPHETI-3,软钢,normal_real,,,,,,
diagnostic_candidate,True,0030114040-000080,0030114040-000080,0030114040-000080,BR_00000024,BR_00000006,numeric-chain-000063,10,18,66,994,1,800,820,HC260YD+Z,加磷高强、烘烤硬化钢,H260Y,软钢,normal_real,,,,,,
diagnostic_candidate,True,0030125207-000140,0030125207-000140,0030125207-000140,BR_00000036,BR_00000006,numeric-chain-000063,10,19,44,993,1,800,820,HC260YD+Z,加磷高强、烘烤硬化钢,H260Y,软钢,normal_real,,,,,,
diagnostic_candidate,True,0002001751-000020,0002001751-000020,0002001751-000020,BR_00000018,BR_00000006,numeric-chain-000063,10,20,20,980,1,770,810,DC51D+Z,普碳,SPHC,软钢,normal_real,,,,,,
diagnostic_candidate,True,0030105612-000110,0030105612-000110,0030105612-000110,BR_00000012,BR_00000006,numeric-chain-000063,10,21,15.18,956,1,790,810,HC220YD+Z,加磷高强、烘烤硬化钢,H220Y,软钢,normal_real,,,,,,
diagnostic_candidate,True,0002001750-000040,0002001750-000040,0002001750-000040,BR_00000018,BR_00000006,numeric-chain-000063,10,22,6.5,930,1,770,810,DC51D+Z,普碳,SPHC,软钢,normal_real,,,,,,
diagnostic_candidate,True,0030111131-000010,0030111131-000010,0030111131-000010,BR_00000019,BR_00000006,numeric-chain-000063,10,23,11.11,930,1,800,820,HC260YD+Z,加磷高强、烘烤硬化钢,H260Y,软钢,normal_real,,,,,,
diagnostic_candidate,True,0002001901-000030,0002001901-000030,0002001901-000030,BR_00000024,BR_00000006,numeric-chain-000063,10,24,20,928,1,770,810,DC51D+Z,普碳,SPHC,软钢,normal_real,,,,,,
diagnostic_candidate,True,0002002180-000060,0002002180-000060,0002002180-000060,BR_00000036,BR_00000006,numeric-chain-000063,10,25,20,921,1.2,770,810,DC51D+Z,IF钢,SPHETI-3,软钢,normal_real,,,,,,
diagnostic_candidate,True,0030118934-000010,0030118934-000010,0030118934-000010,BR_00000030,BR_00000006,numeric-chain-000063,10,26,486,910,1.15,800,820,HX260YD+Z,加磷高强、烘烤硬化钢,H260Y,软钢,normal_real,,,,,,
diagnostic_candidate,True,0002002170-000140,0002002170-000140,0002002170-000140,BR_00000036,BR_00000006,numeric-chain-000063,10,27,16,899,1.2,770,810,DC51D+Z,普碳,SPHC,软钢,normal_real,,,,,,
diagnostic_candidate,True,0002001890-000220,0002001890-000220,0002001890-000220,BR_00000024,BR_00000006,numeric-chain-000063,10,28,13,890,1.2,770,810,DC51D+Z,普碳,SPHC,软钢,normal_real,,,,,,
diagnostic_candidate,True,0002001871-000360,0002001871-000360,0002001871-000360,BR_00000024,BR_00000006,numeric-chain-000063,10,29,30,890,1.2,770,810,DC51D+Z,普碳,SPHC,软钢,normal_real,,,,,,
diagnostic_candidate,True,0002002170-000070,0002002170-000070,0002002170-000070,BR_00000036,BR_00000006,numeric-chain-000063,10,30,16,890,1.2,770,810,DC51D+Z,IF钢,SPHETI-3,软钢,normal_real,,,,,,
diagnostic_candidate,True,0002002202-000070,0002002202-000070,0002002202-000070,BR_00000036,BR_00000006,numeric-chain-000063,10,31,16,855,1,770,810,DC51D+Z,IF钢,SPHETI-3,软钢,normal_real,,,,,,
diagnostic_candidate,True,0002001617-000090,0002001617-000090,0002001617-000090,BR_00000012,BR_00000006,numeric-chain-000063,10,32,5.22,840,0.8,780,800,220YD+Z,加磷高强、烘烤硬化钢,H220Y,软钢,normal_real,,,,,,
diagnostic_candidate,True,0002002195-000210,0002002195-000210,0002002195-000210,BR_00000036,BR_00000006,numeric-chain-000063,10,33,8.86,830,0.6,770,810,DC51D+Z,普碳,SPHC,软钢,normal_real,,,,,,
diagnostic_candidate,True,0002001880-000020,0002001880-000020,0002001880-000020,BR_00000024,BR_00000006,numeric-chain-000063,10,34,8.31,830,0.6,770,810,DC51D+Z,普碳,SPHC,软钢,normal_real,,,,,,
diagnostic_candidate,True,0002001854-000280,0002001854-000280,0002001854-000280,BR_00000024,BR_00000006,numeric-chain-000063,10,35,32,810,0.6,770,810,DC51D+Z,普碳,SPHC,软钢,normal_real,,,,,,
diagnostic_candidate,True,0005000501-000670,0005000501-000670,0005000501-000670,BR_00000024,BR_00000006,numeric-chain-000084,11,1,42,1530,0.7,720,740,CR270LA,低合金高强,H260LAD-3,硬钢,normal_real,,,,,,
diagnostic_candidate,True,0005000464-000650,0005000464-000650,0005000464-000650,BR_00000012,BR_00000006,numeric-chain-000084,11,2,21,1530,0.7,720,740,CR270LA,低合金高强,H260LAD-3,硬钢,normal_real,,,,,,
diagnostic_candidate,True,0005000450-000320,0005000450-000320,0005000450-000320,BR_00000006,BR_00000006,numeric-chain-000084,11,3,21,1530,0.7,720,740,CR270LA,低合金高强,H260LAD-3,硬钢,normal_real,,,,,,
diagnostic_candidate,True,0030110545-000030,0030110545-000030,0030110545-000030,BR_00000018,BR_00000006,numeric-chain-000084,11,4,24,1520,0.8,700,840,DC51D+Z,普碳,SPHC,软钢,actual_transition,,,,,,
diagnostic_candidate,True,0002002170-000320,0002002170-000320,0002002170-000320,BR_00000036,BR_00000006,numeric-chain-000084,11,5,23,1515,0.7,830,850,DC53D+Z,IF钢,SPHETI-3,软钢,normal_real,,,,,,
diagnostic_candidate,True,0030123255-000020,0030123255-000020,0030123255-000020,BR_00000036,BR_00000006,numeric-chain-000084,11,6,46,1500,0.65,820,840,HC180BD+Z,加磷高强、烘烤硬化钢,H180BH1,软钢,normal_real,,,,,,
diagnostic_candidate,True,0002002009-000170,0002002009-000170,0002002009-000170,BR_00000030,BR_00000006,numeric-chain-000084,11,7,17.6,1500,0.65,830,850,DC53D+Z,IF钢,SPHETI-3,软钢,normal_real,,,,,,
diagnostic_candidate,True,0030108542-000060,0030108542-000060,0030108542-000060,BR_00000018,BR_00000006,numeric-chain-000084,11,8,96,1500,0.8,700,840,DC51D+Z,普碳,SPHC,软钢,normal_real,,,,,,
diagnostic_candidate,True,0030106969-000030,0030106969-000030,0030106969-000030,BR_00000013,BR_00000006,numeric-chain-000084,11,9,24,1500,0.8,700,840,DC51D+Z,普碳,SPHC,软钢,actual_transition,,,,,,
diagnostic_candidate,True,0030104603-000050,0030104603-000050,0030104603-000050,BR_00000012,BR_00000006,numeric-chain-000084,11,10,24,1500,0.9,700,840,DC51D+Z,普碳,SPHC,软钢,actual_transition,,,,,,
diagnostic_candidate,True,0005000501-000600,0005000501-000600,0005000501-000600,BR_00000024,BR_00000006,numeric-chain-000084,11,11,46,1490,0.9,790,810,CR240LA,低合金高强,H260LAD-3,硬钢,normal_real,,,,,,
diagnostic_candidate,True,0030105893-000010,0030105893-000010,0030105893-000010,BR_00000012,BR_00000006,numeric-chain-000084,11,12,48,1450,0.8,700,840,DC51D+Z,普碳,SPHC,软钢,actual_transition,,,,,,
diagnostic_candidate,True,0002001768-000030,0002001768-000030,0002001768-000030,BR_00000018,BR_00000006,numeric-chain-000084,11,13,46,1445,1,770,810,DC51D+Z,普碳,SPHC,软钢,normal_real,,,,,,
diagnostic_candidate,True,0002001906-000070,0002001906-000070,0002001906-000070,BR_00000025,BR_00000006,numeric-chain-000084,11,14,46,1445,1,770,810,DC51D+Z,普碳,SPHC,软钢,normal_real,,,,,,
diagnostic_candidate,True,0002001750-000230,0002001750-000230,0002001750-000230,BR_00000018,BR_00000006,numeric-chain-000084,11,15,24,1430,1,770,810,DC51D+Z,普碳,SPHC,软钢,normal_real,,,,,,
diagnostic_candidate,True,0002002180-000380,0002002180-000380,0002002180-000380,BR_00000036,BR_00000006,numeric-chain-000084,11,16,20,1430,1,770,810,DC51D+Z,IF钢,SPHETI-3,软钢,normal_real,,,,,,
diagnostic_candidate,True,0002001906-000050,0002001906-000050,0002001906-000050,BR_00000025,BR_00000006,numeric-chain-000084,11,17,23,1420,1,770,810,DC51D+Z,普碳,SPHC,软钢,normal_real,,,,,,
diagnostic_candidate,True,0002001768-000150,0002001768-000150,0002001768-000150,BR_00000018,BR_00000006,numeric-chain-000084,11,18,23,1420,1,770,810,DC51D+Z,普碳,SPHC,软钢,normal_real,,,,,,
diagnostic_candidate,True,0002001780-000140,0002001780-000140,0002001780-000140,BR_00000024,BR_00000006,numeric-chain-000084,11,19,23,1390,1,770,810,DC51D+Z,普碳,SPHC,软钢,normal_real,,,,,,
diagnostic_candidate,True,0002001744-000240,0002001744-000240,0002001744-000240,BR_00000018,BR_00000006,numeric-chain-000084,11,20,13,1385,1.2,770,810,DC51D+Z,普碳,SPHC,软钢,normal_real,,,,,,
diagnostic_candidate,True,0002001860-000010,0002001860-000010,0002001860-000010,BR_00000024,BR_00000006,numeric-chain-000084,11,21,20,1383,1,770,810,DC51D+Z,普碳,SPHC,软钢,normal_real,,,,,,
diagnostic_candidate,True,0002002006-000040,0002002006-000040,0002002006-000040,BR_00000030,BR_00000006,numeric-chain-000084,11,22,5.47,1380,1.2,770,810,DC51D+Z,IF钢,SPHETI-3,软钢,normal_real,,,,,,
diagnostic_candidate,True,0002002195-000240,0002002195-000240,0002002195-000240,BR_00000036,BR_00000006,numeric-chain-000084,11,23,24,1363,1,770,810,DC51D+Z,普碳,SPHC,软钢,normal_real,,,,,,
diagnostic_candidate,True,0002001633-000180,0002001633-000180,0002001633-000180,BR_00000012,BR_00000006,numeric-chain-000084,11,24,24,1363,1,770,810,DC51D+Z,普碳,SPHC,软钢,normal_real,,,,,,
diagnostic_candidate,True,0002001768-000080,0002001768-000080,0002001768-000080,BR_00000018,BR_00000006,numeric-chain-000084,11,25,23,1360,1.2,770,810,DC51D+Z,普碳,SPHC,软钢,normal_real,,,,,,
diagnostic_candidate,True,0002002170-000260,0002002170-000260,0002002170-000260,BR_00000036,BR_00000006,numeric-chain-000084,11,26,23,1360,1.2,770,810,DC51D+Z,IF钢,SPHETI-3,软钢,normal_real,,,,,,
diagnostic_candidate,True,0002001854-000140,0002001854-000140,0002001854-000140,BR_00000024,BR_00000006,numeric-chain-000084,11,27,46,1360,1.2,770,810,DC51D+Z,普碳,SPHC,软钢,normal_real,,,,,,
diagnostic_candidate,True,0002001906-000080,0002001906-000080,0002001906-000080,BR_00000025,BR_00000006,numeric-chain-000084,11,28,23,1360,1.2,770,810,DC51D+Z,普碳,SPHC,软钢,normal_real,,,,,,
diagnostic_candidate,True,0002002006-000200,0002002006-000200,0002002006-000200,BR_00000030,BR_00000006,numeric-chain-000084,11,29,13.19,1353,1.2,770,810,DC51D+Z,IF钢,SPHETI-3,软钢,normal_real,,,,,,
diagnostic_candidate,True,0002002024-000060,0002002024-000060,0002002024-000060,BR_00000030,BR_00000006,numeric-chain-000084,11,30,23,1341,1,770,810,DC51D+Z,普碳,SPHC,软钢,normal_real,,,,,,
diagnostic_candidate,True,0002001627-000030,0002001627-000030,0002001627-000030,BR_00000012,BR_00000006,numeric-chain-000084,11,31,23,1341,1,770,810,DC51D+Z,普碳,SPHC,软钢,normal_real,,,,,,
diagnostic_candidate,True,0030108542-000100,0030108542-000100,0030108542-000100,BR_00000018,BR_00000006,numeric-chain-000084,11,32,48,1335,0.8,770,810,DX52D+Z-LG,深冲钢（PD）,SPHCQ,软钢,normal_real,,,,,,
diagnostic_candidate,True,0002001889-000130,0002001889-000130,0002001889-000130,BR_00000024,BR_00000006,numeric-chain-000084,11,33,13,1333,0.6,770,810,DC51D+Z,普碳,SPHC,软钢,normal_real,,,,,,
diagnostic_candidate,True,0002001871-000500,0002001871-000500,0002001871-000500,BR_00000024,BR_00000006,numeric-chain-000084,11,34,13,1333,0.6,770,810,DC51D+Z,普碳,SPHC,软钢,normal_real,,,,,,
diagnostic_candidate,True,0002002185-000120,0002002185-000120,0002002185-000120,BR_00000036,BR_00000006,numeric-chain-000084,11,35,23,1333,0.8,770,810,DC51D+Z,IF钢,SPHETI-3,软钢,normal_real,,,,,,
diagnostic_candidate,True,0002001874-000070,0002001874-000070,0002001874-000070,BR_00000024,BR_00000006,numeric-chain-000084,11,36,23,1333,0.8,770,810,DC51D+Z,普碳,SPHC,软钢,normal_real,,,,,,
diagnostic_candidate,True,0002001854-000100,0002001854-000100,0002001854-000100,BR_00000024,BR_00000006,numeric-chain-000084,11,37,50,1330,1,770,810,DC51D+Z,普碳,SPHC,软钢,normal_real,,,,,,
diagnostic_candidate,True,0002002170-000220,0002002170-000220,0002002170-000220,BR_00000036,BR_00000006,numeric-chain-000084,11,38,46,1330,1,770,810,DC51D+Z,IF钢,SPHETI-3,软钢,normal_real,,,,,,
diagnostic_candidate,True,0002001768-000120,0002001768-000120,0002001768-000120,BR_00000018,BR_00000006,numeric-chain-000084,11,39,23,1330,1,770,810,DC51D+Z,普碳,SPHC,软钢,normal_real,,,,,,
diagnostic_candidate,True,0002001860-000130,0002001860-000130,0002001860-000130,BR_00000024,BR_00000006,numeric-chain-000084,11,40,20,1329,1,770,810,DC51D+Z,普碳,SPHC,软钢,normal_real,,,,,,
diagnostic_candidate,True,0002002021-000180,0002002021-000180,0002002021-000180,BR_00000030,BR_00000006,numeric-chain-000084,11,41,23,1312,1,770,810,DC51D+Z,普碳,SPHC,软钢,normal_real,,,,,,
diagnostic_candidate,True,0030105416-000070,0030105416-000070,0030105416-000070,BR_00000012,BR_00000006,numeric-chain-000084,11,42,24,1299,1.1,800,820,HC260YD+Z,加磷高强、烘烤硬化钢,H260Y,软钢,normal_real,,,,,,
diagnostic_candidate,True,0030114354-000020,0030114354-000020,0030114354-000020,BR_00000024,BR_00000006,numeric-chain-000084,11,43,24,1292,1.2,810,830,HC180YD+Z,加磷高强、烘烤硬化钢,H180YD,软钢,normal_real,,,,,,
diagnostic_candidate,True,0030104503-000040,0030104503-000040,0030104503-000040,BR_00000012,BR_00000006,numeric-chain-000084,11,44,7.3,1280,1,800,820,HC260YD+Z,加磷高强、烘烤硬化钢,H260Y,软钢,normal_real,,,,,,
diagnostic_candidate,True,0030115672-000040,0030115672-000040,0030115672-000040,BR_00000025,BR_00000006,numeric-chain-000084,11,45,24,1280,1,800,820,HC260YD+Z,加磷高强、烘烤硬化钢,H260Y,软钢,normal_real,,,,,,
diagnostic_candidate,True,0002001750-000050,0002001750-000050,0002001750-000050,BR_00000018,BR_00000006,numeric-chain-000084,11,46,24,1278,1.2,770,810,DC51D+Z,普碳,SPHC,软钢,normal_real,,,,,,
diagnostic_candidate,True,0030102943-000020,0030102943-000020,0030102943-000020,BR_00000012,BR_00000006,numeric-chain-000084,11,47,72,1265,1,700,840,DC51D+Z,普碳,SPHC,软钢,actual_transition,,,,,,
diagnostic_candidate,True,0005000547-000180,0005000547-000180,0005000547-000180,BR_00000030,BR_00000006,numeric-chain-000084,11,48,63,1250,0.9,720,760,CR420LA,低合金高强,H420LAD-3,硬钢,normal_real,,,,,,
diagnostic_candidate,True,0005000464-000140,0005000464-000140,0005000464-000140,BR_00000012,BR_00000006,numeric-chain-000084,11,49,42,1250,0.9,720,760,CR420LA,低合金高强,H420LAD-3,硬钢,normal_real,,,,,,
diagnostic_candidate,True,0005000563-000140,0005000563-000140,0005000563-000140,BR_00000036,BR_00000006,numeric-chain-000084,11,50,21,1250,0.9,720,760,CR420LA,低合金高强,H420LAD-3,硬钢,normal_real,,,,,,
diagnostic_candidate,True,0030102732-000220,0030102732-000220,0030102732-000220,BR_00000009,BR_00000006,numeric-chain-000084,11,51,8.91,1250,1,700,840,DC51D+Z,普碳,SPHC,软钢,actual_transition,,,,,,
diagnostic_candidate,True,0030107311-000370,0030107311-000370,0030107311-000370,BR_00000018,BR_00000006,numeric-chain-000084,11,52,48,1250,1,700,840,DC51D+Z,普碳,SPHC,软钢,actual_transition,,,,,,
diagnostic_candidate,True,0030122897-000040,0030122897-000040,0030122897-000040,BR_00000036,BR_00000006,numeric-chain-000084,11,53,24,1250,1,700,840,DC51D+Z,普碳,SPHC,软钢,actual_transition,,,,,,
diagnostic_candidate,True,0002002006-000220,0002002006-000220,0002002006-000220,BR_00000030,BR_00000006,numeric-chain-000084,11,54,20,1250,1,830,850,DC53D+Z,IF钢,SPHETI-3,软钢,normal_real,,,,,,
diagnostic_candidate,True,0030124871-000060,0030124871-000060,0030124871-000060,BR_00000036,BR_00000006,numeric-chain-000084,11,55,300,1250,1.15,820,840,DX53D+Z,IF钢,SPHETI-5,软钢,normal_real,,,,,,
diagnostic_candidate,True,0030107561-000050,0030107561-000050,0030107561-000050,BR_00000018,BR_00000006,numeric-chain-000084,11,56,48,1250,1.2,700,840,DC51D+Z,普碳,SPHC,软钢,actual_transition,,,,,,
diagnostic_candidate,True,0030107311-000220,0030107311-000220,0030107311-000220,BR_00000018,BR_00000006,numeric-chain-000084,11,57,40.72,1250,1.2,700,840,DC51D+Z,普碳,SPHC,软钢,actual_transition,,,,,,
diagnostic_candidate,True,0030103526-000140,0030103526-000140,0030103526-000140,BR_00000012,BR_00000006,numeric-chain-000084,11,58,25.31,1250,1.2,700,840,DC51D+Z,普碳,SPHC,软钢,actual_transition,,,,,,
diagnostic_candidate,True,0030119862-000010,0030119862-000010,0030119862-000010,BR_00000030,BR_00000006,numeric-chain-000089,12,1,96,1269,1.6,830,850,DC56D+Z,IF钢,SPHETI-3,软钢,normal_real,,,,,,
diagnostic_candidate,True,0002002058-000020,0002002058-000020,0002002058-000020,BR_00000030,BR_00000006,numeric-chain-000089,12,2,92,1260,1.5,820,840,DX53D+Z-CD,IF钢,SPHETI-5,软钢,normal_real,,,,,,
diagnostic_candidate,True,0002001897-000010,0002001897-000010,0002001897-000010,BR_00000024,BR_00000006,numeric-chain-000089,12,3,120,1260,1.5,820,840,DX53D+Z-CD,IF钢,SPHETI-5,软钢,normal_real,,,,,,
diagnostic_candidate,True,0005000486-000200,0005000486-000200,0005000486-000200,BR_00000018,BR_00000006,numeric-chain-000089,12,4,21,1256,1.5,820,860,CR3,IF钢,SPHETI-36,软钢,normal_real,,,,,,
diagnostic_candidate,True,0030104290-000030,0030104290-000030,0030104290-000030,BR_00000012,BR_00000006,numeric-chain-000089,12,5,9.14,1250,1.5,700,840,DC51D+Z,普碳,SPHC,软钢,actual_transition,,,,,,
diagnostic_candidate,True,0030124735-000080,0030124735-000080,0030124735-000080,BR_00000036,BR_00000006,numeric-chain-000089,12,6,24,1250,1.8,805,825,HC260YD+Z,加磷高强、烘烤硬化钢,H260Y,软钢,normal_real,,,,,,
diagnostic_candidate,True,0030118415-000010,0030118415-000010,0030118415-000010,BR_00000030,BR_00000006,numeric-chain-000089,12,7,48,1240,2.25,805,825,HC260YD+Z,加磷高强、烘烤硬化钢,H260Y,软钢,normal_real,,,,,,
diagnostic_candidate,True,0030110381-000080,0030110381-000080,0030110381-000080,BR_00000018,BR_00000006,numeric-chain-000089,12,8,22.93,1235,2.5,815,835,HC180YD+Z,加磷高强、烘烤硬化钢,H180YD,软钢,normal_real,,,,,,
diagnostic_candidate,True,0005000547-000590,0005000547-000590,0005000547-000590,BR_00000030,BR_00000006,numeric-chain-000089,12,9,20,1221,2.2,820,840,CR210BH,加磷高强、烘烤硬化钢,H220BH,软钢,normal_real,,,,,,
diagnostic_candidate,True,0002001899-000130,0002001899-000130,0002001899-000130,BR_00000024,BR_00000006,numeric-chain-000089,12,10,24,1219,2,820,840,DX53D+Z-MD,IF钢,SPHETI-5,软钢,normal_real,,,,,,
diagnostic_candidate,True,0002002074-000010,0002002074-000010,0002002074-000010,BR_00000036,BR_00000006,numeric-chain-000089,12,11,127.83,1200,2,820,840,DX53D+Z-MD,IF钢,SPHETI-5,软钢,normal_real,,,,,,
diagnostic_candidate,True,0005000546-000050,0005000546-000050,0005000546-000050,BR_00000030,BR_00000006,numeric-chain-000089,12,12,7,1196,2,830,850,CR180BH,加磷高强、烘烤硬化钢,H180BH,软钢,normal_real,,,,,,
diagnostic_candidate,True,0005000509-000020,0005000509-000020,0005000509-000020,BR_00000024,BR_00000006,numeric-chain-000089,12,13,7,1196,2,830,850,CR180BH,加磷高强、烘烤硬化钢,H180BH,软钢,normal_real,,,,,,
diagnostic_candidate,True,0030110551-000040,0030110551-000040,0030110551-000040,BR_00000018,BR_00000006,numeric-chain-000089,12,14,20,1185,1.8,820,860,CR3,IF钢,SPHETI-36,软钢,normal_real,,,,,,
diagnostic_candidate,True,0030105923-000080,0030105923-000080,0030105923-000080,BR_00000012,BR_00000006,numeric-chain-000089,12,15,20,1185,1.8,820,860,CR3,IF钢,SPHETI-36,软钢,normal_real,,,,,,
diagnostic_candidate,True,0030114755-000060,0030114755-000060,0030114755-000060,BR_00000024,BR_00000006,numeric-chain-000089,12,16,24,1170,1.5,820,840,DC53D+Z,IF钢,SPHETI-5,软钢,normal_real,,,,,,
diagnostic_candidate,True,0002001757-000080,0002001757-000080,0002001757-000080,BR_00000018,BR_00000006,numeric-chain-000089,12,17,200,1165,1.2,820,840,DX53D+Z-CD,IF钢,SPHETI-5,软钢,normal_real,,,,,,
diagnostic_candidate,True,0002001463-000030,0002001463-000030,0002001463-000030,BR_00000006,BR_00000006,numeric-chain-000089,12,18,8.13,1165,1.2,820,840,DX53D+Z-CD,IF钢,SPHETI-5,软钢,normal_real,,,,,,
diagnostic_candidate,True,0030120939-000080,0030120939-000080,0030120939-000080,BR_00000032,BR_00000006,numeric-chain-000089,12,19,46,1150,1.2,810,830,HC180YD+Z,加磷高强、烘烤硬化钢,H180YD,软钢,normal_real,,,,,,
diagnostic_candidate,True,0030105927-000120,0030105927-000120,0030105927-000120,BR_00000012,BR_00000006,numeric-chain-000089,12,20,46,1150,1.2,820,840,DX53D+Z,IF钢,SPHETI-5,软钢,normal_real,,,,,,
diagnostic_candidate,True,0030105044-000020,0030105044-000020,0030105044-000020,BR_00000012,BR_00000006,numeric-chain-000089,12,21,72.33,1145,1,830,850,HDX53D+Z-SN,IF钢,SPHETI-3,软钢,normal_real,,,,,,
diagnostic_candidate,True,0030119985-000040,0030119985-000040,0030119985-000040,BR_00000030,BR_00000006,numeric-chain-000089,12,22,23,1140,0.8,820,840,DC53D+Z,IF钢,SPHETI-5,软钢,normal_real,,,,,,
diagnostic_candidate,True,0030105927-000100,0030105927-000100,0030105927-000100,BR_00000012,BR_00000006,numeric-chain-000089,12,23,23,1135,0.6,820,840,DX53D+Z,IF钢,SPHETI-5,软钢,normal_real,,,,,,
diagnostic_candidate,True,0030117932-000020,0030117932-000020,0030117932-000020,BR_00000030,BR_00000006,numeric-chain-000089,12,24,161,1135,0.6,820,840,DC53D+Z,IF钢,SPHETI-5,软钢,normal_real,,,,,,
diagnostic_candidate,True,0002002054-000330,0002002054-000330,0002002054-000330,BR_00000030,BR_00000006,numeric-chain-000089,12,25,42,1130,0.5,820,840,DX53D+Z-CD,IF钢,SPHETI-5,软钢,normal_real,,,,,,
diagnostic_candidate,True,0002002170-000310,0002002170-000310,0002002170-000310,BR_00000036,BR_00000006,numeric-chain-000089,12,26,23,1120,0.6,810,830,180YD+Z,加磷高强、烘烤硬化钢,H180YD,软钢,normal_real,,,,,,
diagnostic_candidate,True,0030114761-000020,0030114761-000020,0030114761-000020,BR_00000024,BR_00000006,numeric-chain-000089,12,27,23,1120,0.6,820,840,HC180BD+Z,加磷高强、烘烤硬化钢,H180BH1,软钢,normal_real,,,,,,
diagnostic_candidate,True,0030111485-000020,0030111485-000020,0030111485-000020,BR_00000024,BR_00000006,numeric-chain-000089,12,28,69,1120,0.6,820,840,HC180BD+Z,加磷高强、烘烤硬化钢,H180BH1,软钢,normal_real,,,,,,
diagnostic_candidate,True,0002001767-000060,0002001767-000060,0002001767-000060,BR_00000018,BR_00000006,numeric-chain-000089,12,29,23,1117,0.6,830,850,DC54D+Z,IF钢,SPHETI-3,软钢,normal_real,,,,,,
diagnostic_candidate,True,0030103543-000020,0030103543-000020,0030103543-000020,BR_00000012,BR_00000006,numeric-chain-000089,12,30,142.64,1107,0.6,820,840,DC53D+Z,IF钢,SPHETI-5,软钢,normal_real,,,,,,
diagnostic_candidate,True,0002001648-000100,0002001648-000100,0002001648-000100,BR_00000012,BR_00000006,numeric-chain-000089,12,31,221.15,1100,0.5,820,840,DX53D+Z-CD,IF钢,SPHETI-5,软钢,normal_real,,,,,,
diagnostic_candidate,True,0002001480-000010,0002001480-000010,0002001480-000010,BR_00000012,BR_00000006,numeric-chain-000089,12,32,5.11,1093,0.5,820,840,DX53D+Z-CD,IF钢,SPHETI-5,软钢,normal_real,,,,,,
diagnostic_candidate,True,0030108260-000050,0030108260-000050,0030108260-000050,BR_00000018,BR_00000006,numeric-chain-000027,13,1,48,1210,0.6,830,850,SCG4+Z,IF钢,SPHETI-3,软钢,normal_real,,,,,,
diagnostic_candidate,True,0030124772-000020,0030124772-000020,0030124772-000020,BR_00000036,BR_00000006,numeric-chain-000027,13,2,24,1200,0.65,820,840,DC53D+Z,IF钢,SPHETI-5,软钢,normal_real,,,,,,
diagnostic_candidate,True,0030114637-000030,0030114637-000030,0030114637-000030,BR_00000024,BR_00000006,numeric-chain-000027,13,3,24,1200,0.65,830,850,DC54D+Z,IF钢,SPHETI-5,软钢,normal_real,,,,,,
diagnostic_candidate,True,0030105830-000020,0030105830-000020,0030105830-000020,BR_00000012,BR_00000006,numeric-chain-000027,13,4,24,1200,0.7,830,850,DC54D+Z,IF钢,SPHETI-3,软钢,normal_real,,,,,,
diagnostic_candidate,True,0002001765-000070,0002001765-000070,0002001765-000070,BR_00000018,BR_00000006,numeric-chain-000027,13,5,216,1195,0.65,830,850,DC53D+Z,IF钢,SPHETI-3,软钢,normal_real,,,,,,
diagnostic_candidate,True,virtual-000009,,,,BR_00000006,numeric-chain-000027,13,6,20.00,1250,0.80,830,850,SPHC,,SPHC,,virtual_sphc,,"{""accepted_sequence"":9,""prototype_id"":""virtual_sphc:1250x0.8"",""purpose"":""edge_bridge"",""related_partition_id"":null}",,,,
diagnostic_candidate,True,virtual-000010,,,,BR_00000006,numeric-chain-000027,13,7,20.00,1250,1.00,830,850,SPHC,,SPHC,,virtual_sphc,,"{""accepted_sequence"":10,""prototype_id"":""virtual_sphc:1250x1"",""purpose"":""edge_bridge"",""related_partition_id"":null}",,,,
diagnostic_candidate,True,0030119597-000010,0030119597-000010,0030119597-000010,BR_00000030,BR_00000006,numeric-chain-000027,13,8,48,1155,1.2,830,850,DC54D+Z,IF钢,SPHETI-5,软钢,normal_real,,,,,,
diagnostic_candidate,True,0030124170-000010,0030124170-000010,0030124170-000010,BR_00000036,BR_00000006,numeric-chain-000027,13,9,69,1145,1,830,850,HDX53D+Z-SN,IF钢,SPHETI-3,软钢,normal_real,,,,,,
diagnostic_candidate,True,0030123508-000010,0030123508-000010,0030123508-000010,BR_00000036,BR_00000006,numeric-chain-000027,13,10,138,1145,1,830,850,HDX53D+Z-SN,IF钢,SPHETI-3,软钢,normal_real,,,,,,
diagnostic_candidate,True,0005000509-000040,0005000509-000040,0005000509-000040,BR_00000024,BR_00000006,numeric-chain-000027,13,11,7,1143,1.2,830,850,CR4,IF钢,SPHETI-36,软钢,normal_real,,,,,,
diagnostic_candidate,True,0002001744-000050,0002001744-000050,0002001744-000050,BR_00000018,BR_00000006,numeric-chain-000027,13,12,15.58,1135,1,830,850,DC53D+Z,IF钢,SPHETI-3,软钢,normal_real,,,,,,
diagnostic_candidate,True,0002001867-000180,0002001867-000180,0002001867-000180,BR_00000024,BR_00000006,numeric-chain-000027,13,13,23,1134,1,830,850,DC56D+Z,IF钢,SPHETI-3,软钢,normal_real,,,,,,
diagnostic_candidate,True,0002002184-000090,0002002184-000090,0002002184-000090,BR_00000036,BR_00000006,numeric-chain-000027,13,14,30,1134,1,830,850,DC56D+Z,IF钢,SPHETI-3,软钢,normal_real,,,,,,
diagnostic_candidate,True,0030117931-000050,0030117931-000050,0030117931-000050,BR_00000030,BR_00000006,numeric-chain-000027,13,15,25.13,1125,0.8,820,840,DC53D+Z,IF钢,SPHETI-5,软钢,normal_real,,,,,,
diagnostic_candidate,True,0030104292-000010,0030104292-000010,0030104292-000010,BR_00000012,BR_00000006,numeric-chain-000027,13,16,23,1125,0.8,830,850,DC56D+Z,IF钢,SPHETI-3,软钢,normal_real,,,,,,
diagnostic_candidate,True,0030119041-000020,0030119041-000020,0030119041-000020,BR_00000030,BR_00000006,numeric-chain-000027,13,17,69,1120,0.6,820,840,HC180BD+Z,加磷高强、烘烤硬化钢,H180BH1,软钢,normal_real,,,,,,
diagnostic_candidate,True,0030118764-000030,0030118764-000030,0030118764-000030,BR_00000030,BR_00000006,numeric-chain-000027,13,18,23,1120,0.65,820,840,HC180BD+Z,加磷高强、烘烤硬化钢,H180BH1,软钢,normal_real,,,,,,
diagnostic_candidate,True,0005000547-000400,0005000547-000400,0005000547-000400,BR_00000030,BR_00000006,numeric-chain-000027,13,19,20,1100,0.8,830,850,CR180BH,加磷高强、烘烤硬化钢,H180BH,软钢,normal_real,,,,,,
diagnostic_candidate,True,0005000464-000300,0005000464-000300,0005000464-000300,BR_00000012,BR_00000006,numeric-chain-000027,13,20,40,1100,0.8,830,850,CR180BH,加磷高强、烘烤硬化钢,H180BH,软钢,normal_real,,,,,,
diagnostic_candidate,True,0005000486-000350,0005000486-000350,0005000486-000350,BR_00000018,BR_00000006,numeric-chain-000027,13,21,20,1100,0.8,830,850,CR180BH,加磷高强、烘烤硬化钢,H180BH,软钢,normal_real,,,,,,
diagnostic_candidate,True,0005000464-000150,0005000464-000150,0005000464-000150,BR_00000012,BR_00000006,numeric-chain-000027,13,22,20,1100,1,830,850,CR3,IF钢,SPHETI-36,软钢,normal_real,,,,,,
diagnostic_candidate,True,0002002053-000020,0002002053-000020,0002002053-000020,BR_00000030,BR_00000006,numeric-chain-000027,13,23,8.8,1100,0.8,820,840,DX53D+Z-MD,IF钢,SPHETI-5,软钢,normal_real,,,,,,
diagnostic_candidate,True,0002001901-000050,0002001901-000050,0002001901-000050,BR_00000024,BR_00000006,numeric-chain-000027,13,24,19,1095,0.7,830,850,DC53D+Z,IF钢,SPHETI-3,软钢,normal_real,,,,,,
diagnostic_candidate,True,0002002170-000210,0002002170-000210,0002002170-000210,BR_00000036,BR_00000006,numeric-chain-000027,13,25,45.97,1095,0.7,830,850,DC53D+Z,IF钢,SPHETI-3,软钢,normal_real,,,,,,
diagnostic_candidate,True,0002001603-000100,0002001603-000100,0002001603-000100,BR_00000012,BR_00000006,numeric-chain-000027,13,26,33.65,1095,0.7,830,850,DC53D+Z,IF钢,SPHETI-3,软钢,normal_real,,,,,,
diagnostic_candidate,True,0030118809-000020,0030118809-000020,0030118809-000020,BR_00000030,BR_00000006,numeric-chain-000027,13,27,40,1085,0.6,820,840,HC180BD+Z,加磷高强、烘烤硬化钢,H180BH1,软钢,normal_real,,,,,,
diagnostic_candidate,True,0030119011-000010,0030119011-000010,0030119011-000010,BR_00000030,BR_00000006,numeric-chain-000027,13,28,23,1083,0.8,830,850,DC54D+Z,IF钢,SPHETI-5,软钢,normal_real,,,,,,
diagnostic_candidate,True,0030114490-000010,0030114490-000010,0030114490-000010,BR_00000024,BR_00000006,numeric-chain-000027,13,29,23,1083,0.8,830,850,DC54D+Z,IF钢,SPHETI-5,软钢,normal_real,,,,,,
diagnostic_candidate,True,0030119032-000020,0030119032-000020,0030119032-000020,BR_00000030,BR_00000006,numeric-chain-000027,13,30,300,1080,0.75,820,840,DX53D+Z,IF钢,SPHETI-5,软钢,normal_real,,,,,,
diagnostic_candidate,True,0030114761-000010,0030114761-000010,0030114761-000010,BR_00000024,BR_00000006,numeric-chain-000027,13,31,40,1070,0.6,820,840,HC180BD+Z,加磷高强、烘烤硬化钢,H180BH1,软钢,normal_real,,,,,,
diagnostic_candidate,True,0030111485-000010,0030111485-000010,0030111485-000010,BR_00000024,BR_00000006,numeric-chain-000027,13,32,60,1070,0.6,820,840,HC180BD+Z,加磷高强、烘烤硬化钢,H180BH1,软钢,normal_real,,,,,,
diagnostic_candidate,True,0030110865-000100,0030110865-000100,0030110865-000100,BR_00000019,BR_00000006,numeric-chain-000027,13,33,23,1070,0.65,830,850,DC54D+Z,IF钢,SPHETI-5,软钢,normal_real,,,,,,
diagnostic_candidate,True,0030112161-000020,0030112161-000020,0030112161-000020,BR_00000024,BR_00000006,numeric-chain-000027,13,34,40,1070,0.67,820,840,HC220BD+Z,加磷高强、烘烤硬化钢,H220BH,软钢,normal_real,,,,,,
diagnostic_candidate,True,0030121690-000040,0030121690-000040,0030121690-000040,BR_00000032,BR_00000006,numeric-chain-000027,13,35,20,1070,0.67,820,840,HC220BD+Z,加磷高强、烘烤硬化钢,H220BH4,软钢,normal_real,,,,,,
diagnostic_candidate,True,0030114040-000030,0030114040-000030,0030114040-000030,BR_00000024,BR_00000006,numeric-chain-000027,13,36,23,1063,0.7,810,830,HC180YD+Z,加磷高强、烘烤硬化钢,H180YD,软钢,normal_real,,,,,,
diagnostic_candidate,True,0002001648-000090,0002001648-000090,0002001648-000090,BR_00000012,BR_00000006,numeric-chain-000027,13,37,48,1060,0.8,820,840,DX53D+Z-CD,IF钢,SPHETI-5,软钢,normal_real,,,,,,
diagnostic_candidate,True,0002001461-000010,0002001461-000010,0002001461-000010,BR_00000006,BR_00000006,numeric-chain-000027,13,38,7.18,1060,0.8,820,840,DX53D+Z-CD,IF钢,SPHETI-5,软钢,normal_real,,,,,,
diagnostic_candidate,True,0030115562-000010,0030115562-000010,0030115562-000010,BR_00000025,BR_00000006,numeric-chain-000027,13,39,69,1060,0.95,820,840,DC53D+Z,IF钢,SPHETI-5,软钢,normal_real,,,,,,
diagnostic_candidate,True,0030107853-000020,0030107853-000020,0030107853-000020,BR_00000018,BR_00000006,numeric-chain-000067,14,1,120,1270,0.85,820,840,DC53D+Z,IF钢,SPHETI-5,软钢,normal_real,,,,,,
diagnostic_candidate,True,0030105508-000020,0030105508-000020,0030105508-000020,BR_00000012,BR_00000006,numeric-chain-000067,14,2,48,1270,0.85,820,840,DC53D+Z,IF钢,SPHETI-5,软钢,normal_real,,,,,,
diagnostic_candidate,True,0030117110-000080,0030117110-000080,0030117110-000080,BR_00000030,BR_00000006,numeric-chain-000067,14,3,44,1260,0.8,830,850,CR3,IF钢,SPHETI-36,软钢,normal_real,,,,,,
diagnostic_candidate,True,0030102088-000080,0030102088-000080,0030102088-000080,BR_00000009,BR_00000006,numeric-chain-000067,14,4,25.91,1260,0.8,830,850,CR3,IF钢,SPHETI-36,软钢,normal_real,,,,,,
diagnostic_candidate,True,0030102084-000060,0030102084-000060,0030102084-000060,BR_00000009,BR_00000006,numeric-chain-000067,14,5,22,1260,0.8,830,850,CR3,IF钢,SPHETI-36,软钢,normal_real,,,,,,
diagnostic_candidate,True,0002002195-000180,0002002195-000180,0002002195-000180,BR_00000036,BR_00000006,numeric-chain-000067,14,6,25,1258,0.8,830,850,DC53D+Z,IF钢,SPHETI-3,软钢,normal_real,,,,,,
diagnostic_candidate,True,0030107311-000160,0030107311-000160,0030107311-000160,BR_00000018,BR_00000006,numeric-chain-000067,14,7,24,1250,0.6,700,840,DC51D+Z,普碳,SPHC,软钢,actual_transition,,,,,,
diagnostic_candidate,True,0030124081-000010,0030124081-000010,0030124081-000010,BR_00000036,BR_00000006,numeric-chain-000067,14,8,48,1250,0.75,700,840,DC51D+Z,普碳,SPHC,软钢,actual_transition,,,,,,
diagnostic_candidate,True,0030104291-000020,0030104291-000020,0030104291-000020,BR_00000012,BR_00000006,numeric-chain-000067,14,9,72,1250,0.75,700,840,DC51D+Z,普碳,SPHC,软钢,actual_transition,,,,,,
diagnostic_candidate,True,0030119031-000030,0030119031-000030,0030119031-000030,BR_00000030,BR_00000006,numeric-chain-000067,14,10,20,1250,0.75,730,750,DX51D+Z,普碳,SPHC,软钢,normal_real,,,,,,
diagnostic_candidate,True,0030108542-000070,0030108542-000070,0030108542-000070,BR_00000018,BR_00000006,numeric-chain-000067,14,11,72,1250,0.8,700,840,DC51D+Z,普碳,SPHC,软钢,normal_real,,,,,,
diagnostic_candidate,True,0002001899-000150,0002001899-000150,0002001899-000150,BR_00000024,BR_00000006,numeric-chain-000067,14,12,66,1250,0.8,815,835,DX51D+Z-MD,普碳,SPHC,软钢,normal_real,,,,,,
diagnostic_candidate,True,0010020206-000080,0010020206-000080,0010020206-000080,BR_00000036,BR_00000006,numeric-chain-000067,14,13,50.82,1250,1,700,840,DC51D+Z,普碳,SPHC,软钢,actual_transition,,,,,,
diagnostic_candidate,True,0030106897-000040,0030106897-000040,0030106897-000040,BR_00000018,BR_00000006,numeric-chain-000067,14,14,42.66,1250,1,700,840,DC51D+Z,普碳,SPHC,软钢,actual_transition,,,,,,
diagnostic_candidate,True,0010015684-000010,0010015684-000010,0010015684-000010,BR_00000018,BR_00000006,numeric-chain-000067,14,15,72,1250,1.15,700,840,DC51D+Z,普碳,SPHC,软钢,actual_transition,,,,,,
diagnostic_candidate,True,0010018614-000030,0010018614-000030,0010018614-000030,BR_00000030,BR_00000006,numeric-chain-000067,14,16,77.68,1250,1.15,700,840,DC51D+Z,普碳,SPHC,软钢,actual_transition,,,,,,
diagnostic_candidate,True,0030124871-000020,0030124871-000020,0030124871-000020,BR_00000036,BR_00000006,numeric-chain-000067,14,17,20,1250,1.15,710,730,DX51D+Z,普碳,SPHC,软钢,normal_real,,,,,,
diagnostic_candidate,True,0030104291-000040,0030104291-000040,0030104291-000040,BR_00000012,BR_00000006,numeric-chain-000067,14,18,19.8,1250,1.2,700,840,DC51D+Z,普碳,SPHC,软钢,actual_transition,,,,,,
diagnostic_candidate,True,0030106897-000050,0030106897-000050,0030106897-000050,BR_00000018,BR_00000006,numeric-chain-000067,14,19,52.3,1250,1.2,700,840,DC51D+Z,普碳,SPHC,软钢,actual_transition,,,,,,
diagnostic_candidate,True,0002001897-000030,0002001897-000030,0002001897-000030,BR_00000024,BR_00000006,numeric-chain-000067,14,20,88,1250,1.2,820,840,DX53D+Z-CD,IF钢,SPHETI-5,软钢,normal_real,,,,,,
diagnostic_candidate,True,0030102732-000240,0030102732-000240,0030102732-000240,BR_00000009,BR_00000006,numeric-chain-000067,14,21,5.43,1250,1.5,700,840,DC51D+Z,普碳,SPHC,软钢,actual_transition,,,,,,
diagnostic_candidate,True,0030105930-000030,0030105930-000030,0030105930-000030,BR_00000012,BR_00000006,numeric-chain-000067,14,22,144,1250,2,700,720,DX51D+Z3,深冲钢（PD）,DD12BB,软钢,normal_real,,,,,,
diagnostic_candidate,True,0030124735-000130,0030124735-000130,0030124735-000130,BR_00000036,BR_00000006,numeric-chain-000067,14,23,24,1250,2.45,700,720,DC51D+Z,普碳,SPHC,软钢,actual_transition,,,,,,
diagnostic_candidate,True,0030105113-000010,0030105113-000010,0030105113-000010,BR_00000012,BR_00000006,numeric-chain-000067,14,24,24,1250,2.45,700,720,DC51D+Z,普碳,SPHC,软钢,actual_transition,,,,,,
diagnostic_candidate,True,0030107311-000280,0030107311-000280,0030107311-000280,BR_00000018,BR_00000006,numeric-chain-000067,14,25,48,1250,2.5,700,720,DC51D+Z,普碳,SPHC,软钢,actual_transition,,,,,,
diagnostic_candidate,True,0030120875-000020,0030120875-000020,0030120875-000020,BR_00000032,BR_00000006,numeric-chain-000067,14,26,40.71,1250,2.5,700,720,DC51D+Z,普碳,SPHC,软钢,actual_transition,,,,,,
diagnostic_candidate,True,0030101768-000140,0030101768-000140,0030101768-000140,BR_00000008,BR_00000006,numeric-chain-000067,14,27,5.15,1250,2.5,700,720,DC51D+Z,普碳,SPHC,软钢,actual_transition,,,,,,
diagnostic_candidate,True,0030107311-000120,0030107311-000120,0030107311-000120,BR_00000018,BR_00000006,numeric-chain-000067,14,28,40.65,1250,2.5,700,720,DC51D+Z,普碳,SPHC,软钢,actual_transition,,,,,,
diagnostic_candidate,True,0030107561-000080,0030107561-000080,0030107561-000080,BR_00000018,BR_00000006,numeric-chain-000067,14,29,73.94,1250,2.5,700,720,DC51D+Z,普碳,SPHC,软钢,actual_transition,,,,,,
diagnostic_candidate,True,0030108873-000030,0030108873-000030,0030108873-000030,BR_00000018,BR_00000006,numeric-chain-000067,14,30,248.02,1250,2.5,700,720,DC51D+Z,普碳,SPHC,软钢,actual_transition,,,,,,
diagnostic_candidate,True,0030122898-000040,0030122898-000040,0030122898-000040,BR_00000036,BR_00000006,numeric-chain-000067,14,31,119.78,1250,2.5,700,720,DC51D+Z,普碳,SPHC,软钢,actual_transition,,,,,,
diagnostic_candidate,True,0030099052-000030,0030099052-000030,0030099052-000030,BR_00000006,BR_00000006,numeric-chain-000067,14,32,5.76,1219,2.5,700,720,DC51D+Z,普碳,SPHC,软钢,actual_transition,,,,,,
diagnostic_candidate,True,0030102614-000010,0030102614-000010,0030102614-000010,BR_00000012,BR_00000006,numeric-chain-000067,14,33,32.23,1219,2.5,700,720,DC51D+Z,普碳,SPHC,软钢,actual_transition,,,,,,
diagnostic_candidate,True,0030121540-000040,0030121540-000040,0030121540-000040,BR_00000032,BR_00000006,numeric-chain-000067,14,34,24,1185,2.4,700,720,DC51D+Z,普碳,SPHC,软钢,actual_transition,,,,,,
diagnostic_candidate,True,0030102943-000040,0030102943-000040,0030102943-000040,BR_00000012,BR_00000006,numeric-chain-000067,14,35,72,1180,2.5,700,840,DC51D+Z,普碳,SPHC,软钢,actual_transition,,,,,,
diagnostic_candidate,True,0030117931-000010,0030117931-000010,0030117931-000010,BR_00000030,BR_00000006,numeric-chain-000067,14,36,24,1176,2.5,700,720,DC51D+Z,普碳,SPHC,软钢,normal_real,,,,,,
diagnostic_candidate,True,0030119916-000040,0030119916-000040,0030119916-000040,BR_00000030,BR_00000006,numeric-chain-000067,14,37,24,1166,2,700,720,DC51D+Z,普碳,SPHC,软钢,normal_real,,,,,,
diagnostic_candidate,True,0030118921-000020,0030118921-000020,0030118921-000020,BR_00000030,BR_00000006,numeric-chain-000067,14,38,23,1110,2.49,700,720,DC51D+Z,普碳,SPHC,软钢,actual_transition,,,,,,
diagnostic_candidate,True,0030123143-000030,0030123143-000030,0030123143-000030,BR_00000036,BR_00000006,numeric-chain-000019,15,1,175,1315,0.6,830,850,SCG4+Z,IF钢,SPHETI-3,软钢,normal_real,,,,,,
diagnostic_candidate,True,0002001750-000140,0002001750-000140,0002001750-000140,BR_00000018,BR_00000006,numeric-chain-000019,15,2,51.89,1315,0.6,830,850,DC53D+Z,IF钢,SPHETI-3,软钢,normal_real,,,,,,
diagnostic_candidate,True,0030117110-000020,0030117110-000020,0030117110-000020,BR_00000030,BR_00000006,numeric-chain-000019,15,3,66,1312,0.75,830,850,CR3,IF钢,SPHETI-36,软钢,normal_real,,,,,,
diagnostic_candidate,True,0030107381-000020,0030107381-000020,0030107381-000020,BR_00000018,BR_00000006,numeric-chain-000019,15,4,44,1312,0.75,830,850,CR3,IF钢,SPHETI-36,软钢,normal_real,,,,,,
diagnostic_candidate,True,0030102088-000020,0030102088-000020,0030102088-000020,BR_00000009,BR_00000006,numeric-chain-000019,15,5,45.4,1312,0.75,830,850,CR3,IF钢,SPHETI-36,软钢,normal_real,,,,,,
diagnostic_candidate,True,0030112686-000010,0030112686-000010,0030112686-000010,BR_00000024,BR_00000006,numeric-chain-000019,15,6,44,1312,0.75,830,850,CR3,IF钢,SPHETI-36,软钢,normal_real,,,,,,
diagnostic_candidate,True,0030125150-000020,0030125150-000020,0030125150-000020,BR_00000036,BR_00000006,numeric-chain-000019,15,7,24,1305,0.7,820,840,DC53D+Z,IF钢,SPHETI-5,软钢,normal_real,,,,,,
diagnostic_candidate,True,0030119860-000020,0030119860-000020,0030119860-000020,BR_00000030,BR_00000006,numeric-chain-000019,15,8,24,1305,0.7,820,840,DC53D+Z,IF钢,SPHETI-5,软钢,normal_real,,,,,,
diagnostic_candidate,True,0030123654-000030,0030123654-000030,0030123654-000030,BR_00000036,BR_00000006,numeric-chain-000019,15,9,24,1304,0.7,830,850,DX53D+Z1,IF钢,SPHETI-5,软钢,normal_real,,,,,,
diagnostic_candidate,True,virtual-000012,,,,BR_00000006,numeric-chain-000019,15,10,20.00,1250,0.80,820,850,SPHC,,SPHC,,virtual_sphc,,"{""accepted_sequence"":12,""prototype_id"":""virtual_sphc:1250x0.8"",""purpose"":""edge_bridge"",""related_partition_id"":null}",,,,
diagnostic_candidate,True,0002001895-000030,0002001895-000030,0002001895-000030,BR_00000024,BR_00000006,numeric-chain-000019,15,11,391,1236,1,820,840,DX53D+Z-CD,IF钢,SPHETI-5,软钢,normal_real,,,,,,
diagnostic_candidate,True,0030119080-000010,0030119080-000010,0030119080-000010,BR_00000030,BR_00000006,numeric-chain-000019,15,12,24,1231,0.85,830,850,DC54D+Z,IF钢,SPHETI-5,软钢,normal_real,,,,,,
diagnostic_candidate,True,0002001614-000110,0002001614-000110,0002001614-000110,BR_00000012,BR_00000006,numeric-chain-000019,15,13,27.01,1230,0.65,830,850,DC56D+Z,IF钢,SPHETI-3,软钢,normal_real,,,,,,
diagnostic_candidate,True,virtual-000006,,,,BR_00000006,numeric-chain-000019,15,14,20.00,1250,0.60,820,850,SPHC,,SPHC,,virtual_sphc,,"{""accepted_sequence"":6,""prototype_id"":""virtual_sphc:1250x0.6"",""purpose"":""edge_bridge"",""related_partition_id"":null}",,,,
diagnostic_candidate,True,0030106242-000090,0030106242-000090,0030106242-000090,BR_00000012,BR_00000006,numeric-chain-000019,15,15,48,1173,0.5,820,840,DX53D+Z-LG,IF钢,SPHETI-5,软钢,normal_real,,,,,,
diagnostic_candidate,True,0030098660-000100,0030098660-000100,0030098660-000100,BR_00000006,BR_00000006,numeric-chain-000019,15,16,5.7,1173,0.5,820,840,DX53D+Z-LG,IF钢,SPHETI-5,软钢,normal_real,,,,,,
diagnostic_candidate,True,0030108542-000030,0030108542-000030,0030108542-000030,BR_00000018,BR_00000006,numeric-chain-000019,15,17,48,1173,0.5,820,840,DX53D+Z-LG,IF钢,SPHETI-5,软钢,normal_real,,,,,,
diagnostic_candidate,True,0030106720-000150,0030106720-000150,0030106720-000150,BR_00000018,BR_00000006,numeric-chain-000019,15,18,48,1170,0.45,820,840,DC53D+Z,IF钢,SPHETI-5,软钢,normal_real,,,,,,
diagnostic_candidate,True,0002001757-000160,0002001757-000160,0002001757-000160,BR_00000018,BR_00000006,numeric-chain-000019,15,19,51,1165,0.4,815,835,DX51D+Z-MD,普碳,SPHC,软钢,normal_real,,,,,,
diagnostic_candidate,True,0002001898-000040,0002001898-000040,0002001898-000040,BR_00000024,BR_00000006,numeric-chain-000019,15,20,44,1165,0.4,815,835,DX51D+Z-MD,普碳,SPHC,软钢,normal_real,,,,,,
diagnostic_candidate,True,0002001648-000070,0002001648-000070,0002001648-000070,BR_00000012,BR_00000006,numeric-chain-000019,15,21,24,1165,0.4,815,835,DX51D+Z-MD,普碳,SPHC,软钢,normal_real,,,,,,
diagnostic_candidate,True,0002002054-000220,0002002054-000220,0002002054-000220,BR_00000030,BR_00000006,numeric-chain-000019,15,22,21,1165,0.4,815,835,DX51D+Z-MD,普碳,SPHC,软钢,normal_real,,,,,,
diagnostic_candidate,True,0030098660-000070,0030098660-000070,0030098660-000070,BR_00000006,BR_00000006,numeric-chain-000019,15,23,24,1160,0.4,820,840,DX53D+Z-LG,IF钢,SPHETI-5,软钢,normal_real,,,,,,
diagnostic_candidate,True,0030108585-000050,0030108585-000050,0030108585-000050,BR_00000018,BR_00000006,numeric-chain-000019,15,24,48,1156,0.4,700,840,DC51D+Z-Q,深冲钢（PD）,SPHCQ,软钢,normal_real,,,,,,
diagnostic_candidate,True,0030113258-000050,0030113258-000050,0030113258-000050,BR_00000024,BR_00000006,numeric-chain-000019,15,25,24,1156,0.4,700,840,DC51D+Z,普碳,SPHC,软钢,normal_real,,,,,,
diagnostic_candidate,True,0002002055-000080,0002002055-000080,0002002055-000080,BR_00000030,BR_00000006,numeric-chain-000019,15,26,341,1150,0.5,815,835,DX51D+Z-MD,普碳,SPHC,软钢,normal_real,,,,,,
diagnostic_candidate,True,0002002054-000040,0002002054-000040,0002002054-000040,BR_00000030,BR_00000006,numeric-chain-000019,15,27,191,1150,0.5,815,835,DX51D+Z-MD,普碳,SPHC,软钢,normal_real,,,,,,
diagnostic_candidate,True,0002001768-000090,0002001768-000090,0002001768-000090,BR_00000018,BR_00000006,numeric-chain-000048,16,1,23,1575,1,770,810,DC51D+Z,普碳,SPHC,软钢,normal_real,,,,,,
diagnostic_candidate,True,0002001750-000030,0002001750-000030,0002001750-000030,BR_00000018,BR_00000006,numeric-chain-000048,16,2,24,1575,1,770,810,DC51D+Z,普碳,SPHC,软钢,normal_real,,,,,,
diagnostic_candidate,True,0002001612-000020,0002001612-000020,0002001612-000020,BR_00000012,BR_00000006,numeric-chain-000048,16,3,23.28,1562,0.8,770,810,DC51D+Z,普碳,SPHC,软钢,normal_real,,,,,,
diagnostic_candidate,True,0002001889-000010,0002001889-000010,0002001889-000010,BR_00000024,BR_00000006,numeric-chain-000048,16,4,25,1560,0.8,770,810,DC51D+Z,普碳,SPHC,软钢,normal_real,,,,,,
diagnostic_candidate,True,0002002202-000190,0002002202-000190,0002002202-000190,BR_00000036,BR_00000006,numeric-chain-000048,16,5,23,1555,1,770,810,DC51D+Z,IF钢,SPHETI-3,软钢,normal_real,,,,,,
diagnostic_candidate,True,0002002024-000110,0002002024-000110,0002002024-000110,BR_00000030,BR_00000006,numeric-chain-000048,16,6,23,1555,1,770,810,DC51D+Z,普碳,SPHC,软钢,normal_real,,,,,,
diagnostic_candidate,True,0002001627-000060,0002001627-000060,0002001627-000060,BR_00000012,BR_00000006,numeric-chain-000048,16,7,23,1555,1,770,810,DC51D+Z,普碳,SPHC,软钢,normal_real,,,,,,
diagnostic_candidate,True,0030103543-000110,0030103543-000110,0030103543-000110,BR_00000012,BR_00000006,numeric-chain-000048,16,8,5.79,1522,1,770,810,DC52D+Z,深冲钢（PD）,SPHCQ,软钢,normal_real,,,,,,
diagnostic_candidate,True,0010017424-000010,0010017424-000010,0010017424-000010,BR_00000024,BR_00000006,numeric-chain-000048,16,9,24,1500,1,700,840,DC51D+Z-D,普碳,SPHC,软钢,normal_real,,,,,,
diagnostic_candidate,True,0002002195-000190,0002002195-000190,0002002195-000190,BR_00000036,BR_00000006,numeric-chain-000048,16,10,24,1500,1,830,850,DC54D+Z,IF钢,SPHETI-3,软钢,normal_real,,,,,,
diagnostic_candidate,True,0030109817-000010,0030109817-000010,0030109817-000010,BR_00000018,BR_00000006,numeric-chain-000048,16,11,144,1500,1.2,700,840,DX51D+Z,普碳,SPHC,软钢,normal_real,,,,,,
diagnostic_candidate,True,0010020206-000110,0010020206-000110,0010020206-000110,BR_00000036,BR_00000006,numeric-chain-000048,16,12,67.61,1500,1.2,700,840,DC51D+Z,普碳,SPHC,软钢,actual_transition,,,,,,
diagnostic_candidate,True,0030107311-000230,0030107311-000230,0030107311-000230,BR_00000018,BR_00000006,numeric-chain-000048,16,13,48,1500,1.2,700,840,DC51D+Z,普碳,SPHC,软钢,actual_transition,,,,,,
diagnostic_candidate,True,0030111511-000070,0030111511-000070,0030111511-000070,BR_00000020,BR_00000006,numeric-chain-000048,16,14,8,1495,1.2,770,810,DC51D+Z,深冲钢（PD）,SPHCQ,软钢,normal_real,,,,,,
diagnostic_candidate,True,0030115673-000120,0030115673-000120,0030115673-000120,BR_00000025,BR_00000006,numeric-chain-000048,16,15,8,1495,1.2,770,810,DC51D+Z,深冲钢（PD）,SPHCQ,软钢,normal_real,,,,,,
diagnostic_candidate,True,0002001612-000630,0002001612-000630,0002001612-000630,BR_00000012,BR_00000006,numeric-chain-000048,16,16,30,1444,1.4,770,810,DC51D+Z,普碳,SPHC,软钢,normal_real,,,,,,
diagnostic_candidate,True,0002002009-000240,0002002009-000240,0002002009-000240,BR_00000030,BR_00000006,numeric-chain-000048,16,17,37.6,1442,1.4,770,810,DC51D+Z,普碳,SPHC,软钢,normal_real,,,,,,
diagnostic_candidate,True,0002001889-000090,0002001889-000090,0002001889-000090,BR_00000024,BR_00000006,numeric-chain-000048,16,18,13,1442,1.4,770,810,DC51D+Z,普碳,SPHC,软钢,normal_real,,,,,,
diagnostic_candidate,True,0002001751-000060,0002001751-000060,0002001751-000060,BR_00000018,BR_00000006,numeric-chain-000048,16,19,23,1420,1.6,770,810,DC51D+Z,普碳,SPHC,软钢,normal_real,,,,,,
diagnostic_candidate,True,0002002024-000170,0002002024-000170,0002002024-000170,BR_00000030,BR_00000006,numeric-chain-000048,16,20,23,1420,1.6,770,810,DC51D+Z,普碳,SPHC,软钢,normal_real,,,,,,
diagnostic_candidate,True,0030112972-000010,0030112972-000010,0030112972-000010,BR_00000024,BR_00000006,numeric-chain-000048,16,21,21,1402,2,770,810,DX52D+Z,深冲钢（PD）,SPHCQ,软钢,normal_real,,,,,,
diagnostic_candidate,True,0002001455-000030,0002001455-000030,0002001455-000030,BR_00000006,BR_00000006,numeric-chain-000048,16,22,9.84,1395,2,770,810,DC51D+Z,普碳,SPHC,软钢,normal_real,,,,,,
diagnostic_candidate,True,0002002185-000030,0002002185-000030,0002002185-000030,BR_00000036,BR_00000006,numeric-chain-000048,16,23,23,1373,1.6,770,810,DC51D+Z,IF钢,SPHETI-3,软钢,normal_real,,,,,,
diagnostic_candidate,True,0030115672-000030,0030115672-000030,0030115672-000030,BR_00000025,BR_00000006,numeric-chain-000048,16,24,48,1325,1.6,795,815,HC220YD+Z,加磷高强、烘烤硬化钢,H220Y,软钢,normal_real,,,,,,
diagnostic_candidate,True,0030105416-000110,0030105416-000110,0030105416-000110,BR_00000012,BR_00000006,numeric-chain-000048,16,25,12.97,1317,1.8,805,825,HC260YD+Z,加磷高强、烘烤硬化钢,H260Y,软钢,normal_real,,,,,,
diagnostic_candidate,True,0030105416-000100,0030105416-000100,0030105416-000100,BR_00000012,BR_00000006,numeric-chain-000048,16,26,24,1278,1.6,805,825,HC260YD+Z,加磷高强、烘烤硬化钢,H260Y,软钢,normal_real,,,,,,
diagnostic_candidate,True,0030106626-000010,0030106626-000010,0030106626-000010,BR_00000018,BR_00000006,numeric-chain-000048,16,27,24,1257,1.6,805,825,HC260YD+Z,加磷高强、烘烤硬化钢,H260Y,软钢,normal_real,,,,,,
diagnostic_candidate,True,0030103526-000150,0030103526-000150,0030103526-000150,BR_00000012,BR_00000006,numeric-chain-000048,16,28,24.99,1250,1.5,700,840,DC51D+Z,普碳,SPHC,软钢,actual_transition,,,,,,
diagnostic_candidate,True,0030112554-000040,0030112554-000040,0030112554-000040,BR_00000024,BR_00000006,numeric-chain-000048,16,29,24,1250,1.5,700,840,DC51D+Z,普碳,SPHC,软钢,actual_transition,,,,,,
diagnostic_candidate,True,0030102517-000100,0030102517-000100,0030102517-000100,BR_00000009,BR_00000006,numeric-chain-000048,16,30,7.12,1250,1.6,700,720,DC51D+Z,普碳,SPHC,软钢,actual_transition,,,,,,
diagnostic_candidate,True,0030105927-000080,0030105927-000080,0030105927-000080,BR_00000012,BR_00000006,numeric-chain-000048,16,31,216,1250,2,700,720,DX51D+Z3,深冲钢（PD）,DD12BB,软钢,normal_real,,,,,,
diagnostic_candidate,True,0030107311-000400,0030107311-000400,0030107311-000400,BR_00000018,BR_00000006,numeric-chain-000048,16,32,24,1250,2,700,720,DC51D+Z,普碳,SPHC,软钢,actual_transition,,,,,,
diagnostic_candidate,True,0030123653-000010,0030123653-000010,0030123653-000010,BR_00000036,BR_00000006,numeric-chain-000048,16,33,73.1,1225,1.5,700,840,DC51D+Z,普碳,SPHC,软钢,normal_real,,,,,,
diagnostic_candidate,True,0002002053-000010,0002002053-000010,0002002053-000010,BR_00000030,BR_00000006,numeric-chain-000048,16,34,5.11,1219,1.5,815,835,DX51D+Z-MD,普碳,SPHC,软钢,normal_real,,,,,,
diagnostic_candidate,True,0005000548-000050,0005000548-000050,0005000548-000050,BR_00000030,BR_00000006,numeric-chain-000048,16,35,7,1214,1.5,820,840,CR240BH,加磷高强、烘烤硬化钢,H240BH,软钢,normal_real,,,,,,
diagnostic_candidate,True,0030116618-000010,0030116618-000010,0030116618-000010,BR_00000030,BR_00000006,numeric-chain-000048,16,36,24.38,1204,1.5,820,840,DC53D+Z,IF钢,SPHETI-5,软钢,normal_real,,,,,,
diagnostic_candidate,True,0030119985-000010,0030119985-000010,0030119985-000010,BR_00000030,BR_00000006,numeric-chain-000048,16,37,24,1200,1.5,700,840,DC51D+Z,普碳,SPHC,软钢,actual_transition,,,,,,
diagnostic_candidate,True,0005000549-000050,0005000549-000050,0005000549-000050,BR_00000030,BR_00000006,numeric-chain-000048,16,38,23,1197,1.5,740,780,CR420LA,低合金高强,H420LAD-3,硬钢,normal_real,,,,,,
diagnostic_candidate,True,0030118476-000010,0030118476-000010,0030118476-000010,BR_00000030,BR_00000006,numeric-chain-000048,16,39,408,1180,1.9,770,790,HC340/590DPD+Z,双相钢,W590X4,硬钢,normal_real,,,,,,
diagnostic_candidate,True,0005000464-000050,0005000464-000050,0005000464-000050,BR_00000012,BR_00000006,numeric-chain-000048,16,40,60,1155,1.5,740,780,CR420LA,低合金高强,H420LAD-3,硬钢,normal_real,,,,,,
diagnostic_candidate,True,0005000547-000050,0005000547-000050,0005000547-000050,BR_00000030,BR_00000006,numeric-chain-000048,16,41,89.31,1155,1.5,740,780,CR420LA,低合金高强,H420LAD-3,硬钢,normal_real,,,,,,
diagnostic_candidate,True,0005000563-000040,0005000563-000040,0005000563-000040,BR_00000036,BR_00000006,numeric-chain-000048,16,42,15.73,1155,1.5,740,780,CR420LA,低合金高强,H420LAD-3,硬钢,normal_real,,,,,,
diagnostic_candidate,True,0005000463-000050,0005000463-000050,0005000463-000050,BR_00000012,BR_00000006,numeric-chain-000048,16,43,22,1149,1.5,740,780,CR420LA,低合金高强,H420LAD-3,硬钢,normal_real,,,,,,
diagnostic_candidate,True,0005000547-000110,0005000547-000110,0005000547-000110,BR_00000030,BR_00000006,numeric-chain-000048,16,44,21,1136,1.2,760,780,CR240LA,低合金高强,H260LAD-3,硬钢,normal_real,,,,,,
diagnostic_candidate,True,0005000575-000050,0005000575-000050,0005000575-000050,BR_00000036,BR_00000006,numeric-chain-000048,16,45,22,1107,1.5,740,780,CR420LA,低合金高强,H420LAD-3,硬钢,normal_real,,,,,,
diagnostic_candidate,True,0005000489-000080,0005000489-000080,0005000489-000080,BR_00000018,BR_00000006,numeric-chain-000048,16,46,23,1095,2,740,780,CR420LA,低合金高强,H420LAD-3,硬钢,normal_real,,,,,,
diagnostic_candidate,True,0005000562-000070,0005000562-000070,0005000562-000070,BR_00000036,BR_00000006,numeric-chain-000048,16,47,23,1095,2,740,780,CR420LA,低合金高强,H420LAD-3,硬钢,normal_real,,,,,,
diagnostic_candidate,True,0005000509-000180,0005000509-000180,0005000509-000180,BR_00000024,BR_00000006,numeric-chain-000048,16,48,20,1006,2.5,735,755,CR240LA,低合金高强,H260LAD-3,硬钢,normal_real,,,,,,
diagnostic_candidate,True,0030108545-000040,0030108545-000040,0030108545-000040,BR_00000018,BR_00000006,numeric-chain-000078,17,1,72,1500,2.49,820,840,DC53D+Z,IF钢,SPHETI-5,软钢,normal_real,,,,,,
diagnostic_candidate,True,0030119938-000340,0030119938-000340,0030119938-000340,BR_00000030,BR_00000006,numeric-chain-000078,17,2,48,1500,2.49,820,840,DC53D+Z,IF钢,SPHETI-5,软钢,normal_real,,,,,,
diagnostic_candidate,True,0030108545-000030,0030108545-000030,0030108545-000030,BR_00000018,BR_00000006,numeric-chain-000078,17,3,72,1363,2.49,820,840,DC53D+Z,IF钢,SPHETI-5,软钢,normal_real,,,,,,
diagnostic_candidate,True,0030122647-000580,0030122647-000580,0030122647-000580,BR_00000036,BR_00000006,numeric-chain-000078,17,4,48,1363,2.49,820,840,DC53D+Z,IF钢,SPHETI-5,软钢,normal_real,,,,,,
diagnostic_candidate,True,0030114679-000010,0030114679-000010,0030114679-000010,BR_00000024,BR_00000006,numeric-chain-000078,17,5,24,1340,2.4,830,850,DC54D+Z,IF钢,SPHETI-5,软钢,normal_real,,,,,,
diagnostic_candidate,True,0030119938-000330,0030119938-000330,0030119938-000330,BR_00000030,BR_00000006,numeric-chain-000078,17,6,120,1300,2.49,820,840,DC53D+Z,IF钢,SPHETI-5,软钢,normal_real,,,,,,
diagnostic_candidate,True,0030108545-000020,0030108545-000020,0030108545-000020,BR_00000018,BR_00000006,numeric-chain-000078,17,7,72,1300,2.49,820,840,DC53D+Z,IF钢,SPHETI-5,软钢,normal_real,,,,,,
diagnostic_candidate,True,0030122647-000570,0030122647-000570,0030122647-000570,BR_00000036,BR_00000006,numeric-chain-000078,17,8,48,1300,2.49,820,840,DC53D+Z,IF钢,SPHETI-5,软钢,normal_real,,,,,,
diagnostic_candidate,True,0005000547-000080,0005000547-000080,0005000547-000080,BR_00000030,BR_00000006,numeric-chain-000078,17,9,21,1293,2,830,850,CR3,IF钢,SPHETI-36,软钢,normal_real,,,,,,
diagnostic_candidate,True,0005000464-000070,0005000464-000070,0005000464-000070,BR_00000012,BR_00000006,numeric-chain-000078,17,10,21,1293,2,830,850,CR3,IF钢,SPHETI-36,软钢,normal_real,,,,,,
diagnostic_candidate,True,0030105924-000010,0030105924-000010,0030105924-000010,BR_00000012,BR_00000006,numeric-chain-000078,17,11,40,1145,1.75,820,860,CR4,IF钢,SPHETI-36,软钢,normal_real,,,,,,
diagnostic_candidate,True,0002002054-000050,0002002054-000050,0002002054-000050,BR_00000030,BR_00000006,numeric-chain-000078,17,12,42,1130,1.5,815,835,DX51D+Z-MD,普碳,SPHC,软钢,normal_real,,,,,,
diagnostic_candidate,True,0002001757-000030,0002001757-000030,0002001757-000030,BR_00000018,BR_00000006,numeric-chain-000078,17,13,44,1130,1.5,815,835,DX51D+Z-MD,普碳,SPHC,软钢,normal_real,,,,,,
diagnostic_candidate,True,0002001895-000060,0002001895-000060,0002001895-000060,BR_00000024,BR_00000006,numeric-chain-000078,17,14,44,1130,1.5,815,835,DX51D+Z-MD,普碳,SPHC,软钢,normal_real,,,,,,
diagnostic_candidate,True,0002001648-000060,0002001648-000060,0002001648-000060,BR_00000012,BR_00000006,numeric-chain-000078,17,15,6.63,1130,1.5,815,835,DX51D+Z-MD,普碳,SPHC,软钢,normal_real,,,,,,
diagnostic_candidate,True,0030119916-000090,0030119916-000090,0030119916-000090,BR_00000030,BR_00000006,numeric-chain-000078,17,16,46,1121,1.8,820,840,HC220BD+Z,加磷高强、烘烤硬化钢,H220BH4,软钢,normal_real,,,,,,
diagnostic_candidate,True,0030114040-000040,0030114040-000040,0030114040-000040,BR_00000024,BR_00000006,numeric-chain-000078,17,17,46,1112,1.6,830,850,DC56D+Z,IF钢,SPHETI-3,软钢,normal_real,,,,,,
diagnostic_candidate,True,0005000575-000020,0005000575-000020,0005000575-000020,BR_00000036,BR_00000006,numeric-chain-000078,17,18,20,1105,1.5,830,850,CR3,IF钢,SPHETI-36,软钢,normal_real,,,,,,
diagnostic_candidate,True,0005000463-000020,0005000463-000020,0005000463-000020,BR_00000012,BR_00000006,numeric-chain-000078,17,19,7.35,1105,1.5,830,850,CR3,IF钢,SPHETI-36,软钢,normal_real,,,,,,
diagnostic_candidate,True,0030105416-000210,0030105416-000210,0030105416-000210,BR_00000012,BR_00000006,numeric-chain-000078,17,20,23,1100,1.5,820,840,DC53D+Z,IF钢,SPHETI-5,软钢,normal_real,,,,,,
diagnostic_candidate,True,0030120757-000010,0030120757-000010,0030120757-000010,BR_00000031,BR_00000006,numeric-chain-000078,17,21,23,1099,1.5,830,850,DC54D+Z,IF钢,SPHETI-5,软钢,normal_real,,,,,,
diagnostic_candidate,True,0030119862-000020,0030119862-000020,0030119862-000020,BR_00000030,BR_00000006,numeric-chain-000078,17,22,23,1082,1.6,830,850,DC56D+Z,IF钢,SPHETI-3,软钢,normal_real,,,,,,
diagnostic_candidate,True,0002001757-000100,0002001757-000100,0002001757-000100,BR_00000018,BR_00000006,numeric-chain-000078,17,23,22,1060,1.5,820,840,DX53D+Z-CD,IF钢,SPHETI-5,软钢,normal_real,,,,,,
diagnostic_candidate,True,0002001459-000020,0002001459-000020,0002001459-000020,BR_00000006,BR_00000006,numeric-chain-000078,17,24,6.45,1060,1.5,820,840,DX53D+Z-CD,IF钢,SPHETI-5,软钢,normal_real,,,,,,
diagnostic_candidate,True,0002001648-000040,0002001648-000040,0002001648-000040,BR_00000012,BR_00000006,numeric-chain-000078,17,25,108,1060,1.5,820,840,DX53D+Z-CD,IF钢,SPHETI-5,软钢,normal_real,,,,,,
diagnostic_candidate,True,0030111511-000030,0030111511-000030,0030111511-000030,BR_00000020,BR_00000006,numeric-chain-000078,17,26,8,1055,1.2,830,850,DC56D+Z,IF钢,SPHETI-3,软钢,normal_real,,,,,,
diagnostic_candidate,True,0002001623-000010,0002001623-000010,0002001623-000010,BR_00000012,BR_00000006,numeric-chain-000078,17,27,76.22,1050,1.2,820,840,DX53D+Z-CD,IF钢,SPHETI-5,软钢,normal_real,,,,,,
diagnostic_candidate,True,0002001457-000050,0002001457-000050,0002001457-000050,BR_00000006,BR_00000006,numeric-chain-000078,17,28,14.85,1050,1.2,820,840,DX53D+Z-CD,IF钢,SPHETI-5,软钢,normal_real,,,,,,
diagnostic_candidate,True,0002001457-000020,0002001457-000020,0002001457-000020,BR_00000006,BR_00000006,numeric-chain-000078,17,29,18.49,1050,1.5,820,840,DX53D+Z-CD,IF钢,SPHETI-5,软钢,normal_real,,,,,,
diagnostic_candidate,True,0002001623-000020,0002001623-000020,0002001623-000020,BR_00000012,BR_00000006,numeric-chain-000078,17,30,10.78,1050,1.5,820,840,DX53D+Z-CD,IF钢,SPHETI-5,软钢,normal_real,,,,,,
diagnostic_candidate,True,0030110597-000020,0030110597-000020,0030110597-000020,BR_00000018,BR_00000006,numeric-chain-000078,17,31,23,1050,1.5,820,840,DC53D+Z,IF钢,SPHETI-5,软钢,normal_real,,,,,,
diagnostic_candidate,True,0030113525-000020,0030113525-000020,0030113525-000020,BR_00000024,BR_00000006,numeric-chain-000078,17,32,21,1020,1.4,700,840,DC51D+Z,普碳,SPHC,软钢,normal_real,,,,,,
diagnostic_candidate,True,0030124826-000010,0030124826-000010,0030124826-000010,BR_00000036,BR_00000006,numeric-chain-000078,17,33,40,1000,1.15,710,730,DX51D+Z,普碳,SPHC,软钢,normal_real,,,,,,
diagnostic_candidate,True,0030101704-000070,0030101704-000070,0030101704-000070,BR_00000008,BR_00000006,numeric-chain-000078,17,34,6.28,1000,1.2,700,840,DC51D+Z,普碳,SPHC,软钢,actual_transition,,,,,,
diagnostic_candidate,True,0002001647-000020,0002001647-000020,0002001647-000020,BR_00000012,BR_00000006,numeric-chain-000078,17,35,92,1000,1.2,770,810,DX51D+Z-WL,深冲钢（PD）,SPHCQ,软钢,normal_real,,,,,,
diagnostic_candidate,True,0030108320-000040,0030108320-000040,0030108320-000040,BR_00000018,BR_00000006,numeric-chain-000078,17,36,5.84,1000,1.4,700,840,DC51D+Z,普碳,SPHC,软钢,actual_transition,,,,,,
diagnostic_candidate,True,0030108214-000030,0030108214-000030,0030108214-000030,BR_00000018,BR_00000006,numeric-chain-000078,17,37,24.02,1000,1.5,805,825,HC220YD+Z,加磷高强、烘烤硬化钢,H220Y,软钢,normal_real,,,,,,
diagnostic_candidate,True,virtual-000028,,,,BR_00000006,numeric-chain-000078,17,38,20.00,1000,1.50,805,840,SPHC,,SPHC,,virtual_sphc,,"{""accepted_sequence"":28,""prototype_id"":""virtual_sphc:1000x1.5"",""purpose"":""edge_bridge"",""related_partition_id"":null}",,,,
diagnostic_candidate,True,0030111333-000010,0030111333-000010,0030111333-000010,BR_00000019,BR_00000006,numeric-chain-000078,17,39,110,1000,1.25,820,840,DC53D+Z,IF钢,SPHETI-5,软钢,normal_real,,,,,,
diagnostic_candidate,True,0030117112-000010,0030117112-000010,0030117112-000010,BR_00000030,BR_00000006,numeric-chain-000078,17,40,48.74,1000,1.25,820,840,DC53D+Z,IF钢,SPHETI-5,软钢,normal_real,,,,,,
diagnostic_candidate,True,0005000486-000260,0005000486-000260,0005000486-000260,BR_00000018,BR_00000006,numeric-chain-000078,17,41,18,928,1.2,820,840,CR210BH,加磷高强、烘烤硬化钢,H220BH,软钢,normal_real,,,,,,
diagnostic_candidate,True,0005000501-000270,0005000501-000270,0005000501-000270,BR_00000024,BR_00000006,numeric-chain-000078,17,42,36,928,1.2,820,840,CR210BH,加磷高强、烘烤硬化钢,H220BH,软钢,normal_real,,,,,,
diagnostic_candidate,True,0005000501-000190,0005000501-000190,0005000501-000190,BR_00000024,BR_00000006,numeric-chain-000078,17,43,48,900,1.2,830,850,CR180BH,加磷高强、烘烤硬化钢,H180BH,软钢,normal_real,,,,,,
diagnostic_candidate,True,0005000486-000170,0005000486-000170,0005000486-000170,BR_00000018,BR_00000006,numeric-chain-000078,17,44,32,900,1.2,830,850,CR180BH,加磷高强、烘烤硬化钢,H180BH,软钢,normal_real,,,,,,
diagnostic_candidate,True,0005000563-000240,0005000563-000240,0005000563-000240,BR_00000036,BR_00000006,numeric-chain-000078,17,45,16,900,1.2,830,850,CR3,IF钢,SPHETI-36,软钢,normal_real,,,,,,
diagnostic_candidate,True,0030125097-000010,0030125097-000010,0030125097-000010,BR_00000036,BR_00000006,numeric-chain-000078,17,46,7.65,870,1.2,830,850,DC56D+Z,IF钢,SPHETI-3,软钢,normal_real,,,,,,
diagnostic_candidate,True,0002001750-000240,0002001750-000240,0002001750-000240,BR_00000018,BR_00000006,numeric-chain-000078,17,47,54,830,1.2,830,850,DC54D+Z,IF钢,SPHETI-3,软钢,normal_real,,,,,,
diagnostic_candidate,True,0030102517-000060,0030102517-000060,0030102517-000060,BR_00000009,BR_00000006,numeric-chain-000085,18,1,6.78,1250,1.4,700,840,DC51D+Z,普碳,SPHC,软钢,actual_transition,,,,,,
diagnostic_candidate,True,0030098178-000020,0030098178-000020,0030098178-000020,BR_00000006,BR_00000006,numeric-chain-000085,18,2,5.19,1250,1.4,700,840,DC51D+Z,普碳,SPHC,软钢,actual_transition,,,,,,
diagnostic_candidate,True,0030105930-000020,0030105930-000020,0030105930-000020,BR_00000012,BR_00000006,numeric-chain-000085,18,3,168,1250,1.5,700,720,DX51D+Z3,深冲钢（PD）,DD12BB,软钢,normal_real,,,,,,
diagnostic_candidate,True,0030105927-000060,0030105927-000060,0030105927-000060,BR_00000012,BR_00000006,numeric-chain-000085,18,4,144,1250,1.5,700,720,DX51D+Z3,深冲钢（PD）,DD12BB,软钢,normal_real,,,,,,
diagnostic_candidate,True,0030102517-000120,0030102517-000120,0030102517-000120,BR_00000009,BR_00000006,numeric-chain-000085,18,5,8.09,1250,1.8,700,720,DC51D+Z,普碳,SPHC,软钢,actual_transition,,,,,,
diagnostic_candidate,True,0030103526-000160,0030103526-000160,0030103526-000160,BR_00000012,BR_00000006,numeric-chain-000085,18,6,48,1250,2,700,720,DC51D+Z,普碳,SPHC,软钢,actual_transition,,,,,,
diagnostic_candidate,True,0030103526-000180,0030103526-000180,0030103526-000180,BR_00000012,BR_00000006,numeric-chain-000085,18,7,72,1250,2,700,720,DC51D+Z,普碳,SPHC,软钢,actual_transition,,,,,,
diagnostic_candidate,True,0030112954-000040,0030112954-000040,0030112954-000040,BR_00000024,BR_00000006,numeric-chain-000085,18,8,24,1250,2.5,700,720,DC51D+Z,普碳,SPHC,软钢,actual_transition,,,,,,
diagnostic_candidate,True,0010018679-000060,0010018679-000060,0010018679-000060,BR_00000030,BR_00000006,numeric-chain-000085,18,9,200,1250,2.5,700,720,DC51D+Z,普碳,SPHC,软钢,actual_transition,,,,,,
diagnostic_candidate,True,0030121724-000020,0030121724-000020,0030121724-000020,BR_00000032,BR_00000006,numeric-chain-000085,18,10,264,1250,2.5,700,720,DC51D+Z,普碳,SPHC,软钢,actual_transition,,,,,,
diagnostic_candidate,True,0030122899-000050,0030122899-000050,0030122899-000050,BR_00000036,BR_00000006,numeric-chain-000085,18,11,150.36,1250,2.5,700,720,DC51D+Z,普碳,SPHC,软钢,actual_transition,,,,,,
diagnostic_candidate,True,0010017445-000050,0010017445-000050,0010017445-000050,BR_00000025,BR_00000006,numeric-chain-000085,18,12,216,1250,2.5,700,720,DC51D+Z,普碳,SPHC,软钢,actual_transition,,,,,,
diagnostic_candidate,True,0030102943-000050,0030102943-000050,0030102943-000050,BR_00000012,BR_00000006,numeric-chain-000085,18,13,72,1250,2.5,700,840,DC51D+Z,普碳,SPHC,软钢,actual_transition,,,,,,
diagnostic_candidate,True,0030119862-000110,0030119862-000110,0030119862-000110,BR_00000030,BR_00000006,numeric-chain-000085,18,14,24,1243,2,770,810,DC51D+Z,深冲钢（PD）,SPHCQ,软钢,normal_real,,,,,,
diagnostic_candidate,True,0030114755-000050,0030114755-000050,0030114755-000050,BR_00000024,BR_00000006,numeric-chain-000085,18,15,24,1240,1.5,700,840,DC51D+Z,普碳,SPHC,软钢,normal_real,,,,,,
diagnostic_candidate,True,0005000501-000240,0005000501-000240,0005000501-000240,BR_00000024,BR_00000006,numeric-chain-000085,18,16,21,1225,1.2,800,820,CR210LA,普碳,SPHC,软钢,normal_real,,,,,,
diagnostic_candidate,True,0005000547-000270,0005000547-000270,0005000547-000270,BR_00000030,BR_00000006,numeric-chain-000085,18,17,21,1225,1.2,800,820,CR210LA,普碳,SPHC,软钢,normal_real,,,,,,
diagnostic_candidate,True,0005000486-000230,0005000486-000230,0005000486-000230,BR_00000018,BR_00000006,numeric-chain-000085,18,18,21,1225,1.2,800,820,CR210LA,普碳,SPHC,软钢,normal_real,,,,,,
diagnostic_candidate,True,0030113335-000100,0030113335-000100,0030113335-000100,BR_00000024,BR_00000006,numeric-chain-000085,18,19,8,1220,1.2,810,830,HC180YD+Z,加磷高强、烘烤硬化钢,H180YD,软钢,normal_real,,,,,,
diagnostic_candidate,True,0002002054-000160,0002002054-000160,0002002054-000160,BR_00000030,BR_00000006,numeric-chain-000085,18,20,42,1219,1,815,835,DX51D+Z-MD,普碳,SPHC,软钢,normal_real,,,,,,
diagnostic_candidate,True,0030118942-000020,0030118942-000020,0030118942-000020,BR_00000030,BR_00000006,numeric-chain-000085,18,21,48,1219,1.2,700,840,DX51D+Z,普碳,SPHC,软钢,actual_transition,,,,,,
diagnostic_candidate,True,0030114668-000010,0030114668-000010,0030114668-000010,BR_00000024,BR_00000006,numeric-chain-000085,18,22,23,1205,1.1,740,760,CR300LA,低合金高强,H300LA-3,硬钢,normal_real,,,,,,
diagnostic_candidate,True,0030117976-000020,0030117976-000020,0030117976-000020,BR_00000030,BR_00000006,numeric-chain-000085,18,23,97.09,1201,1,700,840,DC51D+Z,普碳,SPHC,软钢,actual_transition,,,,,,
diagnostic_candidate,True,0005000464-000370,0005000464-000370,0005000464-000370,BR_00000012,BR_00000006,numeric-chain-000085,18,24,20,1190,1,790,810,CR240LA,低合金高强,H260LAD-3,硬钢,normal_real,,,,,,
diagnostic_candidate,True,0005000501-000400,0005000501-000400,0005000501-000400,BR_00000024,BR_00000006,numeric-chain-000085,18,25,20,1190,1,790,810,CR240LA,低合金高强,H260LAD-3,硬钢,normal_real,,,,,,
diagnostic_candidate,True,0005000547-000250,0005000547-000250,0005000547-000250,BR_00000030,BR_00000006,numeric-chain-000085,18,26,21,1157,1,790,810,CR240LA,低合金高强,H260LAD-3,硬钢,normal_real,,,,,,
diagnostic_candidate,True,0005000547-000430,0005000547-000430,0005000547-000430,BR_00000030,BR_00000006,numeric-chain-000085,18,27,10.39,1145,1,790,810,CR240LA,低合金高强,H260LAD-3,硬钢,normal_real,,,,,,
diagnostic_candidate,True,0005000464-000330,0005000464-000330,0005000464-000330,BR_00000012,BR_00000006,numeric-chain-000085,18,28,31.44,1145,1,790,810,CR240LA,低合金高强,H260LAD-3,硬钢,normal_real,,,,,,
diagnostic_candidate,True,0005000563-000300,0005000563-000300,0005000563-000300,BR_00000036,BR_00000006,numeric-chain-000085,18,29,10.3,1145,1,790,810,CR240LA,低合金高强,H260LAD-3,硬钢,normal_real,,,,,,
diagnostic_candidate,True,0005000501-000380,0005000501-000380,0005000501-000380,BR_00000024,BR_00000006,numeric-chain-000085,18,30,30.69,1145,1,790,810,CR240LA,低合金高强,H260LAD-3,硬钢,normal_real,,,,,,
diagnostic_candidate,True,0005000501-000690,0005000501-000690,0005000501-000690,BR_00000024,BR_00000006,numeric-chain-000085,18,31,20,1135,0.9,790,810,CR240LA,低合金高强,H260LAD-3,硬钢,normal_real,,,,,,
diagnostic_candidate,True,0030108320-000020,0030108320-000020,0030108320-000020,BR_00000018,BR_00000006,numeric-chain-000085,18,32,46,1100,0.8,700,840,DC51D+Z,普碳,SPHC,软钢,actual_transition,,,,,,
diagnostic_candidate,True,0005000464-000250,0005000464-000250,0005000464-000250,BR_00000012,BR_00000006,numeric-chain-000085,18,33,20,1085,1,720,760,CR420LA,低合金高强,H420LAD-3,硬钢,normal_real,,,,,,
diagnostic_candidate,True,0005000501-000300,0005000501-000300,0005000501-000300,BR_00000024,BR_00000006,numeric-chain-000085,18,34,20,1085,1,720,760,CR420LA,低合金高强,H420LAD-3,硬钢,normal_real,,,,,,
diagnostic_candidate,True,0005000547-000350,0005000547-000350,0005000547-000350,BR_00000030,BR_00000006,numeric-chain-000085,18,35,20,1085,1,720,760,CR420LA,低合金高强,H420LAD-3,硬钢,normal_real,,,,,,
diagnostic_candidate,True,0005000501-000040,0005000501-000040,0005000501-000040,BR_00000024,BR_00000006,numeric-chain-000085,18,36,20,1085,1.2,730,770,CR420LA,低合金高强,H420LAD-3,硬钢,normal_real,,,,,,
diagnostic_candidate,True,0030124735-000120,0030124735-000120,0030124735-000120,BR_00000036,BR_00000006,numeric-chain-000041,19,1,24,1300,0.65,820,840,DX53D+Z,IF钢,SPHETI-5,软钢,normal_real,,,,,,
diagnostic_candidate,True,0002001867-000070,0002001867-000070,0002001867-000070,BR_00000024,BR_00000006,numeric-chain-000041,19,2,23,1300,0.65,830,850,DC54D+Z,IF钢,SPHETI-3,软钢,normal_real,,,,,,
diagnostic_candidate,True,0030118006-000010,0030118006-000010,0030118006-000010,BR_00000030,BR_00000006,numeric-chain-000041,19,3,55.45,1295,0.6,700,840,DC51D+Z,普碳,SPHC,软钢,normal_real,,,,,,
diagnostic_candidate,True,0002001612-000680,0002001612-000680,0002001612-000680,BR_00000012,BR_00000006,numeric-chain-000041,19,4,70.96,1290,0.65,770,810,DC51D+Z,普碳,SPHC,软钢,normal_real,,,,,,
diagnostic_candidate,True,0002002026-000030,0002002026-000030,0002002026-000030,BR_00000030,BR_00000006,numeric-chain-000041,19,5,23,1290,0.65,770,810,DC51D+Z,普碳,SPHC,软钢,normal_real,,,,,,
diagnostic_candidate,True,0030114754-000020,0030114754-000020,0030114754-000020,BR_00000024,BR_00000006,numeric-chain-000041,19,6,24,1290,0.8,700,840,DC51D+Z,普碳,SPHC,软钢,normal_real,,,,,,
diagnostic_candidate,True,0002002195-000110,0002002195-000110,0002002195-000110,BR_00000036,BR_00000006,numeric-chain-000041,19,7,110,1285,0.6,830,850,DC54D+Z,IF钢,SPHETI-3,软钢,normal_real,,,,,,
diagnostic_candidate,True,0030123141-000010,0030123141-000010,0030123141-000010,BR_00000036,BR_00000006,numeric-chain-000041,19,8,50,1275,0.6,830,850,SCG4+Z,IF钢,SPHETI-3,软钢,normal_real,,,,,,
diagnostic_candidate,True,0030118941-000010,0030118941-000010,0030118941-000010,BR_00000030,BR_00000006,numeric-chain-000041,19,9,100,1270,0.5,700,840,DX51D+Z,普碳,SPHC,软钢,actual_transition,,,,,,
diagnostic_candidate,True,0002002054-000270,0002002054-000270,0002002054-000270,BR_00000030,BR_00000006,numeric-chain-000041,19,10,12.7,1258,0.4,815,835,DX51D+Z-MD,普碳,SPHC,软钢,normal_real,,,,,,
diagnostic_candidate,True,0002001757-000140,0002001757-000140,0002001757-000140,BR_00000018,BR_00000006,numeric-chain-000041,19,11,92,1258,0.4,815,835,DX51D+Z-MD,普碳,SPHC,软钢,normal_real,,,,,,
diagnostic_candidate,True,0002001898-000010,0002001898-000010,0002001898-000010,BR_00000024,BR_00000006,numeric-chain-000041,19,12,22,1258,0.4,815,835,DX51D+Z-MD,普碳,SPHC,软钢,normal_real,,,,,,
diagnostic_candidate,True,0002001648-000080,0002001648-000080,0002001648-000080,BR_00000012,BR_00000006,numeric-chain-000041,19,13,108,1258,0.4,815,835,DX51D+Z-MD,普碳,SPHC,软钢,normal_real,,,,,,
diagnostic_candidate,True,0002001462-000010,0002001462-000010,0002001462-000010,BR_00000006,BR_00000006,numeric-chain-000041,19,14,29.64,1258,0.4,815,835,DX51D+Z-MD,普碳,SPHC,软钢,normal_real,,,,,,
diagnostic_candidate,True,0030106987-000110,0030106987-000110,0030106987-000110,BR_00000018,BR_00000006,numeric-chain-000041,19,15,48,1255,0.45,700,840,DX51D+Z,普碳,SPHC,软钢,actual_transition,,,,,,
diagnostic_candidate,True,0030102732-000050,0030102732-000050,0030102732-000050,BR_00000009,BR_00000006,numeric-chain-000041,19,16,40.3,1250,0.5,700,840,DC51D+Z,普碳,SPHC,软钢,actual_transition,,,,,,
diagnostic_candidate,True,0030104291-000010,0030104291-000010,0030104291-000010,BR_00000012,BR_00000006,numeric-chain-000041,19,17,48,1250,0.5,700,840,DC51D+Z,普碳,SPHC,软钢,actual_transition,,,,,,
diagnostic_candidate,True,0002002054-000080,0002002054-000080,0002002054-000080,BR_00000030,BR_00000006,numeric-chain-000041,19,18,52,1250,0.5,815,835,DX51D+Z-MD,普碳,SPHC,软钢,normal_real,,,,,,
diagnostic_candidate,True,0030107561-000020,0030107561-000020,0030107561-000020,BR_00000018,BR_00000006,numeric-chain-000041,19,19,5.79,1250,0.6,700,840,DC51D+Z,普碳,SPHC,软钢,actual_transition,,,,,,
diagnostic_candidate,True,0010018206-000040,0010018206-000040,0010018206-000040,BR_00000030,BR_00000006,numeric-chain-000041,19,20,30.66,1250,0.6,700,840,DC51D+Z,普碳,SPHC,软钢,actual_transition,,,,,,
diagnostic_candidate,True,0030104290-000050,0030104290-000050,0030104290-000050,BR_00000012,BR_00000006,numeric-chain-000041,19,21,24,1250,0.6,700,840,DC51D+Z,普碳,SPHC,软钢,actual_transition,,,,,,
diagnostic_candidate,True,0030119030-000010,0030119030-000010,0030119030-000010,BR_00000030,BR_00000006,numeric-chain-000041,19,22,20,1250,0.6,820,840,DX53D+Z,IF钢,SPHETI-5,软钢,normal_real,,,,,,
diagnostic_candidate,True,0010013515-000020,0010013515-000020,0010013515-000020,BR_00000006,BR_00000006,numeric-chain-000041,19,23,9.88,1250,0.75,700,840,DC51D+Z,普碳,SPHC,软钢,actual_transition,,,,,,
diagnostic_candidate,True,0002002035-000110,0002002035-000110,0002002035-000110,BR_00000030,BR_00000006,numeric-chain-000041,19,24,48,1245,0.65,770,810,DC51D+Z,普碳,SPHC,软钢,normal_real,,,,,,
diagnostic_candidate,True,0030113466-000010,0030113466-000010,0030113466-000010,BR_00000024,BR_00000006,numeric-chain-000041,19,25,48,1240,0.6,700,840,DC51D+Z,普碳,SPHC,软钢,normal_real,,,,,,
diagnostic_candidate,True,0030114754-000010,0030114754-000010,0030114754-000010,BR_00000024,BR_00000006,numeric-chain-000041,19,26,24,1240,0.6,700,840,DC51D+Z,普碳,SPHC,软钢,normal_real,,,,,,
diagnostic_candidate,True,0002002054-000320,0002002054-000320,0002002054-000320,BR_00000030,BR_00000006,numeric-chain-000041,19,27,23,1235,0.5,820,840,DX53D+Z-CD,IF钢,SPHETI-5,软钢,normal_real,,,,,,
diagnostic_candidate,True,0002001898-000030,0002001898-000030,0002001898-000030,BR_00000024,BR_00000006,numeric-chain-000041,19,28,72,1225,0.5,820,840,DX53D+Z-CD,IF钢,SPHETI-5,软钢,normal_real,,,,,,
diagnostic_candidate,True,0002001757-000130,0002001757-000130,0002001757-000130,BR_00000018,BR_00000006,numeric-chain-000041,19,29,60,1225,0.5,820,840,DX53D+Z-CD,IF钢,SPHETI-5,软钢,normal_real,,,,,,
diagnostic_candidate,True,0030113258-000040,0030113258-000040,0030113258-000040,BR_00000024,BR_00000006,numeric-chain-000041,19,30,48,1219,0.4,700,840,DC51D+Z,普碳,SPHC,软钢,normal_real,,,,,,
diagnostic_candidate,True,0030108585-000040,0030108585-000040,0030108585-000040,BR_00000018,BR_00000006,numeric-chain-000041,19,31,48,1219,0.4,700,840,DC51D+Z-Q,深冲钢（PD）,SPHCQ,软钢,normal_real,,,,,,
diagnostic_candidate,True,0030125168-000040,0030125168-000040,0030125168-000040,BR_00000036,BR_00000006,numeric-chain-000041,19,32,48,1219,0.4,700,840,DC51D+Z,普碳,SPHC,软钢,normal_real,,,,,,
diagnostic_candidate,True,0002001647-000060,0002001647-000060,0002001647-000060,BR_00000012,BR_00000006,numeric-chain-000041,19,33,44,1219,0.45,815,835,DX51D+Z-MD,普碳,SPHC,软钢,normal_real,,,,,,
diagnostic_candidate,True,0030106987-000040,0030106987-000040,0030106987-000040,BR_00000018,BR_00000006,numeric-chain-000041,19,34,48,1215,0.45,700,840,DX51D+Z,普碳,SPHC,软钢,actual_transition,,,,,,
diagnostic_candidate,True,0030106720-000050,0030106720-000050,0030106720-000050,BR_00000018,BR_00000006,numeric-chain-000041,19,35,24,1205,0.4,700,840,DC51D+Z,普碳,SPHC,软钢,actual_transition,,,,,,
diagnostic_candidate,True,0030106720-000110,0030106720-000110,0030106720-000110,BR_00000018,BR_00000006,numeric-chain-000041,19,36,24,1205,0.4,700,840,DC51D+Z,普碳,SPHC,软钢,actual_transition,,,,,,
diagnostic_candidate,True,0030113865-000010,0030113865-000010,0030113865-000010,BR_00000024,BR_00000006,numeric-chain-000041,19,37,23,1200,0.4,700,840,DC51D+Z,普碳,SPHC,软钢,actual_transition,,,,,,
diagnostic_candidate,True,0030118641-000010,0030118641-000010,0030118641-000010,BR_00000030,BR_00000006,numeric-chain-000041,19,38,46,1200,0.4,700,840,DC51D+Z,普碳,SPHC,软钢,actual_transition,,,,,,
diagnostic_candidate,True,0002001647-000030,0002001647-000030,0002001647-000030,BR_00000012,BR_00000006,numeric-chain-000041,19,39,66,1200,0.45,815,835,DX51D+Z-MD,普碳,SPHC,软钢,normal_real,,,,,,
diagnostic_candidate,True,virtual-000026,,,,BR_00000006,numeric-chain-000041,19,40,20.00,1000,0.50,815,840,SPHC,,SPHC,,virtual_sphc,,"{""accepted_sequence"":26,""prototype_id"":""virtual_sphc:1000x0.5"",""purpose"":""edge_bridge"",""related_partition_id"":null}",,,,
diagnostic_candidate,True,virtual-000027,,,,BR_00000006,numeric-chain-000041,19,41,20.00,1000,0.60,815,840,SPHC,,SPHC,,virtual_sphc,,"{""accepted_sequence"":27,""prototype_id"":""virtual_sphc:1000x0.6"",""purpose"":""edge_bridge"",""related_partition_id"":null}",,,,
diagnostic_candidate,True,0005000547-000680,0005000547-000680,0005000547-000680,BR_00000030,BR_00000006,numeric-chain-000041,19,42,32,900,0.7,820,840,CR210BH,加磷高强、烘烤硬化钢,H220BH,软钢,normal_real,,,,,,
diagnostic_candidate,True,0005000486-000630,0005000486-000630,0005000486-000630,BR_00000018,BR_00000006,numeric-chain-000041,19,43,16,900,0.7,820,840,CR210BH,加磷高强、烘烤硬化钢,H220BH,软钢,normal_real,,,,,,
diagnostic_candidate,True,0002001750-000150,0002001750-000150,0002001750-000150,BR_00000018,BR_00000006,numeric-chain-000041,19,44,30,895,0.8,830,850,DC53D+Z,IF钢,SPHETI-3,软钢,normal_real,,,,,,
diagnostic_candidate,True,0002001738-000020,0002001738-000020,0002001738-000020,BR_00000018,BR_00000006,numeric-chain-000041,19,45,16,850,0.6,830,850,DC53D+Z,IF钢,SPHETI-3,软钢,normal_real,,,,,,
diagnostic_candidate,True,0002002184-000190,0002002184-000190,0002002184-000190,BR_00000036,BR_00000006,numeric-chain-000041,19,46,64,840,0.6,830,850,DC56D+Z,IF钢,SPHETI-3,软钢,normal_real,,,,,,
diagnostic_candidate,True,0002001749-000010,0002001749-000010,0002001749-000010,BR_00000018,BR_00000006,numeric-chain-000041,19,47,18,820,0.6,830,850,DC54D+Z,IF钢,SPHETI-3,软钢,normal_real,,,,,,
diagnostic_candidate,True,0030124871-000080,0030124871-000080,0030124871-000080,BR_00000036,BR_00000006,numeric-chain-000045,20,1,60,1575,0.95,710,730,DX51D+Z,普碳,SPHC,软钢,normal_real,,,,,,
diagnostic_candidate,True,0030124871-000140,0030124871-000140,0030124871-000140,BR_00000036,BR_00000006,numeric-chain-000045,20,2,30,1550,0.95,710,730,DX51D+Z,普碳,SPHC,软钢,normal_real,,,,,,
diagnostic_candidate,True,0030110545-000040,0030110545-000040,0030110545-000040,BR_00000018,BR_00000006,numeric-chain-000045,20,3,24,1539,1,700,840,DC51D+Z,普碳,SPHC,软钢,actual_transition,,,,,,
diagnostic_candidate,True,0005000486-000670,0005000486-000670,0005000486-000670,BR_00000018,BR_00000006,numeric-chain-000045,20,4,42,1535,1,820,840,CR210BH,加磷高强、烘烤硬化钢,H220BH,软钢,normal_real,,,,,,
diagnostic_candidate,True,0005000450-000310,0005000450-000310,0005000450-000310,BR_00000006,BR_00000006,numeric-chain-000045,20,5,9.42,1535,1,820,840,CR210BH,加磷高强、烘烤硬化钢,H220BH,软钢,normal_real,,,,,,
diagnostic_candidate,True,0030121690-000020,0030121690-000020,0030121690-000020,BR_00000032,BR_00000006,numeric-chain-000045,20,6,24,1530,1,830,850,DC56D+Z,IF钢,SPHETI-3,软钢,normal_real,,,,,,
diagnostic_candidate,True,0030104604-000020,0030104604-000020,0030104604-000020,BR_00000012,BR_00000006,numeric-chain-000045,20,7,24,1500,1,700,840,DC51D+Z,普碳,SPHC,软钢,actual_transition,,,,,,
diagnostic_candidate,True,0030107311-000330,0030107311-000330,0030107311-000330,BR_00000018,BR_00000006,numeric-chain-000045,20,8,72,1500,1.2,700,840,DC51D+Z,普碳,SPHC,软钢,actual_transition,,,,,,
diagnostic_candidate,True,0030107934-000040,0030107934-000040,0030107934-000040,BR_00000018,BR_00000006,numeric-chain-000045,20,9,96,1500,1.2,770,810,DX51D+Z,深冲钢（PD）,SPHCQ,软钢,normal_real,,,,,,
diagnostic_candidate,True,0002001612-000360,0002001612-000360,0002001612-000360,BR_00000012,BR_00000006,numeric-chain-000045,20,10,34.58,1484,1.2,770,810,DC51D+Z,普碳,SPHC,软钢,normal_real,,,,,,
diagnostic_candidate,True,0002001889-000030,0002001889-000030,0002001889-000030,BR_00000024,BR_00000006,numeric-chain-000045,20,11,13,1482,1.2,770,810,DC51D+Z,普碳,SPHC,软钢,normal_real,,,,,,
diagnostic_candidate,True,0002002009-000100,0002002009-000100,0002002009-000100,BR_00000030,BR_00000006,numeric-chain-000045,20,12,11.68,1482,1.2,770,810,DC51D+Z,普碳,SPHC,软钢,normal_real,,,,,,
diagnostic_candidate,True,0002002024-000020,0002002024-000020,0002002024-000020,BR_00000030,BR_00000006,numeric-chain-000045,20,13,23,1480,1,770,810,DC51D+Z,普碳,SPHC,软钢,normal_real,,,,,,
diagnostic_candidate,True,0030120974-000040,0030120974-000040,0030120974-000040,BR_00000032,BR_00000006,numeric-chain-000045,20,14,24,1475,1,790,810,HC220YD+Z,加磷高强、烘烤硬化钢,H220Y,软钢,normal_real,,,,,,
diagnostic_candidate,True,0030115408-000030,0030115408-000030,0030115408-000030,BR_00000024,BR_00000006,numeric-chain-000045,20,15,24,1465,0.8,780,800,HC220YD+Z,加磷高强、烘烤硬化钢,H220Y,软钢,normal_real,,,,,,
diagnostic_candidate,True,0002001765-000020,0002001765-000020,0002001765-000020,BR_00000018,BR_00000006,numeric-chain-000045,20,16,96,1463,0.65,770,810,DC51D+Z,普碳,SPHC,软钢,normal_real,,,,,,
diagnostic_candidate,True,0002002195-000250,0002002195-000250,0002002195-000250,BR_00000036,BR_00000006,numeric-chain-000045,20,17,24,1455,0.65,770,810,DC51D+Z,IF钢,SPHETI-3,软钢,normal_real,,,,,,
diagnostic_candidate,True,0002001750-000490,0002001750-000490,0002001750-000490,BR_00000018,BR_00000006,numeric-chain-000045,20,18,28,1445,0.6,770,810,DC51D+Z,普碳,SPHC,软钢,normal_real,,,,,,
diagnostic_candidate,True,0002001767-000030,0002001767-000030,0002001767-000030,BR_00000018,BR_00000006,numeric-chain-000045,20,19,24,1443,0.6,770,810,DC51D+Z,普碳,SPHC,软钢,normal_real,,,,,,
diagnostic_candidate,True,0002002035-000030,0002002035-000030,0002002035-000030,BR_00000030,BR_00000006,numeric-chain-000045,20,20,24,1421,0.65,770,810,DC51D+Z,普碳,SPHC,软钢,normal_real,,,,,,
diagnostic_candidate,True,0002001617-000220,0002001617-000220,0002001617-000220,BR_00000012,BR_00000006,numeric-chain-000045,20,21,16.93,1420,0.6,770,810,DC51D+Z,普碳,SPHC,软钢,normal_real,,,,,,
diagnostic_candidate,True,0030121690-000050,0030121690-000050,0030121690-000050,BR_00000032,BR_00000006,numeric-chain-000045,20,22,24,1402,0.65,790,810,HC260YD+Z,加磷高强、烘烤硬化钢,H260Y,软钢,normal_real,,,,,,
diagnostic_candidate,True,0002001874-000030,0002001874-000030,0002001874-000030,BR_00000024,BR_00000006,numeric-chain-000045,20,23,69,1375,0.65,770,810,DC51D+Z,普碳,SPHC,软钢,normal_real,,,,,,
diagnostic_candidate,True,0002002185-000070,0002002185-000070,0002002185-000070,BR_00000036,BR_00000006,numeric-chain-000045,20,24,92,1375,0.65,770,810,DC51D+Z,IF钢,SPHETI-3,软钢,normal_real,,,,,,
diagnostic_candidate,True,0002001628-000010,0002001628-000010,0002001628-000010,BR_00000012,BR_00000006,numeric-chain-000045,20,25,46.79,1375,0.65,770,810,DC51D+Z,普碳,SPHC,软钢,normal_real,,,,,,
diagnostic_candidate,True,0002001878-000030,0002001878-000030,0002001878-000030,BR_00000024,BR_00000006,numeric-chain-000045,20,26,48,1375,0.65,770,810,DC51D+Z,普碳,SPHC,软钢,normal_real,,,,,,
diagnostic_candidate,True,0002001617-000020,0002001617-000020,0002001617-000020,BR_00000012,BR_00000006,numeric-chain-000045,20,27,22,1363,0.6,770,810,DC51D+Z,普碳,SPHC,软钢,normal_real,,,,,,
diagnostic_candidate,True,0002002180-000040,0002002180-000040,0002002180-000040,BR_00000036,BR_00000006,numeric-chain-000045,20,28,20,1363,0.6,770,810,DC51D+Z,IF钢,SPHETI-3,软钢,normal_real,,,,,,
diagnostic_candidate,True,0030109896-000010,0030109896-000010,0030109896-000010,BR_00000018,BR_00000006,numeric-chain-000045,20,29,24,1362,0.7,790,810,HC260YD+Z,加磷高强、烘烤硬化钢,H260Y,软钢,normal_real,,,,,,
diagnostic_candidate,True,0002001744-000200,0002001744-000200,0002001744-000200,BR_00000018,BR_00000006,numeric-chain-000045,20,30,56,1360,0.7,770,810,DC51D+Z,普碳,SPHC,软钢,normal_real,,,,,,
diagnostic_candidate,True,0002001612-000460,0002001612-000460,0002001612-000460,BR_00000012,BR_00000006,numeric-chain-000045,20,31,29.43,1360,0.7,770,810,DC51D+Z,普碳,SPHC,软钢,normal_real,,,,,,
diagnostic_candidate,True,0002002024-000070,0002002024-000070,0002002024-000070,BR_00000030,BR_00000006,numeric-chain-000045,20,32,23,1360,0.7,770,810,DC51D+Z,普碳,SPHC,软钢,normal_real,,,,,,
diagnostic_candidate,True,0002001871-000270,0002001871-000270,0002001871-000270,BR_00000024,BR_00000006,numeric-chain-000045,20,33,80,1358,0.7,770,810,DC51D+Z,普碳,SPHC,软钢,normal_real,,,,,,
diagnostic_candidate,True,0002002009-000140,0002002009-000140,0002002009-000140,BR_00000030,BR_00000006,numeric-chain-000045,20,34,26.38,1358,0.7,770,810,DC51D+Z,普碳,SPHC,软钢,normal_real,,,,,,
diagnostic_candidate,True,0002001889-000060,0002001889-000060,0002001889-000060,BR_00000024,BR_00000006,numeric-chain-000045,20,35,81.71,1358,0.7,770,810,DC51D+Z,普碳,SPHC,软钢,normal_real,,,,,,
diagnostic_candidate,True,0002002195-000230,0002002195-000230,0002002195-000230,BR_00000036,BR_00000006,numeric-chain-000045,20,36,24,1355,0.65,770,810,DC51D+Z,普碳,SPHC,软钢,normal_real,,,,,,
diagnostic_candidate,True,0002001633-000080,0002001633-000080,0002001633-000080,BR_00000012,BR_00000006,numeric-chain-000045,20,37,24,1345,0.6,770,810,DC51D+Z,普碳,SPHC,软钢,normal_real,,,,,,
diagnostic_candidate,True,0002001880-000240,0002001880-000240,0002001880-000240,BR_00000024,BR_00000006,numeric-chain-000045,20,38,14.54,1345,0.6,770,810,DC51D+Z,普碳,SPHC,软钢,normal_real,,,,,,
diagnostic_candidate,True,0002002026-000120,0002002026-000120,0002002026-000120,BR_00000030,BR_00000006,numeric-chain-000045,20,39,23,1345,0.65,770,810,DC51D+Z,普碳,SPHC,软钢,normal_real,,,,,,
diagnostic_candidate,True,0002001860-000200,0002001860-000200,0002001860-000200,BR_00000024,BR_00000006,numeric-chain-000045,20,40,20,1339,0.65,770,810,DC51D+Z,普碳,SPHC,软钢,normal_real,,,,,,
diagnostic_candidate,True,0002001871-000300,0002001871-000300,0002001871-000300,BR_00000024,BR_00000006,numeric-chain-000045,20,41,13,1337,0.65,770,810,DC51D+Z,普碳,SPHC,软钢,normal_real,,,,,,
diagnostic_candidate,True,0002001874-000050,0002001874-000050,0002001874-000050,BR_00000024,BR_00000006,numeric-chain-000045,20,42,23,1335,0.65,770,810,DC51D+Z,普碳,SPHC,软钢,normal_real,,,,,,
diagnostic_candidate,True,0002001628-000080,0002001628-000080,0002001628-000080,BR_00000012,BR_00000006,numeric-chain-000045,20,43,23,1335,0.65,770,810,DC51D+Z,普碳,SPHC,软钢,normal_real,,,,,,
diagnostic_candidate,True,0002002185-000100,0002002185-000100,0002002185-000100,BR_00000036,BR_00000006,numeric-chain-000045,20,44,23,1335,0.65,770,810,DC51D+Z,IF钢,SPHETI-3,软钢,normal_real,,,,,,
diagnostic_candidate,True,0030119098-000060,0030119098-000060,0030119098-000060,BR_00000030,BR_00000006,numeric-chain-000045,20,45,24,1333,0.6,700,840,DX51D+Z,普碳,SPHC,软钢,normal_real,,,,,,
diagnostic_candidate,True,0002002026-000070,0002002026-000070,0002002026-000070,BR_00000030,BR_00000006,numeric-chain-000045,20,46,23,1330,0.8,810,830,180YD+Z,加磷高强、烘烤硬化钢,H180YD,软钢,normal_real,,,,,,
diagnostic_candidate,True,0002002170-000410,0002002170-000410,0002002170-000410,BR_00000036,BR_00000006,numeric-chain-000045,20,47,23,1330,0.8,810,830,180YD+Z,加磷高强、烘烤硬化钢,H180YD,软钢,normal_real,,,,,,
diagnostic_candidate,True,0030114755-000040,0030114755-000040,0030114755-000040,BR_00000024,BR_00000006,numeric-chain-000045,20,48,72,1325,0.8,700,840,DC51D+Z,普碳,SPHC,软钢,normal_real,,,,,,
diagnostic_candidate,True,0002001986-000060,0002001986-000060,0002001986-000060,BR_00000030,BR_00000006,numeric-chain-000045,20,49,24,1315,0.65,770,810,DC51D+Z,普碳,SPHC,软钢,normal_real,,,,,,
diagnostic_candidate,True,0002002195-000120,0002002195-000120,0002002195-000120,BR_00000036,BR_00000006,numeric-chain-000045,20,50,72,1315,0.65,770,810,DC51D+Z,普碳,SPHC,软钢,normal_real,,,,,,
diagnostic_candidate,True,0030112161-000030,0030112161-000030,0030112161-000030,BR_00000024,BR_00000006,numeric-chain-000045,20,51,25.29,1315,0.65,790,810,HC260YD+Z,加磷高强、烘烤硬化钢,H260Y,软钢,normal_real,,,,,,
diagnostic_candidate,True,0030121690-000060,0030121690-000060,0030121690-000060,BR_00000032,BR_00000006,numeric-chain-000045,20,52,24,1315,0.65,790,810,HC260YD+Z,加磷高强、烘烤硬化钢,H260Y,软钢,normal_real,,,,,,
diagnostic_candidate,True,0002001906-000150,0002001906-000150,0002001906-000150,BR_00000025,BR_00000006,numeric-chain-000045,20,53,23,1310,0.6,770,810,DC51D+Z,普碳,SPHC,软钢,normal_real,,,,,,
diagnostic_candidate,True,0002001854-000010,0002001854-000010,0002001854-000010,BR_00000024,BR_00000006,numeric-chain-000045,20,54,23,1300,0.6,770,810,DC51D+Z,普碳,SPHC,软钢,normal_real,,,,,,
diagnostic_candidate,True,0002001780-000200,0002001780-000200,0002001780-000200,BR_00000024,BR_00000006,numeric-chain-000045,20,55,23,1300,0.6,770,810,DC51D+Z,普碳,SPHC,软钢,normal_real,,,,,,
diagnostic_candidate,True,0002001614-000150,0002001614-000150,0002001614-000150,BR_00000012,BR_00000006,numeric-chain-000045,20,56,23,1298,0.6,770,810,DC51D+Z,普碳,SPHC,软钢,normal_real,,,,,,
diagnostic_candidate,True,0002002020-000110,0002002020-000110,0002002020-000110,BR_00000030,BR_00000006,numeric-chain-000045,20,57,23,1298,0.6,770,810,DC51D+Z,普碳,SPHC,软钢,normal_real,,,,,,
diagnostic_candidate,True,0030099810-000040,0030099810-000040,0030099810-000040,BR_00000006,BR_00000006,numeric-chain-000071,21,1,5.97,1371,0.7,815,835,DX51D+Z,普碳,SPHC,软钢,normal_real,,,,,,
diagnostic_candidate,True,0030110381-000110,0030110381-000110,0030110381-000110,BR_00000018,BR_00000006,numeric-chain-000071,21,2,10,1370,0.8,810,830,HC180YD+Z,加磷高强、烘烤硬化钢,H180YD,软钢,normal_real,,,,,,
diagnostic_candidate,True,0030119860-000040,0030119860-000040,0030119860-000040,BR_00000030,BR_00000006,numeric-chain-000071,21,3,240,1360,0.7,810,830,HC180YD+Z,加磷高强、烘烤硬化钢,H180YD,软钢,normal_real,,,,,,
diagnostic_candidate,True,0030110381-000090,0030110381-000090,0030110381-000090,BR_00000018,BR_00000006,numeric-chain-000071,21,4,57,1355,0.7,810,830,HC180YD+Z,加磷高强、烘烤硬化钢,H180YD,软钢,normal_real,,,,,,
diagnostic_candidate,True,0030113335-000010,0030113335-000010,0030113335-000010,BR_00000024,BR_00000006,numeric-chain-000071,21,5,28,1355,0.7,810,830,HC180YD+Z,加磷高强、烘烤硬化钢,H180YD,软钢,normal_real,,,,,,
diagnostic_candidate,True,0030113136-000010,0030113136-000010,0030113136-000010,BR_00000024,BR_00000006,numeric-chain-000071,21,6,22.62,1350,0.6,820,840,HC180BD+Z,加磷高强、烘烤硬化钢,H180BH1,软钢,normal_real,,,,,,
diagnostic_candidate,True,0010019718-000010,0010019718-000010,0010019718-000010,BR_00000036,BR_00000006,numeric-chain-000071,21,7,34.83,1350,0.5,700,840,DC51D+Z,普碳,SPHC,软钢,actual_transition,,,,,,
diagnostic_candidate,True,0030106720-000140,0030106720-000140,0030106720-000140,BR_00000018,BR_00000006,numeric-chain-000071,21,8,48,1340,0.45,820,840,DC53D+Z,IF钢,SPHETI-5,软钢,normal_real,,,,,,
diagnostic_candidate,True,0030113258-000030,0030113258-000030,0030113258-000030,BR_00000024,BR_00000006,numeric-chain-000071,21,9,48,1326,0.4,700,840,DC51D+Z,普碳,SPHC,软钢,normal_real,,,,,,
diagnostic_candidate,True,0030125168-000030,0030125168-000030,0030125168-000030,BR_00000036,BR_00000006,numeric-chain-000071,21,10,48,1326,0.4,700,840,DC51D+Z,普碳,SPHC,软钢,normal_real,,,,,,
diagnostic_candidate,True,0030108585-000030,0030108585-000030,0030108585-000030,BR_00000018,BR_00000006,numeric-chain-000071,21,11,48,1326,0.4,700,840,DC51D+Z-Q,深冲钢（PD）,SPHCQ,软钢,normal_real,,,,,,
diagnostic_candidate,True,0030106720-000080,0030106720-000080,0030106720-000080,BR_00000018,BR_00000006,numeric-chain-000071,21,12,24,1320,0.45,820,840,DC53D+Z,IF钢,SPHETI-5,软钢,normal_real,,,,,,
diagnostic_candidate,True,0030106987-000120,0030106987-000120,0030106987-000120,BR_00000018,BR_00000006,numeric-chain-000071,21,13,120,1315,0.45,700,840,DX51D+Z,普碳,SPHC,软钢,actual_transition,,,,,,
diagnostic_candidate,True,0030125168-000020,0030125168-000020,0030125168-000020,BR_00000036,BR_00000006,numeric-chain-000071,21,14,48,1306,0.4,700,840,DC51D+Z,普碳,SPHC,软钢,normal_real,,,,,,
diagnostic_candidate,True,0030113258-000020,0030113258-000020,0030113258-000020,BR_00000024,BR_00000006,numeric-chain-000071,21,15,72,1306,0.4,700,840,DC51D+Z,普碳,SPHC,软钢,normal_real,,,,,,
diagnostic_candidate,True,0030106969-000010,0030106969-000010,0030106969-000010,BR_00000013,BR_00000006,numeric-chain-000071,21,16,48,1303,0.5,820,840,DX53D+Z-LG,IF钢,SPHETI-5,软钢,normal_real,,,,,,
diagnostic_candidate,True,0030106987-000070,0030106987-000070,0030106987-000070,BR_00000018,BR_00000006,numeric-chain-000071,21,17,168,1300,0.45,700,840,DX51D+Z,普碳,SPHC,软钢,actual_transition,,,,,,
diagnostic_candidate,True,0030114745-000010,0030114745-000010,0030114745-000010,BR_00000024,BR_00000006,numeric-chain-000036,22,1,23,1580,0.8,820,840,HC180BD+Z,加磷高强、烘烤硬化钢,H180BH1,软钢,normal_real,,,,,,
diagnostic_candidate,True,0030108589-000020,0030108589-000020,0030108589-000020,BR_00000018,BR_00000006,numeric-chain-000036,22,2,23,1580,0.8,820,840,HC180BD+Z,加磷高强、烘烤硬化钢,H180BH1,软钢,normal_real,,,,,,
diagnostic_candidate,True,0030121690-000010,0030121690-000010,0030121690-000010,BR_00000032,BR_00000006,numeric-chain-000036,22,3,23,1580,0.8,820,840,HC180BD+Z,加磷高强、烘烤硬化钢,H180BH1,软钢,normal_real,,,,,,
diagnostic_candidate,True,0030108542-000140,0030108542-000140,0030108542-000140,BR_00000018,BR_00000006,numeric-chain-000036,22,4,48,1560,0.8,820,840,DX53D+Z-LG,IF钢,SPHETI-5,软钢,normal_real,,,,,,
diagnostic_candidate,True,0002001860-000460,0002001860-000460,0002001860-000460,BR_00000024,BR_00000006,numeric-chain-000036,22,5,20,1550,0.65,810,830,180YD+Z,加磷高强、烘烤硬化钢,H180YD,软钢,normal_real,,,,,,
diagnostic_candidate,True,0002001780-000170,0002001780-000170,0002001780-000170,BR_00000024,BR_00000006,numeric-chain-000036,22,6,46,1540,0.6,810,830,180YD+Z,加磷高强、烘烤硬化钢,H180YD,软钢,normal_real,,,,,,
diagnostic_candidate,True,0002001854-000190,0002001854-000190,0002001854-000190,BR_00000024,BR_00000006,numeric-chain-000036,22,7,92,1540,0.6,810,830,180YD+Z,加磷高强、烘烤硬化钢,H180YD,软钢,normal_real,,,,,,
diagnostic_candidate,True,0002001906-000090,0002001906-000090,0002001906-000090,BR_00000025,BR_00000006,numeric-chain-000036,22,8,80,1540,0.6,810,830,180YD+Z,加磷高强、烘烤硬化钢,H180YD,软钢,normal_real,,,,,,
diagnostic_candidate,True,0030118809-000030,0030118809-000030,0030118809-000030,BR_00000030,BR_00000006,numeric-chain-000036,22,9,23,1535,0.65,820,840,HC180BD+Z,加磷高强、烘烤硬化钢,H180BH1,软钢,normal_real,,,,,,
diagnostic_candidate,True,0002001617-000040,0002001617-000040,0002001617-000040,BR_00000012,BR_00000006,numeric-chain-000036,22,10,54,1535,0.65,830,850,DC53D+Z,IF钢,SPHETI-3,软钢,normal_real,,,,,,
diagnostic_candidate,True,0030118809-000040,0030118809-000040,0030118809-000040,BR_00000030,BR_00000006,numeric-chain-000036,22,11,23,1500,0.65,820,840,HC180BD+Z,加磷高强、烘烤硬化钢,H180BH1,软钢,normal_real,,,,,,
diagnostic_candidate,True,0002001768-000110,0002001768-000110,0002001768-000110,BR_00000018,BR_00000006,numeric-chain-000036,22,12,23,1495,0.7,830,850,DC53D+Z,IF钢,SPHETI-3,软钢,normal_real,,,,,,
diagnostic_candidate,True,0002001906-000020,0002001906-000020,0002001906-000020,BR_00000025,BR_00000006,numeric-chain-000036,22,13,23,1495,0.7,830,850,DC53D+Z,IF钢,SPHETI-3,软钢,normal_real,,,,,,
diagnostic_candidate,True,0030107313-000020,0030107313-000020,0030107313-000020,BR_00000018,BR_00000006,numeric-chain-000036,22,14,72,1490,0.65,830,850,DC56D+Z,IF钢,SPHETI-3,软钢,normal_real,,,,,,
diagnostic_candidate,True,0030121500-000010,0030121500-000010,0030121500-000010,BR_00000032,BR_00000006,numeric-chain-000036,22,15,24,1490,0.7,830,850,DC56D+Z,IF钢,SPHETI-3,软钢,normal_real,,,,,,
diagnostic_candidate,True,0030124457-000020,0030124457-000020,0030124457-000020,BR_00000036,BR_00000006,numeric-chain-000036,22,16,24,1483,0.6,820,840,DX53D+Z,IF钢,SPHETI-5,软钢,normal_real,,,,,,
diagnostic_candidate,True,0030123256-000040,0030123256-000040,0030123256-000040,BR_00000036,BR_00000006,numeric-chain-000036,22,17,69,1475,0.65,820,840,HC180BD+Z,加磷高强、烘烤硬化钢,H180BH1,软钢,normal_real,,,,,,
diagnostic_candidate,True,0030121652-000080,0030121652-000080,0030121652-000080,BR_00000032,BR_00000006,numeric-chain-000036,22,18,24,1474,0.7,830,850,DC54D+Z,IF钢,SPHETI-5,软钢,normal_real,,,,,,
diagnostic_candidate,True,0030098173-000010,0030098173-000010,0030098173-000010,BR_00000006,BR_00000006,numeric-chain-000036,22,19,6.18,1470,0.7,830,850,SCG4+Z,IF钢,SPHETI-3,软钢,normal_real,,,,,,
diagnostic_candidate,True,0030123142-000010,0030123142-000010,0030123142-000010,BR_00000036,BR_00000006,numeric-chain-000036,22,20,312,1465,0.7,830,850,SCG4+Z,IF钢,SPHETI-3,软钢,normal_real,,,,,,
diagnostic_candidate,True,0030108259-000010,0030108259-000010,0030108259-000010,BR_00000018,BR_00000006,numeric-chain-000036,22,21,26,1465,0.7,830,850,SCG4+Z,IF钢,SPHETI-3,软钢,normal_real,,,,,,
diagnostic_candidate,True,0030124397-000030,0030124397-000030,0030124397-000030,BR_00000036,BR_00000006,numeric-chain-000036,22,22,24,1465,0.7,830,850,DC56D+Z,IF钢,SPHETI-3,软钢,normal_real,,,,,,
diagnostic_candidate,True,0002002021-000030,0002002021-000030,0002002021-000030,BR_00000030,BR_00000006,numeric-chain-000036,22,23,23,1464,0.65,830,850,DC53D+Z,IF钢,SPHETI-3,软钢,normal_real,,,,,,
diagnostic_candidate,True,0030112575-000010,0030112575-000010,0030112575-000010,BR_00000024,BR_00000006,numeric-chain-000036,22,24,208,1455,0.7,830,850,SCG4+Z,IF钢,SPHETI-3,软钢,normal_real,,,,,,
diagnostic_candidate,True,0030118991-000010,0030118991-000010,0030118991-000010,BR_00000030,BR_00000006,numeric-chain-000036,22,25,208,1455,0.7,830,850,SCG4+Z,IF钢,SPHETI-3,软钢,normal_real,,,,,,
diagnostic_candidate,True,0030111905-000010,0030111905-000010,0030111905-000010,BR_00000024,BR_00000006,numeric-chain-000036,22,26,24,1455,0.7,830,850,DC56D+Z,IF钢,SPHETI-3,软钢,normal_real,,,,,,
diagnostic_candidate,True,0002001998-000310,0002001998-000310,0002001998-000310,BR_00000030,BR_00000006,numeric-chain-000036,22,27,24,1450,0.65,830,850,DC54D+Z,IF钢,SPHETI-3,软钢,normal_real,,,,,,
diagnostic_candidate,True,0002002021-000020,0002002021-000020,0002002021-000020,BR_00000030,BR_00000006,numeric-chain-000036,22,28,23,1440,0.65,830,850,DC53D+Z,IF钢,SPHETI-3,软钢,normal_real,,,,,,
diagnostic_candidate,True,0030123053-000010,0030123053-000010,0030123053-000010,BR_00000036,BR_00000006,numeric-chain-000036,22,29,23.09,1440,0.8,700,840,DC51D+Z,普碳,SPHC,软钢,actual_transition,,,,,,
diagnostic_candidate,True,0002002170-000240,0002002170-000240,0002002170-000240,BR_00000036,BR_00000006,numeric-chain-000036,22,30,80,1434,0.7,830,850,DC53D+Z,IF钢,SPHETI-3,软钢,normal_real,,,,,,
diagnostic_candidate,True,0002001889-000100,0002001889-000100,0002001889-000100,BR_00000024,BR_00000006,numeric-chain-000036,22,31,13,1432,0.65,830,850,DC54D+Z,IF钢,SPHETI-3,软钢,normal_real,,,,,,
diagnostic_candidate,True,0002001889-000070,0002001889-000070,0002001889-000070,BR_00000024,BR_00000006,numeric-chain-000036,22,32,60,1418,0.65,830,850,DC53D+Z,IF钢,SPHETI-3,软钢,normal_real,,,,,,
diagnostic_candidate,True,0002002176-000110,0002002176-000110,0002002176-000110,BR_00000036,BR_00000006,numeric-chain-000036,22,33,35,1418,0.65,830,850,DC53D+Z,IF钢,SPHETI-3,软钢,normal_real,,,,,,
diagnostic_candidate,True,0030103543-000080,0030103543-000080,0030103543-000080,BR_00000012,BR_00000006,numeric-chain-000036,22,34,26.22,1416,0.8,820,840,DC53D+Z,IF钢,SPHETI-5,软钢,normal_real,,,,,,
diagnostic_candidate,True,virtual-000007,,,,BR_00000006,numeric-chain-000036,22,35,20.00,1500,1.00,680,840,SPHC,,SPHC,,virtual_sphc,,"{""accepted_sequence"":7,""prototype_id"":""virtual_sphc:1500x1"",""purpose"":""edge_bridge"",""related_partition_id"":null}",,,,
diagnostic_candidate,True,0030102088-000060,0030102088-000060,0030102088-000060,BR_00000009,BR_00000006,numeric-chain-000036,22,36,6.52,1412,1.2,680,700,CR270LA,低合金高强,H260LAD-3,硬钢,normal_real,,,,,,
diagnostic_candidate,True,0030107381-000070,0030107381-000070,0030107381-000070,BR_00000018,BR_00000006,numeric-chain-000036,22,37,88,1412,1.2,680,700,CR270LA,低合金高强,H260LAD-3,硬钢,normal_real,,,,,,
diagnostic_candidate,True,0005000464-000560,0005000464-000560,0005000464-000560,BR_00000012,BR_00000006,numeric-chain-000036,22,38,10.41,1050,1,685,705,CR270LA,低合金高强,H260LAD-3,硬钢,normal_real,,,,,,
diagnostic_candidate,True,0005000547-000640,0005000547-000640,0005000547-000640,BR_00000030,BR_00000006,numeric-chain-000036,22,39,9.31,1050,1,685,705,CR270LA,低合金高强,H260LAD-3,硬钢,normal_real,,,,,,
diagnostic_candidate,True,0005000501-000580,0005000501-000580,0005000501-000580,BR_00000024,BR_00000006,numeric-chain-000036,22,40,20,1050,1,685,705,CR270LA,低合金高强,H260LAD-3,硬钢,normal_real,,,,,,
diagnostic_candidate,True,0005000571-000010,0005000571-000010,0005000571-000010,BR_00000036,BR_00000006,numeric-chain-000036,22,41,7,870,1,685,705,CR270LA,低合金高强,H260LAD-3,硬钢,normal_real,,,,,,
diagnostic_candidate,True,0030124871-000120,0030124871-000120,0030124871-000120,BR_00000036,BR_00000006,numeric-chain-000014,23,1,220,1360,0.6,820,840,DX53D+Z,IF钢,SPHETI-5,软钢,normal_real,,,,,,
diagnostic_candidate,True,0030125150-000010,0030125150-000010,0030125150-000010,BR_00000036,BR_00000006,numeric-chain-000014,23,2,24,1360,0.7,820,840,DC53D+Z,IF钢,SPHETI-5,软钢,normal_real,,,,,,
diagnostic_candidate,True,0002002184-000040,0002002184-000040,0002002184-000040,BR_00000036,BR_00000006,numeric-chain-000014,23,3,92,1354,0.7,830,850,DC56D+Z,IF钢,SPHETI-3,软钢,normal_real,,,,,,
diagnostic_candidate,True,0030125207-000110,0030125207-000110,0030125207-000110,BR_00000036,BR_00000006,numeric-chain-000014,23,4,24,1353,0.7,830,850,DC53D+Z,IF钢,SPHETI-3,软钢,normal_real,,,,,,
diagnostic_candidate,True,0030110865-000110,0030110865-000110,0030110865-000110,BR_00000019,BR_00000006,numeric-chain-000014,23,5,24,1350,0.62,830,850,DC56D+Z,IF钢,SPHETI-3,软钢,normal_real,,,,,,
diagnostic_candidate,True,0030103224-000070,0030103224-000070,0030103224-000070,BR_00000012,BR_00000006,numeric-chain-000014,23,6,48,1345,0.6,820,840,DC53D+Z,IF钢,SPHETI-5,软钢,normal_real,,,,,,
diagnostic_candidate,True,0005000547-000360,0005000547-000360,0005000547-000360,BR_00000030,BR_00000006,numeric-chain-000014,23,7,12.01,1341,0.7,830,850,CR3,IF钢,SPHETI-36,软钢,normal_real,,,,,,
diagnostic_candidate,True,0005000501-000310,0005000501-000310,0005000501-000310,BR_00000024,BR_00000006,numeric-chain-000014,23,8,9.46,1341,0.7,830,850,CR3,IF钢,SPHETI-36,软钢,normal_real,,,,,,
diagnostic_candidate,True,0030111910-000010,0030111910-000010,0030111910-000010,BR_00000024,BR_00000006,numeric-chain-000014,23,9,24,1340,0.6,820,840,DX53D+Z,IF钢,SPHETI-5,软钢,normal_real,,,,,,
diagnostic_candidate,True,virtual-000014,,,,BR_00000006,numeric-chain-000014,23,10,20.00,1250,0.80,725,840,SPHC,,SPHC,,virtual_sphc,,"{""accepted_sequence"":14,""prototype_id"":""virtual_sphc:1250x0.8"",""purpose"":""edge_bridge"",""related_partition_id"":null}",,,,
diagnostic_candidate,True,virtual-000015,,,,BR_00000006,numeric-chain-000014,23,11,20.00,1250,1.00,725,840,SPHC,,SPHC,,virtual_sphc,,"{""accepted_sequence"":15,""prototype_id"":""virtual_sphc:1250x1"",""purpose"":""edge_bridge"",""related_partition_id"":null}",,,,
diagnostic_candidate,True,0005000547-000800,0005000547-000800,0005000547-000800,BR_00000030,BR_00000006,numeric-chain-000014,23,12,109.28,1115,1.2,725,745,CR380LA,低合金高强,H380LA-3,硬钢,normal_real,,,,,,
diagnostic_candidate,True,0005000501-000760,0005000501-000760,0005000501-000760,BR_00000024,BR_00000006,numeric-chain-000014,23,13,97.26,1115,1.2,725,745,CR380LA,低合金高强,H380LA-3,硬钢,normal_real,,,,,,
diagnostic_candidate,True,0005000547-000520,0005000547-000520,0005000547-000520,BR_00000030,BR_00000006,numeric-chain-000014,23,14,21,1100,1.4,715,735,CR380LA,低合金高强,H380LA-3,硬钢,normal_real,,,,,,
diagnostic_candidate,True,0030099161-000010,0030099161-000010,0030099161-000010,BR_00000006,BR_00000006,numeric-chain-000014,23,15,5.27,1092,1.6,715,735,CR380LA,低合金高强,H380LA-3,硬钢,normal_real,,,,,,
diagnostic_candidate,True,0005000509-000060,0005000509-000060,0005000509-000060,BR_00000024,BR_00000006,numeric-chain-000014,23,16,7,1087,1.5,715,735,CR380LA,低合金高强,H380LA-3,硬钢,normal_real,,,,,,
diagnostic_candidate,True,0005000547-000460,0005000547-000460,0005000547-000460,BR_00000030,BR_00000006,numeric-chain-000014,23,17,20,1053,1.2,725,745,CR380LA,低合金高强,H380LA-3,硬钢,normal_real,,,,,,
diagnostic_candidate,True,0005000547-000560,0005000547-000560,0005000547-000560,BR_00000030,BR_00000006,numeric-chain-000014,23,18,20,1015,1.3,725,745,CR380LA,低合金高强,H380LA-3,硬钢,normal_real,,,,,,
diagnostic_candidate,True,0005000466-000020,0005000466-000020,0005000466-000020,BR_00000012,BR_00000006,numeric-chain-000014,23,19,20,1015,1.3,725,745,CR380LA,低合金高强,H380LA-3,硬钢,normal_real,,,,,,
diagnostic_candidate,True,0005000501-000480,0005000501-000480,0005000501-000480,BR_00000024,BR_00000006,numeric-chain-000014,23,20,20,1015,1.3,725,745,CR380LA,低合金高强,H380LA-3,硬钢,normal_real,,,,,,
diagnostic_candidate,True,virtual-000044,,,,BR_00000006,numeric-chain-000014,23,21,20.00,1000,1.50,700,745,SPHC,,SPHC,,virtual_sphc,,"{""accepted_sequence"":44,""prototype_id"":""virtual_sphc:1000x1.5"",""purpose"":""edge_bridge"",""related_partition_id"":null}",,,,
diagnostic_candidate,True,0010017445-000020,0010017445-000020,0010017445-000020,BR_00000025,BR_00000006,numeric-chain-000014,23,22,90.45,1000,2,700,720,DC51D+Z,普碳,SPHC,软钢,actual_transition,,,,,,
diagnostic_candidate,True,0010018679-000040,0010018679-000040,0010018679-000040,BR_00000030,BR_00000006,numeric-chain-000014,23,23,62.9,1000,2,700,720,DC51D+Z,普碳,SPHC,软钢,actual_transition,,,,,,
diagnostic_candidate,True,0010020206-000030,0010020206-000030,0010020206-000030,BR_00000036,BR_00000006,numeric-chain-000014,23,24,110,1000,2.5,700,720,DC51D+Z,普碳,SPHC,软钢,actual_transition,,,,,,
diagnostic_candidate,True,0010018679-000050,0010018679-000050,0010018679-000050,BR_00000030,BR_00000006,numeric-chain-000014,23,25,95.35,1000,2.5,700,720,DC51D+Z,普碳,SPHC,软钢,actual_transition,,,,,,
diagnostic_candidate,True,virtual-000045,,,,BR_00000006,numeric-chain-000014,23,26,20.00,1000,2.00,700,770,SPHC,,SPHC,,virtual_sphc,,"{""accepted_sequence"":45,""prototype_id"":""virtual_sphc:1000x2"",""purpose"":""edge_bridge"",""related_partition_id"":null}",,,,
diagnostic_candidate,True,virtual-000046,,,,BR_00000006,numeric-chain-000014,23,27,20.00,1000,1.50,700,770,SPHC,,SPHC,,virtual_sphc,,"{""accepted_sequence"":46,""prototype_id"":""virtual_sphc:1000x1.5"",""purpose"":""edge_bridge"",""related_partition_id"":null}",,,,
diagnostic_candidate,True,0005000466-000050,0005000466-000050,0005000466-000050,BR_00000012,BR_00000006,numeric-chain-000014,23,28,36,995,1.3,730,770,CR420LA,低合金高强,H420LAD-3,硬钢,normal_real,,,,,,
diagnostic_candidate,True,0005000464-000110,0005000464-000110,0005000464-000110,BR_00000012,BR_00000006,numeric-chain-000014,23,29,18,975,1.2,730,770,CR420LA,低合金高强,H420LAD-3,硬钢,normal_real,,,,,,
diagnostic_candidate,True,0005000501-000290,0005000501-000290,0005000501-000290,BR_00000024,BR_00000006,numeric-chain-000014,23,30,54,940,1.4,730,770,CR420LA,低合金高强,H420LAD-3,硬钢,normal_real,,,,,,
diagnostic_candidate,True,0005000563-000250,0005000563-000250,0005000563-000250,BR_00000036,BR_00000006,numeric-chain-000014,23,31,34.7,940,1.4,730,770,CR420LA,低合金高强,H420LAD-3,硬钢,normal_real,,,,,,
diagnostic_candidate,True,0005000547-000340,0005000547-000340,0005000547-000340,BR_00000030,BR_00000006,numeric-chain-000014,23,32,72,940,1.4,730,770,CR420LA,低合金高强,H420LAD-3,硬钢,normal_real,,,,,,
diagnostic_candidate,True,0005000464-000240,0005000464-000240,0005000464-000240,BR_00000012,BR_00000006,numeric-chain-000014,23,33,36,940,1.4,730,770,CR420LA,低合金高强,H420LAD-3,硬钢,normal_real,,,,,,
diagnostic_candidate,True,0005000547-000310,0005000547-000310,0005000547-000310,BR_00000030,BR_00000006,numeric-chain-000014,23,34,6.64,900,1.5,740,780,CR420LA,低合金高强,H420LAD-3,硬钢,normal_real,,,,,,
diagnostic_candidate,True,0005000547-000010,0005000547-000010,0005000547-000010,BR_00000030,BR_00000006,numeric-chain-000014,23,35,108,897,1.8,740,780,CR420LA,低合金高强,H420LAD-3,硬钢,normal_real,,,,,,
diagnostic_candidate,True,0005000501-000010,0005000501-000010,0005000501-000010,BR_00000024,BR_00000006,numeric-chain-000014,23,36,90,897,1.8,740,780,CR420LA,低合金高强,H420LAD-3,硬钢,normal_real,,,,,,
diagnostic_candidate,True,0005000563-000010,0005000563-000010,0005000563-000010,BR_00000036,BR_00000006,numeric-chain-000014,23,37,44.48,897,1.8,740,780,CR420LA,低合金高强,H420LAD-3,硬钢,normal_real,,,,,,
diagnostic_candidate,True,virtual-000003,,,,BR_00000006,numeric-chain-000014,23,38,20.00,1000,1.50,740,850,SPHC,,SPHC,,virtual_sphc,,"{""accepted_sequence"":3,""prototype_id"":""virtual_sphc:1000x1.5"",""purpose"":""edge_bridge"",""related_partition_id"":null}",,,,
diagnostic_candidate,True,virtual-000004,,,,BR_00000006,numeric-chain-000014,23,39,20.00,1000,1.20,740,850,SPHC,,SPHC,,virtual_sphc,,"{""accepted_sequence"":4,""prototype_id"":""virtual_sphc:1000x1.2"",""purpose"":""edge_bridge"",""related_partition_id"":null}",,,,
diagnostic_candidate,True,0002001578-000010,0002001578-000010,0002001578-000010,BR_00000008,BR_00000006,numeric-chain-000014,23,40,58.58,840,1,830,850,DC54D+Z,IF钢,SPHETI-3,软钢,normal_real,,,,,,
diagnostic_candidate,True,0002001612-000030,0002001612-000030,0002001612-000030,BR_00000012,BR_00000006,numeric-chain-000014,23,41,13,830,1,830,850,DC53D+Z,IF钢,SPHETI-3,软钢,normal_real,,,,,,
diagnostic_candidate,True,0002001744-000040,0002001744-000040,0002001744-000040,BR_00000018,BR_00000006,numeric-chain-000014,23,42,20,830,1,830,850,DC53D+Z,IF钢,SPHETI-3,软钢,normal_real,,,,,,
diagnostic_candidate,True,0002001775-000020,0002001775-000020,0002001775-000020,BR_00000024,BR_00000006,numeric-chain-000042,24,1,330,1200,0.5,820,840,DX53D+Z-CD,IF钢,SPHETI-5,软钢,normal_real,,,,,,
diagnostic_candidate,True,0030108256-000010,0030108256-000010,0030108256-000010,BR_00000018,BR_00000006,numeric-chain-000042,24,2,24,1195,0.5,830,850,DX54D+Z,IF钢,SPHETI-3,软钢,normal_real,,,,,,
diagnostic_candidate,True,0030106245-000010,0030106245-000010,0030106245-000010,BR_00000012,BR_00000006,numeric-chain-000042,24,3,24,1190,0.6,820,840,DC53D+Z,IF钢,SPHETI-5,软钢,normal_real,,,,,,
diagnostic_candidate,True,0030114754-000040,0030114754-000040,0030114754-000040,BR_00000024,BR_00000006,numeric-chain-000042,24,4,48,1190,0.6,820,840,DC53D+Z,IF钢,SPHETI-5,软钢,normal_real,,,,,,
diagnostic_candidate,True,0002001614-000160,0002001614-000160,0002001614-000160,BR_00000012,BR_00000006,numeric-chain-000042,24,5,30.7,1190,0.65,830,850,DC53D+Z,IF钢,SPHETI-3,软钢,normal_real,,,,,,
diagnostic_candidate,True,0030118934-000040,0030118934-000040,0030118934-000040,BR_00000030,BR_00000006,numeric-chain-000042,24,6,69,1180,0.65,820,840,HX180BD+Z,加磷高强、烘烤硬化钢,H180BH1,软钢,normal_real,,,,,,
diagnostic_candidate,True,0030102084-000010,0030102084-000010,0030102084-000010,BR_00000009,BR_00000006,numeric-chain-000042,24,7,22,1170,0.7,830,850,CR3,IF钢,SPHETI-36,软钢,normal_real,,,,,,
diagnostic_candidate,True,0002001612-000290,0002001612-000290,0002001612-000290,BR_00000012,BR_00000006,numeric-chain-000042,24,8,7.88,1170,0.65,830,850,DC53D+Z,IF钢,SPHETI-3,软钢,normal_real,,,,,,
diagnostic_candidate,True,0002001901-000080,0002001901-000080,0002001901-000080,BR_00000024,BR_00000006,numeric-chain-000042,24,9,92,1170,0.65,830,850,DC54D+Z,IF钢,SPHETI-3,软钢,normal_real,,,,,,
diagnostic_candidate,True,0030109975-000010,0030109975-000010,0030109975-000010,BR_00000018,BR_00000006,numeric-chain-000042,24,10,24,1165,0.8,700,840,DX51D+Z-TG20,普碳,TG20SPHC,软钢,normal_real,,,,,,
diagnostic_candidate,True,0030108565-000010,0030108565-000010,0030108565-000010,BR_00000018,BR_00000006,numeric-chain-000042,24,11,24,1160,1,800,820,HC260YD+Z,加磷高强、烘烤硬化钢,H260Y,软钢,normal_real,,,,,,
diagnostic_candidate,True,0030115408-000050,0030115408-000050,0030115408-000050,BR_00000024,BR_00000006,numeric-chain-000042,24,12,24,1160,1,800,820,HC260YD+Z,加磷高强、烘烤硬化钢,H260Y,软钢,normal_real,,,,,,
diagnostic_candidate,True,0030100152-000010,0030100152-000010,0030100152-000010,BR_00000006,BR_00000006,numeric-chain-000042,24,13,6.22,1160,1,800,820,HC260YD+Z,加磷高强、烘烤硬化钢,H260Y,软钢,normal_real,,,,,,
diagnostic_candidate,True,0002002024-000130,0002002024-000130,0002002024-000130,BR_00000030,BR_00000006,numeric-chain-000042,24,14,9.52,1155,1,770,810,DC51D+Z,普碳,SPHC,软钢,normal_real,,,,,,
diagnostic_candidate,True,0002002023-000030,0002002023-000030,0002002023-000030,BR_00000030,BR_00000006,numeric-chain-000042,24,15,23,1155,1,770,810,DC51D+Z,普碳,SPHC,软钢,normal_real,,,,,,
diagnostic_candidate,True,0030108542-000110,0030108542-000110,0030108542-000110,BR_00000018,BR_00000006,numeric-chain-000042,24,16,48,1153,0.8,770,810,DX52D+Z-LG,深冲钢（PD）,SPHCQ,软钢,normal_real,,,,,,
diagnostic_candidate,True,0002002195-000070,0002002195-000070,0002002195-000070,BR_00000036,BR_00000006,numeric-chain-000042,24,17,145,1148,0.65,770,810,DC51D+Z,IF钢,SPHETI-3,软钢,normal_real,,,,,,
diagnostic_candidate,True,0002001998-000090,0002001998-000090,0002001998-000090,BR_00000030,BR_00000006,numeric-chain-000042,24,18,140.78,1148,0.65,770,810,DC51D+Z,普碳,SPHC,软钢,normal_real,,,,,,
diagnostic_candidate,True,0002001880-000140,0002001880-000140,0002001880-000140,BR_00000024,BR_00000006,numeric-chain-000042,24,19,276,1148,0.65,770,810,DC51D+Z,普碳,SPHC,软钢,normal_real,,,,,,
diagnostic_candidate,True,0002001854-000300,0002001854-000300,0002001854-000300,BR_00000024,BR_00000006,numeric-chain-000042,24,20,23,1147,0.6,770,810,DC51D+Z,普碳,SPHC,软钢,normal_real,,,,,,
diagnostic_candidate,True,0002001901-000130,0002001901-000130,0002001901-000130,BR_00000024,BR_00000006,numeric-chain-000042,24,21,46,1147,0.6,770,810,DC51D+Z,普碳,SPHC,软钢,normal_real,,,,,,
diagnostic_candidate,True,0002001780-000110,0002001780-000110,0002001780-000110,BR_00000024,BR_00000006,numeric-chain-000042,24,22,23,1147,0.6,770,810,DC51D+Z,普碳,SPHC,软钢,normal_real,,,,,,
diagnostic_candidate,True,0030124800-000070,0030124800-000070,0030124800-000070,BR_00000036,BR_00000006,numeric-chain-000042,24,23,23,1146,0.5,770,810,DX52D+Z,深冲钢（PD）,SPHCQ,软钢,normal_real,,,,,,
diagnostic_candidate,True,0002002176-000170,0002002176-000170,0002002176-000170,BR_00000036,BR_00000006,numeric-chain-000042,24,24,17,1145,0.6,770,810,DC51D+Z,IF钢,SPHETI-3,软钢,normal_real,,,,,,
diagnostic_candidate,True,0002001867-000100,0002001867-000100,0002001867-000100,BR_00000024,BR_00000006,numeric-chain-000042,24,25,69,1130,0.6,770,790,220YD+Z,加磷高强、烘烤硬化钢,H220Y,软钢,normal_real,,,,,,
diagnostic_candidate,True,0002002170-000370,0002002170-000370,0002002170-000370,BR_00000036,BR_00000006,numeric-chain-000042,24,26,23,1130,0.7,770,810,DC51D+Z,IF钢,SPHETI-3,软钢,normal_real,,,,,,
diagnostic_candidate,True,0030105394-000030,0030105394-000030,0030105394-000030,BR_00000012,BR_00000006,numeric-chain-000042,24,27,23,1130,0.8,790,810,HC260YD+Z,加磷高强、烘烤硬化钢,H260Y,软钢,normal_real,,,,,,
diagnostic_candidate,True,0030120974-000030,0030120974-000030,0030120974-000030,BR_00000032,BR_00000006,numeric-chain-000042,24,28,23,1130,0.8,790,810,HC260YD+Z,加磷高强、烘烤硬化钢,H260Y,软钢,normal_real,,,,,,
diagnostic_candidate,True,0002002009-000200,0002002009-000200,0002002009-000200,BR_00000030,BR_00000006,numeric-chain-000042,24,29,16.52,1128,1,770,810,DC51D+Z,普碳,SPHC,软钢,normal_real,,,,,,
diagnostic_candidate,True,0002001871-000370,0002001871-000370,0002001871-000370,BR_00000024,BR_00000006,numeric-chain-000042,24,30,13,1128,1,770,810,DC51D+Z,普碳,SPHC,软钢,normal_real,,,,,,
diagnostic_candidate,True,0030124440-000020,0030124440-000020,0030124440-000020,BR_00000036,BR_00000006,numeric-chain-000042,24,31,23,1125,0.9,770,810,DX52D+Z,深冲钢（PD）,SPHCQ,软钢,normal_real,,,,,,
diagnostic_candidate,True,0002002169-000030,0002002169-000030,0002002169-000030,BR_00000036,BR_00000006,numeric-chain-000042,24,32,30,1120,0.7,770,810,DC51D+Z,普碳,SPHC,软钢,normal_real,,,,,,
diagnostic_candidate,True,0002001612-000550,0002001612-000550,0002001612-000550,BR_00000012,BR_00000006,numeric-chain-000042,24,33,13,1111,0.65,770,810,DC51D+Z,普碳,SPHC,软钢,normal_real,,,,,,
diagnostic_candidate,True,0002001744-000070,0002001744-000070,0002001744-000070,BR_00000018,BR_00000006,numeric-chain-000042,24,34,23,1110,0.65,770,810,DC51D+Z,普碳,SPHC,软钢,normal_real,,,,,,
diagnostic_candidate,True,0002001890-000020,0002001890-000020,0002001890-000020,BR_00000024,BR_00000006,numeric-chain-000042,24,35,30,1108,0.65,770,810,DC51D+Z,普碳,SPHC,软钢,normal_real,,,,,,
diagnostic_candidate,True,0002001767-000010,0002001767-000010,0002001767-000010,BR_00000018,BR_00000006,numeric-chain-000042,24,36,96,1105,0.6,770,810,DC51D+Z,普碳,SPHC,软钢,normal_real,,,,,,
diagnostic_candidate,True,0002001890-000140,0002001890-000140,0002001890-000140,BR_00000024,BR_00000006,numeric-chain-000042,24,37,13,1105,0.7,770,810,DC51D+Z,普碳,SPHC,软钢,normal_real,,,,,,
diagnostic_candidate,True,0002002009-000070,0002002009-000070,0002002009-000070,BR_00000030,BR_00000006,numeric-chain-000042,24,38,27.95,1105,0.7,770,810,DC51D+Z,IF钢,SPHETI-3,软钢,normal_real,,,,,,
diagnostic_candidate,True,0030125207-000040,0030125207-000040,0030125207-000040,BR_00000036,BR_00000006,numeric-chain-000042,24,39,46,1103,0.7,770,810,DC51D+Z,深冲钢（PD）,SPHCQ,软钢,normal_real,,,,,,
diagnostic_candidate,True,0030117285-000010,0030117285-000010,0030117285-000010,BR_00000030,BR_00000006,numeric-chain-000001,25,1,182,1455,0.7,830,850,SCG4+Z,IF钢,SPHETI-3,软钢,normal_real,,,,,,
diagnostic_candidate,True,0030108260-000010,0030108260-000010,0030108260-000010,BR_00000018,BR_00000006,numeric-chain-000001,25,2,182,1455,0.7,830,850,SCG4+Z,IF钢,SPHETI-3,软钢,normal_real,,,,,,
diagnostic_candidate,True,0030102674-000010,0030102674-000010,0030102674-000010,BR_00000012,BR_00000006,numeric-chain-000001,25,3,37.94,1455,0.7,830,850,SCG4+Z,IF钢,SPHETI-3,软钢,normal_real,,,,,,
diagnostic_candidate,True,0030103920-000010,0030103920-000010,0030103920-000010,BR_00000012,BR_00000006,numeric-chain-000001,25,4,16,1455,0.7,830,850,SCG4+Z,IF钢,SPHETI-3,软钢,normal_real,,,,,,
diagnostic_candidate,True,0002001633-000190,0002001633-000190,0002001633-000190,BR_00000012,BR_00000006,numeric-chain-000001,25,5,7.83,1450,0.65,830,850,DC54D+Z,IF钢,SPHETI-3,软钢,normal_real,,,,,,
diagnostic_candidate,True,0005000464-000290,0005000464-000290,0005000464-000290,BR_00000012,BR_00000006,numeric-chain-000001,25,6,16.64,1448,0.8,830,850,CR3,IF钢,SPHETI-36,软钢,normal_real,,,,,,
diagnostic_candidate,True,0005000501-000340,0005000501-000340,0005000501-000340,BR_00000024,BR_00000006,numeric-chain-000001,25,7,63,1448,0.8,830,850,CR3,IF钢,SPHETI-36,软钢,normal_real,,,,,,
diagnostic_candidate,True,0030117284-000020,0030117284-000020,0030117284-000020,BR_00000030,BR_00000006,numeric-chain-000001,25,8,156,1440,0.7,830,850,SCG4+Z,IF钢,SPHETI-3,软钢,normal_real,,,,,,
diagnostic_candidate,True,0030108259-000020,0030108259-000020,0030108259-000020,BR_00000018,BR_00000006,numeric-chain-000001,25,9,15.12,1440,0.7,830,850,SCG4+Z,IF钢,SPHETI-3,软钢,normal_real,,,,,,
diagnostic_candidate,True,0030123936-000010,0030123936-000010,0030123936-000010,BR_00000036,BR_00000006,numeric-chain-000001,25,10,182,1440,0.7,830,850,SCG4+Z,IF钢,SPHETI-3,软钢,normal_real,,,,,,
diagnostic_candidate,True,0002001780-000030,0002001780-000030,0002001780-000030,BR_00000024,BR_00000006,numeric-chain-000001,25,11,23,1440,0.65,830,850,DC53D+Z,IF钢,SPHETI-3,软钢,normal_real,,,,,,
diagnostic_candidate,True,0030123143-000040,0030123143-000040,0030123143-000040,BR_00000036,BR_00000006,numeric-chain-000001,25,12,67.97,1430,0.65,830,850,SCG4+Z,IF钢,SPHETI-3,软钢,normal_real,,,,,,
diagnostic_candidate,True,0002001767-000020,0002001767-000020,0002001767-000020,BR_00000018,BR_00000006,numeric-chain-000001,25,13,72,1430,0.65,830,850,DC53D+Z,IF钢,SPHETI-3,软钢,normal_real,,,,,,
diagnostic_candidate,True,0002002055-000100,0002002055-000100,0002002055-000100,BR_00000030,BR_00000006,numeric-chain-000001,25,14,92,1413,0.6,820,840,DX53D+Z-MD,IF钢,SPHETI-5,软钢,normal_real,,,,,,
diagnostic_candidate,True,0030106242-000060,0030106242-000060,0030106242-000060,BR_00000012,BR_00000006,numeric-chain-000001,25,15,48,1405,0.5,820,840,DX53D+Z-LG,IF钢,SPHETI-5,软钢,normal_real,,,,,,
diagnostic_candidate,True,0030108542-000020,0030108542-000020,0030108542-000020,BR_00000018,BR_00000006,numeric-chain-000001,25,16,48,1405,0.5,820,840,DX53D+Z-LG,IF钢,SPHETI-5,软钢,normal_real,,,,,,
diagnostic_candidate,True,0030125168-000070,0030125168-000070,0030125168-000070,BR_00000036,BR_00000006,numeric-chain-000001,25,17,24,1405,0.5,820,840,DX53D+Z-LG,IF钢,SPHETI-5,软钢,normal_real,,,,,,
diagnostic_candidate,True,0030113258-000010,0030113258-000010,0030113258-000010,BR_00000024,BR_00000006,numeric-chain-000001,25,18,72,1375,0.4,700,840,DC51D+Z,普碳,SPHC,软钢,normal_real,,,,,,
diagnostic_candidate,True,0030108585-000010,0030108585-000010,0030108585-000010,BR_00000018,BR_00000006,numeric-chain-000001,25,19,48,1375,0.4,700,840,DC51D+Z,普碳,SPHC,软钢,normal_real,,,,,,
diagnostic_candidate,True,0030125168-000010,0030125168-000010,0030125168-000010,BR_00000036,BR_00000006,numeric-chain-000001,25,20,72,1375,0.4,700,840,DC51D+Z,普碳,SPHC,软钢,normal_real,,,,,,
diagnostic_candidate,True,0002001648-000110,0002001648-000110,0002001648-000110,BR_00000012,BR_00000006,numeric-chain-000001,25,21,183.56,1365,0.5,820,840,DX53D+Z-CD,IF钢,SPHETI-5,软钢,normal_real,,,,,,
diagnostic_candidate,True,0030106987-000080,0030106987-000080,0030106987-000080,BR_00000018,BR_00000006,numeric-chain-000001,25,22,96,1360,0.45,700,840,DX51D+Z,普碳,SPHC,软钢,actual_transition,,,,,,
diagnostic_candidate,True,0030123654-000020,0030123654-000020,0030123654-000020,BR_00000036,BR_00000006,numeric-chain-000001,25,23,48,1346,0.5,715,735,DX51D+Z1,普碳,SPHC,软钢,normal_real,,,,,,
diagnostic_candidate,True,0030106987-000030,0030106987-000030,0030106987-000030,BR_00000018,BR_00000006,numeric-chain-000001,25,24,48,1330,0.45,700,840,DX51D+Z,普碳,SPHC,软钢,actual_transition,,,,,,
diagnostic_candidate,True,0030106720-000130,0030106720-000130,0030106720-000130,BR_00000018,BR_00000006,numeric-chain-000001,25,25,24,1320,0.45,820,840,DC53D+Z,IF钢,SPHETI-5,软钢,normal_real,,,,,,
diagnostic_candidate,True,0030098660-000020,0030098660-000020,0030098660-000020,BR_00000006,BR_00000006,numeric-chain-000001,25,26,5.31,1306,0.4,700,840,DC51D+Z,普碳,SPHC,软钢,normal_real,,,,,,
diagnostic_candidate,True,0030119098-000010,0030119098-000010,0030119098-000010,BR_00000030,BR_00000006,numeric-chain-000001,25,27,48,1306,0.4,700,840,DC51D+Z,普碳,SPHC,软钢,normal_real,,,,,,
diagnostic_candidate,True,0030108585-000020,0030108585-000020,0030108585-000020,BR_00000018,BR_00000006,numeric-chain-000001,25,28,48,1306,0.4,700,840,DC51D+Z,普碳,SPHC,软钢,normal_real,,,,,,
diagnostic_candidate,True,0030113258-000060,0030113258-000060,0030113258-000060,BR_00000024,BR_00000006,numeric-chain-000001,25,29,24,1278,0.4,700,840,DC51D+Z,普碳,SPHC,软钢,normal_real,,,,,,
diagnostic_candidate,True,0030106720-000100,0030106720-000100,0030106720-000100,BR_00000018,BR_00000006,numeric-chain-000001,25,30,24,1250,0.4,700,840,DC51D+Z,普碳,SPHC,软钢,actual_transition,,,,,,
diagnostic_candidate,True,0030117931-000060,0030117931-000060,0030117931-000060,BR_00000030,BR_00000007,numeric-chain-000073,1,1,15.26,1080,0.8,820,840,DC53D+Z,IF钢,SPHETI-5,软钢,normal_real,,,,,,
diagnostic_candidate,True,0002001867-000150,0002001867-000150,0002001867-000150,BR_00000024,BR_00000007,numeric-chain-000073,1,2,19,1074,0.65,830,850,DC56D+Z,IF钢,SPHETI-3,软钢,normal_real,,,,,,
diagnostic_candidate,True,0030105424-000010,0030105424-000010,0030105424-000010,BR_00000012,BR_00000007,numeric-chain-000073,1,3,20.98,1070,0.6,820,840,HC180BD+Z,加磷高强、烘烤硬化钢,H180BH1,软钢,normal_real,,,,,,
diagnostic_candidate,True,0030119041-000010,0030119041-000010,0030119041-000010,BR_00000030,BR_00000007,numeric-chain-000073,1,4,60,1070,0.6,820,840,HC180BD+Z,加磷高强、烘烤硬化钢,H180BH1,软钢,normal_real,,,,,,
diagnostic_candidate,True,0030100802-000010,0030100802-000010,0030100802-000010,BR_00000007,BR_00000007,numeric-chain-000073,1,5,23,1070,0.65,830,850,DC54D+Z,IF钢,SPHETI-3,软钢,normal_real,,,,,,
diagnostic_candidate,True,0030122480-000080,0030122480-000080,0030122480-000080,BR_00000036,BR_00000007,numeric-chain-000073,1,6,38.65,1060,0.65,830,850,DX53D+Z,IF钢,SPHETI-5,软钢,normal_real,,,,,,
diagnostic_candidate,True,0002001895-000040,0002001895-000040,0002001895-000040,BR_00000024,BR_00000007,numeric-chain-000073,1,7,150,1060,0.8,820,840,DX53D+Z-CD,IF钢,SPHETI-5,软钢,normal_real,,,,,,
diagnostic_candidate,True,0002002054-000110,0002002054-000110,0002002054-000110,BR_00000030,BR_00000007,numeric-chain-000073,1,8,66,1060,0.8,820,840,DX53D+Z-CD,IF钢,SPHETI-5,软钢,normal_real,,,,,,
diagnostic_candidate,True,0002001757-000050,0002001757-000050,0002001757-000050,BR_00000018,BR_00000007,numeric-chain-000073,1,9,44,1060,0.8,820,840,DX53D+Z-CD,IF钢,SPHETI-5,软钢,normal_real,,,,,,
diagnostic_candidate,True,0002001622-000050,0002001622-000050,0002001622-000050,BR_00000012,BR_00000007,numeric-chain-000073,1,10,48,1060,0.8,820,840,DX53D+Z-CD,IF钢,SPHETI-5,软钢,normal_real,,,,,,
diagnostic_candidate,True,0030118934-000020,0030118934-000020,0030118934-000020,BR_00000030,BR_00000007,numeric-chain-000073,1,11,460,1060,0.95,820,840,HX220BD+Z,加磷高强、烘烤硬化钢,H220BH4,软钢,normal_real,,,,,,
diagnostic_candidate,True,0002001648-000140,0002001648-000140,0002001648-000140,BR_00000012,BR_00000007,numeric-chain-000073,1,12,156,1060,1,820,840,DX53D+Z-CD,IF钢,SPHETI-5,软钢,normal_real,,,,,,
diagnostic_candidate,True,0002001479-000010,0002001479-000010,0002001479-000010,BR_00000012,BR_00000007,numeric-chain-000073,1,13,143.57,1060,1,820,840,DX53D+Z-CD,IF钢,SPHETI-5,软钢,normal_real,,,,,,
diagnostic_candidate,True,0002001757-000010,0002001757-000010,0002001757-000010,BR_00000018,BR_00000007,numeric-chain-000073,1,14,89.24,1060,1,820,840,DX53D+Z-CD,IF钢,SPHETI-5,软钢,normal_real,,,,,,
diagnostic_candidate,True,virtual-000016,,,,BR_00000007,numeric-chain-000073,1,15,20.00,1000,0.80,770,840,SPHC,,SPHC,,virtual_sphc,,"{""accepted_sequence"":16,""prototype_id"":""virtual_sphc:1000x0.8"",""purpose"":""edge_bridge"",""related_partition_id"":null}",,,,
diagnostic_candidate,True,0002001612-000590,0002001612-000590,0002001612-000590,BR_00000012,BR_00000007,numeric-chain-000073,1,16,10.09,1015,0.65,770,810,DC51D+Z,普碳,SPHC,软钢,normal_real,,,,,,
diagnostic_candidate,True,0030118029-000050,0030118029-000050,0030118029-000050,BR_00000030,BR_00000007,numeric-chain-000073,1,17,22,1010,0.7,780,800,HC220YD+Z,加磷高强、烘烤硬化钢,H220Y,软钢,normal_real,,,,,,
diagnostic_candidate,True,0030121724-000010,0030121724-000010,0030121724-000010,BR_00000032,BR_00000007,numeric-chain-000073,1,18,72,1000,0.8,700,840,DC51D+Z,普碳,SPHC,软钢,actual_transition,,,,,,
diagnostic_candidate,True,0002001874-000100,0002001874-000100,0002001874-000100,BR_00000024,BR_00000007,numeric-chain-000073,1,19,12.58,990,0.6,770,810,DC51D+Z,普碳,SPHC,软钢,normal_real,,,,,,
diagnostic_candidate,True,0002001871-000260,0002001871-000260,0002001871-000260,BR_00000024,BR_00000007,numeric-chain-000073,1,20,20,983,0.6,770,810,DC51D+Z,普碳,SPHC,软钢,normal_real,,,,,,
diagnostic_candidate,True,0002001871-000490,0002001871-000490,0002001871-000490,BR_00000024,BR_00000007,numeric-chain-000073,1,21,20,982,0.6,770,810,DC51D+Z,普碳,SPHC,软钢,normal_real,,,,,,
diagnostic_candidate,True,0002001901-000100,0002001901-000100,0002001901-000100,BR_00000024,BR_00000007,numeric-chain-000073,1,22,19,978,0.65,770,810,DC51D+Z,普碳,SPHC,软钢,normal_real,,,,,,
diagnostic_candidate,True,0002002195-000010,0002002195-000010,0002002195-000010,BR_00000036,BR_00000007,numeric-chain-000073,1,23,10,918,0.65,770,810,DC51D+Z,普碳,SPHC,软钢,normal_real,,,,,,
diagnostic_candidate,True,0002002020-000100,0002002020-000100,0002002020-000100,BR_00000030,BR_00000007,numeric-chain-000073,1,24,16,897,0.6,770,810,DC51D+Z,普碳,SPHC,软钢,normal_real,,,,,,
diagnostic_candidate,True,0002001878-000010,0002001878-000010,0002001878-000010,BR_00000024,BR_00000007,numeric-chain-000073,1,25,17.08,893,0.7,770,810,DC51D+Z,普碳,SPHC,软钢,normal_real,,,,,,
diagnostic_candidate,True,0002002044-000010,0002002044-000010,0002002044-000010,BR_00000030,BR_00000007,numeric-chain-000073,1,26,18,893,0.7,770,810,DC51D+Z,普碳,SPHC,软钢,normal_real,,,,,,
diagnostic_candidate,True,0002002170-000130,0002002170-000130,0002002170-000130,BR_00000036,BR_00000007,numeric-chain-000073,1,27,55,828,0.65,770,810,DC51D+Z,普碳,SPHC,软钢,normal_real,,,,,,
diagnostic_candidate,True,0002001890-000010,0002001890-000010,0002001890-000010,BR_00000024,BR_00000007,numeric-chain-000073,1,28,13,828,0.65,770,810,DC51D+Z,普碳,SPHC,软钢,normal_real,,,,,,
diagnostic_candidate,True,0002001750-000680,0002001750-000680,0002001750-000680,BR_00000018,BR_00000007,numeric-chain-000073,1,29,20,813,0.6,770,810,DC51D+Z,普碳,SPHC,软钢,normal_real,,,,,,
diagnostic_candidate,True,0002002055-000040,0002002055-000040,0002002055-000040,BR_00000030,BR_00000007,numeric-chain-000020,2,1,591,1150,0.5,815,835,DX51D+Z-MD,普碳,SPHC,软钢,normal_real,,,,,,
diagnostic_candidate,True,0030125168-000050,0030125168-000050,0030125168-000050,BR_00000036,BR_00000007,numeric-chain-000020,2,2,24,1145,0.4,700,840,DC51D+Z,普碳,SPHC,软钢,normal_real,,,,,,
diagnostic_candidate,True,0030119098-000020,0030119098-000020,0030119098-000020,BR_00000030,BR_00000007,numeric-chain-000020,2,3,24,1145,0.4,700,840,DC51D+Z-Q,深冲钢（PD）,SPHCQ,软钢,normal_real,,,,,,
diagnostic_candidate,True,0030106987-000100,0030106987-000100,0030106987-000100,BR_00000018,BR_00000007,numeric-chain-000020,2,4,24,1135,0.45,700,840,DX51D+Z,普碳,SPHC,软钢,actual_transition,,,,,,
diagnostic_candidate,True,0002001647-000070,0002001647-000070,0002001647-000070,BR_00000012,BR_00000007,numeric-chain-000020,2,5,22,1130,0.45,815,835,DX51D+Z-MD,普碳,SPHC,软钢,normal_real,,,,,,
diagnostic_candidate,True,0002002054-000130,0002002054-000130,0002002054-000130,BR_00000030,BR_00000007,numeric-chain-000020,2,6,42,1110,0.4,815,835,DX51D+Z-MD,普碳,SPHC,软钢,normal_real,,,,,,
diagnostic_candidate,True,0002001898-000060,0002001898-000060,0002001898-000060,BR_00000024,BR_00000007,numeric-chain-000020,2,7,22,1110,0.4,815,835,DX51D+Z-MD,普碳,SPHC,软钢,normal_real,,,,,,
diagnostic_candidate,True,0030100474-000040,0030100474-000040,0030100474-000040,BR_00000007,BR_00000007,numeric-chain-000020,2,8,7.41,1100,0.45,700,840,DX51D+Z,普碳,SPHC,软钢,actual_transition,,,,,,
diagnostic_candidate,True,0030106987-000090,0030106987-000090,0030106987-000090,BR_00000018,BR_00000007,numeric-chain-000020,2,9,46,1100,0.45,700,840,DX51D+Z,普碳,SPHC,软钢,actual_transition,,,,,,
diagnostic_candidate,True,0030123654-000010,0030123654-000010,0030123654-000010,BR_00000036,BR_00000007,numeric-chain-000020,2,10,48,1066,0.5,715,735,DX51D+Z1,普碳,SPHC,软钢,normal_real,,,,,,
diagnostic_candidate,True,0030113865-000020,0030113865-000020,0030113865-000020,BR_00000024,BR_00000007,numeric-chain-000020,2,11,23,1000,0.4,700,840,DC51D+Z,普碳,SPHC,软钢,actual_transition,,,,,,
diagnostic_candidate,True,0030111117-000010,0030111117-000010,0030111117-000010,BR_00000019,BR_00000007,numeric-chain-000020,2,12,66,1000,0.4,830,850,DC56D+Z,IF钢,SPHETI-3,软钢,normal_real,,,,,,
diagnostic_candidate,True,0030114951-000010,0030114951-000010,0030114951-000010,BR_00000025,BR_00000007,numeric-chain-000020,2,13,110,1000,0.45,700,840,DX51D+Z,普碳,SPHC,软钢,actual_transition,,,,,,
diagnostic_candidate,True,0030106987-000140,0030106987-000140,0030106987-000140,BR_00000018,BR_00000007,numeric-chain-000020,2,14,88,1000,0.5,700,840,DX51D+Z,普碳,SPHC,软钢,actual_transition,,,,,,
diagnostic_candidate,True,0010019618-000010,0010019618-000010,0010019618-000010,BR_00000036,BR_00000007,numeric-chain-000020,2,15,158.7,1000,0.5,700,840,DC51D+Z,普碳,SPHC,软钢,actual_transition,,,,,,
diagnostic_candidate,True,0030124078-000010,0030124078-000010,0030124078-000010,BR_00000036,BR_00000007,numeric-chain-000020,2,16,44,1000,0.6,830,850,DC56D+Z,IF钢,SPHETI-3,软钢,normal_real,,,,,,
diagnostic_candidate,True,0030120875-000010,0030120875-000010,0030120875-000010,BR_00000032,BR_00000007,numeric-chain-000020,2,17,14.7,1000,0.8,700,840,DC51D+Z,普碳,SPHC,软钢,actual_transition,,,,,,
diagnostic_candidate,True,0030112554-000010,0030112554-000010,0030112554-000010,BR_00000024,BR_00000007,numeric-chain-000020,2,18,110,1000,0.8,700,840,DC51D+Z,普碳,SPHC,软钢,actual_transition,,,,,,
diagnostic_candidate,True,0030108214-000020,0030108214-000020,0030108214-000020,BR_00000018,BR_00000007,numeric-chain-000020,2,19,22,1000,0.8,830,850,DC56D+Z,IF钢,SPHETI-3,软钢,normal_real,,,,,,
diagnostic_candidate,True,0030122480-000100,0030122480-000100,0030122480-000100,BR_00000036,BR_00000007,numeric-chain-000020,2,20,154,995,0.7,830,850,DX53D+Z,IF钢,SPHETI-5,软钢,normal_real,,,,,,
diagnostic_candidate,True,0030105380-000020,0030105380-000020,0030105380-000020,BR_00000012,BR_00000007,numeric-chain-000020,2,21,12.07,980,0.7,830,850,DC56D+Z,IF钢,SPHETI-3,软钢,normal_real,,,,,,
diagnostic_candidate,True,0030113335-000020,0030113335-000020,0030113335-000020,BR_00000024,BR_00000007,numeric-chain-000020,2,22,20,980,0.7,830,850,DC56D+Z,IF钢,SPHETI-3,软钢,normal_real,,,,,,
diagnostic_candidate,True,0002001890-000180,0002001890-000180,0002001890-000180,BR_00000024,BR_00000007,numeric-chain-000020,2,23,40,971,0.7,830,850,DC54D+Z,IF钢,SPHETI-3,软钢,normal_real,,,,,,
diagnostic_candidate,True,0030105612-000040,0030105612-000040,0030105612-000040,BR_00000012,BR_00000007,numeric-chain-000020,2,24,36,950,0.7,830,850,DC56D+Z,IF钢,SPHETI-3,软钢,normal_real,,,,,,
diagnostic_candidate,True,0030112433-000220,0030112433-000220,0030112433-000220,BR_00000024,BR_00000007,numeric-chain-000020,2,25,5.85,950,0.7,830,850,DX54D+Z,IF钢,SPHETI-3,软钢,normal_real,,,,,,
diagnostic_candidate,True,0030120940-000030,0030120940-000030,0030120940-000030,BR_00000032,BR_00000007,numeric-chain-000020,2,26,18,950,0.7,830,850,DC56D+Z,IF钢,SPHETI-3,软钢,normal_real,,,,,,
diagnostic_candidate,True,0030104503-000010,0030104503-000010,0030104503-000010,BR_00000012,BR_00000007,numeric-chain-000020,2,27,103.09,939,0.8,830,850,DC56D+Z,IF钢,SPHETI-3,软钢,normal_real,,,,,,
diagnostic_candidate,True,0030118802-000030,0030118802-000030,0030118802-000030,BR_00000030,BR_00000007,numeric-chain-000020,2,28,30.29,935,0.65,820,840,DC56D+Z,IF钢,SPHETI-3,软钢,normal_real,,,,,,
diagnostic_candidate,True,0002001612-000470,0002001612-000470,0002001612-000470,BR_00000012,BR_00000007,numeric-chain-000020,2,29,9.7,915,0.6,810,830,180YD+Z,加磷高强、烘烤硬化钢,H180YD,软钢,normal_real,,,,,,
diagnostic_candidate,True,0002001744-000210,0002001744-000210,0002001744-000210,BR_00000018,BR_00000007,numeric-chain-000020,2,30,17,915,0.6,810,830,180YD+Z,加磷高强、烘烤硬化钢,H180YD,软钢,normal_real,,,,,,
diagnostic_candidate,True,0002001871-000290,0002001871-000290,0002001871-000290,BR_00000024,BR_00000007,numeric-chain-000020,2,31,17,913,0.6,810,830,180YD+Z,加磷高强、烘烤硬化钢,H180YD,软钢,normal_real,,,,,,
diagnostic_candidate,True,0005000464-000600,0005000464-000600,0005000464-000600,BR_00000012,BR_00000007,numeric-chain-000020,2,32,32,900,0.7,820,840,CR210BH,加磷高强、烘烤硬化钢,H220BH,软钢,normal_real,,,,,,
diagnostic_candidate,True,0030110545-000010,0030110545-000010,0030110545-000010,BR_00000018,BR_00000008,numeric-chain-000034,1,1,48,1581,1,700,840,DC51D+Z,普碳,SPHC,软钢,actual_transition,,,,,,
diagnostic_candidate,True,0005000486-000770,0005000486-000770,0005000486-000770,BR_00000018,BR_00000008,numeric-chain-000034,1,2,42,1565,1,820,840,CR210BH,加磷高强、烘烤硬化钢,H220BH,软钢,normal_real,,,,,,
diagnostic_candidate,True,0005000486-000520,0005000486-000520,0005000486-000520,BR_00000018,BR_00000008,numeric-chain-000034,1,3,63,1551,1,820,840,CR210BH,加磷高强、烘烤硬化钢,H220BH,软钢,normal_real,,,,,,
diagnostic_candidate,True,0030107381-000130,0030107381-000130,0030107381-000130,BR_00000018,BR_00000008,numeric-chain-000034,1,4,418,1549,0.8,830,850,CR3,IF钢,SPHETI-36,软钢,normal_real,,,,,,
diagnostic_candidate,True,0030117110-000120,0030117110-000120,0030117110-000120,BR_00000030,BR_00000008,numeric-chain-000034,1,5,22,1549,0.8,830,850,CR3,IF钢,SPHETI-36,软钢,normal_real,,,,,,
diagnostic_candidate,True,0030108589-000010,0030108589-000010,0030108589-000010,BR_00000018,BR_00000008,numeric-chain-000034,1,6,24,1546,0.6,830,850,DC56D+Z,IF钢,SPHETI-3,软钢,normal_real,,,,,,
diagnostic_candidate,True,0002001578-000020,0002001578-000020,0002001578-000020,BR_00000008,BR_00000008,numeric-chain-000034,1,7,21.02,1530,0.6,830,850,DC53D+Z,IF钢,SPHETI-3,软钢,normal_real,,,,,,
diagnostic_candidate,True,0002001757-000120,0002001757-000120,0002001757-000120,BR_00000018,BR_00000008,numeric-chain-000034,1,8,70.99,1525,0.5,820,840,DX53D+Z-CD,IF钢,SPHETI-5,软钢,normal_real,,,,,,
diagnostic_candidate,True,0030105462-000010,0030105462-000010,0030105462-000010,BR_00000012,BR_00000008,numeric-chain-000034,1,9,48,1500,0.5,700,840,DC51D+Z,普碳,SPHC,软钢,actual_transition,,,,,,
diagnostic_candidate,True,0030102732-000020,0030102732-000020,0030102732-000020,BR_00000009,BR_00000008,numeric-chain-000034,1,10,48,1500,0.5,700,840,DC51D+Z,普碳,SPHC,软钢,actual_transition,,,,,,
diagnostic_candidate,True,0030107311-000150,0030107311-000150,0030107311-000150,BR_00000018,BR_00000008,numeric-chain-000034,1,11,72,1500,0.5,700,840,DC51D+Z,普碳,SPHC,软钢,actual_transition,,,,,,
diagnostic_candidate,True,0010018206-000080,0010018206-000080,0010018206-000080,BR_00000030,BR_00000008,numeric-chain-000034,1,12,83.69,1500,0.5,700,840,DC51D+Z,普碳,SPHC,软钢,actual_transition,,,,,,
diagnostic_candidate,True,0010018206-000090,0010018206-000090,0010018206-000090,BR_00000030,BR_00000008,numeric-chain-000034,1,13,58.75,1500,0.6,700,840,DC51D+Z,普碳,SPHC,软钢,actual_transition,,,,,,
diagnostic_candidate,True,0030103543-000040,0030103543-000040,0030103543-000040,BR_00000012,BR_00000008,numeric-chain-000034,1,14,22.01,1500,0.6,820,840,DC53D+Z,IF钢,SPHETI-5,软钢,normal_real,,,,,,
diagnostic_candidate,True,0030125168-000080,0030125168-000080,0030125168-000080,BR_00000036,BR_00000008,numeric-chain-000034,1,15,24,1500,0.8,700,840,DX51D+Z,普碳,SPHC,软钢,normal_real,,,,,,
diagnostic_candidate,True,0030107311-000380,0030107311-000380,0030107311-000380,BR_00000018,BR_00000008,numeric-chain-000034,1,16,48,1500,1,700,840,DC51D+Z,普碳,SPHC,软钢,actual_transition,,,,,,
diagnostic_candidate,True,0002002006-000270,0002002006-000270,0002002006-000270,BR_00000030,BR_00000008,numeric-chain-000034,1,17,14,1500,1,770,810,DC51D+Z,IF钢,SPHETI-3,软钢,normal_real,,,,,,
diagnostic_candidate,True,0030107935-000010,0030107935-000010,0030107935-000010,BR_00000018,BR_00000008,numeric-chain-000034,1,18,120,1500,1.15,700,840,DC51D+Z,普碳,SPHC,软钢,actual_transition,,,,,,
diagnostic_candidate,True,0002001757-000060,0002001757-000060,0002001757-000060,BR_00000018,BR_00000008,numeric-chain-000034,1,19,24.99,1460,1.2,815,835,DX51D+Z-MD,普碳,SPHC,软钢,normal_real,,,,,,
diagnostic_candidate,True,0030110867-000030,0030110867-000030,0030110867-000030,BR_00000019,BR_00000008,numeric-chain-000034,1,20,72,1440,1.5,820,840,HC220BD+Z,加磷高强、烘烤硬化钢,H220BH,软钢,normal_real,,,,,,
diagnostic_candidate,True,0030106804-000040,0030106804-000040,0030106804-000040,BR_00000018,BR_00000008,numeric-chain-000034,1,21,72,1440,1.5,820,840,HC220BD+Z,加磷高强、烘烤硬化钢,H220BH,软钢,normal_real,,,,,,
diagnostic_candidate,True,0030110865-000030,0030110865-000030,0030110865-000030,BR_00000019,BR_00000008,numeric-chain-000034,1,22,72,1440,1.5,820,840,HC220BD+Z,加磷高强、烘烤硬化钢,H220BH,软钢,normal_real,,,,,,
diagnostic_candidate,True,0010017875-000040,0010017875-000040,0010017875-000040,BR_00000030,BR_00000008,numeric-chain-000034,1,23,14.08,1435,1.5,700,840,DC51D+Z-D,普碳,SPHC,软钢,normal_real,,,,,,
diagnostic_candidate,True,0030105927-000070,0030105927-000070,0030105927-000070,BR_00000012,BR_00000008,numeric-chain-000034,1,24,96,1420,1.5,700,720,DX51D+Z3,深冲钢（PD）,DD12BB,软钢,normal_real,,,,,,
diagnostic_candidate,True,0030105927-000050,0030105927-000050,0030105927-000050,BR_00000012,BR_00000008,numeric-chain-000034,1,25,96,1390,1.2,700,720,DX51D+Z3,深冲钢（PD）,DD12BB,软钢,normal_real,,,,,,
diagnostic_candidate,True,0030108198-000030,0030108198-000030,0030108198-000030,BR_00000018,BR_00000008,numeric-chain-000034,1,26,48,1390,1.2,700,720,DX51D+Z3,深冲钢（PD）,DD12BB,软钢,normal_real,,,,,,
diagnostic_candidate,True,0030110864-000050,0030110864-000050,0030110864-000050,BR_00000019,BR_00000008,numeric-chain-000034,1,27,24,1375,1.13,700,840,DC51D+Z,普碳,SPHC,软钢,actual_transition,,,,,,
diagnostic_candidate,True,0005000547-000770,0005000547-000770,0005000547-000770,BR_00000030,BR_00000008,numeric-chain-000034,1,28,21,1365,1,730,750,CR380LA,低合金高强,H380LA-3,硬钢,normal_real,,,,,,
diagnostic_candidate,True,0005000501-000730,0005000501-000730,0005000501-000730,BR_00000024,BR_00000008,numeric-chain-000034,1,29,21,1365,1,730,750,CR380LA,低合金高强,H380LA-3,硬钢,normal_real,,,,,,
diagnostic_candidate,True,0005000464-000710,0005000464-000710,0005000464-000710,BR_00000012,BR_00000008,numeric-chain-000034,1,30,21,1365,1,730,750,CR380LA,低合金高强,H380LA-3,硬钢,normal_real,,,,,,
diagnostic_candidate,True,0005000499-000010,0005000499-000010,0005000499-000010,BR_00000019,BR_00000008,numeric-chain-000034,1,31,7,1344,1,720,760,CR460LA,低合金高强,H420LAD-3,硬钢,normal_real,,,,,,
diagnostic_candidate,True,0005000514-000080,0005000514-000080,0005000514-000080,BR_00000024,BR_00000008,numeric-chain-000034,1,32,23,1330,1.2,725,745,CR380LA,低合金高强,H380LA-3,硬钢,normal_real,,,,,,
diagnostic_candidate,True,0005000549-000030,0005000549-000030,0005000549-000030,BR_00000030,BR_00000008,numeric-chain-000034,1,33,46,1330,1.2,725,745,CR380LA,低合金高强,H380LA-3,硬钢,normal_real,,,,,,
diagnostic_candidate,True,0005000461-000010,0005000461-000010,0005000461-000010,BR_00000012,BR_00000008,numeric-chain-000034,1,34,23,1330,1.2,725,745,CR380LA,低合金高强,H380LA-3,硬钢,normal_real,,,,,,
diagnostic_candidate,True,0005000489-000010,0005000489-000010,0005000489-000010,BR_00000018,BR_00000008,numeric-chain-000034,1,35,23,1330,1.2,725,745,CR380LA,低合金高强,H380LA-3,硬钢,normal_real,,,,,,
diagnostic_candidate,True,0005000464-000400,0005000464-000400,0005000464-000400,BR_00000012,BR_00000008,numeric-chain-000034,1,36,20,1315,1.2,725,745,CR380LA,低合金高强,H380LA-3,硬钢,normal_real,,,,,,
diagnostic_candidate,True,0005000464-000690,0005000464-000690,0005000464-000690,BR_00000012,BR_00000008,numeric-chain-000034,1,37,10.15,1300,1,730,750,CR380LA,低合金高强,H380LA-3,硬钢,normal_real,,,,,,
diagnostic_candidate,True,0030108212-000010,0030108212-000010,0030108212-000010,BR_00000018,BR_00000008,numeric-chain-000082,2,1,24,1543,1.4,805,825,HC260YD+Z,加磷高强、烘烤硬化钢,H260Y,软钢,normal_real,,,,,,
diagnostic_candidate,True,0030112459-000020,0030112459-000020,0030112459-000020,BR_00000024,BR_00000008,numeric-chain-000082,2,2,48,1525,1.38,810,830,HC180YD+Z,加磷高强、烘烤硬化钢,H180YD,软钢,normal_real,,,,,,
diagnostic_candidate,True,0010018614-000070,0010018614-000070,0010018614-000070,BR_00000030,BR_00000008,numeric-chain-000082,2,3,24,1500,1.45,700,840,DC51D+Z,普碳,SPHC,软钢,actual_transition,,,,,,
diagnostic_candidate,True,0030101703-000050,0030101703-000050,0030101703-000050,BR_00000008,BR_00000008,numeric-chain-000082,2,4,25,1500,1.47,700,840,DC51D+Z,普碳,SPHC,软钢,actual_transition,,,,,,
diagnostic_candidate,True,0030101704-000050,0030101704-000050,0030101704-000050,BR_00000008,BR_00000008,numeric-chain-000082,2,5,7.1,1500,1.5,700,840,DC51D+Z,普碳,SPHC,软钢,actual_transition,,,,,,
diagnostic_candidate,True,0030107311-000250,0030107311-000250,0030107311-000250,BR_00000018,BR_00000008,numeric-chain-000082,2,6,31.48,1500,1.5,700,840,DC51D+Z,普碳,SPHC,软钢,actual_transition,,,,,,
diagnostic_candidate,True,0005000509-000110,0005000509-000110,0005000509-000110,BR_00000024,BR_00000008,numeric-chain-000082,2,7,7,1453,1.5,720,760,HC260LAD+Z,低合金高强,H260LAD-3,硬钢,normal_real,,,,,,
diagnostic_candidate,True,0005000532-000010,0005000532-000010,0005000532-000010,BR_00000024,BR_00000008,numeric-chain-000082,2,8,24,1429,1.5,740,760,CR340LA,低合金高强,H340LA-3,硬钢,normal_real,,,,,,
diagnostic_candidate,True,0030112686-000060,0030112686-000060,0030112686-000060,BR_00000024,BR_00000008,numeric-chain-000082,2,9,44,1418,1.3,730,770,CR420LA,低合金高强,H420LAD-3,硬钢,normal_real,,,,,,
diagnostic_candidate,True,0030107381-000080,0030107381-000080,0030107381-000080,BR_00000018,BR_00000008,numeric-chain-000082,2,10,88,1418,1.3,730,770,CR420LA,低合金高强,H420LAD-3,硬钢,normal_real,,,,,,
diagnostic_candidate,True,0005000469-000070,0005000469-000070,0005000469-000070,BR_00000012,BR_00000008,numeric-chain-000082,2,11,7,1404,1.6,760,780,CR240LA,低合金高强,H260LAD-3,硬钢,normal_real,,,,,,
diagnostic_candidate,True,0030117111-000030,0030117111-000030,0030117111-000030,BR_00000030,BR_00000008,numeric-chain-000082,2,12,374,1390,1.3,750,770,CR290Y490T-DP,双相钢,W500X,硬钢,normal_real,,,,,,
diagnostic_candidate,True,0030107409-000020,0030107409-000020,0030107409-000020,BR_00000018,BR_00000008,numeric-chain-000082,2,13,22.28,1390,1.3,750,770,CR290Y490T-DP,双相钢,W500X,硬钢,normal_real,,,,,,
diagnostic_candidate,True,0005000501-000210,0005000501-000210,0005000501-000210,BR_00000024,BR_00000008,numeric-chain-000082,2,14,21,1385,1.4,730,770,CR420LA,低合金高强,H420LAD-3,硬钢,normal_real,,,,,,
diagnostic_candidate,True,0005000547-000820,0005000547-000820,0005000547-000820,BR_00000030,BR_00000008,numeric-chain-000082,2,15,21,1384,1.5,760,780,CR240LA,低合金高强,H260LAD-3,硬钢,normal_real,,,,,,
diagnostic_candidate,True,0005000511-000020,0005000511-000020,0005000511-000020,BR_00000024,BR_00000008,numeric-chain-000082,2,16,7,1323,1.2,760,780,CR240LA,低合金高强,H260LAD-3,硬钢,normal_real,,,,,,
diagnostic_candidate,True,0005000547-000160,0005000547-000160,0005000547-000160,BR_00000030,BR_00000008,numeric-chain-000082,2,17,21.41,1291,1.4,730,770,CR420LA,低合金高强,H420LAD-3,硬钢,normal_real,,,,,,
diagnostic_candidate,True,0005000464-000120,0005000464-000120,0005000464-000120,BR_00000012,BR_00000008,numeric-chain-000082,2,18,21,1291,1.4,730,770,CR420LA,低合金高强,H420LAD-3,硬钢,normal_real,,,,,,
diagnostic_candidate,True,0005000563-000120,0005000563-000120,0005000563-000120,BR_00000036,BR_00000008,numeric-chain-000082,2,19,21,1291,1.4,730,770,CR420LA,低合金高强,H420LAD-3,硬钢,normal_real,,,,,,
diagnostic_candidate,True,0005000501-000140,0005000501-000140,0005000501-000140,BR_00000024,BR_00000008,numeric-chain-000082,2,20,42,1291,1.4,730,770,CR420LA,低合金高强,H420LAD-3,硬钢,normal_real,,,,,,
diagnostic_candidate,True,0005000563-000180,0005000563-000180,0005000563-000180,BR_00000036,BR_00000008,numeric-chain-000082,2,21,21,1270,1.5,740,780,CR420LA,低合金高强,H420LAD-3,硬钢,normal_real,,,,,,
diagnostic_candidate,True,0005000547-000240,0005000547-000240,0005000547-000240,BR_00000030,BR_00000008,numeric-chain-000082,2,22,19.74,1270,1.5,740,780,CR420LA,低合金高强,H420LAD-3,硬钢,normal_real,,,,,,
diagnostic_candidate,True,0005000501-000220,0005000501-000220,0005000501-000220,BR_00000024,BR_00000008,numeric-chain-000082,2,23,21,1270,1.5,740,780,CR420LA,低合金高强,H420LAD-3,硬钢,normal_real,,,,,,
diagnostic_candidate,True,0005000464-000180,0005000464-000180,0005000464-000180,BR_00000012,BR_00000008,numeric-chain-000082,2,24,21,1270,1.5,740,780,CR420LA,低合金高强,H420LAD-3,硬钢,normal_real,,,,,,
diagnostic_candidate,True,0005000489-000070,0005000489-000070,0005000489-000070,BR_00000018,BR_00000008,numeric-chain-000082,2,25,23,1262,1.5,740,780,CR420LA,低合金高强,H420LAD-3,硬钢,normal_real,,,,,,
diagnostic_candidate,True,0005000514-000020,0005000514-000020,0005000514-000020,BR_00000024,BR_00000008,numeric-chain-000082,2,26,23,1262,1.5,740,780,CR420LA,低合金高强,H420LAD-3,硬钢,normal_real,,,,,,
diagnostic_candidate,True,0005000562-000040,0005000562-000040,0005000562-000040,BR_00000036,BR_00000008,numeric-chain-000082,2,27,35.01,1262,1.5,740,780,CR420LA,低合金高强,H420LAD-3,硬钢,normal_real,,,,,,
diagnostic_candidate,True,0030107311-000320,0030107311-000320,0030107311-000320,BR_00000018,BR_00000008,numeric-chain-000082,2,28,24,1250,1.2,700,840,DC51D+Z,普碳,SPHC,软钢,actual_transition,,,,,,
diagnostic_candidate,True,0030107561-000060,0030107561-000060,0030107561-000060,BR_00000018,BR_00000008,numeric-chain-000082,2,29,25.92,1250,1.4,700,840,DC51D+Z,普碳,SPHC,软钢,actual_transition,,,,,,
diagnostic_candidate,True,0010015684-000020,0010015684-000020,0010015684-000020,BR_00000018,BR_00000008,numeric-chain-000082,2,30,120,1250,1.45,700,840,DC51D+Z,普碳,SPHC,软钢,actual_transition,,,,,,
diagnostic_candidate,True,0010018614-000060,0010018614-000060,0010018614-000060,BR_00000030,BR_00000008,numeric-chain-000082,2,31,169.2,1250,1.45,700,840,DC51D+Z,普碳,SPHC,软钢,actual_transition,,,,,,
diagnostic_candidate,True,0030105927-000140,0030105927-000140,0030105927-000140,BR_00000012,BR_00000008,numeric-chain-000082,2,32,24,1250,1.5,820,840,DX53D+Z,IF钢,SPHETI-5,软钢,normal_real,,,,,,
diagnostic_candidate,True,0030108590-000020,0030108590-000020,0030108590-000020,BR_00000018,BR_00000008,numeric-chain-000082,2,33,24,1250,1.5,830,850,DC54D+Z,IF钢,SPHETI-5,软钢,normal_real,,,,,,
diagnostic_candidate,True,0005000501-000090,0005000501-000090,0005000501-000090,BR_00000024,BR_00000008,numeric-chain-000082,2,34,21,1245,1.75,830,850,CR3,IF钢,SPHETI-36,软钢,normal_real,,,,,,
diagnostic_candidate,True,0005000464-000090,0005000464-000090,0005000464-000090,BR_00000012,BR_00000008,numeric-chain-000082,2,35,13.92,1245,1.75,830,850,CR3,IF钢,SPHETI-36,软钢,normal_real,,,,,,
diagnostic_candidate,True,0005000563-000090,0005000563-000090,0005000563-000090,BR_00000036,BR_00000008,numeric-chain-000082,2,36,21,1245,1.75,830,850,CR3,IF钢,SPHETI-36,软钢,normal_real,,,,,,
diagnostic_candidate,True,0030103545-000040,0030103545-000040,0030103545-000040,BR_00000012,BR_00000008,numeric-chain-000082,2,37,24,1240,1.5,700,840,DC51D+Z,普碳,SPHC,软钢,normal_real,,,,,,
diagnostic_candidate,True,0002001648-000050,0002001648-000050,0002001648-000050,BR_00000012,BR_00000008,numeric-chain-000082,2,38,24.47,1225,1.2,820,840,DX53D+Z-CD,IF钢,SPHETI-5,软钢,normal_real,,,,,,
diagnostic_candidate,True,0030113851-000020,0030113851-000020,0030113851-000020,BR_00000024,BR_00000008,numeric-chain-000082,2,39,24,1223,1.1,820,840,DC53D+Z,IF钢,SPHETI-5,软钢,normal_real,,,,,,
diagnostic_candidate,True,0002001998-000110,0002001998-000110,0002001998-000110,BR_00000030,BR_00000008,numeric-chain-000082,2,40,13.94,1220,1,830,850,DC53D+Z,IF钢,SPHETI-3,软钢,normal_real,,,,,,
diagnostic_candidate,True,0002001880-000180,0002001880-000180,0002001880-000180,BR_00000024,BR_00000008,numeric-chain-000082,2,41,216,1220,1,830,850,DC53D+Z,IF钢,SPHETI-3,软钢,normal_real,,,,,,
diagnostic_candidate,True,0002002054-000280,0002002054-000280,0002002054-000280,BR_00000030,BR_00000008,numeric-chain-000082,2,42,22,1219,1,820,840,DX53D+Z-MD,IF钢,SPHETI-5,软钢,normal_real,,,,,,
diagnostic_candidate,True,0002001899-000100,0002001899-000100,0002001899-000100,BR_00000024,BR_00000008,numeric-chain-000082,2,43,44,1219,1.2,815,835,DX51D+Z-MD,普碳,SPHC,软钢,normal_real,,,,,,
diagnostic_candidate,True,0002002054-000240,0002002054-000240,0002002054-000240,BR_00000030,BR_00000008,numeric-chain-000082,2,44,25,1219,1.2,820,840,DX53D+Z-MD,IF钢,SPHETI-5,软钢,normal_real,,,,,,
diagnostic_candidate,True,0002002053-000070,0002002053-000070,0002002053-000070,BR_00000030,BR_00000008,numeric-chain-000082,2,45,72,1219,1.2,820,840,DX53D+Z-MD,IF钢,SPHETI-5,软钢,normal_real,,,,,,
diagnostic_candidate,True,0005000501-000470,0005000501-000470,0005000501-000470,BR_00000024,BR_00000008,numeric-chain-000016,3,1,10.8,1585,1.4,715,735,CR380LA,低合金高强,H380LA-3,硬钢,normal_real,,,,,,
diagnostic_candidate,True,0005000501-000450,0005000501-000450,0005000501-000450,BR_00000024,BR_00000008,numeric-chain-000016,3,2,10.29,1565,1.5,715,735,CR380LA,低合金高强,H380LA-3,硬钢,normal_real,,,,,,
diagnostic_candidate,True,0005000547-000500,0005000547-000500,0005000547-000500,BR_00000030,BR_00000008,numeric-chain-000016,3,3,31.82,1565,1.5,715,735,CR380LA,低合金高强,H380LA-3,硬钢,normal_real,,,,,,
diagnostic_candidate,True,0030101703-000060,0030101703-000060,0030101703-000060,BR_00000008,BR_00000008,numeric-chain-000016,3,4,8.11,1500,1.5,700,840,DC51D+Z,普碳,SPHC,软钢,actual_transition,,,,,,
diagnostic_candidate,True,0030103526-000070,0030103526-000070,0030103526-000070,BR_00000012,BR_00000008,numeric-chain-000016,3,5,24,1500,1.5,700,840,DC51D+Z,普碳,SPHC,软钢,actual_transition,,,,,,
diagnostic_candidate,True,0030107311-000110,0030107311-000110,0030107311-000110,BR_00000018,BR_00000008,numeric-chain-000016,3,6,7.44,1500,2,700,720,DC51D+Z,普碳,SPHC,软钢,actual_transition,,,,,,
diagnostic_candidate,True,0030112954-000070,0030112954-000070,0030112954-000070,BR_00000024,BR_00000008,numeric-chain-000016,3,7,24,1500,2,700,720,DC51D+Z,普碳,SPHC,软钢,actual_transition,,,,,,
diagnostic_candidate,True,0010017875-000030,0010017875-000030,0010017875-000030,BR_00000030,BR_00000008,numeric-chain-000016,3,8,10.89,1430,1.5,700,720,DC51D+Z-D,普碳,SPHC,软钢,normal_real,,,,,,
diagnostic_candidate,True,0030124583-000010,0030124583-000010,0030124583-000010,BR_00000036,BR_00000008,numeric-chain-000016,3,9,24,1388,1.6,700,720,DC51D+Z,普碳,SPHC,软钢,actual_transition,,,,,,
diagnostic_candidate,True,0030125101-000020,0030125101-000020,0030125101-000020,BR_00000036,BR_00000008,numeric-chain-000016,3,10,120,1360,1.5,700,840,DC51D+Z-Q,深冲钢（PD）,SPHCQ,软钢,normal_real,,,,,,
diagnostic_candidate,True,0030116618-000050,0030116618-000050,0030116618-000050,BR_00000030,BR_00000008,numeric-chain-000016,3,11,72,1360,1.5,700,720,DC51D+Z-Q,深冲钢（PD）,SPHCQ,软钢,normal_real,,,,,,
diagnostic_candidate,True,0030121181-000020,0030121181-000020,0030121181-000020,BR_00000032,BR_00000008,numeric-chain-000016,3,12,24,1360,2,700,720,DC51D+Z,普碳,SPHC,软钢,actual_transition,,,,,,
diagnostic_candidate,True,0010015684-000030,0010015684-000030,0010015684-000030,BR_00000018,BR_00000008,numeric-chain-000016,3,13,52,1355,1.95,700,840,DC51D+Z,普碳,SPHC,软钢,actual_transition,,,,,,
diagnostic_candidate,True,0005000547-000070,0005000547-000070,0005000547-000070,BR_00000030,BR_00000008,numeric-chain-000016,3,14,20,1349,1.6,830,850,CR3,IF钢,SPHETI-36,软钢,normal_real,,,,,,
diagnostic_candidate,True,0030113335-000030,0030113335-000030,0030113335-000030,BR_00000024,BR_00000008,numeric-chain-000016,3,15,15,1295,1.4,830,850,DC56D+Z,IF钢,SPHETI-3,软钢,normal_real,,,,,,
diagnostic_candidate,True,0030110602-000010,0030110602-000010,0030110602-000010,BR_00000018,BR_00000008,numeric-chain-000016,3,16,72,1293,1.2,830,850,DC54D+Z,IF钢,SPHETI-5,软钢,normal_real,,,,,,
diagnostic_candidate,True,0005000486-000320,0005000486-000320,0005000486-000320,BR_00000018,BR_00000008,numeric-chain-000016,3,17,20,1265,1.5,820,860,CR3,IF钢,SPHETI-36,软钢,normal_real,,,,,,
diagnostic_candidate,True,0005000501-000320,0005000501-000320,0005000501-000320,BR_00000024,BR_00000008,numeric-chain-000016,3,18,20,1265,1.5,830,850,CR3,IF钢,SPHETI-36,软钢,normal_real,,,,,,
diagnostic_candidate,True,0005000547-000370,0005000547-000370,0005000547-000370,BR_00000030,BR_00000008,numeric-chain-000016,3,19,20,1265,1.5,830,850,CR3,IF钢,SPHETI-36,软钢,normal_real,,,,,,
diagnostic_candidate,True,0005000464-000270,0005000464-000270,0005000464-000270,BR_00000012,BR_00000008,numeric-chain-000016,3,20,40,1265,1.5,830,850,CR3,IF钢,SPHETI-36,软钢,normal_real,,,,,,
diagnostic_candidate,True,0030116618-000060,0030116618-000060,0030116618-000060,BR_00000030,BR_00000008,numeric-chain-000016,3,21,48,1259,1.2,820,840,DC53D+Z,IF钢,SPHETI-5,软钢,normal_real,,,,,,
diagnostic_candidate,True,0030105416-000170,0030105416-000170,0030105416-000170,BR_00000012,BR_00000008,numeric-chain-000016,3,22,24,1253,1,830,850,DC56D+Z,IF钢,SPHETI-3,软钢,normal_real,,,,,,
diagnostic_candidate,True,0030103526-000020,0030103526-000020,0030103526-000020,BR_00000012,BR_00000008,numeric-chain-000016,3,23,24.96,1250,0.8,700,840,DC51D+Z,普碳,SPHC,软钢,actual_transition,,,,,,
diagnostic_candidate,True,0002002055-000060,0002002055-000060,0002002055-000060,BR_00000030,BR_00000008,numeric-chain-000016,3,24,22,1250,0.8,815,835,DX51D+Z-MD,普碳,SPHC,软钢,normal_real,,,,,,
diagnostic_candidate,True,0002002053-000140,0002002053-000140,0002002053-000140,BR_00000030,BR_00000008,numeric-chain-000016,3,25,46,1250,0.8,820,840,DX53D+Z-MD,IF钢,SPHETI-5,软钢,normal_real,,,,,,
diagnostic_candidate,True,0030107561-000040,0030107561-000040,0030107561-000040,BR_00000018,BR_00000008,numeric-chain-000016,3,26,96,1250,1,700,840,DC51D+Z,普碳,SPHC,软钢,actual_transition,,,,,,
diagnostic_candidate,True,0030107311-000200,0030107311-000200,0030107311-000200,BR_00000018,BR_00000008,numeric-chain-000016,3,27,40.68,1250,1,700,840,DC51D+Z,普碳,SPHC,软钢,actual_transition,,,,,,
diagnostic_candidate,True,0030103526-000130,0030103526-000130,0030103526-000130,BR_00000012,BR_00000008,numeric-chain-000016,3,28,48,1250,1,700,840,DC51D+Z,普碳,SPHC,软钢,actual_transition,,,,,,
diagnostic_candidate,True,0030122897-000050,0030122897-000050,0030122897-000050,BR_00000036,BR_00000008,numeric-chain-000016,3,29,24,1250,1.2,700,840,DC51D+Z,普碳,SPHC,软钢,actual_transition,,,,,,
diagnostic_candidate,True,0002001480-000020,0002001480-000020,0002001480-000020,BR_00000012,BR_00000008,numeric-chain-000016,3,30,77.08,1236,1,820,840,DX53D+Z-CD,IF钢,SPHETI-5,软钢,normal_real,,,,,,
diagnostic_candidate,True,0030105970-000010,0030105970-000010,0030105970-000010,BR_00000012,BR_00000008,numeric-chain-000016,3,31,28.34,1226,1,830,850,DC54D+Z,IF钢,SPHETI-3,软钢,normal_real,,,,,,
diagnostic_candidate,True,0002002021-000110,0002002021-000110,0002002021-000110,BR_00000030,BR_00000008,numeric-chain-000016,3,32,23,1220,0.8,830,850,DC56D+Z,IF钢,SPHETI-3,软钢,normal_real,,,,,,
diagnostic_candidate,True,0002001740-000040,0002001740-000040,0002001740-000040,BR_00000018,BR_00000008,numeric-chain-000016,3,33,23,1218,0.65,830,850,DC54D+Z,IF钢,SPHETI-3,软钢,normal_real,,,,,,
diagnostic_candidate,True,0002001854-000320,0002001854-000320,0002001854-000320,BR_00000024,BR_00000008,numeric-chain-000016,3,34,23,1218,0.65,830,850,DC54D+Z,IF钢,SPHETI-3,软钢,normal_real,,,,,,
diagnostic_candidate,True,0030117285-000050,0030117285-000050,0030117285-000050,BR_00000030,BR_00000008,numeric-chain-000016,3,35,86.13,1210,0.6,830,850,SCG4+Z,IF钢,SPHETI-3,软钢,normal_real,,,,,,
diagnostic_candidate,True,0030118991-000050,0030118991-000050,0030118991-000050,BR_00000030,BR_00000008,numeric-chain-000016,3,36,96,1210,0.6,830,850,SCG4+Z,IF钢,SPHETI-3,软钢,normal_real,,,,,,
diagnostic_candidate,True,0030123143-000050,0030123143-000050,0030123143-000050,BR_00000036,BR_00000008,numeric-chain-000016,3,37,13.39,1210,0.6,830,850,SCG4+Z,IF钢,SPHETI-3,软钢,normal_real,,,,,,
diagnostic_candidate,True,0030112575-000050,0030112575-000050,0030112575-000050,BR_00000024,BR_00000008,numeric-chain-000016,3,38,85.04,1210,0.6,830,850,SCG4+Z,IF钢,SPHETI-3,软钢,normal_real,,,,,,
diagnostic_candidate,True,virtual-000032,,,,BR_00000008,numeric-chain-000016,3,39,20.00,1250,0.80,820,850,SPHC,,SPHC,,virtual_sphc,,"{""accepted_sequence"":32,""prototype_id"":""virtual_sphc:1250x0.8"",""purpose"":""edge_bridge"",""related_partition_id"":null}",,,,
diagnostic_candidate,True,virtual-000033,,,,BR_00000008,numeric-chain-000016,3,40,20.00,1250,1.00,820,850,SPHC,,SPHC,,virtual_sphc,,"{""accepted_sequence"":33,""prototype_id"":""virtual_sphc:1250x1"",""purpose"":""edge_bridge"",""related_partition_id"":null}",,,,
diagnostic_candidate,True,0002001756-000060,0002001756-000060,0002001756-000060,BR_00000018,BR_00000008,numeric-chain-000016,3,41,500,1185,1.2,820,840,DX53D+Z-CD,IF钢,SPHETI-5,软钢,normal_real,,,,,,
diagnostic_candidate,True,0030118415-000020,0030118415-000020,0030118415-000020,BR_00000030,BR_00000008,numeric-chain-000008,4,1,24,1590,0.7,700,840,DC51D+Z,普碳,SPHC,软钢,normal_real,,,,,,
diagnostic_candidate,True,0030119862-000080,0030119862-000080,0030119862-000080,BR_00000030,BR_00000008,numeric-chain-000008,4,2,24,1589,0.7,770,810,DC51D+Z,深冲钢（PD）,SPHCQ,软钢,normal_real,,,,,,
diagnostic_candidate,True,0030125207-000060,0030125207-000060,0030125207-000060,BR_00000036,BR_00000008,numeric-chain-000008,4,3,24,1589,0.7,770,810,DC51D+Z,深冲钢（PD）,SPHCQ,软钢,normal_real,,,,,,
diagnostic_candidate,True,0002001845-000010,0002001845-000010,0002001845-000010,BR_00000024,BR_00000008,numeric-chain-000008,4,4,84.52,1583,0.65,770,810,DC51D+Z,普碳,SPHC,软钢,normal_real,,,,,,
diagnostic_candidate,True,0002001995-000010,0002001995-000010,0002001995-000010,BR_00000030,BR_00000008,numeric-chain-000008,4,5,79,1583,0.65,770,810,DC51D+Z,IF钢,SPHETI-3,软钢,normal_real,,,,,,
diagnostic_candidate,True,0002001874-000090,0002001874-000090,0002001874-000090,BR_00000024,BR_00000008,numeric-chain-000008,4,6,23,1510,0.65,770,810,DC51D+Z,普碳,SPHC,软钢,normal_real,,,,,,
diagnostic_candidate,True,0002002185-000140,0002002185-000140,0002002185-000140,BR_00000036,BR_00000008,numeric-chain-000008,4,7,5.71,1510,0.65,770,810,DC51D+Z,IF钢,SPHETI-3,软钢,normal_real,,,,,,
diagnostic_candidate,True,0002001750-000520,0002001750-000520,0002001750-000520,BR_00000018,BR_00000008,numeric-chain-000008,4,8,20,1500,0.65,770,810,DC51D+Z,普碳,SPHC,软钢,normal_real,,,,,,
diagnostic_candidate,True,0002001765-000030,0002001765-000030,0002001765-000030,BR_00000018,BR_00000008,numeric-chain-000008,4,9,180,1490,0.65,770,810,DC51D+Z,普碳,SPHC,软钢,normal_real,,,,,,
diagnostic_candidate,True,0002001986-000100,0002001986-000100,0002001986-000100,BR_00000030,BR_00000008,numeric-chain-000008,4,10,17.4,1490,0.65,770,810,DC51D+Z,普碳,SPHC,软钢,normal_real,,,,,,
diagnostic_candidate,True,0030119797-000080,0030119797-000080,0030119797-000080,BR_00000030,BR_00000008,numeric-chain-000008,4,11,48,1479,0.7,770,810,DC52D+Z,深冲钢（PD）,SPHCQ,软钢,normal_real,,,,,,
diagnostic_candidate,True,0002001635-000160,0002001635-000160,0002001635-000160,BR_00000012,BR_00000008,numeric-chain-000008,4,12,8.26,1472,0.65,770,810,DC51D+Z,普碳,SPHC,软钢,normal_real,,,,,,
diagnostic_candidate,True,0002002021-000040,0002002021-000040,0002002021-000040,BR_00000030,BR_00000008,numeric-chain-000008,4,13,23,1470,0.65,770,810,DC51D+Z,IF钢,SPHETI-3,软钢,normal_real,,,,,,
diagnostic_candidate,True,0002001767-000100,0002001767-000100,0002001767-000100,BR_00000018,BR_00000008,numeric-chain-000008,4,14,10,1470,0.65,770,810,DC51D+Z,普碳,SPHC,软钢,normal_real,,,,,,
diagnostic_candidate,True,0002002035-000040,0002002035-000040,0002002035-000040,BR_00000030,BR_00000008,numeric-chain-000008,4,15,115.56,1470,0.65,770,810,DC51D+Z,普碳,SPHC,软钢,normal_real,,,,,,
diagnostic_candidate,True,0002001750-000120,0002001750-000120,0002001750-000120,BR_00000018,BR_00000008,numeric-chain-000008,4,16,12.01,1465,0.6,770,810,DC51D+Z,普碳,SPHC,软钢,normal_real,,,,,,
diagnostic_candidate,True,0002001986-000090,0002001986-000090,0002001986-000090,BR_00000030,BR_00000008,numeric-chain-000008,4,17,24,1463,0.65,770,810,DC51D+Z,普碳,SPHC,软钢,normal_real,,,,,,
diagnostic_candidate,True,0002001998-000160,0002001998-000160,0002001998-000160,BR_00000030,BR_00000008,numeric-chain-000008,4,18,24,1458,0.65,770,810,DC51D+Z,普碳,SPHC,软钢,normal_real,,,,,,
diagnostic_candidate,True,0030117283-000010,0030117283-000010,0030117283-000010,BR_00000030,BR_00000008,numeric-chain-000008,4,19,19.57,1455,0.65,790,810,SCG260Y+Z,加磷高强、烘烤硬化钢,H260Y,软钢,normal_real,,,,,,
diagnostic_candidate,True,0030108261-000020,0030108261-000020,0030108261-000020,BR_00000018,BR_00000008,numeric-chain-000008,4,20,25.99,1455,0.65,790,810,SCG260Y+Z,加磷高强、烘烤硬化钢,H260Y,软钢,normal_real,,,,,,
diagnostic_candidate,True,0030108883-000030,0030108883-000030,0030108883-000030,BR_00000018,BR_00000008,numeric-chain-000008,4,21,8.7,1445,0.65,790,810,SCG260Y+Z,加磷高强、烘烤硬化钢,H260Y,软钢,normal_real,,,,,,
diagnostic_candidate,True,0030102066-000020,0030102066-000020,0030102066-000020,BR_00000008,BR_00000008,numeric-chain-000008,4,22,5.19,1440,0.6,700,840,DX51D+Z,普碳,SPHC,软钢,actual_transition,,,,,,
diagnostic_candidate,True,0002002170-000430,0002002170-000430,0002002170-000430,BR_00000036,BR_00000008,numeric-chain-000008,4,23,23,1440,0.65,830,850,DC53D+Z,IF钢,SPHETI-3,软钢,normal_real,,,,,,
diagnostic_candidate,True,0002001906-000060,0002001906-000060,0002001906-000060,BR_00000025,BR_00000008,numeric-chain-000008,4,24,46,1434,0.7,830,850,DC53D+Z,IF钢,SPHETI-3,软钢,normal_real,,,,,,
diagnostic_candidate,True,0002002009-000260,0002002009-000260,0002002009-000260,BR_00000030,BR_00000008,numeric-chain-000008,4,25,38.92,1432,0.65,830,850,DC54D+Z,IF钢,SPHETI-3,软钢,normal_real,,,,,,
diagnostic_candidate,True,0030108260-000040,0030108260-000040,0030108260-000040,BR_00000018,BR_00000008,numeric-chain-000008,4,26,198.88,1430,0.65,830,850,SCG4+Z,IF钢,SPHETI-3,软钢,normal_real,,,,,,
diagnostic_candidate,True,0030117285-000040,0030117285-000040,0030117285-000040,BR_00000030,BR_00000008,numeric-chain-000008,4,27,182,1430,0.65,830,850,SCG4+Z,IF钢,SPHETI-3,软钢,normal_real,,,,,,
diagnostic_candidate,True,0030112575-000040,0030112575-000040,0030112575-000040,BR_00000024,BR_00000008,numeric-chain-000008,4,28,143.98,1430,0.65,830,850,SCG4+Z,IF钢,SPHETI-3,软钢,normal_real,,,,,,
diagnostic_candidate,True,0030123143-000020,0030123143-000020,0030123143-000020,BR_00000036,BR_00000008,numeric-chain-000008,4,29,104,1390,0.7,830,850,SCG4+Z,IF钢,SPHETI-3,软钢,normal_real,,,,,,
diagnostic_candidate,True,0030118991-000020,0030118991-000020,0030118991-000020,BR_00000030,BR_00000008,numeric-chain-000008,4,30,234,1390,0.7,830,850,SCG4+Z,IF钢,SPHETI-3,软钢,normal_real,,,,,,
diagnostic_candidate,True,virtual-000022,,,,BR_00000008,numeric-chain-000008,4,31,20.00,1250,0.80,680,850,SPHC,,SPHC,,virtual_sphc,,"{""accepted_sequence"":22,""prototype_id"":""virtual_sphc:1250x0.8"",""purpose"":""edge_bridge"",""related_partition_id"":null}",,,,
diagnostic_candidate,True,virtual-000023,,,,BR_00000008,numeric-chain-000008,4,32,20.00,1250,1.00,680,850,SPHC,,SPHC,,virtual_sphc,,"{""accepted_sequence"":23,""prototype_id"":""virtual_sphc:1250x1"",""purpose"":""edge_bridge"",""related_partition_id"":null}",,,,
diagnostic_candidate,True,0030108199-000040,0030108199-000040,0030108199-000040,BR_00000018,BR_00000008,numeric-chain-000008,4,33,72,1250,1.2,680,700,DX51D+Z3,深冲钢（PD）,SPHCQ,软钢,normal_real,,,,,,
diagnostic_candidate,True,0030105927-000130,0030105927-000130,0030105927-000130,BR_00000012,BR_00000008,numeric-chain-000008,4,34,23,1100,1.5,680,700,DX51D+Z3,深冲钢（PD）,SPHCQ,软钢,normal_real,,,,,,
diagnostic_candidate,True,0002001628-000090,0002001628-000090,0002001628-000090,BR_00000012,BR_00000008,numeric-chain-000043,5,1,35,1097,0.65,770,810,DC51D+Z,普碳,SPHC,软钢,normal_real,,,,,,
diagnostic_candidate,True,0002001998-000080,0002001998-000080,0002001998-000080,BR_00000030,BR_00000008,numeric-chain-000043,5,2,62.36,1095,0.65,770,810,DC51D+Z,普碳,SPHC,软钢,normal_real,,,,,,
diagnostic_candidate,True,0002001986-000050,0002001986-000050,0002001986-000050,BR_00000030,BR_00000008,numeric-chain-000043,5,3,25,1095,0.65,770,810,DC51D+Z,普碳,SPHC,软钢,normal_real,,,,,,
diagnostic_candidate,True,0002002195-000060,0002002195-000060,0002002195-000060,BR_00000036,BR_00000008,numeric-chain-000043,5,4,61.96,1095,0.65,770,810,DC51D+Z,普碳,SPHC,软钢,normal_real,,,,,,
diagnostic_candidate,True,0002001627-000040,0002001627-000040,0002001627-000040,BR_00000012,BR_00000008,numeric-chain-000043,5,5,20,1095,0.7,770,810,DC51D+Z,IF钢,SPHETI-3,软钢,normal_real,,,,,,
diagnostic_candidate,True,0002002202-000150,0002002202-000150,0002002202-000150,BR_00000036,BR_00000008,numeric-chain-000043,5,6,25,1095,0.7,770,810,DC51D+Z,IF钢,SPHETI-3,软钢,normal_real,,,,,,
diagnostic_candidate,True,0002002024-000080,0002002024-000080,0002002024-000080,BR_00000030,BR_00000008,numeric-chain-000043,5,7,19,1085,0.7,770,810,DC51D+Z,普碳,SPHC,软钢,normal_real,,,,,,
diagnostic_candidate,True,0002002023-000050,0002002023-000050,0002002023-000050,BR_00000030,BR_00000008,numeric-chain-000043,5,8,19,1085,0.7,770,810,DC51D+Z,普碳,SPHC,软钢,normal_real,,,,,,
diagnostic_candidate,True,0002002202-000160,0002002202-000160,0002002202-000160,BR_00000036,BR_00000008,numeric-chain-000043,5,9,19,1085,0.7,770,810,DC51D+Z,IF钢,SPHETI-3,软钢,normal_real,,,,,,
diagnostic_candidate,True,0030113525-000010,0030113525-000010,0030113525-000010,BR_00000024,BR_00000008,numeric-chain-000043,5,10,23,1085,0.9,700,840,DC51D+Z,普碳,SPHC,软钢,normal_real,,,,,,
diagnostic_candidate,True,0030124800-000030,0030124800-000030,0030124800-000030,BR_00000036,BR_00000008,numeric-chain-000043,5,11,23,1084,0.8,770,810,DX52D+Z,深冲钢（PD）,SPHCQ,软钢,normal_real,,,,,,
diagnostic_candidate,True,0002001890-000280,0002001890-000280,0002001890-000280,BR_00000024,BR_00000008,numeric-chain-000043,5,12,20,1078,0.6,770,810,DC51D+Z,普碳,SPHC,软钢,normal_real,,,,,,
diagnostic_candidate,True,0002001871-000480,0002001871-000480,0002001871-000480,BR_00000024,BR_00000008,numeric-chain-000043,5,13,30,1078,0.6,770,810,DC51D+Z,普碳,SPHC,软钢,normal_real,,,,,,
diagnostic_candidate,True,0030124800-000050,0030124800-000050,0030124800-000050,BR_00000036,BR_00000008,numeric-chain-000043,5,14,23,1066,0.5,770,810,DX52D+Z,深冲钢（PD）,SPHCQ,软钢,normal_real,,,,,,
diagnostic_candidate,True,0002001867-000220,0002001867-000220,0002001867-000220,BR_00000024,BR_00000008,numeric-chain-000043,5,15,19,1064,0.6,770,810,DC51D+Z,普碳,SPHC,软钢,normal_real,,,,,,
diagnostic_candidate,True,0002002021-000150,0002002021-000150,0002002021-000150,BR_00000030,BR_00000008,numeric-chain-000043,5,16,19,1063,0.6,770,810,DC51D+Z,普碳,SPHC,软钢,normal_real,,,,,,
diagnostic_candidate,True,0002002195-000050,0002002195-000050,0002002195-000050,BR_00000036,BR_00000008,numeric-chain-000043,5,17,48,1063,0.65,770,810,DC51D+Z,普碳,SPHC,软钢,normal_real,,,,,,
diagnostic_candidate,True,0002001998-000070,0002001998-000070,0002001998-000070,BR_00000030,BR_00000008,numeric-chain-000043,5,18,85.39,1063,0.65,770,810,DC51D+Z,普碳,SPHC,软钢,normal_real,,,,,,
diagnostic_candidate,True,0002001880-000100,0002001880-000100,0002001880-000100,BR_00000024,BR_00000008,numeric-chain-000043,5,19,69,1063,0.65,770,810,DC51D+Z,普碳,SPHC,软钢,normal_real,,,,,,
diagnostic_candidate,True,0030119862-000170,0030119862-000170,0030119862-000170,BR_00000030,BR_00000008,numeric-chain-000043,5,20,92,1060,0.7,790,810,HC260YD+Z,加磷高强、烘烤硬化钢,H260Y,软钢,normal_real,,,,,,
diagnostic_candidate,True,0002002195-000040,0002002195-000040,0002002195-000040,BR_00000036,BR_00000008,numeric-chain-000043,5,21,44.29,1051,0.65,770,810,DC51D+Z,普碳,SPHC,软钢,normal_real,,,,,,
diagnostic_candidate,True,0002001880-000090,0002001880-000090,0002001880-000090,BR_00000024,BR_00000008,numeric-chain-000043,5,22,63.14,1051,0.65,770,810,DC51D+Z,普碳,SPHC,软钢,normal_real,,,,,,
diagnostic_candidate,True,0002002195-000220,0002002195-000220,0002002195-000220,BR_00000036,BR_00000008,numeric-chain-000043,5,23,80,1040,0.65,770,810,DC51D+Z,普碳,SPHC,软钢,normal_real,,,,,,
diagnostic_candidate,True,0002001744-000170,0002001744-000170,0002001744-000170,BR_00000018,BR_00000008,numeric-chain-000043,5,24,6.14,1034,0.65,770,810,DC51D+Z,普碳,SPHC,软钢,normal_real,,,,,,
diagnostic_candidate,True,0002002184-000210,0002002184-000210,0002002184-000210,BR_00000036,BR_00000008,numeric-chain-000043,5,25,25,1030,0.6,770,810,DC51D+Z,IF钢,SPHETI-3,软钢,normal_real,,,,,,
diagnostic_candidate,True,0002001860-000190,0002001860-000190,0002001860-000190,BR_00000024,BR_00000008,numeric-chain-000043,5,26,20,1021,0.65,770,810,DC51D+Z,普碳,SPHC,软钢,normal_real,,,,,,
diagnostic_candidate,True,0002001750-000110,0002001750-000110,0002001750-000110,BR_00000018,BR_00000008,numeric-chain-000043,5,27,40,1020,0.6,770,810,DC51D+Z,普碳,SPHC,软钢,normal_real,,,,,,
diagnostic_candidate,True,0002002180-000030,0002002180-000030,0002002180-000030,BR_00000036,BR_00000008,numeric-chain-000043,5,28,89,1020,0.6,770,810,DC51D+Z,IF钢,SPHETI-3,软钢,normal_real,,,,,,
diagnostic_candidate,True,0002001890-000080,0002001890-000080,0002001890-000080,BR_00000024,BR_00000008,numeric-chain-000043,5,29,15,1020,0.65,770,810,DC51D+Z,普碳,SPHC,软钢,normal_real,,,,,,
diagnostic_candidate,True,0002001880-000060,0002001880-000060,0002001880-000060,BR_00000024,BR_00000008,numeric-chain-000043,5,30,22,1013,0.7,770,810,DC51D+Z,普碳,SPHC,软钢,normal_real,,,,,,
diagnostic_candidate,True,0030115673-000050,0030115673-000050,0030115673-000050,BR_00000025,BR_00000008,numeric-chain-000043,5,31,22,1010,0.7,780,800,HC220YD+Z,加磷高强、烘烤硬化钢,H220Y,软钢,normal_real,,,,,,
diagnostic_candidate,True,0030103543-000050,0030103543-000050,0030103543-000050,BR_00000012,BR_00000008,numeric-chain-000043,5,32,44,1010,0.8,700,840,DC51D+Z,普碳,SPHC,软钢,normal_real,,,,,,
diagnostic_candidate,True,0030114487-000020,0030114487-000020,0030114487-000020,BR_00000024,BR_00000008,numeric-chain-000043,5,33,160,1010,0.8,810,830,HC180YD+Z,加磷高强、烘烤硬化钢,H180YD,软钢,normal_real,,,,,,
diagnostic_candidate,True,0002002170-000170,0002002170-000170,0002002170-000170,BR_00000036,BR_00000008,numeric-chain-000043,5,34,89.78,1000,0.65,810,830,180YD+Z,加磷高强、烘烤硬化钢,H180YD,软钢,normal_real,,,,,,
diagnostic_candidate,True,0002001740-000030,0002001740-000030,0002001740-000030,BR_00000018,BR_00000008,numeric-chain-000043,5,35,40,1000,0.65,810,830,180YD+Z,加磷高强、烘烤硬化钢,H180YD,软钢,normal_real,,,,,,
diagnostic_candidate,True,0030101956-000010,0030101956-000010,0030101956-000010,BR_00000008,BR_00000008,numeric-chain-000043,5,36,5.94,1000,0.8,820,840,DC53D+Z,IF钢,SPHETI-5,软钢,normal_real,,,,,,
diagnostic_candidate,True,0010018679-000010,0010018679-000010,0010018679-000010,BR_00000030,BR_00000008,numeric-chain-000043,5,37,32.4,1000,1,700,840,DC51D+Z,普碳,SPHC,软钢,actual_transition,,,,,,
diagnostic_candidate,True,0002002009-000210,0002002009-000210,0002002009-000210,BR_00000030,BR_00000008,numeric-chain-000043,5,38,25,1000,1,770,810,DC51D+Z,普碳,SPHC,软钢,normal_real,,,,,,
diagnostic_candidate,True,0030112477-000010,0030112477-000010,0030112477-000010,BR_00000024,BR_00000008,numeric-chain-000043,5,39,22,1000,1,800,820,HC260YD+Z,加磷高强、烘烤硬化钢,H260Y,软钢,normal_real,,,,,,
diagnostic_candidate,True,0030108871-000020,0030108871-000020,0030108871-000020,BR_00000018,BR_00000008,numeric-chain-000043,5,40,103.93,1000,1.2,700,840,DC51D+Z,普碳,SPHC,软钢,actual_transition,,,,,,
diagnostic_candidate,True,0030112291-000040,0030112291-000040,0030112291-000040,BR_00000024,BR_00000008,numeric-chain-000043,5,41,66,1000,1.4,700,840,DC51D+Z,普碳,SPHC,软钢,actual_transition,,,,,,
diagnostic_candidate,True,0005000563-000220,0005000563-000220,0005000563-000220,BR_00000036,BR_00000008,numeric-chain-000043,5,42,18.22,928,1.2,820,840,CR210BH,加磷高强、烘烤硬化钢,H220BH,软钢,normal_real,,,,,,
diagnostic_candidate,True,0005000464-000210,0005000464-000210,0005000464-000210,BR_00000012,BR_00000008,numeric-chain-000043,5,43,18,928,1.2,820,840,CR210BH,加磷高强、烘烤硬化钢,H220BH,软钢,normal_real,,,,,,
diagnostic_candidate,True,0030122760-000020,0030122760-000020,0030122760-000020,BR_00000036,BR_00000008,numeric-chain-000043,5,44,8.73,914,1.5,830,850,CR180BH,加磷高强、烘烤硬化钢,H180BH,软钢,normal_real,,,,,,
diagnostic_candidate,True,0005000486-000280,0005000486-000280,0005000486-000280,BR_00000018,BR_00000008,numeric-chain-000043,5,45,16,900,1.2,820,860,CR3,IF钢,SPHETI-36,软钢,normal_real,,,,,,
diagnostic_candidate,True,0005000563-000170,0005000563-000170,0005000563-000170,BR_00000036,BR_00000008,numeric-chain-000043,5,46,48,900,1.2,830,850,CR180BH,加磷高强、烘烤硬化钢,H180BH,软钢,normal_real,,,,,,
diagnostic_candidate,True,0002001612-000080,0002001612-000080,0002001612-000080,BR_00000012,BR_00000008,numeric-chain-000043,5,47,45.2,900,1,830,850,DC53D+Z,IF钢,SPHETI-3,软钢,normal_real,,,,,,
diagnostic_candidate,True,0002001981-000070,0002001981-000070,0002001981-000070,BR_00000030,BR_00000008,numeric-chain-000043,5,48,20.69,895,0.8,830,850,DC53D+Z,IF钢,SPHETI-3,软钢,normal_real,,,,,,
diagnostic_candidate,True,0002001871-000410,0002001871-000410,0002001871-000410,BR_00000024,BR_00000008,numeric-chain-000043,5,49,35.7,857,1,830,850,DC53D+Z,IF钢,SPHETI-3,软钢,normal_real,,,,,,
diagnostic_candidate,True,0002001890-000250,0002001890-000250,0002001890-000250,BR_00000024,BR_00000008,numeric-chain-000043,5,50,13,857,1,830,850,DC53D+Z,IF钢,SPHETI-3,软钢,normal_real,,,,,,
diagnostic_candidate,True,0005000547-000060,0005000547-000060,0005000547-000060,BR_00000030,BR_00000009,numeric-chain-000056,1,1,36,1585,1.2,680,700,CR270LA,低合金高强,H260LAD-3,硬钢,normal_real,,,,,,
diagnostic_candidate,True,0005000501-000060,0005000501-000060,0005000501-000060,BR_00000024,BR_00000009,numeric-chain-000056,1,2,18,1585,1.2,680,700,CR270LA,低合金高强,H260LAD-3,硬钢,normal_real,,,,,,
diagnostic_candidate,True,0005000464-000060,0005000464-000060,0005000464-000060,BR_00000012,BR_00000009,numeric-chain-000056,1,3,18,1585,1.2,680,700,CR270LA,低合金高强,H260LAD-3,硬钢,normal_real,,,,,,
diagnostic_candidate,True,0030112686-000050,0030112686-000050,0030112686-000050,BR_00000024,BR_00000009,numeric-chain-000056,1,4,198,1412,1.2,680,700,CR270LA,低合金高强,H260LAD-3,硬钢,normal_real,,,,,,
diagnostic_candidate,True,0030102084-000040,0030102084-000040,0030102084-000040,BR_00000009,BR_00000009,numeric-chain-000056,1,5,20.27,1412,1.2,680,700,CR270LA,低合金高强,H260LAD-3,硬钢,normal_real,,,,,,
diagnostic_candidate,True,0030104328-000020,0030104328-000020,0030104328-000020,BR_00000012,BR_00000009,numeric-chain-000056,1,6,88,1412,1.2,680,700,CR270LA,低合金高强,H260LAD-3,硬钢,normal_real,,,,,,
diagnostic_candidate,True,0030117110-000060,0030117110-000060,0030117110-000060,BR_00000030,BR_00000009,numeric-chain-000056,1,7,88,1412,1.2,680,700,CR270LA,低合金高强,H260LAD-3,硬钢,normal_real,,,,,,
diagnostic_candidate,True,0005000514-000100,0005000514-000100,0005000514-000100,BR_00000024,BR_00000009,numeric-chain-000056,1,8,23,1113,1.4,670,690,CR270LA,低合金高强,H260LAD-3,硬钢,normal_real,,,,,,
diagnostic_candidate,True,virtual-000005,,,,BR_00000009,numeric-chain-000056,1,9,20.00,1000,1.20,670,840,SPHC,,SPHC,,virtual_sphc,,"{""accepted_sequence"":5,""prototype_id"":""virtual_sphc:1000x1.2"",""purpose"":""edge_bridge"",""related_partition_id"":null}",,,,
diagnostic_candidate,True,0002001647-000040,0002001647-000040,0002001647-000040,BR_00000012,BR_00000009,numeric-chain-000056,1,10,280.62,1050,1.2,820,840,DX53D+Z-CD,IF钢,SPHETI-5,软钢,normal_real,,,,,,
diagnostic_candidate,True,0030105044-000010,0030105044-000010,0030105044-000010,BR_00000012,BR_00000009,numeric-chain-000056,1,11,95.71,1020,1,830,850,HDX53D+Z-SN,IF钢,SPHETI-3,软钢,normal_real,,,,,,
diagnostic_candidate,True,0002002176-000230,0002002176-000230,0002002176-000230,BR_00000036,BR_00000009,numeric-chain-000079,2,1,15,1555,0.6,770,810,DC51D+Z,普碳,SPHC,软钢,normal_real,,,,,,
diagnostic_candidate,True,0010019718-000050,0010019718-000050,0010019718-000050,BR_00000036,BR_00000009,numeric-chain-000079,2,2,96,1550,0.5,700,840,DC51D+Z,普碳,SPHC,软钢,actual_transition,,,,,,
diagnostic_candidate,True,0030107089-000010,0030107089-000010,0030107089-000010,BR_00000018,BR_00000009,numeric-chain-000079,2,3,96,1500,0.5,700,840,DC51D+Z,普碳,SPHC,软钢,actual_transition,,,,,,
diagnostic_candidate,True,0030102732-000060,0030102732-000060,0030102732-000060,BR_00000009,BR_00000009,numeric-chain-000079,2,4,48,1500,0.5,700,840,DC51D+Z,普碳,SPHC,软钢,actual_transition,,,,,,
diagnostic_candidate,True,0030104603-000010,0030104603-000010,0030104603-000010,BR_00000012,BR_00000009,numeric-chain-000079,2,5,24,1500,0.5,700,840,DC51D+Z,普碳,SPHC,软钢,actual_transition,,,,,,
diagnostic_candidate,True,0002002170-000300,0002002170-000300,0002002170-000300,BR_00000036,BR_00000009,numeric-chain-000079,2,6,23,1500,0.6,810,830,180YD+Z,加磷高强、烘烤硬化钢,H180YD,软钢,normal_real,,,,,,
diagnostic_candidate,True,0005000501-000260,0005000501-000260,0005000501-000260,BR_00000024,BR_00000009,numeric-chain-000079,2,7,21,1490,0.7,800,820,CR2,IF钢,SPHETI-36,软钢,normal_real,,,,,,
diagnostic_candidate,True,0002002035-000050,0002002035-000050,0002002035-000050,BR_00000030,BR_00000009,numeric-chain-000079,2,8,49,1490,0.65,770,810,DC51D+Z,普碳,SPHC,软钢,normal_real,,,,,,
diagnostic_candidate,True,0002001998-000180,0002001998-000180,0002001998-000180,BR_00000030,BR_00000009,numeric-chain-000079,2,9,85.33,1490,0.65,770,810,DC51D+Z,普碳,SPHC,软钢,normal_real,,,,,,
diagnostic_candidate,True,0002002195-000150,0002002195-000150,0002002195-000150,BR_00000036,BR_00000009,numeric-chain-000079,2,10,175,1490,0.65,770,810,DC51D+Z,IF钢,SPHETI-3,软钢,normal_real,,,,,,
diagnostic_candidate,True,0002002044-000030,0002002044-000030,0002002044-000030,BR_00000030,BR_00000009,numeric-chain-000079,2,11,48,1490,0.65,770,810,DC51D+Z,普碳,SPHC,软钢,normal_real,,,,,,
diagnostic_candidate,True,0002001633-000100,0002001633-000100,0002001633-000100,BR_00000012,BR_00000009,numeric-chain-000079,2,12,20,1490,0.65,770,810,DC51D+Z,普碳,SPHC,软钢,normal_real,,,,,,
diagnostic_candidate,True,0002002009-000110,0002002009-000110,0002002009-000110,BR_00000030,BR_00000009,numeric-chain-000079,2,13,13,1470,0.65,770,810,DC51D+Z,普碳,SPHC,软钢,normal_real,,,,,,
diagnostic_candidate,True,0002002162-000010,0002002162-000010,0002002162-000010,BR_00000036,BR_00000009,numeric-chain-000079,2,14,50.18,1470,0.65,770,810,DC51D+Z,IF钢,SPHETI-3,软钢,normal_real,,,,,,
diagnostic_candidate,True,0002002044-000020,0002002044-000020,0002002044-000020,BR_00000030,BR_00000009,numeric-chain-000079,2,15,48,1470,0.65,770,810,DC51D+Z,普碳,SPHC,软钢,normal_real,,,,,,
diagnostic_candidate,True,0002002009-000040,0002002009-000040,0002002009-000040,BR_00000030,BR_00000009,numeric-chain-000079,2,16,46,1468,0.65,770,810,DC51D+Z,IF钢,SPHETI-3,软钢,normal_real,,,,,,
diagnostic_candidate,True,0002001750-000500,0002001750-000500,0002001750-000500,BR_00000018,BR_00000009,numeric-chain-000079,2,17,20,1467,0.6,770,810,DC51D+Z,普碳,SPHC,软钢,normal_real,,,,,,
diagnostic_candidate,True,0002001981-000040,0002001981-000040,0002001981-000040,BR_00000030,BR_00000009,numeric-chain-000079,2,18,45.1,1465,0.6,770,810,DC51D+Z,IF钢,SPHETI-3,软钢,normal_real,,,,,,
diagnostic_candidate,True,0002002176-000030,0002002176-000030,0002002176-000030,BR_00000036,BR_00000009,numeric-chain-000079,2,19,15,1465,0.65,770,810,DC51D+Z,IF钢,SPHETI-3,软钢,normal_real,,,,,,
diagnostic_candidate,True,0002002195-000140,0002002195-000140,0002002195-000140,BR_00000036,BR_00000009,numeric-chain-000079,2,20,72,1463,0.65,770,810,DC51D+Z,IF钢,SPHETI-3,软钢,normal_real,,,,,,
diagnostic_candidate,True,0002001998-000170,0002001998-000170,0002001998-000170,BR_00000030,BR_00000009,numeric-chain-000079,2,21,46.99,1463,0.65,770,810,DC51D+Z,普碳,SPHC,软钢,normal_real,,,,,,
diagnostic_candidate,True,0002001633-000200,0002001633-000200,0002001633-000200,BR_00000012,BR_00000009,numeric-chain-000079,2,22,24,1458,0.65,770,810,DC51D+Z,普碳,SPHC,软钢,normal_real,,,,,,
diagnostic_candidate,True,0002001986-000080,0002001986-000080,0002001986-000080,BR_00000030,BR_00000009,numeric-chain-000079,2,23,11.5,1455,0.65,770,810,DC51D+Z,普碳,SPHC,软钢,normal_real,,,,,,
diagnostic_candidate,True,0030119862-000180,0030119862-000180,0030119862-000180,BR_00000030,BR_00000009,numeric-chain-000079,2,24,24,1453,0.7,790,810,HC260YD+Z,加磷高强、烘烤硬化钢,H260Y,软钢,normal_real,,,,,,
diagnostic_candidate,True,0002002044-000070,0002002044-000070,0002002044-000070,BR_00000030,BR_00000009,numeric-chain-000079,2,25,240,1450,0.65,770,810,DC51D+Z,普碳,SPHC,软钢,normal_real,,,,,,
diagnostic_candidate,True,0002002162-000040,0002002162-000040,0002002162-000040,BR_00000036,BR_00000009,numeric-chain-000079,2,26,143.5,1450,0.65,770,810,DC51D+Z,IF钢,SPHETI-3,软钢,normal_real,,,,,,
diagnostic_candidate,True,0002001635-000080,0002001635-000080,0002001635-000080,BR_00000012,BR_00000009,numeric-chain-000079,2,27,24,1441,0.65,770,810,DC51D+Z,普碳,SPHC,软钢,normal_real,,,,,,
diagnostic_candidate,True,0002001767-000090,0002001767-000090,0002001767-000090,BR_00000018,BR_00000009,numeric-chain-000079,2,28,17.72,1425,0.65,770,810,DC51D+Z,普碳,SPHC,软钢,normal_real,,,,,,
diagnostic_candidate,True,0030119797-000120,0030119797-000120,0030119797-000120,BR_00000030,BR_00000009,numeric-chain-000079,2,29,24,1400,0.7,790,810,HC260YD+Z,加磷高强、烘烤硬化钢,H260Y,软钢,normal_real,,,,,,
diagnostic_candidate,True,0030119985-000020,0030119985-000020,0030119985-000020,BR_00000030,BR_00000009,numeric-chain-000079,2,30,5.81,1400,0.8,700,840,DC51D+Z,普碳,SPHC,软钢,actual_transition,,,,,,
diagnostic_candidate,True,0005000501-000020,0005000501-000020,0005000501-000020,BR_00000024,BR_00000009,numeric-chain-000079,2,31,21,1385,1,720,760,CR420LA,低合金高强,H420LAD-3,硬钢,normal_real,,,,,,
diagnostic_candidate,True,0005000464-000020,0005000464-000020,0005000464-000020,BR_00000012,BR_00000009,numeric-chain-000079,2,32,21,1385,1,720,760,CR420LA,低合金高强,H420LAD-3,硬钢,normal_real,,,,,,
diagnostic_candidate,True,0005000547-000020,0005000547-000020,0005000547-000020,BR_00000030,BR_00000009,numeric-chain-000079,2,33,19.34,1385,1,720,760,CR420LA,低合金高强,H420LAD-3,硬钢,normal_real,,,,,,
diagnostic_candidate,True,0005000489-000040,0005000489-000040,0005000489-000040,BR_00000018,BR_00000009,numeric-chain-000079,2,34,23,1350,0.8,715,735,CR270LA,低合金高强,H260LAD-3,硬钢,normal_real,,,,,,
diagnostic_candidate,True,0030117111-000010,0030117111-000010,0030117111-000010,BR_00000030,BR_00000009,numeric-chain-000079,2,35,66,1320,0.8,715,735,CR270LA,低合金高强,H260LAD-3,硬钢,normal_real,,,,,,
diagnostic_candidate,True,0030122760-000010,0030122760-000010,0030122760-000010,BR_00000036,BR_00000009,numeric-chain-000079,2,36,25.75,1320,0.8,715,735,CR270LA,低合金高强,H260LAD-3,硬钢,normal_real,,,,,,
diagnostic_candidate,True,0030103224-000020,0030103224-000020,0030103224-000020,BR_00000012,BR_00000009,numeric-chain-000079,2,37,21.54,1290,0.8,700,840,DC51D+Z,普碳,SPHC,软钢,actual_transition,,,,,,
diagnostic_candidate,True,0030113466-000080,0030113466-000080,0030113466-000080,BR_00000024,BR_00000009,numeric-chain-000079,2,38,24,1290,0.8,820,840,DC53D+Z,IF钢,SPHETI-5,软钢,normal_real,,,,,,
diagnostic_candidate,True,0005000544-000020,0005000544-000020,0005000544-000020,BR_00000030,BR_00000009,numeric-chain-000079,2,39,7,1285,0.8,830,850,CR3,IF钢,SPHETI-36,软钢,normal_real,,,,,,
diagnostic_candidate,True,0005000547-000810,0005000547-000810,0005000547-000810,BR_00000030,BR_00000009,numeric-chain-000069,3,1,21,1565,1,820,840,CR210BH,加磷高强、烘烤硬化钢,H220BH,软钢,normal_real,,,,,,
diagnostic_candidate,True,0005000464-000750,0005000464-000750,0005000464-000750,BR_00000012,BR_00000009,numeric-chain-000069,3,2,21,1565,1,820,840,CR210BH,加磷高强、烘烤硬化钢,H220BH,软钢,normal_real,,,,,,
diagnostic_candidate,True,0005000547-000580,0005000547-000580,0005000547-000580,BR_00000030,BR_00000009,numeric-chain-000069,3,3,21,1551,1,820,840,CR210BH,加磷高强、烘烤硬化钢,H220BH,软钢,normal_real,,,,,,
diagnostic_candidate,True,0030102088-000110,0030102088-000110,0030102088-000110,BR_00000009,BR_00000009,numeric-chain-000069,3,4,18.21,1549,0.8,830,850,CR3,IF钢,SPHETI-36,软钢,normal_real,,,,,,
diagnostic_candidate,True,0030112686-000090,0030112686-000090,0030112686-000090,BR_00000024,BR_00000009,numeric-chain-000069,3,5,44,1549,0.8,830,850,CR3,IF钢,SPHETI-36,软钢,normal_real,,,,,,
diagnostic_candidate,True,0030104328-000030,0030104328-000030,0030104328-000030,BR_00000012,BR_00000009,numeric-chain-000069,3,6,44.13,1549,0.8,830,850,CR3,IF钢,SPHETI-36,软钢,normal_real,,,,,,
diagnostic_candidate,True,0002001750-000350,0002001750-000350,0002001750-000350,BR_00000018,BR_00000009,numeric-chain-000069,3,7,24,1540,0.8,830,850,DC56D+Z,IF钢,SPHETI-3,软钢,normal_real,,,,,,
diagnostic_candidate,True,0002001617-000260,0002001617-000260,0002001617-000260,BR_00000012,BR_00000009,numeric-chain-000069,3,8,60,1540,0.8,830,850,DC56D+Z,IF钢,SPHETI-3,软钢,normal_real,,,,,,
diagnostic_candidate,True,0002002180-000140,0002002180-000140,0002002180-000140,BR_00000036,BR_00000009,numeric-chain-000069,3,9,20,1540,0.8,830,850,DC56D+Z,IF钢,SPHETI-3,软钢,normal_real,,,,,,
diagnostic_candidate,True,0002001603-000140,0002001603-000140,0002001603-000140,BR_00000012,BR_00000009,numeric-chain-000069,3,10,7.42,1530,0.65,830,850,DC54D+Z,IF钢,SPHETI-3,软钢,normal_real,,,,,,
diagnostic_candidate,True,0030113832-000020,0030113832-000020,0030113832-000020,BR_00000024,BR_00000009,numeric-chain-000069,3,11,23,1530,0.7,820,840,HC180BD+Z,加磷高强、烘烤硬化钢,H180BH1,软钢,normal_real,,,,,,
diagnostic_candidate,True,0030104028-000030,0030104028-000030,0030104028-000030,BR_00000012,BR_00000009,numeric-chain-000069,3,12,23,1500,0.65,820,840,HC180BD+Z,加磷高强、烘烤硬化钢,H180BH1,软钢,normal_real,,,,,,
diagnostic_candidate,True,0002002026-000010,0002002026-000010,0002002026-000010,BR_00000030,BR_00000009,numeric-chain-000069,3,13,23,1498,0.8,830,850,DC53D+Z,IF钢,SPHETI-3,软钢,normal_real,,,,,,
diagnostic_candidate,True,0030118006-000070,0030118006-000070,0030118006-000070,BR_00000030,BR_00000009,numeric-chain-000069,3,14,216,1480,0.8,700,840,DC51D+Z,普碳,SPHC,软钢,normal_real,,,,,,
diagnostic_candidate,True,0030124871-000110,0030124871-000110,0030124871-000110,BR_00000036,BR_00000009,numeric-chain-000069,3,15,140,1460,0.6,730,750,DX51D+Z,普碳,SPHC,软钢,normal_real,,,,,,
diagnostic_candidate,True,0030106245-000060,0030106245-000060,0030106245-000060,BR_00000012,BR_00000009,numeric-chain-000069,3,16,24,1450,0.8,700,840,DC51D+Z,普碳,SPHC,软钢,normal_real,,,,,,
diagnostic_candidate,True,0005000563-000280,0005000563-000280,0005000563-000280,BR_00000036,BR_00000009,numeric-chain-000069,3,17,5.44,1448,0.8,830,850,CR3,IF钢,SPHETI-36,软钢,normal_real,,,,,,
diagnostic_candidate,True,0005000486-000340,0005000486-000340,0005000486-000340,BR_00000018,BR_00000009,numeric-chain-000069,3,18,60.99,1448,0.8,830,850,CR3,IF钢,SPHETI-36,软钢,normal_real,,,,,,
diagnostic_candidate,True,0002001612-000660,0002001612-000660,0002001612-000660,BR_00000012,BR_00000009,numeric-chain-000069,3,19,6.62,1442,0.65,830,850,DC54D+Z,IF钢,SPHETI-3,软钢,normal_real,,,,,,
diagnostic_candidate,True,0002002184-000030,0002002184-000030,0002002184-000030,BR_00000036,BR_00000009,numeric-chain-000069,3,20,23,1440,0.65,830,850,DC53D+Z,IF钢,SPHETI-3,软钢,normal_real,,,,,,
diagnostic_candidate,True,0002001768-000040,0002001768-000040,0002001768-000040,BR_00000018,BR_00000009,numeric-chain-000069,3,21,46,1434,0.7,830,850,DC53D+Z,IF钢,SPHETI-3,软钢,normal_real,,,,,,
diagnostic_candidate,True,0030103920-000040,0030103920-000040,0030103920-000040,BR_00000012,BR_00000009,numeric-chain-000069,3,22,10.21,1430,0.65,830,850,SCG4+Z,IF钢,SPHETI-3,软钢,normal_real,,,,,,
diagnostic_candidate,True,0030120728-000010,0030120728-000010,0030120728-000010,BR_00000031,BR_00000009,numeric-chain-000069,3,23,24,1426,0.8,830,850,DC54D+Z,IF钢,SPHETI-5,软钢,normal_real,,,,,,
diagnostic_candidate,True,0030105479-000010,0030105479-000010,0030105479-000010,BR_00000012,BR_00000009,numeric-chain-000069,3,24,24,1426,0.8,830,850,DC54D+Z,IF钢,SPHETI-3,软钢,normal_real,,,,,,
diagnostic_candidate,True,0030106245-000050,0030106245-000050,0030106245-000050,BR_00000012,BR_00000009,numeric-chain-000069,3,25,48,1416,0.8,820,840,DC53D+Z,IF钢,SPHETI-5,软钢,normal_real,,,,,,
diagnostic_candidate,True,0030124683-000030,0030124683-000030,0030124683-000030,BR_00000036,BR_00000009,numeric-chain-000069,3,26,23.68,1410,0.8,830,850,DC56D+Z,IF钢,SPHETI-3,软钢,normal_real,,,,,,
diagnostic_candidate,True,0030103920-000020,0030103920-000020,0030103920-000020,BR_00000012,BR_00000009,numeric-chain-000069,3,27,25.88,1390,0.7,830,850,SCG4+Z,IF钢,SPHETI-3,软钢,normal_real,,,,,,
diagnostic_candidate,True,0030112575-000020,0030112575-000020,0030112575-000020,BR_00000024,BR_00000009,numeric-chain-000069,3,28,208,1390,0.7,830,850,SCG4+Z,IF钢,SPHETI-3,软钢,normal_real,,,,,,
diagnostic_candidate,True,0030108260-000020,0030108260-000020,0030108260-000020,BR_00000018,BR_00000009,numeric-chain-000069,3,29,182,1390,0.7,830,850,SCG4+Z,IF钢,SPHETI-3,软钢,normal_real,,,,,,
diagnostic_candidate,True,0030102674-000020,0030102674-000020,0030102674-000020,BR_00000012,BR_00000009,numeric-chain-000069,3,30,33.85,1390,0.7,830,850,SCG4+Z,IF钢,SPHETI-3,软钢,normal_real,,,,,,
diagnostic_candidate,True,0002001860-000390,0002001860-000390,0002001860-000390,BR_00000024,BR_00000009,numeric-chain-000069,3,31,29,1390,0.65,830,850,DC53D+Z,IF钢,SPHETI-3,软钢,normal_real,,,,,,
diagnostic_candidate,True,0002002180-000280,0002002180-000280,0002002180-000280,BR_00000036,BR_00000009,numeric-chain-000069,3,32,20,1390,0.65,830,850,DC53D+Z,IF钢,SPHETI-3,软钢,normal_real,,,,,,
diagnostic_candidate,True,virtual-000039,,,,BR_00000009,numeric-chain-000069,3,33,20.00,1250,0.80,820,850,SPHC,,SPHC,,virtual_sphc,,"{""accepted_sequence"":39,""prototype_id"":""virtual_sphc:1250x0.8"",""purpose"":""edge_bridge"",""related_partition_id"":null}",,,,
diagnostic_candidate,True,0002001756-000040,0002001756-000040,0002001756-000040,BR_00000018,BR_00000009,numeric-chain-000069,3,34,179.73,1050,1,820,840,DX53D+Z-CD,IF钢,SPHETI-5,软钢,normal_real,,,,,,
diagnostic_candidate,True,0030118093-000060,0030118093-000060,0030118093-000060,BR_00000030,BR_00000009,numeric-chain-000069,3,35,44,1048,0.8,820,840,DC53D+Z,IF钢,SPHETI-5,软钢,normal_real,,,,,,
diagnostic_candidate,True,0030120757-000020,0030120757-000020,0030120757-000020,BR_00000031,BR_00000009,numeric-chain-000069,3,36,66,1044,0.7,830,850,DC54D+Z,IF钢,SPHETI-5,软钢,normal_real,,,,,,
diagnostic_candidate,True,0030114676-000020,0030114676-000020,0030114676-000020,BR_00000024,BR_00000009,numeric-chain-000069,3,37,88,1040,0.7,820,840,DC53D+Z,IF钢,SPHETI-5,软钢,normal_real,,,,,,
diagnostic_candidate,True,0002001888-000010,0002001888-000010,0002001888-000010,BR_00000024,BR_00000012,numeric-chain-000013,1,1,20,1589,1.4,770,810,DC51D+Z,普碳,SPHC,软钢,normal_real,,,,,,
diagnostic_candidate,True,0002001750-000550,0002001750-000550,0002001750-000550,BR_00000018,BR_00000012,numeric-chain-000013,1,2,24,1589,1.4,770,810,DC51D+Z,普碳,SPHC,软钢,normal_real,,,,,,
diagnostic_candidate,True,0002002184-000170,0002002184-000170,0002002184-000170,BR_00000036,BR_00000012,numeric-chain-000013,1,3,23,1512,1.2,770,810,DC51D+Z,普碳,SPHC,软钢,normal_real,,,,,,
diagnostic_candidate,True,0030105416-000030,0030105416-000030,0030105416-000030,BR_00000012,BR_00000012,numeric-chain-000013,1,4,48,1502,1.2,795,815,HC220YD+Z,加磷高强、烘烤硬化钢,H220Y,软钢,normal_real,,,,,,
diagnostic_candidate,True,0030105462-000050,0030105462-000050,0030105462-000050,BR_00000012,BR_00000012,numeric-chain-000013,1,5,70.15,1500,1.2,700,840,DC51D+Z,普碳,SPHC,软钢,actual_transition,,,,,,
diagnostic_candidate,True,0030107311-000390,0030107311-000390,0030107311-000390,BR_00000018,BR_00000012,numeric-chain-000013,1,6,24,1500,1.5,700,840,DC51D+Z,普碳,SPHC,软钢,actual_transition,,,,,,
diagnostic_candidate,True,0005000548-000060,0005000548-000060,0005000548-000060,BR_00000030,BR_00000012,numeric-chain-000013,1,7,7,1460,2,715,735,CR380LA,低合金高强,H380LA-3,硬钢,normal_real,,,,,,
diagnostic_candidate,True,0005000514-000060,0005000514-000060,0005000514-000060,BR_00000024,BR_00000012,numeric-chain-000013,1,8,23,1385,1.8,715,735,CR380LA,低合金高强,H380LA-3,硬钢,normal_real,,,,,,
diagnostic_candidate,True,0005000548-000010,0005000548-000010,0005000548-000010,BR_00000030,BR_00000012,numeric-chain-000013,1,9,7,1355,1.6,715,735,CR380LA,低合金高强,H380LA-3,硬钢,normal_real,,,,,,
diagnostic_candidate,True,0030124735-000110,0030124735-000110,0030124735-000110,BR_00000036,BR_00000012,numeric-chain-000013,1,10,24,1350,1.4,700,840,DX51D+Z,普碳,SPHC,软钢,actual_transition,,,,,,
diagnostic_candidate,True,0030110864-000040,0030110864-000040,0030110864-000040,BR_00000019,BR_00000012,numeric-chain-000013,1,11,24,1320,1.15,830,850,DC56D+Z,IF钢,SPHETI-3,软钢,normal_real,,,,,,
diagnostic_candidate,True,0030110866-000030,0030110866-000030,0030110866-000030,BR_00000019,BR_00000012,numeric-chain-000013,1,12,24,1320,1.15,830,850,DC56D+Z,IF钢,SPHETI-3,软钢,normal_real,,,,,,
diagnostic_candidate,True,0030124567-000010,0030124567-000010,0030124567-000010,BR_00000036,BR_00000012,numeric-chain-000013,1,13,24,1310,1,830,850,DC56D+Z,IF钢,SPHETI-3,软钢,normal_real,,,,,,
diagnostic_candidate,True,0002001871-000110,0002001871-000110,0002001871-000110,BR_00000024,BR_00000012,numeric-chain-000013,1,14,13,1310,1,830,850,DC54D+Z,IF钢,SPHETI-3,软钢,normal_real,,,,,,
diagnostic_candidate,True,0002001744-000060,0002001744-000060,0002001744-000060,BR_00000018,BR_00000012,numeric-chain-000013,1,15,13,1305,1,830,850,DC53D+Z,IF钢,SPHETI-3,软钢,normal_real,,,,,,
diagnostic_candidate,True,0002002054-000100,0002002054-000100,0002002054-000100,BR_00000030,BR_00000012,numeric-chain-000013,1,16,220,1300,1,820,840,DX53D+Z-MD,IF钢,SPHETI-5,软钢,normal_real,,,,,,
diagnostic_candidate,True,0030114739-000020,0030114739-000020,0030114739-000020,BR_00000024,BR_00000012,numeric-chain-000013,1,17,24,1282,1.2,810,830,HC180YD+Z,加磷高强、烘烤硬化钢,H180YD,软钢,normal_real,,,,,,
diagnostic_candidate,True,0030105612-000100,0030105612-000100,0030105612-000100,BR_00000012,BR_00000012,numeric-chain-000013,1,18,24,1280,1,800,820,HC260YD+Z,加磷高强、烘烤硬化钢,H260Y,软钢,normal_real,,,,,,
diagnostic_candidate,True,0030107853-000010,0030107853-000010,0030107853-000010,BR_00000018,BR_00000012,numeric-chain-000013,1,19,165.79,1270,0.85,810,830,HC180YD+Z,加磷高强、烘烤硬化钢,H180YD,软钢,normal_real,,,,,,
diagnostic_candidate,True,0030105508-000010,0030105508-000010,0030105508-000010,BR_00000012,BR_00000012,numeric-chain-000013,1,20,31.54,1270,0.85,810,830,HC180YD+Z,加磷高强、烘烤硬化钢,H180YD,软钢,normal_real,,,,,,
diagnostic_candidate,True,0030108855-000010,0030108855-000010,0030108855-000010,BR_00000018,BR_00000012,numeric-chain-000013,1,21,24,1265,1,820,840,DC53D+Z,IF钢,SPHETI-5,软钢,normal_real,,,,,,
diagnostic_candidate,True,0030107381-000090,0030107381-000090,0030107381-000090,BR_00000018,BR_00000012,numeric-chain-000013,1,22,44,1260,0.8,830,850,CR3,IF钢,SPHETI-36,软钢,normal_real,,,,,,
diagnostic_candidate,True,0030106799-000010,0030106799-000010,0030106799-000010,BR_00000013,BR_00000012,numeric-chain-000013,1,23,72,1260,0.7,830,850,DC56D+Z,IF钢,SPHETI-3,软钢,normal_real,,,,,,
diagnostic_candidate,True,0030123653-000060,0030123653-000060,0030123653-000060,BR_00000036,BR_00000012,numeric-chain-000013,1,24,96,1260,0.8,700,840,DC51D+Z,普碳,SPHC,软钢,normal_real,,,,,,
diagnostic_candidate,True,0030105927-000020,0030105927-000020,0030105927-000020,BR_00000012,BR_00000012,numeric-chain-000013,1,25,192,1250,0.6,700,720,DX51D+Z3,深冲钢（PD）,DD12BB,软钢,normal_real,,,,,,
diagnostic_candidate,True,0030106987-000020,0030106987-000020,0030106987-000020,BR_00000018,BR_00000012,numeric-chain-000013,1,26,24,1250,0.6,700,840,DX51D+Z,普碳,SPHC,软钢,actual_transition,,,,,,
diagnostic_candidate,True,0030106897-000020,0030106897-000020,0030106897-000020,BR_00000018,BR_00000012,numeric-chain-000013,1,27,47.54,1250,0.6,700,840,DC51D+Z,普碳,SPHC,软钢,actual_transition,,,,,,
diagnostic_candidate,True,0002001906-000110,0002001906-000110,0002001906-000110,BR_00000025,BR_00000012,numeric-chain-000013,1,28,92,1250,0.65,830,850,DC53D+Z,IF钢,SPHETI-3,软钢,normal_real,,,,,,
diagnostic_candidate,True,0030107311-000290,0030107311-000290,0030107311-000290,BR_00000018,BR_00000012,numeric-chain-000013,1,29,24,1250,0.7,700,840,DC51D+Z,普碳,SPHC,软钢,actual_transition,,,,,,
diagnostic_candidate,True,0030117991-000030,0030117991-000030,0030117991-000030,BR_00000030,BR_00000012,numeric-chain-000013,1,30,24,1250,0.75,700,840,DC51D+Z,普碳,SPHC,软钢,actual_transition,,,,,,
diagnostic_candidate,True,0030107561-000030,0030107561-000030,0030107561-000030,BR_00000018,BR_00000012,numeric-chain-000013,1,31,96,1250,0.75,700,840,DC51D+Z,普碳,SPHC,软钢,actual_transition,,,,,,
diagnostic_candidate,True,0002002054-000150,0002002054-000150,0002002054-000150,BR_00000030,BR_00000012,numeric-chain-000013,1,32,42,1250,0.8,815,835,DX51D+Z-MD,普碳,SPHC,软钢,normal_real,,,,,,
diagnostic_candidate,True,0030104291-000030,0030104291-000030,0030104291-000030,BR_00000012,BR_00000012,numeric-chain-000013,1,33,24,1250,1,700,840,DC51D+Z,普碳,SPHC,软钢,actual_transition,,,,,,
diagnostic_candidate,True,0030104290-000020,0030104290-000020,0030104290-000020,BR_00000012,BR_00000012,numeric-chain-000013,1,34,6.24,1250,1.2,700,840,DC51D+Z,普碳,SPHC,软钢,actual_transition,,,,,,
diagnostic_candidate,True,0030116618-000020,0030116618-000020,0030116618-000020,BR_00000030,BR_00000012,numeric-chain-000013,1,35,23.38,1250,1.2,820,840,DC53D+Z,IF钢,SPHETI-5,软钢,normal_real,,,,,,
diagnostic_candidate,True,0030108590-000010,0030108590-000010,0030108590-000010,BR_00000018,BR_00000012,numeric-chain-000013,1,36,24,1250,1.2,830,850,DC54D+Z,IF钢,SPHETI-5,软钢,normal_real,,,,,,
diagnostic_candidate,True,0030112291-000050,0030112291-000050,0030112291-000050,BR_00000024,BR_00000012,numeric-chain-000013,1,37,24,1250,1.4,700,840,DC51D+Z,普碳,SPHC,软钢,actual_transition,,,,,,
diagnostic_candidate,True,0030103526-000170,0030103526-000170,0030103526-000170,BR_00000012,BR_00000012,numeric-chain-000013,1,38,24.5,1250,1.5,700,840,DC51D+Z,普碳,SPHC,软钢,actual_transition,,,,,,
diagnostic_candidate,True,0005000509-000140,0005000509-000140,0005000509-000140,BR_00000024,BR_00000012,numeric-chain-000013,1,39,7,1244,1.7,715,735,CR380LA,低合金高强,H380LA-3,硬钢,normal_real,,,,,,
diagnostic_candidate,True,0030103224-000050,0030103224-000050,0030103224-000050,BR_00000012,BR_00000012,numeric-chain-000013,1,40,72,1225,1.6,700,840,DC51D+Z,普碳,SPHC,软钢,actual_transition,,,,,,
diagnostic_candidate,True,0030118780-000010,0030118780-000010,0030118780-000010,BR_00000030,BR_00000012,numeric-chain-000013,1,41,48,1205,1.5,735,755,HC500LAD+Z,低合金高强,H500LAD-3,硬钢,normal_real,,,,,,
diagnostic_candidate,True,0030118780-000020,0030118780-000020,0030118780-000020,BR_00000030,BR_00000012,numeric-chain-000013,1,42,72,1200,1.5,735,755,HC500LAD+Z,低合金高强,H500LAD-3,硬钢,normal_real,,,,,,
diagnostic_candidate,True,0005000562-000060,0005000562-000060,0005000562-000060,BR_00000036,BR_00000012,numeric-chain-000013,1,43,11.78,1197,1.5,740,780,CR420LA,低合金高强,H420LAD-3,硬钢,normal_real,,,,,,
diagnostic_candidate,True,0005000546-000110,0005000546-000110,0005000546-000110,BR_00000030,BR_00000012,numeric-chain-000013,1,44,7,1176,1.2,735,775,HC260LAD+Z,低合金高强,H260LAD-3,硬钢,normal_real,,,,,,
diagnostic_candidate,True,0005000464-000490,0005000464-000490,0005000464-000490,BR_00000012,BR_00000012,numeric-chain-000013,1,45,20,1166,1.2,730,770,CR420LA,低合金高强,H420LAD-3,硬钢,normal_real,,,,,,
diagnostic_candidate,True,split-000002:piece:0001,0030105876-000060,0030105876-000060,BR_00000012,BR_00000012,numeric-chain-000096,2,1,500.00,1374,0.6,820,840,DX53D+Z-MD,IF钢,SPHETI-5,软钢,normal_real,"{""accepted_source_sequence"":2,""authorization_decision_fingerprint"":""87a84d7a1e6647becba8f113cd987d81bc59c43f62f94e39daebc4f8196f635f"",""authorization_rule_id"":""controlled_order_split"",""authorization_rule_version"":""1"",""origin_assigned_period"":""BR_00000006"",""parent_node_id"":""0030105876-000060"",""parent_source_order_id"":""0030105876-000060"",""parent_weight"":900.0,""partition_id"":""partition-24422cf86fc5f6ae08d5808e909f000c3802dd3e7acf0e9805a24631fb0b1048"",""piece_count"":2,""piece_index"":1,""reason_code"":""future_borrow_return"",""source_period"":""BR_00000012"",""source_resource_id"":""0030105876-000060"",""split_mode"":""future_borrow_return"",""target_assigned_period"":""BR_00000012""}",,,,,
diagnostic_candidate,True,virtual-000052,,,,BR_00000012,numeric-chain-000096,2,2,20.00,1250,0.60,820,840,SPHC,,SPHC,,virtual_sphc,,"{""accepted_sequence"":52,""prototype_id"":""virtual_sphc:1250x0.6"",""purpose"":""split_separator"",""related_partition_id"":""partition-24422cf86fc5f6ae08d5808e909f000c3802dd3e7acf0e9805a24631fb0b1048""}",,,,
diagnostic_candidate,True,split-000002:piece:0002,0030105876-000060,0030105876-000060,BR_00000012,BR_00000012,numeric-chain-000096,2,3,400.00,1374,0.6,820,840,DX53D+Z-MD,IF钢,SPHETI-5,软钢,normal_real,"{""accepted_source_sequence"":2,""authorization_decision_fingerprint"":""87a84d7a1e6647becba8f113cd987d81bc59c43f62f94e39daebc4f8196f635f"",""authorization_rule_id"":""controlled_order_split"",""authorization_rule_version"":""1"",""origin_assigned_period"":""BR_00000006"",""parent_node_id"":""0030105876-000060"",""parent_source_order_id"":""0030105876-000060"",""parent_weight"":900.0,""partition_id"":""partition-24422cf86fc5f6ae08d5808e909f000c3802dd3e7acf0e9805a24631fb0b1048"",""piece_count"":2,""piece_index"":2,""reason_code"":""future_borrow_return"",""source_period"":""BR_00000012"",""source_resource_id"":""0030105876-000060"",""split_mode"":""future_borrow_return"",""target_assigned_period"":""BR_00000012""}",,,,,
diagnostic_candidate,True,0030107859-000010,0030107859-000010,0030107859-000010,BR_00000018,BR_00000012,numeric-chain-000087,3,1,22,1502,2,770,810,DX52D+Z,深冲钢（PD）,SPHCQ,软钢,normal_real,,,,,,
diagnostic_candidate,True,0030124734-000010,0030124734-000010,0030124734-000010,BR_00000036,BR_00000012,numeric-chain-000087,3,2,24,1500,2,795,815,HC220YD+Z,加磷高强、烘烤硬化钢,H220Y,软钢,normal_real,,,,,,
diagnostic_candidate,True,0002001867-000080,0002001867-000080,0002001867-000080,BR_00000024,BR_00000012,numeric-chain-000087,3,3,23,1423,2,795,815,220YD+Z,加磷高强、烘烤硬化钢,H220Y,软钢,normal_real,,,,,,
diagnostic_candidate,True,0030115402-000010,0030115402-000010,0030115402-000010,BR_00000025,BR_00000012,numeric-chain-000087,3,4,48,1422,2.5,795,815,HC220YD+Z,加磷高强、烘烤硬化钢,H220Y,软钢,normal_real,,,,,,
diagnostic_candidate,True,0030106841-000010,0030106841-000010,0030106841-000010,BR_00000013,BR_00000012,numeric-chain-000087,3,5,100,1422,2.5,795,815,HC220YD+Z,加磷高强、烘烤硬化钢,H220Y,软钢,normal_real,,,,,,
diagnostic_candidate,True,0030120865-000010,0030120865-000010,0030120865-000010,BR_00000032,BR_00000012,numeric-chain-000087,3,6,50,1422,2.5,795,815,HC220YD+Z,加磷高强、烘烤硬化钢,H220Y,软钢,normal_real,,,,,,
diagnostic_candidate,True,0030103545-000050,0030103545-000050,0030103545-000050,BR_00000012,BR_00000012,numeric-chain-000087,3,7,48,1420,2.5,700,840,DC51D+Z,普碳,SPHC,软钢,normal_real,,,,,,
diagnostic_candidate,True,0030102943-000060,0030102943-000060,0030102943-000060,BR_00000012,BR_00000012,numeric-chain-000087,3,8,24.03,1406,2.3,700,720,DC51D+Z,普碳,SPHC,软钢,actual_transition,,,,,,
diagnostic_candidate,True,0010019881-000060,0010019881-000060,0010019881-000060,BR_00000036,BR_00000012,numeric-chain-000087,3,9,9.26,1355,1.95,700,840,DC51D+Z,普碳,SPHC,软钢,actual_transition,,,,,,
diagnostic_candidate,True,0005000464-000390,0005000464-000390,0005000464-000390,BR_00000012,BR_00000012,numeric-chain-000087,3,10,17.08,1280,2.2,715,735,CR380LA,低合金高强,H380LA-3,硬钢,normal_real,,,,,,
diagnostic_candidate,True,0005000547-000600,0005000547-000600,0005000547-000600,BR_00000030,BR_00000012,numeric-chain-000087,3,11,40,1235,2,715,735,CR380LA,低合金高强,H380LA-3,硬钢,normal_real,,,,,,
diagnostic_candidate,True,0005000464-000530,0005000464-000530,0005000464-000530,BR_00000012,BR_00000012,numeric-chain-000087,3,12,40,1235,2,715,735,CR380LA,低合金高强,H380LA-3,硬钢,normal_real,,,,,,
diagnostic_candidate,True,0005000501-000540,0005000501-000540,0005000501-000540,BR_00000024,BR_00000012,numeric-chain-000087,3,13,40,1235,2,715,735,CR380LA,低合金高强,H380LA-3,硬钢,normal_real,,,,,,
diagnostic_candidate,True,0030118942-000010,0030118942-000010,0030118942-000010,BR_00000030,BR_00000012,numeric-chain-000087,3,14,48,1219,1.5,700,840,DX51D+Z,普碳,SPHC,软钢,actual_transition,,,,,,
diagnostic_candidate,True,0002002054-000290,0002002054-000290,0002002054-000290,BR_00000030,BR_00000012,numeric-chain-000087,3,15,73.23,1219,2,800,820,DX51D+Z-MD,普碳,SPHC,软钢,normal_real,,,,,,
diagnostic_candidate,True,0002001899-000080,0002001899-000080,0002001899-000080,BR_00000024,BR_00000012,numeric-chain-000087,3,16,22,1219,2,800,820,DX51D+Z-MD,普碳,SPHC,软钢,normal_real,,,,,,
diagnostic_candidate,True,0002002054-000180,0002002054-000180,0002002054-000180,BR_00000030,BR_00000012,numeric-chain-000087,3,17,98.9,1219,2.5,800,820,DX51D+Z-MD,普碳,SPHC,软钢,normal_real,,,,,,
diagnostic_candidate,True,0002002054-000070,0002002054-000070,0002002054-000070,BR_00000030,BR_00000012,numeric-chain-000087,3,18,5.38,1219,2.5,800,820,DX51D+Z-MD,普碳,SPHC,软钢,normal_real,,,,,,
diagnostic_candidate,True,0030121327-000010,0030121327-000010,0030121327-000010,BR_00000032,BR_00000012,numeric-chain-000087,3,19,24,1195,2.49,795,815,HC220YD+Z,加磷高强、烘烤硬化钢,H220Y,软钢,normal_real,,,,,,
diagnostic_candidate,True,0002002202-000270,0002002202-000270,0002002202-000270,BR_00000036,BR_00000012,numeric-chain-000087,3,20,23,1185,2,770,810,DC51D+Z,IF钢,SPHETI-3,软钢,normal_real,,,,,,
diagnostic_candidate,True,0002001873-000060,0002001873-000060,0002001873-000060,BR_00000024,BR_00000012,numeric-chain-000087,3,21,23,1185,2,770,810,DC51D+Z,普碳,SPHC,软钢,normal_real,,,,,,
diagnostic_candidate,True,0030103224-000060,0030103224-000060,0030103224-000060,BR_00000012,BR_00000012,numeric-chain-000087,3,22,72,1180,2.5,700,840,DC51D+Z,普碳,SPHC,软钢,actual_transition,,,,,,
diagnostic_candidate,True,0030114668-000050,0030114668-000050,0030114668-000050,BR_00000024,BR_00000012,numeric-chain-000087,3,23,20,1065,2.4,715,735,CR380LA,低合金高强,H380LA-3,硬钢,normal_real,,,,,,
diagnostic_candidate,True,0005000547-000450,0005000547-000450,0005000547-000450,BR_00000030,BR_00000012,numeric-chain-000087,3,24,40,1025,2.2,715,735,CR380LA,低合金高强,H380LA-3,硬钢,normal_real,,,,,,
diagnostic_candidate,True,0005000501-000410,0005000501-000410,0005000501-000410,BR_00000024,BR_00000012,numeric-chain-000087,3,25,40,1025,2.2,715,735,CR380LA,低合金高强,H380LA-3,硬钢,normal_real,,,,,,
diagnostic_candidate,True,0030103527-000010,0030103527-000010,0030103527-000010,BR_00000012,BR_00000012,numeric-chain-000030,4,1,24,1250,2,585,615,S350GD+Z,结构钢,S350X-1,软钢,normal_real,,,,,,
diagnostic_candidate,True,0030103527-000020,0030103527-000020,0030103527-000020,BR_00000012,BR_00000012,numeric-chain-000030,4,2,72,1250,2.5,585,615,S350GD+Z,结构钢,S350X-1,软钢,normal_real,,,,,,
diagnostic_candidate,True,virtual-000013,,,,BR_00000012,numeric-chain-000030,4,3,20.00,1250,2.50,585,840,SPHC,,SPHC,,virtual_sphc,,"{""accepted_sequence"":13,""prototype_id"":""virtual_sphc:1250x2.5"",""purpose"":""edge_bridge"",""related_partition_id"":null}",,,,
diagnostic_candidate,True,0030119938-000310,0030119938-000310,0030119938-000310,BR_00000030,BR_00000012,numeric-chain-000030,4,4,96,1200,2.49,820,840,DC53D+Z,IF钢,SPHETI-5,软钢,normal_real,,,,,,
diagnostic_candidate,True,0030122647-000550,0030122647-000550,0030122647-000550,BR_00000036,BR_00000012,numeric-chain-000030,4,5,25.94,1200,2.49,820,840,DC53D+Z,IF钢,SPHETI-5,软钢,normal_real,,,,,,
diagnostic_candidate,True,0005000483-000060,0005000483-000060,0005000483-000060,BR_00000014,BR_00000012,numeric-chain-000030,4,6,14,1188,2.1,830,850,CR180BH,加磷高强、烘烤硬化钢,H180BH,软钢,normal_real,,,,,,
diagnostic_candidate,True,0030118981-000050,0030118981-000050,0030118981-000050,BR_00000030,BR_00000012,numeric-chain-000030,4,7,20,1185,1.8,820,860,CR3,IF钢,SPHETI-36,软钢,normal_real,,,,,,
diagnostic_candidate,True,0030105931-000110,0030105931-000110,0030105931-000110,BR_00000012,BR_00000012,numeric-chain-000030,4,8,24,1170,1.5,820,840,DC53D+Z,IF钢,SPHETI-5,软钢,normal_real,,,,,,
diagnostic_candidate,True,0030120757-000050,0030120757-000050,0030120757-000050,BR_00000031,BR_00000012,numeric-chain-000030,4,9,24,1164,2,830,850,DC54D+Z,IF钢,SPHETI-5,软钢,normal_real,,,,,,
diagnostic_candidate,True,0030113328-000030,0030113328-000030,0030113328-000030,BR_00000024,BR_00000012,numeric-chain-000030,4,10,23,1080,2.4,820,840,DC53D+Z,IF钢,SPHETI-5,软钢,normal_real,,,,,,
diagnostic_candidate,True,0030114768-000050,0030114768-000050,0030114768-000050,BR_00000024,BR_00000012,numeric-chain-000030,4,11,7,1055,2,830,850,CR3,IF钢,SPHETI-36,软钢,normal_real,,,,,,
diagnostic_candidate,True,0030110553-000010,0030110553-000010,0030110553-000010,BR_00000018,BR_00000012,numeric-chain-000030,4,12,24,1054,2,830,850,DC54D+Z,IF钢,SPHETI-5,软钢,normal_real,,,,,,
diagnostic_candidate,True,0002001647-000110,0002001647-000110,0002001647-000110,BR_00000012,BR_00000012,numeric-chain-000030,4,13,194.37,1050,1.5,820,840,DX53D+Z-CD,IF钢,SPHETI-5,软钢,normal_real,,,,,,
diagnostic_candidate,True,0005000546-000010,0005000546-000010,0005000546-000010,BR_00000030,BR_00000012,numeric-chain-000030,4,14,7,1015,1.4,830,850,CR3,IF钢,SPHETI-36,软钢,normal_real,,,,,,
diagnostic_candidate,True,0030122488-000010,0030122488-000010,0030122488-000010,BR_00000036,BR_00000012,numeric-chain-000030,4,15,110,1000,1.25,820,840,DC53D+Z,IF钢,SPHETI-5,软钢,normal_real,,,,,,
diagnostic_candidate,True,virtual-000024,,,,BR_00000012,numeric-chain-000030,4,16,20.00,1000,1.20,820,850,SPHC,,SPHC,,virtual_sphc,,"{""accepted_sequence"":24,""prototype_id"":""virtual_sphc:1000x1.2"",""purpose"":""edge_bridge"",""related_partition_id"":null}",,,,
diagnostic_candidate,True,virtual-000025,,,,BR_00000012,numeric-chain-000030,4,17,20.00,1000,1.00,820,850,SPHC,,SPHC,,virtual_sphc,,"{""accepted_sequence"":25,""prototype_id"":""virtual_sphc:1000x1"",""purpose"":""edge_bridge"",""related_partition_id"":null}",,,,
diagnostic_candidate,True,0030122080-000010,0030122080-000010,0030122080-000010,BR_00000033,BR_00000012,numeric-chain-000030,4,18,24.13,865,0.8,830,850,DX53D+Z,IF钢,SPHETI-5,软钢,normal_real,,,,,,
diagnostic_candidate,True,0030112439-000220,0030112439-000220,0030112439-000220,BR_00000024,BR_00000012,numeric-chain-000030,4,19,36,855,0.7,830,850,DX53D+Z,IF钢,SPHETI-5,软钢,normal_real,,,,,,
diagnostic_candidate,True,0002001750-000700,0002001750-000700,0002001750-000700,BR_00000018,BR_00000012,numeric-chain-000030,4,20,20,848,0.65,830,850,DC53D+Z,IF钢,SPHETI-3,软钢,normal_real,,,,,,
diagnostic_candidate,True,0002001750-000690,0002001750-000690,0002001750-000690,BR_00000018,BR_00000012,numeric-chain-000030,4,21,20,840,0.6,830,850,DC56D+Z,IF钢,SPHETI-3,软钢,normal_real,,,,,,
diagnostic_candidate,True,0002002020-000050,0002002020-000050,0002002020-000050,BR_00000030,BR_00000012,numeric-chain-000030,4,22,48,840,0.6,830,850,DC56D+Z,IF钢,SPHETI-3,软钢,normal_real,,,,,,
diagnostic_candidate,True,0002001867-000310,0002001867-000310,0002001867-000310,BR_00000024,BR_00000012,numeric-chain-000030,4,23,16,840,0.6,830,850,DC56D+Z,IF钢,SPHETI-3,软钢,normal_real,,,,,,
diagnostic_candidate,True,0030105927-000110,0030105927-000110,0030105927-000110,BR_00000012,BR_00000012,numeric-chain-000023,5,1,24,1340,0.6,680,700,DX51D+Z3,深冲钢（PD）,SPHCQ,软钢,normal_real,,,,,,
diagnostic_candidate,True,0030105927-000090,0030105927-000090,0030105927-000090,BR_00000012,BR_00000012,numeric-chain-000023,5,2,192,1250,0.5,680,700,DX51D+Z3,深冲钢（PD）,SPHCQ,软钢,normal_real,,,,,,
diagnostic_candidate,True,0030105930-000040,0030105930-000040,0030105930-000040,BR_00000012,BR_00000012,numeric-chain-000023,5,3,216,1250,0.5,680,700,DX51D+Z3,深冲钢（PD）,SPHCQ,软钢,normal_real,,,,,,
diagnostic_candidate,True,0030108199-000030,0030108199-000030,0030108199-000030,BR_00000018,BR_00000012,numeric-chain-000023,5,4,192,1250,0.5,680,700,DX51D+Z3,深冲钢（PD）,SPHCQ,软钢,normal_real,,,,,,
diagnostic_candidate,True,virtual-000020,,,,BR_00000012,numeric-chain-000023,5,5,20.00,1250,0.60,680,840,SPHC,,SPHC,,virtual_sphc,,"{""accepted_sequence"":20,""prototype_id"":""virtual_sphc:1250x0.6"",""purpose"":""edge_bridge"",""related_partition_id"":null}",,,,
diagnostic_candidate,True,virtual-000021,,,,BR_00000012,numeric-chain-000023,5,6,20.00,1250,0.80,680,840,SPHC,,SPHC,,virtual_sphc,,"{""accepted_sequence"":21,""prototype_id"":""virtual_sphc:1250x0.8"",""purpose"":""edge_bridge"",""related_partition_id"":null}",,,,
diagnostic_candidate,True,0002001757-000150,0002001757-000150,0002001757-000150,BR_00000018,BR_00000012,numeric-chain-000023,5,7,300,1236,1,820,840,DX53D+Z-CD,IF钢,SPHETI-5,软钢,normal_real,,,,,,
diagnostic_candidate,True,0002001622-000020,0002001622-000020,0002001622-000020,BR_00000012,BR_00000012,numeric-chain-000023,5,8,147.99,1236,1,820,840,DX53D+Z-CD,IF钢,SPHETI-5,软钢,normal_real,,,,,,
diagnostic_candidate,True,0002002054-000230,0002002054-000230,0002002054-000230,BR_00000030,BR_00000012,numeric-chain-000023,5,9,50,1236,1,820,840,DX53D+Z-CD,IF钢,SPHETI-5,软钢,normal_real,,,,,,
diagnostic_candidate,True,virtual-000008,,,,BR_00000012,numeric-chain-000023,5,10,20.00,1250,0.80,820,850,SPHC,,SPHC,,virtual_sphc,,"{""accepted_sequence"":8,""prototype_id"":""virtual_sphc:1250x0.8"",""purpose"":""edge_bridge"",""related_partition_id"":null}",,,,
diagnostic_candidate,True,0002001740-000020,0002001740-000020,0002001740-000020,BR_00000018,BR_00000012,numeric-chain-000023,5,11,46,1160,0.7,830,850,DC53D+Z,IF钢,SPHETI-3,软钢,normal_real,,,,,,
diagnostic_candidate,True,0002001603-000090,0002001603-000090,0002001603-000090,BR_00000012,BR_00000012,numeric-chain-000023,5,12,73.06,1160,0.7,830,850,DC53D+Z,IF钢,SPHETI-3,软钢,normal_real,,,,,,
diagnostic_candidate,True,0002001880-000150,0002001880-000150,0002001880-000150,BR_00000024,BR_00000012,numeric-chain-000023,5,13,23,1158,0.65,830,850,DC53D+Z,IF钢,SPHETI-3,软钢,normal_real,,,,,,
diagnostic_candidate,True,0002001628-000050,0002001628-000050,0002001628-000050,BR_00000012,BR_00000012,numeric-chain-000023,5,14,23,1155,0.65,830,850,DC54D+Z,IF钢,SPHETI-3,软钢,normal_real,,,,,,
diagnostic_candidate,True,0002002054-000260,0002002054-000260,0002002054-000260,BR_00000030,BR_00000012,numeric-chain-000023,5,15,312,1150,0.6,820,840,DX53D+Z-MD,IF钢,SPHETI-5,软钢,normal_real,,,,,,
diagnostic_candidate,True,0030124871-000100,0030124871-000100,0030124871-000100,BR_00000036,BR_00000012,numeric-chain-000022,6,1,210,1585,0.75,730,750,DX51D+Z,普碳,SPHC,软钢,normal_real,,,,,,
diagnostic_candidate,True,0030124871-000090,0030124871-000090,0030124871-000090,BR_00000036,BR_00000012,numeric-chain-000022,6,2,70,1550,0.75,730,750,DX51D+Z,普碳,SPHC,软钢,normal_real,,,,,,
diagnostic_candidate,True,0030105462-000020,0030105462-000020,0030105462-000020,BR_00000012,BR_00000012,numeric-chain-000022,6,3,15.2,1500,0.6,700,840,DC51D+Z,普碳,SPHC,软钢,actual_transition,,,,,,
diagnostic_candidate,True,0030105931-000040,0030105931-000040,0030105931-000040,BR_00000012,BR_00000012,numeric-chain-000022,6,4,168,1500,0.6,820,840,DC53D+Z,IF钢,SPHETI-5,软钢,normal_real,,,,,,
diagnostic_candidate,True,0030107311-000300,0030107311-000300,0030107311-000300,BR_00000018,BR_00000012,numeric-chain-000022,6,5,48,1500,0.7,700,840,DC51D+Z,普碳,SPHC,软钢,actual_transition,,,,,,
diagnostic_candidate,True,0030121196-000030,0030121196-000030,0030121196-000030,BR_00000032,BR_00000012,numeric-chain-000022,6,6,72,1500,0.7,770,790,HC340/590DPD+Z,双相钢,W590X4,硬钢,normal_real,,,,,,
diagnostic_candidate,True,0010018763-000010,0010018763-000010,0010018763-000010,BR_00000030,BR_00000012,numeric-chain-000022,6,7,11.87,1500,0.8,700,840,DC51D+Z,普碳,SPHC,软钢,actual_transition,,,,,,
diagnostic_candidate,True,0030107311-000050,0030107311-000050,0030107311-000050,BR_00000018,BR_00000012,numeric-chain-000022,6,8,24,1500,0.95,700,840,DC51D+Z,普碳,SPHC,软钢,actual_transition,,,,,,
diagnostic_candidate,True,0030104896-000010,0030104896-000010,0030104896-000010,BR_00000012,BR_00000012,numeric-chain-000022,6,9,24,1500,0.98,700,840,DX51D+Z,普碳,SPHC,软钢,normal_real,,,,,,
diagnostic_candidate,True,0030112954-000050,0030112954-000050,0030112954-000050,BR_00000024,BR_00000012,numeric-chain-000022,6,10,24,1500,1,700,840,DC51D+Z,普碳,SPHC,软钢,actual_transition,,,,,,
diagnostic_candidate,True,0030107311-000310,0030107311-000310,0030107311-000310,BR_00000018,BR_00000012,numeric-chain-000022,6,11,24,1500,1,700,840,DC51D+Z,普碳,SPHC,软钢,actual_transition,,,,,,
diagnostic_candidate,True,0030107311-000210,0030107311-000210,0030107311-000210,BR_00000018,BR_00000012,numeric-chain-000022,6,12,24,1500,1,700,840,DC51D+Z,普碳,SPHC,软钢,actual_transition,,,,,,
diagnostic_candidate,True,0030105462-000040,0030105462-000040,0030105462-000040,BR_00000012,BR_00000012,numeric-chain-000022,6,13,24,1500,1.1,700,840,DC51D+Z,普碳,SPHC,软钢,actual_transition,,,,,,
diagnostic_candidate,True,0030120817-000050,0030120817-000050,0030120817-000050,BR_00000033,BR_00000012,numeric-chain-000022,6,14,50,1480,1.2,785,815,HC420/780DPD+Z,顶级牌号780以上,W780X,硬钢,normal_real,,,,,,
diagnostic_candidate,True,0030106228-000060,0030106228-000060,0030106228-000060,BR_00000012,BR_00000012,numeric-chain-000022,6,15,48,1430,1,700,840,DC51D+Z,普碳,SPHC,软钢,actual_transition,,,,,,
diagnostic_candidate,True,0005000509-000190,0005000509-000190,0005000509-000190,BR_00000024,BR_00000012,numeric-chain-000022,6,16,8.85,1398,1.2,760,780,CR240LA,低合金高强,H260LAD-3,硬钢,normal_real,,,,,,
diagnostic_candidate,True,0030103224-000030,0030103224-000030,0030103224-000030,BR_00000012,BR_00000012,numeric-chain-000022,6,17,72,1345,1,700,840,DC51D+Z,普碳,SPHC,软钢,actual_transition,,,,,,
diagnostic_candidate,True,0005000464-000510,0005000464-000510,0005000464-000510,BR_00000012,BR_00000012,numeric-chain-000022,6,18,20,1325,1,790,810,CR240LA,低合金高强,H260LAD-3,硬钢,normal_real,,,,,,
diagnostic_candidate,True,0030102943-000010,0030102943-000010,0030102943-000010,BR_00000012,BR_00000012,numeric-chain-000022,6,19,72,1290,0.8,700,840,DC51D+Z,普碳,SPHC,软钢,actual_transition,,,,,,
diagnostic_candidate,True,0002001633-000130,0002001633-000130,0002001633-000130,BR_00000012,BR_00000012,numeric-chain-000022,6,20,27.44,1285,0.6,830,850,DC54D+Z,IF钢,SPHETI-3,软钢,normal_real,,,,,,
diagnostic_candidate,True,0030113335-000060,0030113335-000060,0030113335-000060,BR_00000024,BR_00000012,numeric-chain-000022,6,21,8,1285,0.8,830,850,DC54D+Z,IF钢,SPHETI-5,软钢,normal_real,,,,,,
diagnostic_candidate,True,0002002170-000340,0002002170-000340,0002002170-000340,BR_00000036,BR_00000012,numeric-chain-000022,6,22,23,1280,0.65,830,850,DC54D+Z,IF钢,SPHETI-3,软钢,normal_real,,,,,,
diagnostic_candidate,True,0002001780-000130,0002001780-000130,0002001780-000130,BR_00000024,BR_00000012,numeric-chain-000022,6,23,23,1280,0.65,830,850,DC54D+Z,IF钢,SPHETI-3,软钢,normal_real,,,,,,
diagnostic_candidate,True,0030106242-000120,0030106242-000120,0030106242-000120,BR_00000012,BR_00000012,numeric-chain-000022,6,24,24,1262,0.6,700,840,DC51D+Z-Q,深冲钢（PD）,SPHCQ,软钢,normal_real,,,,,,
diagnostic_candidate,True,0030106969-000020,0030106969-000020,0030106969-000020,BR_00000013,BR_00000012,numeric-chain-000022,6,25,72,1262,0.6,700,840,DX51D+Z,普碳,SPHC,软钢,actual_transition,,,,,,
diagnostic_candidate,True,0005000468-000010,0005000468-000010,0005000468-000010,BR_00000012,BR_00000012,numeric-chain-000022,6,26,22,1260,0.7,730,750,CR380LA,低合金高强,H380LA-3,硬钢,normal_real,,,,,,
diagnostic_candidate,True,0005000545-000010,0005000545-000010,0005000545-000010,BR_00000030,BR_00000012,numeric-chain-000022,6,27,22,1260,0.7,730,750,CR380LA,低合金高强,H380LA-3,硬钢,normal_real,,,,,,
diagnostic_candidate,True,0005000500-000020,0005000500-000020,0005000500-000020,BR_00000024,BR_00000012,numeric-chain-000022,6,28,22,1260,0.7,730,750,CR380LA,低合金高强,H380LA-3,硬钢,normal_real,,,,,,
diagnostic_candidate,True,0030112554-000020,0030112554-000020,0030112554-000020,BR_00000024,BR_00000012,numeric-chain-000022,6,29,24,1250,0.75,700,840,DC51D+Z,普碳,SPHC,软钢,actual_transition,,,,,,
diagnostic_candidate,True,0030112553-000030,0030112553-000030,0030112553-000030,BR_00000024,BR_00000012,numeric-chain-000022,6,30,48,1250,0.75,700,840,DC51D+Z,普碳,SPHC,软钢,actual_transition,,,,,,
diagnostic_candidate,True,0030124824-000030,0030124824-000030,0030124824-000030,BR_00000036,BR_00000012,numeric-chain-000022,6,31,37.29,1250,0.75,730,750,DX51D+Z,普碳,SPHC,软钢,normal_real,,,,,,
diagnostic_candidate,True,0010019881-000020,0010019881-000020,0010019881-000020,BR_00000036,BR_00000012,numeric-chain-000022,6,32,24,1250,0.95,700,840,DC51D+Z,普碳,SPHC,软钢,actual_transition,,,,,,
diagnostic_candidate,True,0030107311-000040,0030107311-000040,0030107311-000040,BR_00000018,BR_00000012,numeric-chain-000022,6,33,23.51,1250,0.95,700,840,DC51D+Z,普碳,SPHC,软钢,actual_transition,,,,,,
diagnostic_candidate,True,0030124871-000030,0030124871-000030,0030124871-000030,BR_00000036,BR_00000012,numeric-chain-000022,6,34,20,1250,0.95,710,730,DX51D+Z,普碳,SPHC,软钢,normal_real,,,,,,
diagnostic_candidate,True,0030118641-000030,0030118641-000030,0030118641-000030,BR_00000030,BR_00000012,numeric-chain-000022,6,35,115.89,1250,1,700,840,DC51D+Z,普碳,SPHC,软钢,actual_transition,,,,,,
diagnostic_candidate,True,0030108198-000010,0030108198-000010,0030108198-000010,BR_00000018,BR_00000012,numeric-chain-000022,6,36,309,1250,1,700,720,DX51D+Z3,深冲钢（PD）,DD12BB,软钢,normal_real,,,,,,
diagnostic_candidate,True,0030123916-000030,0030123916-000030,0030123916-000030,BR_00000036,BR_00000012,numeric-chain-000022,6,37,22.66,1250,1,700,840,DC51D+Z,普碳,SPHC,软钢,actual_transition,,,,,,
diagnostic_candidate,True,0002001750-000630,0002001750-000630,0002001750-000630,BR_00000018,BR_00000012,numeric-chain-000022,6,38,20,1250,1,830,850,DC53D+Z,IF钢,SPHETI-3,软钢,normal_real,,,,,,
diagnostic_candidate,True,0030112554-000030,0030112554-000030,0030112554-000030,BR_00000024,BR_00000012,numeric-chain-000022,6,39,37.01,1250,1.2,700,840,DC51D+Z,普碳,SPHC,软钢,actual_transition,,,,,,
diagnostic_candidate,True,0030123653-000020,0030123653-000020,0030123653-000020,BR_00000036,BR_00000012,numeric-chain-000022,6,40,24,1250,1.2,700,840,DC51D+Z,普碳,SPHC,软钢,normal_real,,,,,,
diagnostic_candidate,True,0002001899-000140,0002001899-000140,0002001899-000140,BR_00000024,BR_00000012,numeric-chain-000022,6,41,22,1250,1.2,815,835,DX51D+Z-MD,普碳,SPHC,软钢,normal_real,,,,,,
diagnostic_candidate,True,0005000501-000230,0005000501-000230,0005000501-000230,BR_00000024,BR_00000012,numeric-chain-000077,7,1,21,1565,1.5,740,780,CR420LA,低合金高强,H420LAD-3,硬钢,normal_real,,,,,,
diagnostic_candidate,True,0005000547-000260,0005000547-000260,0005000547-000260,BR_00000030,BR_00000012,numeric-chain-000077,7,2,42,1565,1.5,740,780,CR420LA,低合金高强,H420LAD-3,硬钢,normal_real,,,,,,
diagnostic_candidate,True,0005000464-000190,0005000464-000190,0005000464-000190,BR_00000012,BR_00000012,numeric-chain-000077,7,3,21,1565,1.5,740,780,CR420LA,低合金高强,H420LAD-3,硬钢,normal_real,,,,,,
diagnostic_candidate,True,0030107381-000060,0030107381-000060,0030107381-000060,BR_00000018,BR_00000012,numeric-chain-000077,7,4,22,1558,1.2,750,770,CR290Y490T-DP,双相钢,W500X,硬钢,normal_real,,,,,,
diagnostic_candidate,True,0030104328-000010,0030104328-000010,0030104328-000010,BR_00000012,BR_00000012,numeric-chain-000077,7,5,44,1558,1.2,750,770,CR290Y490T-DP,双相钢,W500X,硬钢,normal_real,,,,,,
diagnostic_candidate,True,0030112954-000060,0030112954-000060,0030112954-000060,BR_00000024,BR_00000012,numeric-chain-000077,7,6,24,1500,1.2,700,840,DC51D+Z,普碳,SPHC,软钢,actual_transition,,,,,,
diagnostic_candidate,True,0030104596-000010,0030104596-000010,0030104596-000010,BR_00000012,BR_00000012,numeric-chain-000077,7,7,23.24,1500,1.2,700,840,DX51D+Z,普碳,SPHC,软钢,normal_real,,,,,,
diagnostic_candidate,True,0030114040-000010,0030114040-000010,0030114040-000010,BR_00000024,BR_00000012,numeric-chain-000077,7,8,24,1500,1.2,830,850,DC51D+Z,IF钢,SPHETI-3,软钢,normal_real,,,,,,
diagnostic_candidate,True,0030119862-000130,0030119862-000130,0030119862-000130,BR_00000030,BR_00000012,numeric-chain-000077,7,9,24,1500,1.2,830,850,DC51D+Z,IF钢,SPHETI-3,软钢,normal_real,,,,,,
diagnostic_candidate,True,0030125207-000100,0030125207-000100,0030125207-000100,BR_00000036,BR_00000012,numeric-chain-000077,7,10,24,1500,1.2,830,850,DC51D+Z,IF钢,SPHETI-3,软钢,normal_real,,,,,,
diagnostic_candidate,True,0030106199-000010,0030106199-000010,0030106199-000010,BR_00000012,BR_00000012,numeric-chain-000077,7,11,24,1500,1.2,830,850,DC51D+Z,IF钢,SPHETI-3,软钢,normal_real,,,,,,
diagnostic_candidate,True,0005000509-000030,0005000509-000030,0005000509-000030,BR_00000024,BR_00000012,numeric-chain-000077,7,12,7,1486,1.2,830,850,CR4,IF钢,SPHETI-36,软钢,normal_real,,,,,,
diagnostic_candidate,True,0030121177-000010,0030121177-000010,0030121177-000010,BR_00000032,BR_00000012,numeric-chain-000077,7,13,24,1463,1,830,850,DC54D+Z,IF钢,SPHETI-5,软钢,normal_real,,,,,,
diagnostic_candidate,True,0030114768-000010,0030114768-000010,0030114768-000010,BR_00000024,BR_00000012,numeric-chain-000077,7,14,7,1455,0.9,830,850,CR3,IF钢,SPHETI-36,软钢,normal_real,,,,,,
diagnostic_candidate,True,0030103543-000100,0030103543-000100,0030103543-000100,BR_00000012,BR_00000012,numeric-chain-000077,7,15,48,1450,1,700,840,DC51D+Z,普碳,SPHC,软钢,normal_real,,,,,,
diagnostic_candidate,True,0002001603-000150,0002001603-000150,0002001603-000150,BR_00000012,BR_00000012,numeric-chain-000077,7,16,69,1445,1,770,810,DC51D+Z,普碳,SPHC,软钢,normal_real,,,,,,
diagnostic_candidate,True,0002002170-000250,0002002170-000250,0002002170-000250,BR_00000036,BR_00000012,numeric-chain-000077,7,17,69,1445,1,770,810,DC51D+Z,IF钢,SPHETI-3,软钢,normal_real,,,,,,
diagnostic_candidate,True,0002001603-000120,0002001603-000120,0002001603-000120,BR_00000012,BR_00000012,numeric-chain-000077,7,18,23,1420,1,770,810,DC51D+Z,普碳,SPHC,软钢,normal_real,,,,,,
diagnostic_candidate,True,0002002170-000230,0002002170-000230,0002002170-000230,BR_00000036,BR_00000012,numeric-chain-000077,7,19,23,1420,1,770,810,DC51D+Z,IF钢,SPHETI-3,软钢,normal_real,,,,,,
diagnostic_candidate,True,0030114040-000070,0030114040-000070,0030114040-000070,BR_00000024,BR_00000012,numeric-chain-000077,7,20,24,1412,1.2,795,815,HC220YD+Z,加磷高强、烘烤硬化钢,H220Y,软钢,normal_real,,,,,,
diagnostic_candidate,True,0030119862-000030,0030119862-000030,0030119862-000030,BR_00000030,BR_00000012,numeric-chain-000077,7,21,24,1402,1.2,795,815,HC220YD+Z,加磷高强、烘烤硬化钢,H220Y,软钢,normal_real,,,,,,
diagnostic_candidate,True,0030108208-000010,0030108208-000010,0030108208-000010,BR_00000018,BR_00000012,numeric-chain-000077,7,22,24,1370,1.5,805,825,HC260YD+Z,加磷高强、烘烤硬化钢,H260Y,软钢,normal_real,,,,,,
diagnostic_candidate,True,0030114354-000010,0030114354-000010,0030114354-000010,BR_00000024,BR_00000012,numeric-chain-000077,7,23,24,1365,1.4,810,830,HC180YD+Z,加磷高强、烘烤硬化钢,H180YD,软钢,normal_real,,,,,,
diagnostic_candidate,True,0030124735-000070,0030124735-000070,0030124735-000070,BR_00000036,BR_00000012,numeric-chain-000077,7,24,24,1350,1.4,805,825,HC260YD+Z,加磷高强、烘烤硬化钢,H260Y,软钢,normal_real,,,,,,
diagnostic_candidate,True,0030115410-000010,0030115410-000010,0030115410-000010,BR_00000024,BR_00000012,numeric-chain-000077,7,25,150,1330,1.2,800,820,HC260YD+Z,加磷高强、烘烤硬化钢,H260Y,软钢,normal_real,,,,,,
diagnostic_candidate,True,0030121501-000010,0030121501-000010,0030121501-000010,BR_00000030,BR_00000012,numeric-chain-000077,7,26,75,1330,1.2,800,820,HC260YD+Z,加磷高强、烘烤硬化钢,H260Y,软钢,normal_real,,,,,,
diagnostic_candidate,True,0002002024-000010,0002002024-000010,0002002024-000010,BR_00000030,BR_00000012,numeric-chain-000077,7,27,23,1323,1.2,770,810,DC51D+Z,普碳,SPHC,软钢,normal_real,,,,,,
diagnostic_candidate,True,0002001867-000260,0002001867-000260,0002001867-000260,BR_00000024,BR_00000012,numeric-chain-000077,7,28,23,1312,1,770,810,DC51D+Z,普碳,SPHC,软钢,normal_real,,,,,,
diagnostic_candidate,True,0002001780-000150,0002001780-000150,0002001780-000150,BR_00000024,BR_00000012,numeric-chain-000077,7,29,23,1300,1.2,770,810,DC51D+Z,普碳,SPHC,软钢,normal_real,,,,,,
diagnostic_candidate,True,0002001854-000210,0002001854-000210,0002001854-000210,BR_00000024,BR_00000012,numeric-chain-000077,7,30,23,1300,1.2,770,810,DC51D+Z,普碳,SPHC,软钢,normal_real,,,,,,
diagnostic_candidate,True,0002002170-000350,0002002170-000350,0002002170-000350,BR_00000036,BR_00000012,numeric-chain-000077,7,31,23,1300,1.2,770,810,DC51D+Z,IF钢,SPHETI-3,软钢,normal_real,,,,,,
diagnostic_candidate,True,0030106995-000070,0030106995-000070,0030106995-000070,BR_00000013,BR_00000012,numeric-chain-000077,7,32,26.15,1300,1.2,795,815,HC220YD+Z,加磷高强、烘烤硬化钢,H220Y,软钢,normal_real,,,,,,
diagnostic_candidate,True,0002001906-000160,0002001906-000160,0002001906-000160,BR_00000025,BR_00000012,numeric-chain-000077,7,33,16,1295,1.4,770,810,DC51D+Z,普碳,SPHC,软钢,normal_real,,,,,,
diagnostic_candidate,True,0002001854-000260,0002001854-000260,0002001854-000260,BR_00000024,BR_00000012,numeric-chain-000077,7,34,46,1295,1.4,770,810,DC51D+Z,普碳,SPHC,软钢,normal_real,,,,,,
diagnostic_candidate,True,0002002024-000190,0002002024-000190,0002002024-000190,BR_00000030,BR_00000012,numeric-chain-000077,7,35,23,1285,1.6,770,810,DC51D+Z,普碳,SPHC,软钢,normal_real,,,,,,
diagnostic_candidate,True,0002002024-000200,0002002024-000200,0002002024-000200,BR_00000030,BR_00000012,numeric-chain-000077,7,36,23,1283,2,770,810,DC51D+Z,普碳,SPHC,软钢,normal_real,,,,,,
diagnostic_candidate,True,0002001873-000070,0002001873-000070,0002001873-000070,BR_00000024,BR_00000012,numeric-chain-000077,7,37,23,1283,2,770,810,DC51D+Z,普碳,SPHC,软钢,normal_real,,,,,,
diagnostic_candidate,True,0002002170-000040,0002002170-000040,0002002170-000040,BR_00000036,BR_00000012,numeric-chain-000077,7,38,23,1251,1.8,770,810,DC51D+Z,普碳,SPHC,软钢,normal_real,,,,,,
diagnostic_candidate,True,0002001860-000510,0002001860-000510,0002001860-000510,BR_00000024,BR_00000012,numeric-chain-000077,7,39,24,1251,1.8,770,810,DC51D+Z,普碳,SPHC,软钢,normal_real,,,,,,
diagnostic_candidate,True,0030106199-000050,0030106199-000050,0030106199-000050,BR_00000012,BR_00000012,numeric-chain-000077,7,40,24,1243,2,770,810,DC51D+Z,深冲钢（PD）,SPHCQ,软钢,normal_real,,,,,,
diagnostic_candidate,True,0030125101-000030,0030125101-000030,0030125101-000030,BR_00000036,BR_00000012,numeric-chain-000077,7,41,48,1242,1.5,700,840,DC51D+Z,普碳,SPHC,软钢,actual_transition,,,,,,
diagnostic_candidate,True,0030103543-000140,0030103543-000140,0030103543-000140,BR_00000012,BR_00000012,numeric-chain-000077,7,42,48,1240,1.5,700,840,DC51D+Z,普碳,SPHC,软钢,normal_real,,,,,,
diagnostic_candidate,True,0030121432-000010,0030121432-000010,0030121432-000010,BR_00000032,BR_00000012,numeric-chain-000077,7,43,48,1235,1.35,795,815,HC220YD+Z,加磷高强、烘烤硬化钢,H220Y,软钢,normal_real,,,,,,
diagnostic_candidate,True,0030119865-000010,0030119865-000010,0030119865-000010,BR_00000030,BR_00000012,numeric-chain-000077,7,44,24,1229,1.2,795,815,HC220YD+Z,加磷高强、烘烤硬化钢,H220Y,软钢,normal_real,,,,,,
diagnostic_candidate,True,0002002202-000040,0002002202-000040,0002002202-000040,BR_00000036,BR_00000012,numeric-chain-000077,7,45,23,1227,1,770,810,DC51D+Z,IF钢,SPHETI-3,软钢,normal_real,,,,,,
diagnostic_candidate,True,0030107934-000020,0030107934-000020,0030107934-000020,BR_00000018,BR_00000012,numeric-chain-000077,7,46,96,1219,1,770,810,DX51D+Z,深冲钢（PD）,SPHCQ,软钢,normal_real,,,,,,
diagnostic_candidate,True,0002002202-000110,0002002202-000110,0002002202-000110,BR_00000036,BR_00000012,numeric-chain-000077,7,47,23,1218,1.2,770,810,DC51D+Z,普碳,SPHC,软钢,normal_real,,,,,,
diagnostic_candidate,True,0030124440-000040,0030124440-000040,0030124440-000040,BR_00000036,BR_00000012,numeric-chain-000077,7,48,24,1206,1.3,700,840,DC51D+Z,普碳,SPHC,软钢,normal_real,,,,,,
diagnostic_candidate,True,0030108198-000020,0030108198-000020,0030108198-000020,BR_00000018,BR_00000012,numeric-chain-000077,7,49,72,1200,1.2,700,720,DX51D+Z3,深冲钢（PD）,DD12BB,软钢,normal_real,,,,,,
diagnostic_candidate,True,0030124772-000010,0030124772-000010,0030124772-000010,BR_00000036,BR_00000012,numeric-chain-000077,7,50,24,1200,1.5,700,840,DC51D+Z,普碳,SPHC,软钢,actual_transition,,,,,,
diagnostic_candidate,True,0002002195-000090,0002002195-000090,0002002195-000090,BR_00000036,BR_00000012,numeric-chain-000077,7,51,48,1200,1.6,795,815,220YD+Z,加磷高强、烘烤硬化钢,H220Y,软钢,normal_real,,,,,,
diagnostic_candidate,True,0002001880-000170,0002001880-000170,0002001880-000170,BR_00000024,BR_00000012,numeric-chain-000077,7,52,24,1200,1.6,795,815,220YD+Z,加磷高强、烘烤硬化钢,H220Y,软钢,normal_real,,,,,,
diagnostic_candidate,True,0002001643-000010,0002001643-000010,0002001643-000010,BR_00000012,BR_00000012,numeric-chain-000077,7,53,29.49,1200,1.6,795,815,220YD+Z,加磷高强、烘烤硬化钢,H220Y,软钢,normal_real,,,,,,
diagnostic_candidate,True,0002002185-000020,0002002185-000020,0002002185-000020,BR_00000036,BR_00000012,numeric-chain-000077,7,54,23,1190,1.6,770,810,DC51D+Z,IF钢,SPHETI-3,软钢,normal_real,,,,,,
diagnostic_candidate,True,0002001874-000010,0002001874-000010,0002001874-000010,BR_00000024,BR_00000012,numeric-chain-000077,7,55,23,1190,1.6,770,810,DC51D+Z,普碳,SPHC,软钢,normal_real,,,,,,
diagnostic_candidate,True,0002002023-000170,0002002023-000170,0002002023-000170,BR_00000030,BR_00000012,numeric-chain-000077,7,56,15.98,1175,1.6,770,810,DC51D+Z,普碳,SPHC,软钢,normal_real,,,,,,
diagnostic_candidate,True,0002002202-000260,0002002202-000260,0002002202-000260,BR_00000036,BR_00000012,numeric-chain-000077,7,57,15.93,1175,1.6,770,810,DC51D+Z,普碳,SPHC,软钢,normal_real,,,,,,
diagnostic_candidate,True,0002001751-000080,0002001751-000080,0002001751-000080,BR_00000018,BR_00000012,numeric-chain-000077,7,58,10.75,1175,1.6,770,810,DC51D+Z,普碳,SPHC,软钢,normal_real,,,,,,
diagnostic_candidate,True,0002002024-000180,0002002024-000180,0002002024-000180,BR_00000030,BR_00000012,numeric-chain-000077,7,59,23,1175,1.6,770,810,DC51D+Z,普碳,SPHC,软钢,normal_real,,,,,,
diagnostic_candidate,True,0002002185-000040,0002002185-000040,0002002185-000040,BR_00000036,BR_00000012,numeric-chain-000077,7,60,40,1165,1.6,770,810,DC51D+Z,IF钢,SPHETI-3,软钢,normal_real,,,,,,
diagnostic_candidate,True,0030115673-000110,0030115673-000110,0030115673-000110,BR_00000025,BR_00000012,numeric-chain-000077,7,61,24,1165,1.8,800,820,HC220YD+Z,加磷高强、烘烤硬化钢,H220Y,软钢,normal_real,,,,,,
diagnostic_candidate,True,0030111511-000050,0030111511-000050,0030111511-000050,BR_00000020,BR_00000012,numeric-chain-000077,7,62,8,1165,1.8,800,820,HC220YD+Z,加磷高强、烘烤硬化钢,H220Y,软钢,normal_real,,,,,,
diagnostic_candidate,True,0030106245-000090,0030106245-000090,0030106245-000090,BR_00000012,BR_00000012,numeric-chain-000077,7,63,23,1150,2,700,840,DC51D+Z,普碳,SPHC,软钢,normal_real,,,,,,
diagnostic_candidate,True,0030108220-000030,0030108220-000030,0030108220-000030,BR_00000018,BR_00000012,numeric-chain-000046,8,1,96,1295,0.8,780,800,HC220YD+Z,加磷高强、烘烤硬化钢,H220Y,软钢,normal_real,,,,,,
diagnostic_candidate,True,0030114040-000020,0030114040-000020,0030114040-000020,BR_00000024,BR_00000012,numeric-chain-000046,8,2,24,1291,1,770,810,DC51D+Z,深冲钢（PD）,SPHCQ,软钢,normal_real,,,,,,
diagnostic_candidate,True,0030118006-000050,0030118006-000050,0030118006-000050,BR_00000030,BR_00000012,numeric-chain-000046,8,3,25.89,1290,0.8,700,840,DC51D+Z,普碳,SPHC,软钢,normal_real,,,,,,
diagnostic_candidate,True,0030118006-000080,0030118006-000080,0030118006-000080,BR_00000030,BR_00000012,numeric-chain-000046,8,4,24,1290,0.8,820,840,DC53D+Z,IF钢,SPHETI-5,软钢,normal_real,,,,,,
diagnostic_candidate,True,0002001998-000130,0002001998-000130,0002001998-000130,BR_00000030,BR_00000012,numeric-chain-000046,8,5,101.44,1285,0.6,830,850,DC54D+Z,IF钢,SPHETI-3,软钢,normal_real,,,,,,
diagnostic_candidate,True,0002001880-000210,0002001880-000210,0002001880-000210,BR_00000024,BR_00000012,numeric-chain-000046,8,6,220,1285,0.6,830,850,DC54D+Z,IF钢,SPHETI-3,软钢,normal_real,,,,,,
diagnostic_candidate,True,0002001998-000280,0002001998-000280,0002001998-000280,BR_00000030,BR_00000012,numeric-chain-000046,8,7,24,1272,0.6,830,850,DC53D+Z,IF钢,SPHETI-3,软钢,normal_real,,,,,,
diagnostic_candidate,True,0002001614-000060,0002001614-000060,0002001614-000060,BR_00000012,BR_00000012,numeric-chain-000046,8,8,23,1260,0.6,830,850,DC53D+Z,IF钢,SPHETI-3,软钢,normal_real,,,,,,
diagnostic_candidate,True,0030106720-000120,0030106720-000120,0030106720-000120,BR_00000018,BR_00000012,numeric-chain-000046,8,9,24,1250,0.5,700,840,DC51D+Z,普碳,SPHC,软钢,actual_transition,,,,,,
diagnostic_candidate,True,0030106242-000100,0030106242-000100,0030106242-000100,BR_00000012,BR_00000012,numeric-chain-000046,8,10,48,1250,0.5,820,840,DX53D+Z-LG,IF钢,SPHETI-5,软钢,normal_real,,,,,,
diagnostic_candidate,True,0030107598-000010,0030107598-000010,0030107598-000010,BR_00000018,BR_00000012,numeric-chain-000046,8,11,25,1250,0.6,820,840,DX53D+Z,IF钢,SPHETI-5,软钢,normal_real,,,,,,
diagnostic_candidate,True,0030118006-000020,0030118006-000020,0030118006-000020,BR_00000030,BR_00000012,numeric-chain-000046,8,12,96,1240,0.6,700,840,DC51D+Z,普碳,SPHC,软钢,normal_real,,,,,,
diagnostic_candidate,True,0002001750-000540,0002001750-000540,0002001750-000540,BR_00000018,BR_00000012,numeric-chain-000046,8,13,24,1240,0.65,830,850,DC56D+Z,IF钢,SPHETI-3,软钢,normal_real,,,,,,
diagnostic_candidate,True,0030111663-000010,0030111663-000010,0030111663-000010,BR_00000024,BR_00000012,numeric-chain-000046,8,14,24,1236,0.7,830,850,DX56D+Z,IF钢,SPHETI-3,软钢,normal_real,,,,,,
diagnostic_candidate,True,0030114768-000090,0030114768-000090,0030114768-000090,BR_00000024,BR_00000012,numeric-chain-000046,8,15,7,1235,0.8,830,850,CR3,IF钢,SPHETI-36,软钢,normal_real,,,,,,
diagnostic_candidate,True,0030107015-000050,0030107015-000050,0030107015-000050,BR_00000012,BR_00000012,numeric-chain-000046,8,16,47.99,1230,0.7,830,850,DC54D+Z,IF钢,SPHETI-3,软钢,normal_real,,,,,,
diagnostic_candidate,True,0030114754-000030,0030114754-000030,0030114754-000030,BR_00000024,BR_00000012,numeric-chain-000046,8,17,24,1230,0.8,700,840,DC51D+Z,普碳,SPHC,软钢,normal_real,,,,,,
diagnostic_candidate,True,0002001854-000240,0002001854-000240,0002001854-000240,BR_00000024,BR_00000012,numeric-chain-000046,8,18,23,1225,0.8,770,810,DC51D+Z,普碳,SPHC,软钢,normal_real,,,,,,
diagnostic_candidate,True,0030106245-000070,0030106245-000070,0030106245-000070,BR_00000012,BR_00000012,numeric-chain-000046,8,19,24,1225,1,700,840,DC51D+Z,普碳,SPHC,软钢,normal_real,,,,,,
diagnostic_candidate,True,0002001899-000010,0002001899-000010,0002001899-000010,BR_00000024,BR_00000012,numeric-chain-000046,8,20,128,1219,0.8,815,835,DX51D+Z-MD,普碳,SPHC,软钢,normal_real,,,,,,
diagnostic_candidate,True,0002001899-000020,0002001899-000020,0002001899-000020,BR_00000024,BR_00000012,numeric-chain-000046,8,21,22,1219,1,815,835,DX51D+Z-MD,普碳,SPHC,软钢,normal_real,,,,,,
diagnostic_candidate,True,0002001648-000020,0002001648-000020,0002001648-000020,BR_00000012,BR_00000012,numeric-chain-000046,8,22,309.23,1219,1,815,835,DX51D+Z-MD,普碳,SPHC,软钢,normal_real,,,,,,
diagnostic_candidate,True,0002001755-000010,0002001755-000010,0002001755-000010,BR_00000018,BR_00000012,numeric-chain-000046,8,23,46.27,1219,1,815,835,DX51D+Z-MD,普碳,SPHC,软钢,normal_real,,,,,,
diagnostic_candidate,True,0002002054-000020,0002002054-000020,0002002054-000020,BR_00000030,BR_00000012,numeric-chain-000046,8,24,141,1219,1.2,815,835,DX51D+Z-MD,普碳,SPHC,软钢,normal_real,,,,,,
diagnostic_candidate,True,0002002053-000080,0002002053-000080,0002002053-000080,BR_00000030,BR_00000012,numeric-chain-000046,8,25,23,1219,1.2,815,835,DX51D+Z-MD,普碳,SPHC,软钢,normal_real,,,,,,
diagnostic_candidate,True,0002001899-000060,0002001899-000060,0002001899-000060,BR_00000024,BR_00000012,numeric-chain-000046,8,26,24,1219,1.5,820,840,DX53D+Z-MD,IF钢,SPHETI-5,软钢,normal_real,,,,,,
diagnostic_candidate,True,0002002053-000100,0002002053-000100,0002002053-000100,BR_00000030,BR_00000012,numeric-chain-000046,8,27,92,1219,1.5,820,840,DX53D+Z-MD,IF钢,SPHETI-5,软钢,normal_real,,,,,,
diagnostic_candidate,True,0030103543-000130,0030103543-000130,0030103543-000130,BR_00000012,BR_00000012,numeric-chain-000046,8,28,48,1205,1.5,700,840,DC51D+Z,普碳,SPHC,软钢,normal_real,,,,,,
diagnostic_candidate,True,0030120818-000010,0030120818-000010,0030120818-000010,BR_00000030,BR_00000012,numeric-chain-000046,8,29,24,1180,1.6,700,720,DC51D+Z,普碳,SPHC,软钢,actual_transition,,,,,,
diagnostic_candidate,True,0030120817-000090,0030120817-000090,0030120817-000090,BR_00000030,BR_00000012,numeric-chain-000046,8,30,24,1180,1.6,700,720,DC51D+Z,普碳,SPHC,软钢,actual_transition,,,,,,
diagnostic_candidate,True,0030113466-000050,0030113466-000050,0030113466-000050,BR_00000024,BR_00000012,numeric-chain-000046,8,31,23,1150,2,700,840,DC51D+Z,普碳,SPHC,软钢,normal_real,,,,,,
diagnostic_candidate,True,0030110554-000010,0030110554-000010,0030110554-000010,BR_00000018,BR_00000012,numeric-chain-000046,8,32,24,1145,2.45,795,815,HC220YD+Z,加磷高强、烘烤硬化钢,H220Y,软钢,normal_real,,,,,,
diagnostic_candidate,True,0030115673-000070,0030115673-000070,0030115673-000070,BR_00000025,BR_00000012,numeric-chain-000046,8,33,8,1131,2,795,815,HC220YD+Z,加磷高强、烘烤硬化钢,H220Y,软钢,normal_real,,,,,,
diagnostic_candidate,True,0030106945-000020,0030106945-000020,0030106945-000020,BR_00000018,BR_00000012,numeric-chain-000046,8,34,46,1125,2,805,825,HC260YD+Z,加磷高强、烘烤硬化钢,H260Y,软钢,normal_real,,,,,,
diagnostic_candidate,True,0030117931-000030,0030117931-000030,0030117931-000030,BR_00000030,BR_00000012,numeric-chain-000046,8,35,46,1115,1.5,700,840,DC51D+Z,普碳,SPHC,软钢,normal_real,,,,,,
diagnostic_candidate,True,0030122476-000060,0030122476-000060,0030122476-000060,BR_00000036,BR_00000012,numeric-chain-000046,8,36,8.92,1115,1.6,770,810,DC51D+Z,深冲钢（PD）,SPHCQ,软钢,normal_real,,,,,,
diagnostic_candidate,True,0002002185-000050,0002002185-000050,0002002185-000050,BR_00000036,BR_00000012,numeric-chain-000046,8,37,23,1113,1.5,770,810,DC51D+Z,IF钢,SPHETI-3,软钢,normal_real,,,,,,
diagnostic_candidate,True,0002001612-000120,0002001612-000120,0002001612-000120,BR_00000012,BR_00000012,numeric-chain-000046,8,38,7.58,1105,1.2,770,810,DC51D+Z,普碳,SPHC,软钢,normal_real,,,,,,
diagnostic_candidate,True,0002001871-000320,0002001871-000320,0002001871-000320,BR_00000024,BR_00000012,numeric-chain-000046,8,39,5.6,1098,1,770,810,DC51D+Z,普碳,SPHC,软钢,normal_real,,,,,,
diagnostic_candidate,True,0002002023-000130,0002002023-000130,0002002023-000130,BR_00000030,BR_00000012,numeric-chain-000046,8,40,19,1085,1.2,770,810,DC51D+Z,普碳,SPHC,软钢,normal_real,,,,,,
diagnostic_candidate,True,0030107934-000030,0030107934-000030,0030107934-000030,BR_00000018,BR_00000012,numeric-chain-000062,9,1,72.79,1250,1,770,810,DX51D+Z,深冲钢（PD）,SPHCQ,软钢,normal_real,,,,,,
diagnostic_candidate,True,0030106242-000030,0030106242-000030,0030106242-000030,BR_00000012,BR_00000012,numeric-chain-000062,9,2,24.91,1250,1.2,770,810,DX52D+Z-LG,深冲钢（PD）,SPHCQ,软钢,normal_real,,,,,,
diagnostic_candidate,True,0002001647-000050,0002001647-000050,0002001647-000050,BR_00000012,BR_00000012,numeric-chain-000062,9,3,140.99,1250,1.2,770,810,DX51D+Z-WL,深冲钢（PD）,SPHCQ,软钢,normal_real,,,,,,
diagnostic_candidate,True,0030125168-000090,0030125168-000090,0030125168-000090,BR_00000036,BR_00000012,numeric-chain-000062,9,4,24,1250,1.2,770,810,DX52D+Z-LG,深冲钢（PD）,SPHCQ,软钢,normal_real,,,,,,
diagnostic_candidate,True,0030122488-000020,0030122488-000020,0030122488-000020,BR_00000036,BR_00000012,numeric-chain-000062,9,5,72.47,1250,1.25,770,810,DC52D+Z,深冲钢（PD）,SPHCQ,软钢,normal_real,,,,,,
diagnostic_candidate,True,0030103526-000060,0030103526-000060,0030103526-000060,BR_00000012,BR_00000012,numeric-chain-000062,9,6,48,1250,1.5,700,840,DC51D+Z,普碳,SPHC,软钢,actual_transition,,,,,,
diagnostic_candidate,True,0030120939-000050,0030120939-000050,0030120939-000050,BR_00000032,BR_00000012,numeric-chain-000062,9,7,24,1250,1.5,770,810,DC52D+Z,深冲钢（PD）,SPHCQ,软钢,normal_real,,,,,,
diagnostic_candidate,True,0002002202-000020,0002002202-000020,0002002202-000020,BR_00000036,BR_00000012,numeric-chain-000062,9,8,23,1245,1.2,770,810,DC51D+Z,普碳,SPHC,软钢,normal_real,,,,,,
diagnostic_candidate,True,0030105605-000080,0030105605-000080,0030105605-000080,BR_00000012,BR_00000012,numeric-chain-000062,9,9,10.25,1233,1,790,810,HC220YD+Z,加磷高强、烘烤硬化钢,H220Y,软钢,normal_real,,,,,,
diagnostic_candidate,True,0002001906-000130,0002001906-000130,0002001906-000130,BR_00000025,BR_00000012,numeric-chain-000062,9,10,46,1225,0.8,770,810,DC51D+Z,普碳,SPHC,软钢,normal_real,,,,,,
diagnostic_candidate,True,0002002006-000010,0002002006-000010,0002002006-000010,BR_00000030,BR_00000012,numeric-chain-000062,9,11,20,1220,1,770,810,DC51D+Z,IF钢,SPHETI-3,软钢,normal_real,,,,,,
diagnostic_candidate,True,0030106245-000040,0030106245-000040,0030106245-000040,BR_00000012,BR_00000012,numeric-chain-000062,9,12,24,1210,0.8,700,840,DC51D+Z,普碳,SPHC,软钢,normal_real,,,,,,
diagnostic_candidate,True,0030105876-000040,0030105876-000040,0030105876-000040,BR_00000012,BR_00000012,numeric-chain-000062,9,13,136.2,1204,0.75,815,835,DX51D+Z,普碳,SPHC,软钢,normal_real,,,,,,
diagnostic_candidate,True,0030124871-000010,0030124871-000010,0030124871-000010,BR_00000036,BR_00000012,numeric-chain-000062,9,14,25,1200,0.75,820,840,DX53D+Z,IF钢,SPHETI-5,软钢,normal_real,,,,,,
diagnostic_candidate,True,0002001998-000100,0002001998-000100,0002001998-000100,BR_00000030,BR_00000012,numeric-chain-000062,9,15,39.86,1195,0.65,830,850,DC53D+Z,IF钢,SPHETI-3,软钢,normal_real,,,,,,
diagnostic_candidate,True,0030113466-000060,0030113466-000060,0030113466-000060,BR_00000024,BR_00000012,numeric-chain-000062,9,16,23.79,1190,0.6,820,840,DC53D+Z,IF钢,SPHETI-5,软钢,normal_real,,,,,,
diagnostic_candidate,True,0002002020-000120,0002002020-000120,0002002020-000120,BR_00000030,BR_00000012,numeric-chain-000062,9,17,46,1190,0.65,830,850,DC53D+Z,IF钢,SPHETI-3,软钢,normal_real,,,,,,
diagnostic_candidate,True,0030117931-000040,0030117931-000040,0030117931-000040,BR_00000030,BR_00000012,numeric-chain-000062,9,18,96,1190,0.8,820,840,DC53D+Z,IF钢,SPHETI-5,软钢,normal_real,,,,,,
diagnostic_candidate,True,0030125207-000090,0030125207-000090,0030125207-000090,BR_00000036,BR_00000012,numeric-chain-000062,9,19,24,1183,0.8,830,850,DC51D+Z,IF钢,SPHETI-3,软钢,normal_real,,,,,,
diagnostic_candidate,True,0030119862-000120,0030119862-000120,0030119862-000120,BR_00000030,BR_00000012,numeric-chain-000062,9,20,48,1183,0.8,830,850,DC51D+Z,IF钢,SPHETI-3,软钢,normal_real,,,,,,
diagnostic_candidate,True,0030124772-000030,0030124772-000030,0030124772-000030,BR_00000036,BR_00000012,numeric-chain-000062,9,21,24,1180,0.7,820,840,DC53D+Z,IF钢,SPHETI-5,软钢,normal_real,,,,,,
diagnostic_candidate,True,0030107381-000010,0030107381-000010,0030107381-000010,BR_00000018,BR_00000012,numeric-chain-000062,9,22,44,1170,0.7,830,850,CR3,IF钢,SPHETI-36,软钢,normal_real,,,,,,
diagnostic_candidate,True,0002001854-000180,0002001854-000180,0002001854-000180,BR_00000024,BR_00000012,numeric-chain-000062,9,23,23,1170,0.65,830,850,DC54D+Z,IF钢,SPHETI-3,软钢,normal_real,,,,,,
diagnostic_candidate,True,0002002009-000050,0002002009-000050,0002002009-000050,BR_00000030,BR_00000012,numeric-chain-000062,9,24,75,1168,0.65,830,850,DC53D+Z,IF钢,SPHETI-3,软钢,normal_real,,,,,,
diagnostic_candidate,True,0030118093-000010,0030118093-000010,0030118093-000010,BR_00000030,BR_00000012,numeric-chain-000062,9,25,168,1165,0.6,700,840,DC51D+Z,普碳,SPHC,软钢,normal_real,,,,,,
diagnostic_candidate,True,0030124800-000040,0030124800-000040,0030124800-000040,BR_00000036,BR_00000012,numeric-chain-000062,9,26,24,1164,0.8,770,810,DX52D+Z,深冲钢（PD）,SPHCQ,软钢,normal_real,,,,,,
diagnostic_candidate,True,0002001867-000120,0002001867-000120,0002001867-000120,BR_00000024,BR_00000012,numeric-chain-000062,9,27,23,1160,1,780,800,220YD+Z,加磷高强、烘烤硬化钢,H220Y,软钢,normal_real,,,,,,
diagnostic_candidate,True,0030124440-000030,0030124440-000030,0030124440-000030,BR_00000036,BR_00000012,numeric-chain-000062,9,28,24,1155,0.9,770,810,DX52D+Z,深冲钢（PD）,SPHCQ,软钢,normal_real,,,,,,
diagnostic_candidate,True,0002002202-000210,0002002202-000210,0002002202-000210,BR_00000036,BR_00000012,numeric-chain-000062,9,29,8.21,1155,1,770,810,DC51D+Z,普碳,SPHC,软钢,normal_real,,,,,,
diagnostic_candidate,True,0002001873-000090,0002001873-000090,0002001873-000090,BR_00000024,BR_00000012,numeric-chain-000062,9,30,30,1155,1,770,810,DC51D+Z,普碳,SPHC,软钢,normal_real,,,,,,
diagnostic_candidate,True,0002001612-000180,0002001612-000180,0002001612-000180,BR_00000012,BR_00000012,numeric-chain-000062,9,31,7.05,1155,1.2,770,810,DC51D+Z,普碳,SPHC,软钢,normal_real,,,,,,
diagnostic_candidate,True,0002002024-000040,0002002024-000040,0002002024-000040,BR_00000030,BR_00000012,numeric-chain-000062,9,32,8.84,1153,1.2,770,810,DC51D+Z,普碳,SPHC,软钢,normal_real,,,,,,
diagnostic_candidate,True,0002001890-000120,0002001890-000120,0002001890-000120,BR_00000024,BR_00000012,numeric-chain-000062,9,33,13,1153,1.2,770,810,DC51D+Z,普碳,SPHC,软钢,normal_real,,,,,,
diagnostic_candidate,True,0002001871-000130,0002001871-000130,0002001871-000130,BR_00000024,BR_00000012,numeric-chain-000062,9,34,13,1153,1.2,770,810,DC51D+Z,普碳,SPHC,软钢,normal_real,,,,,,
diagnostic_candidate,True,0002002006-000190,0002002006-000190,0002002006-000190,BR_00000030,BR_00000012,numeric-chain-000062,9,35,20,1152,1.2,770,810,DC51D+Z,IF钢,SPHETI-3,软钢,normal_real,,,,,,
diagnostic_candidate,True,0030120939-000040,0030120939-000040,0030120939-000040,BR_00000032,BR_00000012,numeric-chain-000062,9,36,69,1150,1.2,770,810,DC52D+Z,深冲钢（PD）,SPHCQ,软钢,normal_real,,,,,,
diagnostic_candidate,True,0030124683-000050,0030124683-000050,0030124683-000050,BR_00000036,BR_00000012,numeric-chain-000062,9,37,23,1140,1.2,795,815,HC220YD+Z,加磷高强、烘烤硬化钢,H220Y,软钢,normal_real,,,,,,
diagnostic_candidate,True,0002002026-000020,0002002026-000020,0002002026-000020,BR_00000030,BR_00000012,numeric-chain-000062,9,38,46,1140,1.4,770,810,DC51D+Z,普碳,SPHC,软钢,normal_real,,,,,,
diagnostic_candidate,True,0030119862-000090,0030119862-000090,0030119862-000090,BR_00000030,BR_00000012,numeric-chain-000062,9,39,23,1134,1.4,770,810,DC51D+Z,深冲钢（PD）,SPHCQ,软钢,normal_real,,,,,,
diagnostic_candidate,True,0005000511-000010,0005000511-000010,0005000511-000010,BR_00000024,BR_00000012,numeric-chain-000062,9,40,7,1133,1.2,800,820,CR210LA,普碳,SPHC,软钢,normal_real,,,,,,
diagnostic_candidate,True,0030119862-000100,0030119862-000100,0030119862-000100,BR_00000030,BR_00000012,numeric-chain-000062,9,41,23,1133,1,770,810,DC51D+Z,深冲钢（PD）,SPHCQ,软钢,normal_real,,,,,,
diagnostic_candidate,True,0030119797-000090,0030119797-000090,0030119797-000090,BR_00000030,BR_00000012,numeric-chain-000062,9,42,23,1130,1.2,800,820,HC260YD+Z,加磷高强、烘烤硬化钢,H260Y,软钢,normal_real,,,,,,
diagnostic_candidate,True,0030106995-000060,0030106995-000060,0030106995-000060,BR_00000013,BR_00000012,numeric-chain-000062,9,43,22.97,1120,1.2,795,815,HC220YD+Z,加磷高强、烘烤硬化钢,H220Y,软钢,normal_real,,,,,,
diagnostic_candidate,True,0002002023-000120,0002002023-000120,0002002023-000120,BR_00000030,BR_00000012,numeric-chain-000062,9,44,23,1115,1.2,770,810,DC51D+Z,普碳,SPHC,软钢,normal_real,,,,,,
diagnostic_candidate,True,0002002202-000220,0002002202-000220,0002002202-000220,BR_00000036,BR_00000012,numeric-chain-000062,9,45,23,1115,1.2,770,810,DC51D+Z,普碳,SPHC,软钢,normal_real,,,,,,
diagnostic_candidate,True,0002001873-000100,0002001873-000100,0002001873-000100,BR_00000024,BR_00000012,numeric-chain-000062,9,46,23,1115,1.4,770,810,DC51D+Z,普碳,SPHC,软钢,normal_real,,,,,,
diagnostic_candidate,True,0002002185-000010,0002002185-000010,0002002185-000010,BR_00000036,BR_00000012,numeric-chain-000062,9,47,23,1113,1.2,770,810,DC51D+Z,普碳,SPHC,软钢,normal_real,,,,,,
diagnostic_candidate,True,0030120939-000030,0030120939-000030,0030120939-000030,BR_00000032,BR_00000012,numeric-chain-000062,9,48,23,1100,1.2,770,810,DC52D+Z,深冲钢（PD）,SPHCQ,软钢,normal_real,,,,,,
diagnostic_candidate,True,0005000514-000110,0005000514-000110,0005000514-000110,BR_00000024,BR_00000012,numeric-chain-000092,10,1,23,1496,2.2,735,755,CR240LA,低合金高强,H260LAD-3,硬钢,normal_real,,,,,,
diagnostic_candidate,True,0030114668-000040,0030114668-000040,0030114668-000040,BR_00000024,BR_00000012,numeric-chain-000092,10,2,23,1397,2,740,780,CR420LA,低合金高强,H420LAD-3,硬钢,normal_real,,,,,,
diagnostic_candidate,True,0005000548-000020,0005000548-000020,0005000548-000020,BR_00000030,BR_00000012,numeric-chain-000092,10,3,7,1361,2,755,775,CR240LA,低合金高强,H260LAD-3,硬钢,normal_real,,,,,,
diagnostic_candidate,True,0005000489-000030,0005000489-000030,0005000489-000030,BR_00000018,BR_00000012,numeric-chain-000092,10,4,23,1337,1.8,740,780,CR420LA,低合金高强,H420LAD-3,硬钢,normal_real,,,,,,
diagnostic_candidate,True,0005000549-000080,0005000549-000080,0005000549-000080,BR_00000030,BR_00000012,numeric-chain-000092,10,5,23,1337,1.8,740,780,CR420LA,低合金高强,H420LAD-3,硬钢,normal_real,,,,,,
diagnostic_candidate,True,0005000501-000070,0005000501-000070,0005000501-000070,BR_00000024,BR_00000012,numeric-chain-000092,10,6,21,1335,1.7,740,780,CR420LA,低合金高强,H420LAD-3,硬钢,normal_real,,,,,,
diagnostic_candidate,True,0005000547-000090,0005000547-000090,0005000547-000090,BR_00000030,BR_00000012,numeric-chain-000092,10,7,42,1335,1.7,740,780,CR420LA,低合金高强,H420LAD-3,硬钢,normal_real,,,,,,
diagnostic_candidate,True,0030107881-000010,0030107881-000010,0030107881-000010,BR_00000018,BR_00000012,numeric-chain-000092,10,8,23,1307,1.5,700,840,DC51D+Z,普碳,SPHC,软钢,actual_transition,,,,,,
diagnostic_candidate,True,0030114668-000030,0030114668-000030,0030114668-000030,BR_00000024,BR_00000012,numeric-chain-000092,10,9,69,1285,1.6,715,735,CR380LA,低合金高强,H380LA-3,硬钢,normal_real,,,,,,
diagnostic_candidate,True,0005000489-000020,0005000489-000020,0005000489-000020,BR_00000018,BR_00000012,numeric-chain-000092,10,10,23,1280,1.5,715,735,CR380LA,低合金高强,H380LA-3,硬钢,normal_real,,,,,,
diagnostic_candidate,True,0005000514-000090,0005000514-000090,0005000514-000090,BR_00000024,BR_00000012,numeric-chain-000092,10,11,23,1280,1.5,715,735,CR380LA,低合金高强,H380LA-3,硬钢,normal_real,,,,,,
diagnostic_candidate,True,0005000562-000020,0005000562-000020,0005000562-000020,BR_00000036,BR_00000012,numeric-chain-000092,10,12,23,1280,1.5,715,735,CR380LA,低合金高强,H380LA-3,硬钢,normal_real,,,,,,
diagnostic_candidate,True,0030103526-000050,0030103526-000050,0030103526-000050,BR_00000012,BR_00000012,numeric-chain-000092,10,13,48,1250,1.2,700,840,DC51D+Z,普碳,SPHC,软钢,actual_transition,,,,,,
diagnostic_candidate,True,0010019881-000040,0010019881-000040,0010019881-000040,BR_00000036,BR_00000012,numeric-chain-000092,10,14,96,1250,1.45,700,840,DC51D+Z,普碳,SPHC,软钢,actual_transition,,,,,,
diagnostic_candidate,True,0010018614-000050,0010018614-000050,0010018614-000050,BR_00000030,BR_00000012,numeric-chain-000092,10,15,24,1250,1.45,700,840,DC51D+Z,普碳,SPHC,软钢,actual_transition,,,,,,
diagnostic_candidate,True,0005000556-000010,0005000556-000010,0005000556-000010,BR_00000030,BR_00000012,numeric-chain-000092,10,16,10,1249,1.5,740,780,CR420LA,低合金高强,H420LAD-3,硬钢,normal_real,,,,,,
diagnostic_candidate,True,0005000509-000130,0005000509-000130,0005000509-000130,BR_00000024,BR_00000012,numeric-chain-000092,10,17,10,1249,1.6,730,770,HC260LAD+Z,低合金高强,H260LAD-3,硬钢,normal_real,,,,,,
diagnostic_candidate,True,0005000546-000140,0005000546-000140,0005000546-000140,BR_00000030,BR_00000012,numeric-chain-000092,10,18,8.86,1242,1.6,730,770,HC260LAD+Z,低合金高强,H260LAD-3,硬钢,normal_real,,,,,,
diagnostic_candidate,True,0005000513-000010,0005000513-000010,0005000513-000010,BR_00000024,BR_00000012,numeric-chain-000092,10,19,7,1211,1.5,760,780,CR240LA,低合金高强,H260LAD-3,硬钢,normal_real,,,,,,
diagnostic_candidate,True,0005000530-000010,0005000530-000010,0005000530-000010,BR_00000024,BR_00000012,numeric-chain-000092,10,20,10,1205,2,740,780,CR460LA,低合金高强,H420LAD-3,硬钢,normal_real,,,,,,
diagnostic_candidate,True,0005000469-000110,0005000469-000110,0005000469-000110,BR_00000012,BR_00000012,numeric-chain-000092,10,21,6.94,1204,1.6,760,780,CR240LA,低合金高强,H260LAD-3,硬钢,normal_real,,,,,,
diagnostic_candidate,True,0005000509-000170,0005000509-000170,0005000509-000170,BR_00000024,BR_00000012,numeric-chain-000092,10,22,10,1204,1.6,760,780,CR240LA,低合金高强,H260LAD-3,硬钢,normal_real,,,,,,
diagnostic_candidate,True,0005000514-000040,0005000514-000040,0005000514-000040,BR_00000024,BR_00000012,numeric-chain-000092,10,23,23,1197,1.5,740,780,CR420LA,低合金高强,H420LAD-3,硬钢,normal_real,,,,,,
diagnostic_candidate,True,0005000463-000040,0005000463-000040,0005000463-000040,BR_00000012,BR_00000012,numeric-chain-000092,10,24,23,1195,1.4,730,770,CR420LA,低合金高强,H420LAD-3,硬钢,normal_real,,,,,,
diagnostic_candidate,True,0005000575-000030,0005000575-000030,0005000575-000030,BR_00000036,BR_00000012,numeric-chain-000092,10,25,20,1195,1.4,730,770,CR420LA,低合金高强,H420LAD-3,硬钢,normal_real,,,,,,
diagnostic_candidate,True,0005000461-000040,0005000461-000040,0005000461-000040,BR_00000012,BR_00000012,numeric-chain-000092,10,26,23,1193,1.2,730,770,CR420LA,低合金高强,H420LAD-3,硬钢,normal_real,,,,,,
diagnostic_candidate,True,0005000549-000070,0005000549-000070,0005000549-000070,BR_00000030,BR_00000012,numeric-chain-000092,10,27,23,1193,1.2,730,770,CR420LA,低合金高强,H420LAD-3,硬钢,normal_real,,,,,,
diagnostic_candidate,True,0005000462-000050,0005000462-000050,0005000462-000050,BR_00000012,BR_00000012,numeric-chain-000092,10,28,23,1174,1.5,740,760,CR340LA,低合金高强,H340LA-3,硬钢,normal_real,,,,,,
diagnostic_candidate,True,0005000511-000040,0005000511-000040,0005000511-000040,BR_00000024,BR_00000012,numeric-chain-000092,10,29,23,1174,1.5,740,760,CR340LA,低合金高强,H340LA-3,硬钢,normal_real,,,,,,
diagnostic_candidate,True,0005000547-000570,0005000547-000570,0005000547-000570,BR_00000030,BR_00000012,numeric-chain-000092,10,30,20,1166,1.2,730,770,CR420LA,低合金高强,H420LAD-3,硬钢,normal_real,,,,,,
diagnostic_candidate,True,0005000501-000490,0005000501-000490,0005000501-000490,BR_00000024,BR_00000012,numeric-chain-000092,10,31,20,1166,1.2,730,770,CR420LA,低合金高强,H420LAD-3,硬钢,normal_real,,,,,,
diagnostic_candidate,True,0005000501-000050,0005000501-000050,0005000501-000050,BR_00000024,BR_00000012,numeric-chain-000092,10,32,80,1155,1.5,740,780,CR420LA,低合金高强,H420LAD-3,硬钢,normal_real,,,,,,
diagnostic_candidate,True,0005000509-000090,0005000509-000090,0005000509-000090,BR_00000024,BR_00000012,numeric-chain-000092,10,33,7,1154,1.5,760,780,CR240LA,低合金高强,H260LAD-3,硬钢,normal_real,,,,,,
diagnostic_candidate,True,0005000555-000020,0005000555-000020,0005000555-000020,BR_00000030,BR_00000012,numeric-chain-000092,10,34,22,1149,1.5,740,780,CR420LA,低合金高强,H420LAD-3,硬钢,normal_real,,,,,,
diagnostic_candidate,True,0005000575-000040,0005000575-000040,0005000575-000040,BR_00000036,BR_00000012,numeric-chain-000092,10,35,40,1149,1.5,740,780,CR420LA,低合金高强,H420LAD-3,硬钢,normal_real,,,,,,
diagnostic_candidate,True,0005000462-000010,0005000462-000010,0005000462-000010,BR_00000012,BR_00000012,numeric-chain-000092,10,36,44,1149,1.5,740,780,CR420LA,低合金高强,H420LAD-3,硬钢,normal_real,,,,,,
diagnostic_candidate,True,0005000511-000030,0005000511-000030,0005000511-000030,BR_00000024,BR_00000012,numeric-chain-000092,10,37,22,1149,1.5,740,780,CR420LA,低合金高强,H420LAD-3,硬钢,normal_real,,,,,,
diagnostic_candidate,True,0005000509-000160,0005000509-000160,0005000509-000160,BR_00000024,BR_00000012,numeric-chain-000092,10,38,10,1138,1.6,760,780,CR240LA,低合金高强,H260LAD-3,硬钢,normal_real,,,,,,
diagnostic_candidate,True,0005000469-000080,0005000469-000080,0005000469-000080,BR_00000012,BR_00000012,numeric-chain-000092,10,39,7,1116,1.6,730,770,HC260LAD+Z,低合金高强,H260LAD-3,硬钢,normal_real,,,,,,
diagnostic_candidate,True,0005000571-000060,0005000571-000060,0005000571-000060,BR_00000036,BR_00000012,numeric-chain-000092,10,40,10,1116,1.6,730,770,HC260LAD+Z,低合金高强,H260LAD-3,硬钢,normal_real,,,,,,
diagnostic_candidate,True,0005000463-000060,0005000463-000060,0005000463-000060,BR_00000012,BR_00000012,numeric-chain-000092,10,41,22,1107,1.5,740,780,CR420LA,低合金高强,H420LAD-3,硬钢,normal_real,,,,,,
diagnostic_candidate,True,0005000462-000020,0005000462-000020,0005000462-000020,BR_00000012,BR_00000012,numeric-chain-000092,10,42,44,1107,1.5,740,780,CR420LA,低合金高强,H420LAD-3,硬钢,normal_real,,,,,,
diagnostic_candidate,True,0005000555-000030,0005000555-000030,0005000555-000030,BR_00000030,BR_00000012,numeric-chain-000092,10,43,22,1107,1.5,740,780,CR420LA,低合金高强,H420LAD-3,硬钢,normal_real,,,,,,
diagnostic_candidate,True,0005000464-000040,0005000464-000040,0005000464-000040,BR_00000012,BR_00000012,numeric-chain-000092,10,44,20,1085,1.2,730,770,CR420LA,低合金高强,H420LAD-3,硬钢,normal_real,,,,,,
diagnostic_candidate,True,0005000547-000040,0005000547-000040,0005000547-000040,BR_00000030,BR_00000012,numeric-chain-000092,10,45,20,1085,1.2,730,770,CR420LA,低合金高强,H420LAD-3,硬钢,normal_real,,,,,,
diagnostic_candidate,True,0030119797-000010,0030119797-000010,0030119797-000010,BR_00000030,BR_00000012,numeric-chain-000092,10,46,23,1079,1,700,840,DC51D+Z,普碳,SPHC,软钢,actual_transition,,,,,,
diagnostic_candidate,True,0005000546-000030,0005000546-000030,0005000546-000030,BR_00000030,BR_00000012,numeric-chain-000092,10,47,7,1075,1,790,810,CR240LA,低合金高强,H260LAD-3,硬钢,normal_real,,,,,,
diagnostic_candidate,True,0030106638-000010,0030106638-000010,0030106638-000010,BR_00000018,BR_00000012,numeric-chain-000092,10,48,115,1070,0.8,700,840,DC51D+Z,普碳,SPHC,软钢,actual_transition,,,,,,
diagnostic_candidate,True,0030124824-000010,0030124824-000010,0030124824-000010,BR_00000036,BR_00000012,numeric-chain-000092,10,49,20,1060,0.95,710,730,DX51D+Z,普碳,SPHC,软钢,normal_real,,,,,,
diagnostic_candidate,True,0030119031-000010,0030119031-000010,0030119031-000010,BR_00000030,BR_00000012,numeric-chain-000092,10,50,20,1060,0.95,710,730,DX51D+Z,普碳,SPHC,软钢,normal_real,,,,,,
diagnostic_candidate,True,0030105404-000060,0030105404-000060,0030105404-000060,BR_00000012,BR_00000012,numeric-chain-000092,10,51,22,1034,0.95,700,840,DC51D+Z,普碳,SPHC,软钢,normal_real,,,,,,
diagnostic_candidate,True,0030118632-000040,0030118632-000040,0030118632-000040,BR_00000030,BR_00000012,numeric-chain-000092,10,52,63,1029,0.8,830,850,DC56D+Z,IF钢,SPHETI-3,软钢,normal_real,,,,,,
diagnostic_candidate,True,0030115672-000070,0030115672-000070,0030115672-000070,BR_00000025,BR_00000012,numeric-chain-000092,10,53,22,1029,0.8,830,850,DC56D+Z,IF钢,SPHETI-3,软钢,normal_real,,,,,,
diagnostic_candidate,True,0030115673-000060,0030115673-000060,0030115673-000060,BR_00000025,BR_00000012,numeric-chain-000092,10,54,8,1012,0.65,830,850,DC56D+Z,IF钢,SPHETI-3,软钢,normal_real,,,,,,
diagnostic_candidate,True,0005000486-000620,0005000486-000620,0005000486-000620,BR_00000018,BR_00000012,numeric-chain-000092,10,55,40,1005,0.8,830,850,CR3,IF钢,SPHETI-36,软钢,normal_real,,,,,,
diagnostic_candidate,True,0005000501-000610,0005000501-000610,0005000501-000610,BR_00000024,BR_00000012,numeric-chain-000092,10,56,40,1005,0.8,830,850,CR3,IF钢,SPHETI-36,软钢,normal_real,,,,,,
diagnostic_candidate,True,0005000547-000670,0005000547-000670,0005000547-000670,BR_00000030,BR_00000012,numeric-chain-000092,10,57,40,1005,0.8,830,850,CR3,IF钢,SPHETI-36,软钢,normal_real,,,,,,
diagnostic_candidate,True,0030124457-000010,0030124457-000010,0030124457-000010,BR_00000036,BR_00000012,numeric-chain-000092,10,58,44,1001,0.6,820,840,DX53D+Z,IF钢,SPHETI-5,软钢,normal_real,,,,,,
diagnostic_candidate,True,0030116392-000010,0030116392-000010,0030116392-000010,BR_00000030,BR_00000012,numeric-chain-000092,10,59,25.87,1000,0.6,830,850,DC56D+Z,IF钢,SPHETI-3,软钢,normal_real,,,,,,
diagnostic_candidate,True,0030112439-000240,0030112439-000240,0030112439-000240,BR_00000024,BR_00000012,numeric-chain-000092,10,60,22,995,0.7,830,850,DX53D+Z,IF钢,SPHETI-5,软钢,normal_real,,,,,,
diagnostic_candidate,True,0030112439-000230,0030112439-000230,0030112439-000230,BR_00000024,BR_00000012,numeric-chain-000092,10,61,88,990,0.7,830,850,DX53D+Z,IF钢,SPHETI-5,软钢,normal_real,,,,,,
diagnostic_candidate,True,0030122480-000090,0030122480-000090,0030122480-000090,BR_00000036,BR_00000012,numeric-chain-000092,10,62,22,990,0.7,830,850,DX53D+Z,IF钢,SPHETI-5,软钢,normal_real,,,,,,
diagnostic_candidate,True,0030110381-000070,0030110381-000070,0030110381-000070,BR_00000018,BR_00000012,numeric-chain-000092,10,63,42,980,0.7,830,850,DC56D+Z,IF钢,SPHETI-3,软钢,normal_real,,,,,,
diagnostic_candidate,True,0002001744-000180,0002001744-000180,0002001744-000180,BR_00000018,BR_00000012,numeric-chain-000092,10,64,13,973,0.7,830,850,DC54D+Z,IF钢,SPHETI-3,软钢,normal_real,,,,,,
diagnostic_candidate,True,0030123425-000020,0030123425-000020,0030123425-000020,BR_00000036,BR_00000012,numeric-chain-000061,11,1,130,1360,0.65,830,850,SCG4+Z,IF钢,SPHETI-3,软钢,normal_real,,,,,,
diagnostic_candidate,True,0030112573-000010,0030112573-000010,0030112573-000010,BR_00000024,BR_00000012,numeric-chain-000061,11,2,14.45,1360,0.65,830,850,SCG4+Z,IF钢,SPHETI-3,软钢,normal_real,,,,,,
diagnostic_candidate,True,0002001780-000020,0002001780-000020,0002001780-000020,BR_00000024,BR_00000012,numeric-chain-000061,11,3,23,1360,0.65,830,850,DC53D+Z,IF钢,SPHETI-3,软钢,normal_real,,,,,,
diagnostic_candidate,True,0002001854-000330,0002001854-000330,0002001854-000330,BR_00000024,BR_00000012,numeric-chain-000061,11,4,23,1360,0.65,830,850,DC53D+Z,IF钢,SPHETI-3,软钢,normal_real,,,,,,
diagnostic_candidate,True,0002002184-000010,0002002184-000010,0002002184-000010,BR_00000036,BR_00000012,numeric-chain-000061,11,5,23,1354,0.65,830,850,DC56D+Z,IF钢,SPHETI-3,软钢,normal_real,,,,,,
diagnostic_candidate,True,0030123255-000010,0030123255-000010,0030123255-000010,BR_00000036,BR_00000012,numeric-chain-000061,11,6,92,1350,0.6,820,840,HC180BD+Z,加磷高强、烘烤硬化钢,H180BH1,软钢,normal_real,,,,,,
diagnostic_candidate,True,0005000486-000130,0005000486-000130,0005000486-000130,BR_00000018,BR_00000012,numeric-chain-000061,11,7,51.55,1350,0.8,830,850,CR180BH,加磷高强、烘烤硬化钢,H180BH,软钢,normal_real,,,,,,
diagnostic_candidate,True,0005000464-000130,0005000464-000130,0005000464-000130,BR_00000012,BR_00000012,numeric-chain-000061,11,8,18.57,1350,0.8,830,850,CR180BH,加磷高强、烘烤硬化钢,H180BH,软钢,normal_real,,,,,,
diagnostic_candidate,True,0030114755-000010,0030114755-000010,0030114755-000010,BR_00000024,BR_00000012,numeric-chain-000061,11,9,72,1350,0.8,700,840,DC51D+Z,普碳,SPHC,软钢,normal_real,,,,,,
diagnostic_candidate,True,0030125207-000070,0030125207-000070,0030125207-000070,BR_00000036,BR_00000012,numeric-chain-000061,11,10,24,1349,0.9,770,810,DC51D+Z,深冲钢（PD）,SPHCQ,软钢,normal_real,,,,,,
diagnostic_candidate,True,0030106163-000020,0030106163-000020,0030106163-000020,BR_00000012,BR_00000012,numeric-chain-000061,11,11,48,1343,1,790,810,HC220YD+Z,加磷高强、烘烤硬化钢,H220Y,软钢,normal_real,,,,,,
diagnostic_candidate,True,0002002202-000130,0002002202-000130,0002002202-000130,BR_00000036,BR_00000012,numeric-chain-000061,11,12,23,1341,1,770,810,DC51D+Z,IF钢,SPHETI-3,软钢,normal_real,,,,,,
diagnostic_candidate,True,0030124800-000020,0030124800-000020,0030124800-000020,BR_00000036,BR_00000012,numeric-chain-000061,11,13,24,1332,1,770,810,DX52D+Z,深冲钢（PD）,SPHCQ,软钢,normal_real,,,,,,
diagnostic_candidate,True,0002001906-000040,0002001906-000040,0002001906-000040,BR_00000025,BR_00000012,numeric-chain-000061,11,14,23,1330,1,770,810,DC51D+Z,普碳,SPHC,软钢,normal_real,,,,,,
diagnostic_candidate,True,0002001603-000110,0002001603-000110,0002001603-000110,BR_00000012,BR_00000012,numeric-chain-000061,11,15,21.3,1330,1,770,810,DC51D+Z,普碳,SPHC,软钢,normal_real,,,,,,
diagnostic_candidate,True,0030110599-000020,0030110599-000020,0030110599-000020,BR_00000018,BR_00000012,numeric-chain-000061,11,16,24,1323,0.8,790,810,HC260YD+Z,加磷高强、烘烤硬化钢,H260Y,软钢,normal_real,,,,,,
diagnostic_candidate,True,0002001880-000220,0002001880-000220,0002001880-000220,BR_00000024,BR_00000012,numeric-chain-000061,11,17,48,1315,0.65,770,810,DC51D+Z,普碳,SPHC,软钢,normal_real,,,,,,
diagnostic_candidate,True,0002001633-000070,0002001633-000070,0002001633-000070,BR_00000012,BR_00000012,numeric-chain-000061,11,18,20,1315,0.65,770,810,DC51D+Z,普碳,SPHC,软钢,normal_real,,,,,,
diagnostic_candidate,True,0002001998-000140,0002001998-000140,0002001998-000140,BR_00000030,BR_00000012,numeric-chain-000061,11,19,48,1315,0.65,770,810,DC51D+Z,普碳,SPHC,软钢,normal_real,,,,,,
diagnostic_candidate,True,0002001780-000070,0002001780-000070,0002001780-000070,BR_00000024,BR_00000012,numeric-chain-000061,11,20,23,1310,0.6,770,810,DC51D+Z,普碳,SPHC,软钢,normal_real,,,,,,
diagnostic_candidate,True,0002001635-000070,0002001635-000070,0002001635-000070,BR_00000012,BR_00000012,numeric-chain-000061,11,21,8.8,1307,0.65,770,810,DC51D+Z,普碳,SPHC,软钢,normal_real,,,,,,
diagnostic_candidate,True,0002002170-000030,0002002170-000030,0002002170-000030,BR_00000036,BR_00000012,numeric-chain-000061,11,22,23,1300,0.6,770,810,DC51D+Z,IF钢,SPHETI-3,软钢,normal_real,,,,,,
diagnostic_candidate,True,0002002176-000190,0002002176-000190,0002002176-000190,BR_00000036,BR_00000012,numeric-chain-000061,11,23,15,1295,0.6,770,810,DC51D+Z,普碳,SPHC,软钢,normal_real,,,,,,
diagnostic_candidate,True,0030105818-000020,0030105818-000020,0030105818-000020,BR_00000012,BR_00000012,numeric-chain-000061,11,24,24,1293,0.65,790,810,HC260YD+Z,加磷高强、烘烤硬化钢,H260Y,软钢,normal_real,,,,,,
diagnostic_candidate,True,0002001603-000170,0002001603-000170,0002001603-000170,BR_00000012,BR_00000012,numeric-chain-000061,11,25,23,1290,0.65,770,810,DC51D+Z,普碳,SPHC,软钢,normal_real,,,,,,
diagnostic_candidate,True,0002002170-000270,0002002170-000270,0002002170-000270,BR_00000036,BR_00000012,numeric-chain-000061,11,26,46,1290,0.65,770,810,DC51D+Z,IF钢,SPHETI-3,软钢,normal_real,,,,,,
diagnostic_candidate,True,0002001889-000120,0002001889-000120,0002001889-000120,BR_00000024,BR_00000012,numeric-chain-000061,11,27,40,1288,0.65,770,810,DC51D+Z,普碳,SPHC,软钢,normal_real,,,,,,
diagnostic_candidate,True,0002001906-000170,0002001906-000170,0002001906-000170,BR_00000025,BR_00000012,numeric-chain-000061,11,28,23,1280,0.6,770,810,DC51D+Z,普碳,SPHC,软钢,normal_real,,,,,,
diagnostic_candidate,True,0030107665-000010,0030107665-000010,0030107665-000010,BR_00000018,BR_00000012,numeric-chain-000061,11,29,25.18,1260,0.65,790,810,HC260YD+Z,加磷高强、烘烤硬化钢,H260Y,软钢,normal_real,,,,,,
diagnostic_candidate,True,0002002170-000330,0002002170-000330,0002002170-000330,BR_00000036,BR_00000012,numeric-chain-000061,11,30,23,1260,0.65,770,810,DC51D+Z,IF钢,SPHETI-3,软钢,normal_real,,,,,,
diagnostic_candidate,True,0002001780-000060,0002001780-000060,0002001780-000060,BR_00000024,BR_00000012,numeric-chain-000061,11,31,23,1255,0.6,770,810,DC51D+Z,普碳,SPHC,软钢,normal_real,,,,,,
diagnostic_candidate,True,0002001854-000250,0002001854-000250,0002001854-000250,BR_00000024,BR_00000012,numeric-chain-000061,11,32,23,1255,0.6,770,810,DC51D+Z,普碳,SPHC,软钢,normal_real,,,,,,
diagnostic_candidate,True,0030103526-000100,0030103526-000100,0030103526-000100,BR_00000012,BR_00000012,numeric-chain-000061,11,33,24,1250,0.6,700,840,DC51D+Z,普碳,SPHC,软钢,actual_transition,,,,,,
diagnostic_candidate,True,0030105930-000010,0030105930-000010,0030105930-000010,BR_00000012,BR_00000012,numeric-chain-000061,11,34,170.49,1250,0.6,700,720,DX51D+Z3,深冲钢（PD）,DD12BB,软钢,normal_real,,,,,,
diagnostic_candidate,True,0030107311-000180,0030107311-000180,0030107311-000180,BR_00000018,BR_00000012,numeric-chain-000061,11,35,24,1250,0.7,700,840,DC51D+Z,普碳,SPHC,软钢,actual_transition,,,,,,
diagnostic_candidate,True,0030106897-000030,0030106897-000030,0030106897-000030,BR_00000018,BR_00000012,numeric-chain-000061,11,36,96,1250,0.75,700,840,DC51D+Z,普碳,SPHC,软钢,actual_transition,,,,,,
diagnostic_candidate,True,0030124871-000070,0030124871-000070,0030124871-000070,BR_00000036,BR_00000012,numeric-chain-000061,11,37,230,1250,0.75,820,840,DX53D+Z,IF钢,SPHETI-5,软钢,normal_real,,,,,,
diagnostic_candidate,True,0002001899-000110,0002001899-000110,0002001899-000110,BR_00000024,BR_00000012,numeric-chain-000061,11,38,184,1250,0.8,820,840,DX53D+Z-MD,IF钢,SPHETI-5,软钢,normal_real,,,,,,
diagnostic_candidate,True,0002001757-000090,0002001757-000090,0002001757-000090,BR_00000018,BR_00000012,numeric-chain-000061,11,39,60,1250,0.8,820,840,DX53D+Z-MD,IF钢,SPHETI-5,软钢,normal_real,,,,,,
diagnostic_candidate,True,0010017445-000030,0010017445-000030,0010017445-000030,BR_00000025,BR_00000012,numeric-chain-000061,11,40,110.29,1250,1,700,840,DC51D+Z,普碳,SPHC,软钢,actual_transition,,,,,,
diagnostic_candidate,True,0030119182-000040,0030119182-000040,0030119182-000040,BR_00000030,BR_00000012,numeric-chain-000094,12,1,24,1451,2.4,760,780,HC340/590DPD+Z,双相钢,W590X4,硬钢,normal_real,,,,,,
diagnostic_candidate,True,0030119182-000020,0030119182-000020,0030119182-000020,BR_00000030,BR_00000012,numeric-chain-000094,12,2,48,1402,2.49,760,780,HC340/590DPD+Z,双相钢,W590X4,硬钢,normal_real,,,,,,
diagnostic_candidate,True,0030118764-000040,0030118764-000040,0030118764-000040,BR_00000030,BR_00000012,numeric-chain-000094,12,3,48,1400,2.4,760,780,HC340/590DPD+Z,双相钢,W590X4,硬钢,normal_real,,,,,,
diagnostic_candidate,True,0005000555-000050,0005000555-000050,0005000555-000050,BR_00000030,BR_00000012,numeric-chain-000094,12,4,8.56,1366,2.5,760,780,CR340LA,低合金高强,H340LA-3,硬钢,normal_real,,,,,,
diagnostic_candidate,True,0005000463-000080,0005000463-000080,0005000463-000080,BR_00000012,BR_00000012,numeric-chain-000094,12,5,15.58,1366,2.5,760,780,CR340LA,低合金高强,H340LA-3,硬钢,normal_real,,,,,,
diagnostic_candidate,True,0005000463-000070,0005000463-000070,0005000463-000070,BR_00000012,BR_00000012,numeric-chain-000094,12,6,23,1339,2.5,760,780,CR340LA,低合金高强,H340LA-3,硬钢,normal_real,,,,,,
diagnostic_candidate,True,0005000555-000040,0005000555-000040,0005000555-000040,BR_00000030,BR_00000012,numeric-chain-000094,12,7,23,1339,2.5,760,780,CR340LA,低合金高强,H340LA-3,硬钢,normal_real,,,,,,
diagnostic_candidate,True,0005000563-000100,0005000563-000100,0005000563-000100,BR_00000036,BR_00000012,numeric-chain-000094,12,8,5.52,1325,2,755,775,CR240LA,低合金高强,H260LAD-3,硬钢,normal_real,,,,,,
diagnostic_candidate,True,0030119182-000030,0030119182-000030,0030119182-000030,BR_00000030,BR_00000012,numeric-chain-000094,12,9,48,1274,2.49,760,780,HC340/590DPD+Z,双相钢,W590X4,硬钢,normal_real,,,,,,
diagnostic_candidate,True,0030118873-000050,0030118873-000050,0030118873-000050,BR_00000030,BR_00000012,numeric-chain-000094,12,10,24,1250,2.45,760,780,HC340/590DPD+Z,双相钢,W590X4,硬钢,normal_real,,,,,,
diagnostic_candidate,True,0030119183-000010,0030119183-000010,0030119183-000010,BR_00000030,BR_00000012,numeric-chain-000094,12,11,48,1233,2.45,760,780,HC340/590DPD+Z,双相钢,W590X4,硬钢,normal_real,,,,,,
diagnostic_candidate,True,0030119182-000010,0030119182-000010,0030119182-000010,BR_00000030,BR_00000012,numeric-chain-000094,12,12,48,1205,2.49,760,780,HC340/590DPD+Z,双相钢,W590X4,硬钢,normal_real,,,,,,
diagnostic_candidate,True,0030120066-000010,0030120066-000010,0030120066-000010,BR_00000030,BR_00000012,numeric-chain-000094,12,13,96,1118,2.5,760,780,HC340/590DPD+Z,双相钢,W590X4,硬钢,normal_real,,,,,,
diagnostic_candidate,True,0005000469-000040,0005000469-000040,0005000469-000040,BR_00000012,BR_00000012,numeric-chain-000094,12,14,14,1109,2.5,760,780,CR340LA,低合金高强,H340LA-3,硬钢,normal_real,,,,,,
diagnostic_candidate,True,0005000514-000070,0005000514-000070,0005000514-000070,BR_00000024,BR_00000012,numeric-chain-000094,12,15,23,1095,2,740,780,CR420LA,低合金高强,H420LAD-3,硬钢,normal_real,,,,,,
diagnostic_candidate,True,0005000563-000080,0005000563-000080,0005000563-000080,BR_00000036,BR_00000012,numeric-chain-000094,12,16,40,1070,1.7,740,780,CR420LA,低合金高强,H420LAD-3,硬钢,normal_real,,,,,,
diagnostic_candidate,True,0005000464-000080,0005000464-000080,0005000464-000080,BR_00000012,BR_00000012,numeric-chain-000094,12,17,30.42,1070,1.7,740,780,CR420LA,低合金高强,H420LAD-3,硬钢,normal_real,,,,,,
diagnostic_candidate,True,0005000547-000100,0005000547-000100,0005000547-000100,BR_00000030,BR_00000012,numeric-chain-000094,12,18,69.75,1070,1.7,740,780,CR420LA,低合金高强,H420LAD-3,硬钢,normal_real,,,,,,
diagnostic_candidate,True,0005000501-000080,0005000501-000080,0005000501-000080,BR_00000024,BR_00000012,numeric-chain-000094,12,19,40,1070,1.7,740,780,CR420LA,低合金高强,H420LAD-3,硬钢,normal_real,,,,,,
diagnostic_candidate,True,0030110864-000020,0030110864-000020,0030110864-000020,BR_00000019,BR_00000012,numeric-chain-000094,12,20,22,1050,1.5,700,840,DC51D+Z,普碳,SPHC,软钢,actual_transition,,,,,,
diagnostic_candidate,True,0005000509-000080,0005000509-000080,0005000509-000080,BR_00000024,BR_00000012,numeric-chain-000094,12,21,7,1047,1.5,740,760,CR340LA,低合金高强,H340LA-3,硬钢,normal_real,,,,,,
diagnostic_candidate,True,0005000547-000530,0005000547-000530,0005000547-000530,BR_00000030,BR_00000012,numeric-chain-000094,12,22,20,1029,1.2,740,760,CR300LA,低合金高强,H300LA-3,硬钢,normal_real,,,,,,
diagnostic_candidate,True,0030122899-000020,0030122899-000020,0030122899-000020,BR_00000036,BR_00000012,numeric-chain-000094,12,23,158.75,1000,1,700,840,DC51D+Z,普碳,SPHC,软钢,actual_transition,,,,,,
diagnostic_candidate,True,0030107608-000010,0030107608-000010,0030107608-000010,BR_00000018,BR_00000012,numeric-chain-000094,12,24,22,1000,1,700,840,DC51D+Z,普碳,SPHC,软钢,actual_transition,,,,,,
diagnostic_candidate,True,0002001871-000380,0002001871-000380,0002001871-000380,BR_00000024,BR_00000012,numeric-chain-000094,12,25,20,1000,1,770,810,DC51D+Z,普碳,SPHC,软钢,normal_real,,,,,,
diagnostic_candidate,True,0030113505-000020,0030113505-000020,0030113505-000020,BR_00000024,BR_00000012,numeric-chain-000094,12,26,22,1000,1,800,820,HC260YD+Z,加磷高强、烘烤硬化钢,H260Y,软钢,normal_real,,,,,,
diagnostic_candidate,True,0010018679-000020,0010018679-000020,0010018679-000020,BR_00000030,BR_00000012,numeric-chain-000094,12,27,125.66,1000,1.2,700,840,DC51D+Z,普碳,SPHC,软钢,actual_transition,,,,,,
diagnostic_candidate,True,0005000547-000690,0005000547-000690,0005000547-000690,BR_00000030,BR_00000012,numeric-chain-000094,12,28,87.36,995,1.3,730,770,CR420LA,低合金高强,H420LAD-3,硬钢,normal_real,,,,,,
diagnostic_candidate,True,0005000563-000110,0005000563-000110,0005000563-000110,BR_00000036,BR_00000012,numeric-chain-000094,12,29,18,975,1.2,730,770,CR420LA,低合金高强,H420LAD-3,硬钢,normal_real,,,,,,
diagnostic_candidate,True,0005000501-000130,0005000501-000130,0005000501-000130,BR_00000024,BR_00000012,numeric-chain-000094,12,30,18,975,1.2,730,770,CR420LA,低合金高强,H420LAD-3,硬钢,normal_real,,,,,,
diagnostic_candidate,True,0005000529-000010,0005000529-000010,0005000529-000010,BR_00000024,BR_00000012,numeric-chain-000094,12,31,60,900,1.2,760,780,CR240LA,低合金高强,H260LAD-3,硬钢,normal_real,,,,,,
diagnostic_candidate,True,0005000464-000220,0005000464-000220,0005000464-000220,BR_00000012,BR_00000012,numeric-chain-000094,12,32,16,900,1.5,740,780,CR420LA,低合金高强,H420LAD-3,硬钢,normal_real,,,,,,
diagnostic_candidate,True,0005000501-000280,0005000501-000280,0005000501-000280,BR_00000024,BR_00000012,numeric-chain-000094,12,33,6.69,900,1.5,740,780,CR420LA,低合金高强,H420LAD-3,硬钢,normal_real,,,,,,
diagnostic_candidate,True,0005000464-000010,0005000464-000010,0005000464-000010,BR_00000012,BR_00000012,numeric-chain-000094,12,34,72,897,1.8,740,780,CR420LA,低合金高强,H420LAD-3,硬钢,normal_real,,,,,,
diagnostic_candidate,True,0005000506-000020,0005000506-000020,0005000506-000020,BR_00000024,BR_00000012,numeric-chain-000094,12,35,21,883,1.8,755,775,CR240LA,低合金高强,H260LAD-3,硬钢,normal_real,,,,,,
diagnostic_candidate,True,0002001767-000070,0002001767-000070,0002001767-000070,BR_00000018,BR_00000012,numeric-chain-000081,13,1,23,1140,0.6,830,850,DC54D+Z,IF钢,SPHETI-3,软钢,normal_real,,,,,,
diagnostic_candidate,True,0030118962-000010,0030118962-000010,0030118962-000010,BR_00000030,BR_00000012,numeric-chain-000081,13,2,23,1135,0.6,820,840,DX53D+Z,IF钢,SPHETI-5,软钢,normal_real,,,,,,
diagnostic_candidate,True,0002001854-000050,0002001854-000050,0002001854-000050,BR_00000024,BR_00000012,numeric-chain-000081,13,3,69,1133,0.7,830,850,DC53D+Z,IF钢,SPHETI-3,软钢,normal_real,,,,,,
diagnostic_candidate,True,0002001901-000020,0002001901-000020,0002001901-000020,BR_00000024,BR_00000012,numeric-chain-000081,13,4,23,1133,0.7,830,850,DC53D+Z,IF钢,SPHETI-3,软钢,normal_real,,,,,,
diagnostic_candidate,True,0005000487-000010,0005000487-000010,0005000487-000010,BR_00000018,BR_00000012,numeric-chain-000081,13,5,21,1130,0.7,820,840,CR210BH,加磷高强、烘烤硬化钢,H220BH,软钢,normal_real,,,,,,
diagnostic_candidate,True,0005000500-000030,0005000500-000030,0005000500-000030,BR_00000024,BR_00000012,numeric-chain-000081,13,6,42,1130,0.7,820,840,CR210BH,加磷高强、烘烤硬化钢,H220BH,软钢,normal_real,,,,,,
diagnostic_candidate,True,0030103543-000060,0030103543-000060,0030103543-000060,BR_00000012,BR_00000012,numeric-chain-000081,13,7,10.66,1125,0.8,820,840,DC53D+Z,IF钢,SPHETI-5,软钢,normal_real,,,,,,
diagnostic_candidate,True,0002001648-000130,0002001648-000130,0002001648-000130,BR_00000012,BR_00000012,numeric-chain-000081,13,8,146.48,1120,0.6,820,840,DX53D+Z-CD,IF钢,SPHETI-5,软钢,normal_real,,,,,,
diagnostic_candidate,True,0030124772-000060,0030124772-000060,0030124772-000060,BR_00000036,BR_00000012,numeric-chain-000081,13,9,23,1120,0.65,830,850,DC54D+Z,IF钢,SPHETI-5,软钢,normal_real,,,,,,
diagnostic_candidate,True,0030119959-000010,0030119959-000010,0030119959-000010,BR_00000030,BR_00000012,numeric-chain-000081,13,10,23,1120,0.65,830,850,DC54D+Z,IF钢,SPHETI-5,软钢,normal_real,,,,,,
diagnostic_candidate,True,0030105931-000020,0030105931-000020,0030105931-000020,BR_00000012,BR_00000012,numeric-chain-000081,13,11,17.52,1107,0.6,820,840,DC53D+Z,IF钢,SPHETI-5,软钢,normal_real,,,,,,
diagnostic_candidate,True,0002001757-000170,0002001757-000170,0002001757-000170,BR_00000018,BR_00000012,numeric-chain-000081,13,12,46,1100,0.5,815,835,DX51D+Z-MD,普碳,SPHC,软钢,normal_real,,,,,,
diagnostic_candidate,True,0002002054-000310,0002002054-000310,0002002054-000310,BR_00000030,BR_00000012,numeric-chain-000081,13,13,72,1100,0.5,820,840,DX53D+Z-CD,IF钢,SPHETI-5,软钢,normal_real,,,,,,
diagnostic_candidate,True,0010017872-000010,0010017872-000010,0010017872-000010,BR_00000030,BR_00000012,numeric-chain-000081,13,14,62.18,1100,0.6,820,840,DC53D+Z,IF钢,SPHETI-5,软钢,normal_real,,,,,,
diagnostic_candidate,True,0002001780-000180,0002001780-000180,0002001780-000180,BR_00000024,BR_00000012,numeric-chain-000081,13,15,23,1100,0.7,810,830,180YD+Z,加磷高强、烘烤硬化钢,H180YD,软钢,normal_real,,,,,,
diagnostic_candidate,True,0002001603-000020,0002001603-000020,0002001603-000020,BR_00000012,BR_00000012,numeric-chain-000081,13,16,23,1100,0.7,810,830,180YD+Z,加磷高强、烘烤硬化钢,H180YD,软钢,normal_real,,,,,,
diagnostic_candidate,True,0002002055-000110,0002002055-000110,0002002055-000110,BR_00000030,BR_00000012,numeric-chain-000081,13,17,166,1100,0.8,815,835,DX51D+Z-MD,普碳,SPHC,软钢,normal_real,,,,,,
diagnostic_candidate,True,0002001899-000030,0002001899-000030,0002001899-000030,BR_00000024,BR_00000012,numeric-chain-000081,13,18,44,1100,0.8,820,840,DX53D+Z-MD,IF钢,SPHETI-5,软钢,normal_real,,,,,,
diagnostic_candidate,True,0002001768-000070,0002001768-000070,0002001768-000070,BR_00000018,BR_00000012,numeric-chain-000081,13,19,40,1095,0.7,830,850,DC53D+Z,IF钢,SPHETI-3,软钢,normal_real,,,,,,
diagnostic_candidate,True,0002001854-000090,0002001854-000090,0002001854-000090,BR_00000024,BR_00000012,numeric-chain-000081,13,20,57,1095,0.7,830,850,DC53D+Z,IF钢,SPHETI-3,软钢,normal_real,,,,,,
diagnostic_candidate,True,0030124438-000010,0030124438-000010,0030124438-000010,BR_00000036,BR_00000012,numeric-chain-000081,13,21,23,1083,0.8,830,850,DC54D+Z,IF钢,SPHETI-5,软钢,normal_real,,,,,,
diagnostic_candidate,True,0030120951-000020,0030120951-000020,0030120951-000020,BR_00000032,BR_00000012,numeric-chain-000081,13,22,96,1080,1,700,840,DX51D+Z,普碳,SPHC,软钢,normal_real,,,,,,
diagnostic_candidate,True,0030120939-000060,0030120939-000060,0030120939-000060,BR_00000032,BR_00000012,numeric-chain-000081,13,23,46,1080,1.2,810,830,HC180YD+Z,加磷高强、烘烤硬化钢,H180YD,软钢,normal_real,,,,,,
diagnostic_candidate,True,0030108326-000050,0030108326-000050,0030108326-000050,BR_00000018,BR_00000012,numeric-chain-000081,13,24,23,1079,1,700,840,DC51D+Z,普碳,SPHC,软钢,actual_transition,,,,,,
diagnostic_candidate,True,0005000501-000510,0005000501-000510,0005000501-000510,BR_00000024,BR_00000012,numeric-chain-000081,13,25,40,1025,1,770,790,CR300LA,低合金高强,H300LA-3,硬钢,normal_real,,,,,,
diagnostic_candidate,True,0030108871-000010,0030108871-000010,0030108871-000010,BR_00000018,BR_00000012,numeric-chain-000081,13,26,196.56,1000,1,700,840,DC51D+Z,普碳,SPHC,软钢,actual_transition,,,,,,
diagnostic_candidate,True,0030119047-000010,0030119047-000010,0030119047-000010,BR_00000030,BR_00000012,numeric-chain-000081,13,27,22,1000,1,830,850,DC54D+Z,IF钢,SPHETI-5,软钢,normal_real,,,,,,
diagnostic_candidate,True,0030125147-000030,0030125147-000030,0030125147-000030,BR_00000036,BR_00000012,numeric-chain-000081,13,28,110,1000,1,830,850,DC54D+Z,IF钢,SPHETI-5,软钢,normal_real,,,,,,
diagnostic_candidate,True,0030122899-000030,0030122899-000030,0030122899-000030,BR_00000036,BR_00000012,numeric-chain-000081,13,29,131.28,1000,1.2,700,840,DC51D+Z,普碳,SPHC,软钢,actual_transition,,,,,,
diagnostic_candidate,True,0005000464-000610,0005000464-000610,0005000464-000610,BR_00000012,BR_00000012,numeric-chain-000081,13,30,36,995,1.3,730,770,CR420LA,低合金高强,H420LAD-3,硬钢,normal_real,,,,,,
diagnostic_candidate,True,0005000501-000630,0005000501-000630,0005000501-000630,BR_00000024,BR_00000012,numeric-chain-000081,13,31,116.95,995,1.3,730,770,CR420LA,低合金高强,H420LAD-3,硬钢,normal_real,,,,,,
diagnostic_candidate,True,0005000466-000060,0005000466-000060,0005000466-000060,BR_00000012,BR_00000012,numeric-chain-000081,13,32,90,995,1.3,730,770,CR420LA,低合金高强,H420LAD-3,硬钢,normal_real,,,,,,
diagnostic_candidate,True,0005000547-000550,0005000547-000550,0005000547-000550,BR_00000030,BR_00000012,numeric-chain-000081,13,33,18,980,1.3,725,745,CR380LA,低合金高强,H380LA-3,硬钢,normal_real,,,,,,
diagnostic_candidate,True,0005000547-000490,0005000547-000490,0005000547-000490,BR_00000030,BR_00000012,numeric-chain-000081,13,34,16,900,1.5,715,735,CR380LA,低合金高强,H380LA-3,硬钢,normal_real,,,,,,
diagnostic_candidate,True,0005000501-000440,0005000501-000440,0005000501-000440,BR_00000024,BR_00000012,numeric-chain-000081,13,35,48,900,1.5,715,735,CR380LA,低合金高强,H380LA-3,硬钢,normal_real,,,,,,
diagnostic_candidate,True,0005000464-000430,0005000464-000430,0005000464-000430,BR_00000012,BR_00000012,numeric-chain-000081,13,36,6.34,900,1.5,715,735,CR380LA,低合金高强,H380LA-3,硬钢,normal_real,,,,,,
diagnostic_candidate,True,0030108542-000120,0030108542-000120,0030108542-000120,BR_00000018,BR_00000012,numeric-chain-000058,14,1,24,1568,0.7,820,840,DX53D+Z-LG,IF钢,SPHETI-5,软钢,normal_real,,,,,,
diagnostic_candidate,True,0030105830-000010,0030105830-000010,0030105830-000010,BR_00000012,BR_00000012,numeric-chain-000058,14,2,48,1560,0.65,830,850,DC54D+Z,IF钢,SPHETI-3,软钢,normal_real,,,,,,
diagnostic_candidate,True,0002001750-000070,0002001750-000070,0002001750-000070,BR_00000018,BR_00000012,numeric-chain-000058,14,3,50.07,1535,0.65,830,850,DC53D+Z,IF钢,SPHETI-3,软钢,normal_real,,,,,,
diagnostic_candidate,True,0002002195-000200,0002002195-000200,0002002195-000200,BR_00000036,BR_00000012,numeric-chain-000058,14,4,24,1515,0.65,830,850,DC54D+Z,IF钢,SPHETI-3,软钢,normal_real,,,,,,
diagnostic_candidate,True,0002001998-000330,0002001998-000330,0002001998-000330,BR_00000030,BR_00000012,numeric-chain-000058,14,5,48,1515,0.65,830,850,DC54D+Z,IF钢,SPHETI-3,软钢,normal_real,,,,,,
diagnostic_candidate,True,0030118802-000020,0030118802-000020,0030118802-000020,BR_00000030,BR_00000012,numeric-chain-000058,14,6,46,1500,0.65,820,840,HC180BD+Z,加磷高强、烘烤硬化钢,H180BH1,软钢,normal_real,,,,,,
diagnostic_candidate,True,0002001889-000080,0002001889-000080,0002001889-000080,BR_00000024,BR_00000012,numeric-chain-000058,14,7,13,1500,0.65,830,850,DC53D+Z,IF钢,SPHETI-3,软钢,normal_real,,,,,,
diagnostic_candidate,True,0030107311-000030,0030107311-000030,0030107311-000030,BR_00000018,BR_00000012,numeric-chain-000058,14,8,24,1500,0.7,700,840,DC51D+Z,普碳,SPHC,软钢,actual_transition,,,,,,
diagnostic_candidate,True,0005000506-000010,0005000506-000010,0005000506-000010,BR_00000024,BR_00000012,numeric-chain-000058,14,9,7,1478,0.7,810,830,CR240LA,低合金高强,H260LAD-3,硬钢,normal_real,,,,,,
diagnostic_candidate,True,0005000462-000030,0005000462-000030,0005000462-000030,BR_00000012,BR_00000012,numeric-chain-000058,14,10,23,1403,0.7,810,830,CR240LA,低合金高强,H260LAD-3,硬钢,normal_real,,,,,,
diagnostic_candidate,True,0005000463-000010,0005000463-000010,0005000463-000010,BR_00000012,BR_00000012,numeric-chain-000058,14,11,23,1403,0.7,810,830,CR240LA,低合金高强,H260LAD-3,硬钢,normal_real,,,,,,
diagnostic_candidate,True,0005000555-000010,0005000555-000010,0005000555-000010,BR_00000030,BR_00000012,numeric-chain-000058,14,12,23,1403,0.7,810,830,CR240LA,低合金高强,H260LAD-3,硬钢,normal_real,,,,,,
diagnostic_candidate,True,0005000464-000340,0005000464-000340,0005000464-000340,BR_00000012,BR_00000012,numeric-chain-000058,14,13,21,1385,0.8,810,830,CR240LA,低合金高强,H260LAD-3,硬钢,normal_real,,,,,,
diagnostic_candidate,True,0005000547-000440,0005000547-000440,0005000547-000440,BR_00000030,BR_00000012,numeric-chain-000058,14,14,21,1385,0.8,810,830,CR240LA,低合金高强,H260LAD-3,硬钢,normal_real,,,,,,
diagnostic_candidate,True,0030107381-000120,0030107381-000120,0030107381-000120,BR_00000018,BR_00000012,numeric-chain-000058,14,15,45.09,1354,0.7,810,830,CR240LA,低合金高强,H260LAD-3,硬钢,normal_real,,,,,,
diagnostic_candidate,True,0030112686-000080,0030112686-000080,0030112686-000080,BR_00000024,BR_00000012,numeric-chain-000058,14,16,22,1354,0.7,810,830,CR240LA,低合金高强,H260LAD-3,硬钢,normal_real,,,,,,
diagnostic_candidate,True,0030117110-000110,0030117110-000110,0030117110-000110,BR_00000030,BR_00000012,numeric-chain-000058,14,17,44,1354,0.7,810,830,CR240LA,低合金高强,H260LAD-3,硬钢,normal_real,,,,,,
diagnostic_candidate,True,0030104329-000010,0030104329-000010,0030104329-000010,BR_00000012,BR_00000012,numeric-chain-000058,14,18,22,1320,0.8,780,820,CR270LA,低合金高强,H260LAD-3,硬钢,normal_real,,,,,,
diagnostic_candidate,True,0005000547-000220,0005000547-000220,0005000547-000220,BR_00000030,BR_00000012,numeric-chain-000058,14,19,21,1308,0.8,810,830,CR240LA,低合金高强,H260LAD-3,硬钢,normal_real,,,,,,
diagnostic_candidate,True,0005000501-000110,0005000501-000110,0005000501-000110,BR_00000024,BR_00000012,numeric-chain-000058,14,20,20,1265,0.8,810,830,CR240LA,低合金高强,H260LAD-3,硬钢,normal_real,,,,,,
diagnostic_candidate,True,0005000547-000130,0005000547-000130,0005000547-000130,BR_00000030,BR_00000012,numeric-chain-000058,14,21,20,1265,0.8,810,830,CR240LA,低合金高强,H260LAD-3,硬钢,normal_real,,,,,,
diagnostic_candidate,True,0030103526-000110,0030103526-000110,0030103526-000110,BR_00000012,BR_00000012,numeric-chain-000058,14,22,24.53,1250,0.8,700,840,DC51D+Z,普碳,SPHC,软钢,actual_transition,,,,,,
diagnostic_candidate,True,0005000464-000410,0005000464-000410,0005000464-000410,BR_00000012,BR_00000012,numeric-chain-000058,14,23,40,1230,0.8,715,735,CR270LA,低合金高强,H260LAD-3,硬钢,normal_real,,,,,,
diagnostic_candidate,True,0005000547-000470,0005000547-000470,0005000547-000470,BR_00000030,BR_00000012,numeric-chain-000058,14,24,68.4,1230,0.8,715,735,CR270LA,低合金高强,H260LAD-3,硬钢,normal_real,,,,,,
diagnostic_candidate,True,0005000501-000420,0005000501-000420,0005000501-000420,BR_00000024,BR_00000012,numeric-chain-000058,14,25,28.72,1230,0.8,715,735,CR270LA,低合金高强,H260LAD-3,硬钢,normal_real,,,,,,
diagnostic_candidate,True,0030118942-000030,0030118942-000030,0030118942-000030,BR_00000030,BR_00000012,numeric-chain-000058,14,26,48,1219,0.8,700,840,DX51D+Z,普碳,SPHC,软钢,actual_transition,,,,,,
diagnostic_candidate,True,0030112686-000030,0030112686-000030,0030112686-000030,BR_00000024,BR_00000012,numeric-chain-000058,14,27,66,1205,0.7,810,830,CR240LA,低合金高强,H260LAD-3,硬钢,normal_real,,,,,,
diagnostic_candidate,True,0030107381-000040,0030107381-000040,0030107381-000040,BR_00000018,BR_00000012,numeric-chain-000058,14,28,22,1205,0.7,810,830,CR240LA,低合金高强,H260LAD-3,硬钢,normal_real,,,,,,
diagnostic_candidate,True,0030117110-000040,0030117110-000040,0030117110-000040,BR_00000030,BR_00000012,numeric-chain-000058,14,29,22,1205,0.7,810,830,CR240LA,低合金高强,H260LAD-3,硬钢,normal_real,,,,,,
diagnostic_candidate,True,0030107381-000050,0030107381-000050,0030107381-000050,BR_00000018,BR_00000012,numeric-chain-000058,14,30,44,1200,0.7,810,830,CR240LA,低合金高强,H260LAD-3,硬钢,normal_real,,,,,,
diagnostic_candidate,True,0030112686-000040,0030112686-000040,0030112686-000040,BR_00000024,BR_00000012,numeric-chain-000058,14,31,44,1200,0.7,810,830,CR240LA,低合金高强,H260LAD-3,硬钢,normal_real,,,,,,
diagnostic_candidate,True,0030117110-000050,0030117110-000050,0030117110-000050,BR_00000030,BR_00000012,numeric-chain-000058,14,32,22,1200,0.7,810,830,CR240LA,低合金高强,H260LAD-3,硬钢,normal_real,,,,,,
diagnostic_candidate,True,0005000547-000120,0005000547-000120,0005000547-000120,BR_00000030,BR_00000012,numeric-chain-000058,14,33,20,1170,0.7,810,830,CR240LA,低合金高强,H260LAD-3,硬钢,normal_real,,,,,,
diagnostic_candidate,True,0005000501-000100,0005000501-000100,0005000501-000100,BR_00000024,BR_00000012,numeric-chain-000058,14,34,20,1170,0.7,810,830,CR240LA,低合金高强,H260LAD-3,硬钢,normal_real,,,,,,
diagnostic_candidate,True,0030106987-000010,0030106987-000010,0030106987-000010,BR_00000018,BR_00000012,numeric-chain-000058,14,35,24,1160,0.6,700,840,DX51D+Z,普碳,SPHC,软钢,actual_transition,,,,,,
diagnostic_candidate,True,0030108199-000010,0030108199-000010,0030108199-000010,BR_00000018,BR_00000012,numeric-chain-000058,14,36,138,1120,0.6,700,720,DX51D+Z3,深冲钢（PD）,DD12BB,软钢,normal_real,,,,,,
diagnostic_candidate,True,0030117931-000020,0030117931-000020,0030117931-000020,BR_00000030,BR_00000012,numeric-chain-000058,14,37,23,1110,0.6,700,840,DC51D+Z,普碳,SPHC,软钢,normal_real,,,,,,
diagnostic_candidate,True,0002002035-000090,0002002035-000090,0002002035-000090,BR_00000030,BR_00000012,numeric-chain-000058,14,38,69,1110,0.65,770,810,DC51D+Z,普碳,SPHC,软钢,normal_real,,,,,,
diagnostic_candidate,True,0002002044-000050,0002002044-000050,0002002044-000050,BR_00000030,BR_00000012,numeric-chain-000058,14,39,23,1110,0.65,770,810,DC51D+Z,普碳,SPHC,软钢,normal_real,,,,,,
diagnostic_candidate,True,0002001612-000060,0002001612-000060,0002001612-000060,BR_00000012,BR_00000012,numeric-chain-000058,14,40,85.96,1110,0.65,770,810,DC51D+Z,普碳,SPHC,软钢,normal_real,,,,,,
diagnostic_candidate,True,0002001751-000010,0002001751-000010,0002001751-000010,BR_00000018,BR_00000012,numeric-chain-000058,14,41,23,1110,0.7,770,810,DC51D+Z,普碳,SPHC,软钢,normal_real,,,,,,
diagnostic_candidate,True,0002001871-000040,0002001871-000040,0002001871-000040,BR_00000024,BR_00000012,numeric-chain-000058,14,42,15,1108,0.65,770,810,DC51D+Z,普碳,SPHC,软钢,normal_real,,,,,,
diagnostic_candidate,True,0002001612-000310,0002001612-000310,0002001612-000310,BR_00000012,BR_00000012,numeric-chain-000058,14,43,20,1107,0.7,770,810,DC51D+Z,普碳,SPHC,软钢,normal_real,,,,,,
diagnostic_candidate,True,0002001612-000190,0002001612-000190,0002001612-000190,BR_00000012,BR_00000012,numeric-chain-000058,14,44,13,1098,0.65,770,810,DC51D+Z,普碳,SPHC,软钢,normal_real,,,,,,
diagnostic_candidate,True,0002002185-000110,0002002185-000110,0002002185-000110,BR_00000036,BR_00000012,numeric-chain-000058,14,45,19,1097,0.65,770,810,DC51D+Z,IF钢,SPHETI-3,软钢,normal_real,,,,,,
diagnostic_candidate,True,0002001880-000120,0002001880-000120,0002001880-000120,BR_00000024,BR_00000012,numeric-chain-000058,14,46,70,1095,0.65,770,810,DC51D+Z,普碳,SPHC,软钢,normal_real,,,,,,
diagnostic_candidate,True,0002001873-000020,0002001873-000020,0002001873-000020,BR_00000024,BR_00000012,numeric-chain-000058,14,47,19,1095,0.7,770,810,DC51D+Z,IF钢,SPHETI-3,软钢,normal_real,,,,,,
diagnostic_candidate,True,0002002044-000040,0002002044-000040,0002002044-000040,BR_00000030,BR_00000012,numeric-chain-000058,14,48,18.41,1090,0.65,770,810,DC51D+Z,普碳,SPHC,软钢,normal_real,,,,,,
diagnostic_candidate,True,0002001880-000110,0002001880-000110,0002001880-000110,BR_00000024,BR_00000012,numeric-chain-000058,14,49,33.31,1085,0.6,770,810,DC51D+Z,普碳,SPHC,软钢,normal_real,,,,,,
diagnostic_candidate,True,0002002202-000170,0002002202-000170,0002002202-000170,BR_00000036,BR_00000012,numeric-chain-000058,14,50,19,1080,0.7,770,810,DC51D+Z,IF钢,SPHETI-3,软钢,normal_real,,,,,,
diagnostic_candidate,True,0002002023-000060,0002002023-000060,0002002023-000060,BR_00000030,BR_00000012,numeric-chain-000058,14,51,19,1080,0.7,770,810,DC51D+Z,普碳,SPHC,软钢,normal_real,,,,,,
diagnostic_candidate,True,0002001998-000230,0002001998-000230,0002001998-000230,BR_00000030,BR_00000012,numeric-chain-000058,14,52,23,1078,0.7,770,810,DC51D+Z,普碳,SPHC,软钢,normal_real,,,,,,
diagnostic_candidate,True,0002002035-000060,0002002035-000060,0002002035-000060,BR_00000030,BR_00000012,numeric-chain-000058,14,53,16.23,1070,0.7,770,810,DC51D+Z,普碳,SPHC,软钢,normal_real,,,,,,
diagnostic_candidate,True,0002001633-000160,0002001633-000160,0002001633-000160,BR_00000012,BR_00000012,numeric-chain-000058,14,54,11.17,1063,0.65,770,810,DC51D+Z,普碳,SPHC,软钢,normal_real,,,,,,
diagnostic_candidate,True,0002001765-000050,0002001765-000050,0002001765-000050,BR_00000018,BR_00000012,numeric-chain-000058,14,55,39.08,1063,0.65,770,810,DC51D+Z,普碳,SPHC,软钢,normal_real,,,,,,
diagnostic_candidate,True,0002001986-000040,0002001986-000040,0002001986-000040,BR_00000030,BR_00000012,numeric-chain-000058,14,56,13.06,1063,0.65,770,810,DC51D+Z,普碳,SPHC,软钢,normal_real,,,,,,
diagnostic_candidate,True,0002002202-000050,0002002202-000050,0002002202-000050,BR_00000036,BR_00000012,numeric-chain-000058,14,57,25,1060,0.7,770,810,DC51D+Z,IF钢,SPHETI-3,软钢,normal_real,,,,,,
diagnostic_candidate,True,0030115408-000040,0030115408-000040,0030115408-000040,BR_00000024,BR_00000012,numeric-chain-000058,14,58,23,1055,0.8,780,800,HC220YD+Z,加磷高强、烘烤硬化钢,H220Y,软钢,normal_real,,,,,,
diagnostic_candidate,True,0030120817-000010,0030120817-000010,0030120817-000010,BR_00000030,BR_00000012,numeric-chain-000058,14,59,23,1055,0.8,780,800,HC220YD+Z,加磷高强、烘烤硬化钢,H220Y,软钢,normal_real,,,,,,
diagnostic_candidate,True,0030124824-000050,0030124824-000050,0030124824-000050,BR_00000036,BR_00000012,numeric-chain-000058,14,60,23.11,1050,0.65,780,800,HC220YD+Z-GL,加磷高强、烘烤硬化钢,H220Y,,normal_real,,,,,,
diagnostic_candidate,True,0030114925-000010,0030114925-000010,0030114925-000010,BR_00000025,BR_00000012,numeric-chain-000058,14,61,30,1050,0.65,780,800,HC220YD+Z-GL,加磷高强、烘烤硬化钢,H220Y,,normal_real,,,,,,
diagnostic_candidate,True,0030125207-000030,0030125207-000030,0030125207-000030,BR_00000036,BR_00000012,numeric-chain-000058,14,62,22,1043,0.7,780,800,HC220YD+Z,加磷高强、烘烤硬化钢,H220Y,软钢,normal_real,,,,,,
diagnostic_candidate,True,0002001765-000060,0002001765-000060,0002001765-000060,BR_00000018,BR_00000012,numeric-chain-000058,14,63,22,1040,0.65,770,810,DC51D+Z,普碳,SPHC,软钢,normal_real,,,,,,
diagnostic_candidate,True,0002001635-000010,0002001635-000010,0002001635-000010,BR_00000012,BR_00000012,numeric-chain-000058,14,64,15.27,1027,0.65,770,810,DC51D+Z,普碳,SPHC,软钢,normal_real,,,,,,
diagnostic_candidate,True,0002001744-000100,0002001744-000100,0002001744-000100,BR_00000018,BR_00000012,numeric-chain-000058,14,65,13,1022,0.65,770,810,DC51D+Z,普碳,SPHC,软钢,normal_real,,,,,,
diagnostic_candidate,True,0002001871-000090,0002001871-000090,0002001871-000090,BR_00000024,BR_00000012,numeric-chain-000058,14,66,10.3,1020,0.65,770,810,DC51D+Z,普碳,SPHC,软钢,normal_real,,,,,,
diagnostic_candidate,True,0030108542-000130,0030108542-000130,0030108542-000130,BR_00000018,BR_00000012,numeric-chain-000026,15,1,24,1303,0.7,820,840,DX53D+Z-LG,IF钢,SPHETI-5,软钢,normal_real,,,,,,
diagnostic_candidate,True,0030109893-000010,0030109893-000010,0030109893-000010,BR_00000018,BR_00000012,numeric-chain-000026,15,2,72,1300,0.7,810,830,HC180YD+Z,加磷高强、烘烤硬化钢,H180YD,软钢,normal_real,,,,,,
diagnostic_candidate,True,0030105110-000070,0030105110-000070,0030105110-000070,BR_00000012,BR_00000012,numeric-chain-000026,15,3,23,1300,0.75,820,840,HC220BD+Z,加磷高强、烘烤硬化钢,H220BH,软钢,normal_real,,,,,,
diagnostic_candidate,True,0030106801-000010,0030106801-000010,0030106801-000010,BR_00000013,BR_00000012,numeric-chain-000026,15,4,77.15,1300,0.75,830,850,DC56D+Z,IF钢,SPHETI-3,软钢,normal_real,,,,,,
diagnostic_candidate,True,0030110867-000020,0030110867-000020,0030110867-000020,BR_00000019,BR_00000012,numeric-chain-000026,15,5,72,1300,0.75,830,850,DC56D+Z,IF钢,SPHETI-3,软钢,normal_real,,,,,,
diagnostic_candidate,True,0030110865-000020,0030110865-000020,0030110865-000020,BR_00000019,BR_00000012,numeric-chain-000026,15,6,72,1300,0.75,830,850,DC56D+Z,IF钢,SPHETI-3,软钢,normal_real,,,,,,
diagnostic_candidate,True,0030121196-000020,0030121196-000020,0030121196-000020,BR_00000032,BR_00000012,numeric-chain-000026,15,7,24,1300,0.95,830,850,DC56D+Z,IF钢,SPHETI-3,软钢,normal_real,,,,,,
diagnostic_candidate,True,0002002053-000180,0002002053-000180,0002002053-000180,BR_00000030,BR_00000012,numeric-chain-000026,15,8,60,1300,1,820,840,DX53D+Z-MD,IF钢,SPHETI-5,软钢,normal_real,,,,,,
diagnostic_candidate,True,0030119945-000110,0030119945-000110,0030119945-000110,BR_00000030,BR_00000012,numeric-chain-000026,15,9,24,1300,1,830,850,DC54D+Z,IF钢,SPHETI-5,软钢,normal_real,,,,,,
diagnostic_candidate,True,0030124731-000010,0030124731-000010,0030124731-000010,BR_00000036,BR_00000012,numeric-chain-000026,15,10,48,1290,0.9,830,850,DC54D+Z,IF钢,SPHETI-5,软钢,normal_real,,,,,,
diagnostic_candidate,True,0005000464-000620,0005000464-000620,0005000464-000620,BR_00000012,BR_00000012,numeric-chain-000026,15,11,5.07,1285,0.9,830,850,CR4,IF钢,SPHETI-36,软钢,normal_real,,,,,,
diagnostic_candidate,True,0005000547-000700,0005000547-000700,0005000547-000700,BR_00000030,BR_00000012,numeric-chain-000026,15,12,58.49,1285,0.9,830,850,CR4,IF钢,SPHETI-36,软钢,normal_real,,,,,,
diagnostic_candidate,True,virtual-000017,,,,BR_00000012,numeric-chain-000026,15,13,20.00,1250,0.80,830,850,SPHC,,SPHC,,virtual_sphc,,"{""accepted_sequence"":17,""prototype_id"":""virtual_sphc:1250x0.8"",""purpose"":""edge_bridge"",""related_partition_id"":null}",,,,
diagnostic_candidate,True,0002002020-000070,0002002020-000070,0002002020-000070,BR_00000030,BR_00000012,numeric-chain-000026,15,14,90,1230,0.65,830,850,DC56D+Z,IF钢,SPHETI-3,软钢,normal_real,,,,,,
diagnostic_candidate,True,0030106245-000030,0030106245-000030,0030106245-000030,BR_00000012,BR_00000012,numeric-chain-000026,15,15,72,1230,0.8,700,840,DC51D+Z,普碳,SPHC,软钢,normal_real,,,,,,
diagnostic_candidate,True,0002001899-000050,0002001899-000050,0002001899-000050,BR_00000024,BR_00000012,numeric-chain-000026,15,16,22,1219,0.8,815,835,DX51D+Z-MD,普碳,SPHC,软钢,normal_real,,,,,,
diagnostic_candidate,True,0002002053-000150,0002002053-000150,0002002053-000150,BR_00000030,BR_00000012,numeric-chain-000026,15,17,42,1219,0.8,815,835,DX51D+Z-MD,普碳,SPHC,软钢,normal_real,,,,,,
diagnostic_candidate,True,0002002054-000170,0002002054-000170,0002002054-000170,BR_00000030,BR_00000012,numeric-chain-000026,15,18,92,1219,0.8,815,835,DX51D+Z-MD,普碳,SPHC,软钢,normal_real,,,,,,
diagnostic_candidate,True,0002002053-000090,0002002053-000090,0002002053-000090,BR_00000030,BR_00000012,numeric-chain-000026,15,19,81,1219,0.8,815,835,DX51D+Z-MD,普碳,SPHC,软钢,normal_real,,,,,,
diagnostic_candidate,True,0002002054-000250,0002002054-000250,0002002054-000250,BR_00000030,BR_00000012,numeric-chain-000026,15,20,191,1219,0.8,815,835,DX51D+Z-MD,普碳,SPHC,软钢,normal_real,,,,,,
diagnostic_candidate,True,0002001899-000040,0002001899-000040,0002001899-000040,BR_00000024,BR_00000012,numeric-chain-000026,15,21,60,1219,1,815,835,DX51D+Z-MD,普碳,SPHC,软钢,normal_real,,,,,,
diagnostic_candidate,True,0030125147-000010,0030125147-000010,0030125147-000010,BR_00000036,BR_00000012,numeric-chain-000026,15,22,6.86,1200,1,820,840,DC53D+Z,IF钢,SPHETI-5,软钢,normal_real,,,,,,
diagnostic_candidate,True,0002001897-000020,0002001897-000020,0002001897-000020,BR_00000024,BR_00000012,numeric-chain-000026,15,23,72,1200,1,820,840,DX53D+Z-CD,IF钢,SPHETI-5,软钢,normal_real,,,,,,
diagnostic_candidate,True,0005000501-000520,0005000501-000520,0005000501-000520,BR_00000024,BR_00000012,numeric-chain-000026,15,24,20,1185,1.2,820,840,CR210BH,加磷高强、烘烤硬化钢,H220BH,软钢,normal_real,,,,,,
diagnostic_candidate,True,0030110381-000020,0030110381-000020,0030110381-000020,BR_00000018,BR_00000012,numeric-chain-000026,15,25,8,1175,1.2,810,830,HC180YD+Z,加磷高强、烘烤硬化钢,H180YD,软钢,normal_real,,,,,,
diagnostic_candidate,True,0002001895-000020,0002001895-000020,0002001895-000020,BR_00000024,BR_00000012,numeric-chain-000026,15,26,100,1165,1,820,840,DX53D+Z-CD,IF钢,SPHETI-5,软钢,normal_real,,,,,,
diagnostic_candidate,True,0002001895-000070,0002001895-000070,0002001895-000070,BR_00000024,BR_00000012,numeric-chain-000026,15,27,252,1165,1,820,840,DX53D+Z-CD,IF钢,SPHETI-5,软钢,normal_real,,,,,,
diagnostic_candidate,True,0002001622-000040,0002001622-000040,0002001622-000040,BR_00000012,BR_00000012,numeric-chain-000026,15,28,28.95,1165,1.2,820,840,DX53D+Z-CD,IF钢,SPHETI-5,软钢,normal_real,,,,,,
diagnostic_candidate,True,0030114680-000010,0030114680-000010,0030114680-000010,BR_00000024,BR_00000012,numeric-chain-000026,15,29,72,1155,1.2,830,850,DC54D+Z,IF钢,SPHETI-5,软钢,normal_real,,,,,,
diagnostic_candidate,True,0002002054-000010,0002002054-000010,0002002054-000010,BR_00000030,BR_00000012,numeric-chain-000011,16,1,135.8,1365,0.5,820,840,DX53D+Z-CD,IF钢,SPHETI-5,软钢,normal_real,,,,,,
diagnostic_candidate,True,0030119098-000050,0030119098-000050,0030119098-000050,BR_00000030,BR_00000012,numeric-chain-000011,16,2,24,1365,0.6,700,840,DX51D+Z,普碳,SPHC,软钢,normal_real,,,,,,
diagnostic_candidate,True,0030118957-000010,0030118957-000010,0030118957-000010,BR_00000030,BR_00000012,numeric-chain-000011,16,3,48,1360,0.7,700,720,DX51D+Z3,深冲钢（PD）,DD12BB,软钢,normal_real,,,,,,
diagnostic_candidate,True,0030105871-000010,0030105871-000010,0030105871-000010,BR_00000012,BR_00000012,numeric-chain-000011,16,4,48,1355,0.6,700,840,DX51D+Z,普碳,SPHC,软钢,normal_real,,,,,,
diagnostic_candidate,True,0002002026-000100,0002002026-000100,0002002026-000100,BR_00000030,BR_00000012,numeric-chain-000011,16,5,23,1355,0.65,830,850,DC53D+Z,IF钢,SPHETI-3,软钢,normal_real,,,,,,
diagnostic_candidate,True,0030104028-000010,0030104028-000010,0030104028-000010,BR_00000012,BR_00000012,numeric-chain-000011,16,6,22.65,1350,0.6,820,840,HC180BD+Z,加磷高强、烘烤硬化钢,H180BH1,软钢,normal_real,,,,,,
diagnostic_candidate,True,0005000563-000130,0005000563-000130,0005000563-000130,BR_00000036,BR_00000012,numeric-chain-000011,16,7,42,1350,0.8,830,850,CR180BH,加磷高强、烘烤硬化钢,H180BH,软钢,normal_real,,,,,,
diagnostic_candidate,True,0005000547-000170,0005000547-000170,0005000547-000170,BR_00000030,BR_00000012,numeric-chain-000011,16,8,59.77,1350,0.8,830,850,CR180BH,加磷高强、烘烤硬化钢,H180BH,软钢,normal_real,,,,,,
diagnostic_candidate,True,0030108542-000080,0030108542-000080,0030108542-000080,BR_00000018,BR_00000012,numeric-chain-000011,16,9,24,1350,0.8,700,840,DC51D+Z,普碳,SPHC,软钢,normal_real,,,,,,
diagnostic_candidate,True,0030106963-000010,0030106963-000010,0030106963-000010,BR_00000013,BR_00000012,numeric-chain-000011,16,10,24,1341,0.8,700,720,DX51D+Z3,深冲钢（PD）,DD12BB,软钢,normal_real,,,,,,
diagnostic_candidate,True,0030105927-000040,0030105927-000040,0030105927-000040,BR_00000012,BR_00000012,numeric-chain-000011,16,11,72,1330,0.8,700,720,DX51D+Z3,深冲钢（PD）,DD12BB,软钢,normal_real,,,,,,
diagnostic_candidate,True,0030104498-000030,0030104498-000030,0030104498-000030,BR_00000012,BR_00000012,numeric-chain-000011,16,12,22.91,1320,0.6,700,840,DC51D+Z,普碳,SPHC,软钢,normal_real,,,,,,
diagnostic_candidate,True,0002002055-000050,0002002055-000050,0002002055-000050,BR_00000030,BR_00000012,numeric-chain-000011,16,13,792,1310,0.6,815,835,DX51D+Z-MD,普碳,SPHC,软钢,normal_real,,,,,,
diagnostic_candidate,True,0002002009-000060,0002002009-000060,0002002009-000060,BR_00000030,BR_00000012,numeric-chain-000011,16,14,60,1305,0.6,810,830,180YD+Z,加磷高强、烘烤硬化钢,H180YD,软钢,normal_real,,,,,,
diagnostic_candidate,True,0030108542-000050,0030108542-000050,0030108542-000050,BR_00000018,BR_00000012,numeric-chain-000011,16,15,24,1295,0.5,820,840,DX53D+Z-LG,IF钢,SPHETI-5,软钢,normal_real,,,,,,
diagnostic_candidate,True,0030106720-000070,0030106720-000070,0030106720-000070,BR_00000018,BR_00000012,numeric-chain-000011,16,16,48,1275,0.45,820,840,DC53D+Z,IF钢,SPHETI-5,软钢,normal_real,,,,,,
diagnostic_candidate,True,0030107561-000010,0030107561-000010,0030107561-000010,BR_00000018,BR_00000012,numeric-chain-000011,16,17,24,1250,0.5,700,840,DC51D+Z,普碳,SPHC,软钢,actual_transition,,,,,,
diagnostic_candidate,True,0030120727-000030,0030120727-000030,0030120727-000030,BR_00000031,BR_00000012,numeric-chain-000011,16,18,300,1227,0.45,715,735,DX51D+Z1,普碳,SPHC,软钢,normal_real,,,,,,
diagnostic_candidate,True,0030112555-000010,0030112555-000010,0030112555-000010,BR_00000024,BR_00000012,numeric-chain-000011,16,19,48,1219,0.5,700,840,DC51D+Z,普碳,SPHC,软钢,actual_transition,,,,,,
diagnostic_candidate,True,0002001614-000020,0002001614-000020,0002001614-000020,BR_00000012,BR_00000012,numeric-chain-000011,16,20,46,1210,0.6,830,850,DC56D+Z,IF钢,SPHETI-3,软钢,normal_real,,,,,,
diagnostic_candidate,True,0030106242-000110,0030106242-000110,0030106242-000110,BR_00000012,BR_00000012,numeric-chain-000011,16,21,48,1203,0.5,820,840,DX53D+Z-LG,IF钢,SPHETI-5,软钢,normal_real,,,,,,
diagnostic_candidate,True,0030107584-000010,0030107584-000010,0030107584-000010,BR_00000018,BR_00000012,numeric-chain-000011,16,22,46,1200,0.4,700,840,DC51D+Z,普碳,SPHC,软钢,actual_transition,,,,,,
diagnostic_candidate,True,0030113312-000010,0030113312-000010,0030113312-000010,BR_00000024,BR_00000012,numeric-chain-000057,17,1,198,1020,1,830,850,HDX53D+Z-SN,IF钢,SPHETI-3,软钢,normal_real,,,,,,
diagnostic_candidate,True,0030113311-000010,0030113311-000010,0030113311-000010,BR_00000024,BR_00000012,numeric-chain-000057,17,2,242,1020,1,830,850,HDX53D+Z-SN,IF钢,SPHETI-3,软钢,normal_real,,,,,,
diagnostic_candidate,True,0030113525-000030,0030113525-000030,0030113525-000030,BR_00000024,BR_00000012,numeric-chain-000057,17,3,21,1010,1.1,830,850,DC56D+Z,IF钢,SPHETI-3,软钢,normal_real,,,,,,
diagnostic_candidate,True,0005000514-000030,0005000514-000030,0005000514-000030,BR_00000024,BR_00000012,numeric-chain-000057,17,4,14.23,1005,1,830,850,CR3,IF钢,SPHETI-36,软钢,normal_real,,,,,,
diagnostic_candidate,True,0030117774-000010,0030117774-000010,0030117774-000010,BR_00000030,BR_00000012,numeric-chain-000057,17,5,22,1005,0.8,820,840,DC53D+Z,IF钢,SPHETI-5,软钢,normal_real,,,,,,
diagnostic_candidate,True,0002001901-000010,0002001901-000010,0002001901-000010,BR_00000024,BR_00000012,numeric-chain-000057,17,6,38,1000,0.65,810,830,180YD+Z,加磷高强、烘烤硬化钢,H180YD,软钢,normal_real,,,,,,
diagnostic_candidate,True,0002001603-000050,0002001603-000050,0002001603-000050,BR_00000012,BR_00000012,numeric-chain-000057,17,7,37.45,1000,0.65,810,830,180YD+Z,加磷高强、烘烤硬化钢,H180YD,软钢,normal_real,,,,,,
diagnostic_candidate,True,0005000563-000210,0005000563-000210,0005000563-000210,BR_00000036,BR_00000012,numeric-chain-000057,17,8,21,995,0.7,800,820,CR2,IF钢,SPHETI-36,软钢,normal_real,,,,,,
diagnostic_candidate,True,0002001750-000250,0002001750-000250,0002001750-000250,BR_00000018,BR_00000012,numeric-chain-000057,17,9,18.21,990,0.65,810,830,180YD+Z,加磷高强、烘烤硬化钢,H180YD,软钢,normal_real,,,,,,
diagnostic_candidate,True,0030105190-000010,0030105190-000010,0030105190-000010,BR_00000012,BR_00000012,numeric-chain-000057,17,10,20.28,975,0.65,810,830,HC180YD+Z,加磷高强、烘烤硬化钢,H180YD,软钢,normal_real,,,,,,
diagnostic_candidate,True,0030105189-000010,0030105189-000010,0030105189-000010,BR_00000012,BR_00000012,numeric-chain-000057,17,11,23.47,975,0.65,810,830,HC180YD+Z,加磷高强、烘烤硬化钢,H180YD,软钢,normal_real,,,,,,
diagnostic_candidate,True,0030108589-000030,0030108589-000030,0030108589-000030,BR_00000018,BR_00000012,numeric-chain-000057,17,12,17,939,0.65,820,840,H180BD+Z,加磷高强、烘烤硬化钢,H180BH1,软钢,normal_real,,,,,,
diagnostic_candidate,True,0030115672-000010,0030115672-000010,0030115672-000010,BR_00000025,BR_00000012,numeric-chain-000057,17,13,36,939,0.8,830,850,DC56D+Z,IF钢,SPHETI-3,软钢,normal_real,,,,,,
diagnostic_candidate,True,0030118632-000010,0030118632-000010,0030118632-000010,BR_00000030,BR_00000012,numeric-chain-000057,17,14,126,939,0.8,830,850,DC56D+Z,IF钢,SPHETI-3,软钢,normal_real,,,,,,
diagnostic_candidate,True,0030108290-000010,0030108290-000010,0030108290-000010,BR_00000018,BR_00000012,numeric-chain-000057,17,15,36,938,0.8,830,850,DC54D+Z,IF钢,SPHETI-5,软钢,normal_real,,,,,,
diagnostic_candidate,True,0030118809-000060,0030118809-000060,0030118809-000060,BR_00000030,BR_00000012,numeric-chain-000057,17,16,36,935,0.65,820,840,DC56D+Z,IF钢,SPHETI-3,软钢,normal_real,,,,,,
diagnostic_candidate,True,0030123256-000020,0030123256-000020,0030123256-000020,BR_00000036,BR_00000012,numeric-chain-000057,17,17,92.21,930,0.65,820,840,HC180BD+Z,加磷高强、烘烤硬化钢,H180BH1,软钢,normal_real,,,,,,
diagnostic_candidate,True,0002001890-000200,0002001890-000200,0002001890-000200,BR_00000024,BR_00000012,numeric-chain-000057,17,18,40,913,0.6,810,830,180YD+Z,加磷高强、烘烤硬化钢,H180YD,软钢,normal_real,,,,,,
diagnostic_candidate,True,0002002176-000120,0002002176-000120,0002002176-000120,BR_00000036,BR_00000012,numeric-chain-000057,17,19,14.67,913,0.6,810,830,180YD+Z,加磷高强、烘烤硬化钢,H180YD,软钢,normal_real,,,,,,
diagnostic_candidate,True,0002001612-000670,0002001612-000670,0002001612-000670,BR_00000012,BR_00000012,numeric-chain-000057,17,20,80,900,0.65,810,830,180YD+Z,加磷高强、烘烤硬化钢,H180YD,软钢,normal_real,,,,,,
diagnostic_candidate,True,0002001744-000250,0002001744-000250,0002001744-000250,BR_00000018,BR_00000012,numeric-chain-000057,17,21,34,900,0.65,810,830,180YD+Z,加磷高强、烘烤硬化钢,H180YD,软钢,normal_real,,,,,,
diagnostic_candidate,True,0002001860-000610,0002001860-000610,0002001860-000610,BR_00000024,BR_00000012,numeric-chain-000057,17,22,20,850,0.6,810,830,180YD+Z,加磷高强、烘烤硬化钢,H180YD,软钢,normal_real,,,,,,
diagnostic_candidate,True,0002002073-000010,0002002073-000010,0002002073-000010,BR_00000036,BR_00000012,numeric-chain-000091,18,1,106.14,1065,0.5,820,840,DX53D+Z-CD,IF钢,SPHETI-5,软钢,normal_real,,,,,,
diagnostic_candidate,True,0002001647-000090,0002001647-000090,0002001647-000090,BR_00000012,BR_00000012,numeric-chain-000091,18,2,22,1050,0.45,815,835,DX51D+Z-MD,普碳,SPHC,软钢,normal_real,,,,,,
diagnostic_candidate,True,0030118093-000030,0030118093-000030,0030118093-000030,BR_00000030,BR_00000012,numeric-chain-000091,18,3,88,1050,0.5,820,840,DC53D+Z,IF钢,SPHETI-5,软钢,normal_real,,,,,,
diagnostic_candidate,True,0030119032-000030,0030119032-000030,0030119032-000030,BR_00000030,BR_00000012,numeric-chain-000091,18,4,60,1050,0.6,820,840,DX53D+Z,IF钢,SPHETI-5,软钢,normal_real,,,,,,
diagnostic_candidate,True,0030124826-000030,0030124826-000030,0030124826-000030,BR_00000036,BR_00000012,numeric-chain-000091,18,5,30,1050,0.6,820,840,DX53D+Z,IF钢,SPHETI-5,软钢,normal_real,,,,,,
diagnostic_candidate,True,0030113590-000010,0030113590-000010,0030113590-000010,BR_00000024,BR_00000012,numeric-chain-000091,18,6,22,1050,0.6,830,850,DC54D+Z,IF钢,SPHETI-5,软钢,normal_real,,,,,,
diagnostic_candidate,True,0030110545-000020,0030110545-000020,0030110545-000020,BR_00000018,BR_00000012,numeric-chain-000091,18,7,22,1041,0.5,820,840,DC53D+Z,IF钢,SPHETI-5,软钢,normal_real,,,,,,
diagnostic_candidate,True,0030123916-000020,0030123916-000020,0030123916-000020,BR_00000036,BR_00000012,numeric-chain-000091,18,8,23,1000,0.4,700,840,DC51D+Z,普碳,SPHC,软钢,actual_transition,,,,,,
diagnostic_candidate,True,0030118641-000020,0030118641-000020,0030118641-000020,BR_00000030,BR_00000012,numeric-chain-000091,18,9,46,1000,0.4,700,840,DC51D+Z,普碳,SPHC,软钢,actual_transition,,,,,,
diagnostic_candidate,True,0030106987-000050,0030106987-000050,0030106987-000050,BR_00000018,BR_00000012,numeric-chain-000091,18,10,726,1000,0.45,700,840,DX51D+Z,普碳,SPHC,软钢,actual_transition,,,,,,
diagnostic_candidate,True,0030120882-000010,0030120882-000010,0030120882-000010,BR_00000032,BR_00000012,numeric-chain-000091,18,11,110,1000,0.45,700,840,DX51D+Z,普碳,SPHC,软钢,actual_transition,,,,,,
diagnostic_candidate,True,0010018206-000010,0010018206-000010,0010018206-000010,BR_00000030,BR_00000012,numeric-chain-000091,18,12,71.29,1000,0.5,700,840,DC51D+Z,普碳,SPHC,软钢,actual_transition,,,,,,
diagnostic_candidate,True,0030107934-000010,0030107934-000010,0030107934-000010,BR_00000018,BR_00000012,numeric-chain-000091,18,13,212.55,1000,0.5,770,810,DX51D+Z,深冲钢（PD）,SPHCQ,软钢,normal_real,,,,,,
diagnostic_candidate,True,0002001628-000110,0002001628-000110,0002001628-000110,BR_00000012,BR_00000012,numeric-chain-000091,18,14,8.55,990,0.6,770,810,DC51D+Z,普碳,SPHC,软钢,normal_real,,,,,,
diagnostic_candidate,True,0002001998-000030,0002001998-000030,0002001998-000030,BR_00000030,BR_00000012,numeric-chain-000091,18,15,53.46,985,0.65,770,810,DC51D+Z,普碳,SPHC,软钢,normal_real,,,,,,
diagnostic_candidate,True,0002001880-000040,0002001880-000040,0002001880-000040,BR_00000024,BR_00000012,numeric-chain-000091,18,16,90,985,0.65,770,810,DC51D+Z,普碳,SPHC,软钢,normal_real,,,,,,
diagnostic_candidate,True,0002002035-000020,0002002035-000020,0002002035-000020,BR_00000030,BR_00000012,numeric-chain-000091,18,17,30.97,985,0.7,770,810,DC51D+Z,普碳,SPHC,软钢,normal_real,,,,,,
diagnostic_candidate,True,0002001780-000120,0002001780-000120,0002001780-000120,BR_00000024,BR_00000012,numeric-chain-000091,18,18,19,975,0.6,770,810,DC51D+Z,普碳,SPHC,软钢,normal_real,,,,,,
diagnostic_candidate,True,0002001603-000180,0002001603-000180,0002001603-000180,BR_00000012,BR_00000012,numeric-chain-000091,18,19,20,971,0.65,770,810,DC51D+Z,普碳,SPHC,软钢,normal_real,,,,,,
diagnostic_candidate,True,0002002170-000380,0002002170-000380,0002002170-000380,BR_00000036,BR_00000012,numeric-chain-000091,18,20,20,960,0.65,770,810,DC51D+Z,IF钢,SPHETI-3,软钢,normal_real,,,,,,
diagnostic_candidate,True,0030120940-000050,0030120940-000050,0030120940-000050,BR_00000032,BR_00000012,numeric-chain-000091,18,21,18,937,0.7,770,810,DC51D+Z,深冲钢（PD）,SPHCQ,软钢,normal_real,,,,,,
diagnostic_candidate,True,0002001880-000030,0002001880-000030,0002001880-000030,BR_00000024,BR_00000012,numeric-chain-000091,18,22,40,918,0.65,770,810,DC51D+Z,普碳,SPHC,软钢,normal_real,,,,,,
diagnostic_candidate,True,0002002180-000050,0002002180-000050,0002002180-000050,BR_00000036,BR_00000012,numeric-chain-000091,18,23,20,910,0.65,770,810,DC51D+Z,IF钢,SPHETI-3,软钢,normal_real,,,,,,
diagnostic_candidate,True,0002001612-000540,0002001612-000540,0002001612-000540,BR_00000012,BR_00000012,numeric-chain-000091,18,24,17,834,0.65,770,810,DC51D+Z,普碳,SPHC,软钢,normal_real,,,,,,
diagnostic_candidate,True,0002001986-000010,0002001986-000010,0002001986-000010,BR_00000030,BR_00000012,numeric-chain-000091,18,25,9.34,830,0.6,770,810,DC51D+Z,普碳,SPHC,软钢,normal_real,,,,,,
diagnostic_candidate,True,0002001901-000120,0002001901-000120,0002001901-000120,BR_00000024,BR_00000012,numeric-chain-000091,18,26,32,810,0.6,770,810,DC51D+Z,普碳,SPHC,软钢,normal_real,,,,,,
diagnostic_candidate,True,0030123916-000010,0030123916-000010,0030123916-000010,BR_00000036,BR_00000012,numeric-chain-000012,19,1,23,1200,0.4,700,840,DC51D+Z,普碳,SPHC,软钢,actual_transition,,,,,,
diagnostic_candidate,True,0030106987-000060,0030106987-000060,0030106987-000060,BR_00000018,BR_00000012,numeric-chain-000012,19,2,168,1200,0.45,700,840,DX51D+Z,普碳,SPHC,软钢,actual_transition,,,,,,
diagnostic_candidate,True,0030125168-000060,0030125168-000060,0030125168-000060,BR_00000036,BR_00000012,numeric-chain-000012,19,3,24,1190,0.4,770,810,DX52D+Z-LG,深冲钢（PD）,SPHCQ,软钢,normal_real,,,,,,
diagnostic_candidate,True,0030113258-000070,0030113258-000070,0030113258-000070,BR_00000024,BR_00000012,numeric-chain-000012,19,4,24,1190,0.4,770,810,DX52D+Z-LG,深冲钢（PD）,SPHCQ,软钢,normal_real,,,,,,
diagnostic_candidate,True,0030119098-000030,0030119098-000030,0030119098-000030,BR_00000030,BR_00000012,numeric-chain-000012,19,5,24,1190,0.4,770,810,DX52D+Z-LG,深冲钢（PD）,SPHCQ,软钢,normal_real,,,,,,
diagnostic_candidate,True,0030108542-000010,0030108542-000010,0030108542-000010,BR_00000018,BR_00000012,numeric-chain-000012,19,6,24,1190,0.4,770,810,DX52D+Z-LG,深冲钢（PD）,SPHCQ,软钢,normal_real,,,,,,
diagnostic_candidate,True,0030106987-000130,0030106987-000130,0030106987-000130,BR_00000018,BR_00000012,numeric-chain-000012,19,7,48,1170,0.5,700,840,DX51D+Z,普碳,SPHC,软钢,actual_transition,,,,,,
diagnostic_candidate,True,0030117932-000010,0030117932-000010,0030117932-000010,BR_00000030,BR_00000012,numeric-chain-000012,19,8,264,1162,0.6,700,840,DC51D+Z,普碳,SPHC,软钢,normal_real,,,,,,
diagnostic_candidate,True,0030124827-000010,0030124827-000010,0030124827-000010,BR_00000036,BR_00000012,numeric-chain-000012,19,9,70,1140,0.75,730,750,DX51D+Z,普碳,SPHC,软钢,normal_real,,,,,,
diagnostic_candidate,True,0030124827-000020,0030124827-000020,0030124827-000020,BR_00000036,BR_00000012,numeric-chain-000012,19,10,50,1100,0.75,730,750,DX51D+Z,普碳,SPHC,软钢,normal_real,,,,,,
diagnostic_candidate,True,0030124871-000130,0030124871-000130,0030124871-000130,BR_00000036,BR_00000012,numeric-chain-000012,19,11,180,1100,0.75,730,750,DX51D+Z,普碳,SPHC,软钢,normal_real,,,,,,
diagnostic_candidate,True,0030112291-000020,0030112291-000020,0030112291-000020,BR_00000024,BR_00000012,numeric-chain-000012,19,12,46,1100,0.8,700,840,DC51D+Z,普碳,SPHC,软钢,actual_transition,,,,,,
diagnostic_candidate,True,0030119650-000010,0030119650-000010,0030119650-000010,BR_00000030,BR_00000012,numeric-chain-000012,19,13,20,1085,0.8,780,800,HC220YD+Z-GL,加磷高强、烘烤硬化钢,H220Y,,normal_real,,,,,,
diagnostic_candidate,True,0030110337-000020,0030110337-000020,0030110337-000020,BR_00000018,BR_00000012,numeric-chain-000012,19,14,24,1069,0.8,780,800,HC220YD+Z,加磷高强、烘烤硬化钢,H220Y,软钢,normal_real,,,,,,
diagnostic_candidate,True,0002002184-000130,0002002184-000130,0002002184-000130,BR_00000036,BR_00000012,numeric-chain-000012,19,15,19,1063,0.6,770,810,DC51D+Z,IF钢,SPHETI-3,软钢,normal_real,,,,,,
diagnostic_candidate,True,0002001627-000010,0002001627-000010,0002001627-000010,BR_00000012,BR_00000012,numeric-chain-000012,19,16,20,1060,0.7,770,810,DC51D+Z,普碳,SPHC,软钢,normal_real,,,,,,
diagnostic_candidate,True,0002001998-000060,0002001998-000060,0002001998-000060,BR_00000030,BR_00000012,numeric-chain-000012,19,17,31.79,1051,0.65,770,810,DC51D+Z,普碳,SPHC,软钢,normal_real,,,,,,
diagnostic_candidate,True,0030113777-000010,0030113777-000010,0030113777-000010,BR_00000024,BR_00000012,numeric-chain-000012,19,18,110,1050,0.7,700,840,DX51D+Z,普碳,SPHC,软钢,normal_real,,,,,,
diagnostic_candidate,True,0002001750-000470,0002001750-000470,0002001750-000470,BR_00000018,BR_00000012,numeric-chain-000012,19,19,20,1045,0.6,770,810,DC51D+Z,普碳,SPHC,软钢,normal_real,,,,,,
diagnostic_candidate,True,0002001880-000080,0002001880-000080,0002001880-000080,BR_00000024,BR_00000012,numeric-chain-000012,19,20,66,1040,0.65,770,810,DC51D+Z,普碳,SPHC,软钢,normal_real,,,,,,
diagnostic_candidate,True,0030125207-000120,0030125207-000120,0030125207-000120,BR_00000036,BR_00000012,numeric-chain-000012,19,21,22,1039,0.7,790,810,HC260YD+Z,加磷高强、烘烤硬化钢,H260Y,软钢,normal_real,,,,,,
diagnostic_candidate,True,0030119862-000160,0030119862-000160,0030119862-000160,BR_00000030,BR_00000012,numeric-chain-000012,19,22,22,1039,0.7,790,810,HC260YD+Z,加磷高强、烘烤硬化钢,H260Y,软钢,normal_real,,,,,,
diagnostic_candidate,True,0030125207-000020,0030125207-000020,0030125207-000020,BR_00000036,BR_00000012,numeric-chain-000012,19,23,22,1033,0.7,780,800,HC220YD+Z,加磷高强、烘烤硬化钢,H220Y,软钢,normal_real,,,,,,
diagnostic_candidate,True,0002002021-000230,0002002021-000230,0002002021-000230,BR_00000030,BR_00000012,numeric-chain-000012,19,24,19,1030,0.6,770,810,DC51D+Z,IF钢,SPHETI-3,软钢,normal_real,,,,,,
diagnostic_candidate,True,0002001750-000510,0002001750-000510,0002001750-000510,BR_00000018,BR_00000012,numeric-chain-000012,19,25,20,1030,0.65,770,810,DC51D+Z,普碳,SPHC,软钢,normal_real,,,,,,
diagnostic_candidate,True,0002002195-000030,0002002195-000030,0002002195-000030,BR_00000036,BR_00000012,numeric-chain-000012,19,26,22,1022,0.7,770,810,DC51D+Z,普碳,SPHC,软钢,normal_real,,,,,,
diagnostic_candidate,True,0002002006-000030,0002002006-000030,0002002006-000030,BR_00000030,BR_00000012,numeric-chain-000012,19,27,20.14,1020,0.6,770,810,DC51D+Z,IF钢,SPHETI-3,软钢,normal_real,,,,,,
diagnostic_candidate,True,0002001981-000030,0002001981-000030,0002001981-000030,BR_00000030,BR_00000012,numeric-chain-000012,19,28,27.94,1020,0.6,770,810,DC51D+Z,普碳,SPHC,软钢,normal_real,,,,,,
diagnostic_candidate,True,0030114040-000060,0030114040-000060,0030114040-000060,BR_00000024,BR_00000012,numeric-chain-000012,19,29,44,1017,0.7,780,800,HC220YD+Z,加磷高强、烘烤硬化钢,H220Y,软钢,normal_real,,,,,,
diagnostic_candidate,True,0002001880-000050,0002001880-000050,0002001880-000050,BR_00000024,BR_00000012,numeric-chain-000012,19,30,22,1006,0.65,770,810,DC51D+Z,普碳,SPHC,软钢,normal_real,,,,,,
diagnostic_candidate,True,0002002185-000150,0002002185-000150,0002002185-000150,BR_00000036,BR_00000012,numeric-chain-000012,19,31,16,990,0.6,770,810,DC51D+Z,IF钢,SPHETI-3,软钢,normal_real,,,,,,
diagnostic_candidate,True,0002001744-000190,0002001744-000190,0002001744-000190,BR_00000018,BR_00000012,numeric-chain-000012,19,32,6.16,985,0.6,770,810,DC51D+Z,普碳,SPHC,软钢,normal_real,,,,,,
diagnostic_candidate,True,0002001744-000270,0002001744-000270,0002001744-000270,BR_00000018,BR_00000012,numeric-chain-000012,19,33,13,984,0.6,770,810,DC51D+Z,普碳,SPHC,软钢,normal_real,,,,,,
diagnostic_candidate,True,0002001612-000700,0002001612-000700,0002001612-000700,BR_00000012,BR_00000012,numeric-chain-000012,19,34,14.41,984,0.6,770,810,DC51D+Z,普碳,SPHC,软钢,normal_real,,,,,,
diagnostic_candidate,True,0002001890-000190,0002001890-000190,0002001890-000190,BR_00000024,BR_00000012,numeric-chain-000012,19,35,13.24,983,0.6,770,810,DC51D+Z,普碳,SPHC,软钢,normal_real,,,,,,
diagnostic_candidate,True,0002001890-000290,0002001890-000290,0002001890-000290,BR_00000024,BR_00000012,numeric-chain-000012,19,36,17,982,0.6,770,810,DC51D+Z,普碳,SPHC,软钢,normal_real,,,,,,
diagnostic_candidate,True,0002001871-000140,0002001871-000140,0002001871-000140,BR_00000024,BR_00000012,numeric-chain-000012,19,37,6.44,978,0.65,770,810,DC51D+Z,普碳,SPHC,软钢,normal_real,,,,,,
diagnostic_candidate,True,0002001854-000310,0002001854-000310,0002001854-000310,BR_00000024,BR_00000012,numeric-chain-000012,19,38,20,975,0.6,770,810,DC51D+Z,普碳,SPHC,软钢,normal_real,,,,,,
diagnostic_candidate,True,0002001901-000140,0002001901-000140,0002001901-000140,BR_00000024,BR_00000012,numeric-chain-000012,19,39,46,975,0.6,770,810,DC51D+Z,普碳,SPHC,软钢,normal_real,,,,,,
diagnostic_candidate,True,0002001780-000190,0002001780-000190,0002001780-000190,BR_00000024,BR_00000012,numeric-chain-000012,19,40,19,971,0.65,770,810,DC51D+Z,普碳,SPHC,软钢,normal_real,,,,,,
diagnostic_candidate,True,0002001901-000060,0002001901-000060,0002001901-000060,BR_00000024,BR_00000012,numeric-chain-000012,19,41,19,971,0.65,770,810,DC51D+Z,普碳,SPHC,软钢,normal_real,,,,,,
diagnostic_candidate,True,0002002026-000040,0002002026-000040,0002002026-000040,BR_00000030,BR_00000012,numeric-chain-000012,19,42,19,960,0.65,770,810,DC51D+Z,普碳,SPHC,软钢,normal_real,,,,,,
diagnostic_candidate,True,0002001749-000030,0002001749-000030,0002001749-000030,BR_00000018,BR_00000012,numeric-chain-000012,19,43,36,918,0.65,770,810,DC51D+Z,普碳,SPHC,软钢,normal_real,,,,,,
diagnostic_candidate,True,0002001998-000020,0002001998-000020,0002001998-000020,BR_00000030,BR_00000012,numeric-chain-000012,19,44,35.95,918,0.65,770,810,DC51D+Z,普碳,SPHC,软钢,normal_real,,,,,,
diagnostic_candidate,True,0002001901-000090,0002001901-000090,0002001901-000090,BR_00000024,BR_00000012,numeric-chain-000012,19,45,14.7,910,0.6,770,810,DC51D+Z,普碳,SPHC,软钢,normal_real,,,,,,
diagnostic_candidate,True,0002001860-000060,0002001860-000060,0002001860-000060,BR_00000024,BR_00000012,numeric-chain-000012,19,46,34,910,0.65,770,810,DC51D+Z,普碳,SPHC,软钢,normal_real,,,,,,
diagnostic_candidate,True,0002001750-000130,0002001750-000130,0002001750-000130,BR_00000018,BR_00000012,numeric-chain-000012,19,47,24,910,0.65,770,810,DC51D+Z,普碳,SPHC,软钢,normal_real,,,,,,
diagnostic_candidate,True,0030124437-000010,0030124437-000010,0030124437-000010,BR_00000036,BR_00000012,numeric-chain-000012,19,48,18,910,0.8,700,840,DC51D+Z,普碳,SPHC,软钢,actual_transition,,,,,,
diagnostic_candidate,True,0002001767-000040,0002001767-000040,0002001767-000040,BR_00000018,BR_00000012,numeric-chain-000012,19,49,12.14,893,0.7,770,810,DC51D+Z,普碳,SPHC,软钢,normal_real,,,,,,
diagnostic_candidate,True,0002001871-000020,0002001871-000020,0002001871-000020,BR_00000024,BR_00000012,numeric-chain-000012,19,50,17,828,0.65,770,810,DC51D+Z,普碳,SPHC,软钢,normal_real,,,,,,
diagnostic_candidate,True,0002002009-000020,0002002009-000020,0002002009-000020,BR_00000030,BR_00000012,numeric-chain-000012,19,51,34,828,0.65,770,810,DC51D+Z,普碳,SPHC,软钢,normal_real,,,,,,
diagnostic_candidate,True,0002001780-000080,0002001780-000080,0002001780-000080,BR_00000024,BR_00000012,numeric-chain-000012,19,52,16,810,0.6,770,810,DC51D+Z,普碳,SPHC,软钢,normal_real,,,,,,
diagnostic_candidate,True,0030108129-000010,0030108129-000010,0030108129-000010,BR_00000018,BR_00000012,numeric-chain-000076,20,1,440,1036,0.7,820,840,DC53D+Z,IF钢,SPHETI-5,软钢,normal_real,,,,,,
diagnostic_candidate,True,0002002180-000350,0002002180-000350,0002002180-000350,BR_00000036,BR_00000012,numeric-chain-000076,20,2,20,1025,0.6,810,830,180YD+Z,加磷高强、烘烤硬化钢,H180YD,软钢,normal_real,,,,,,
diagnostic_candidate,True,0002001750-000190,0002001750-000190,0002001750-000190,BR_00000018,BR_00000012,numeric-chain-000076,20,3,24,1025,0.6,810,830,180YD+Z,加磷高强、烘烤硬化钢,H180YD,软钢,normal_real,,,,,,
diagnostic_candidate,True,0002002006-000230,0002002006-000230,0002002006-000230,BR_00000030,BR_00000012,numeric-chain-000076,20,4,62.87,1020,0.6,810,830,180YD+Z,加磷高强、烘烤硬化钢,H180YD,软钢,normal_real,,,,,,
diagnostic_candidate,True,0002001750-000640,0002001750-000640,0002001750-000640,BR_00000018,BR_00000012,numeric-chain-000076,20,5,20,1020,0.6,810,830,180YD+Z,加磷高强、烘烤硬化钢,H180YD,软钢,normal_real,,,,,,
diagnostic_candidate,True,0002001895-000050,0002001895-000050,0002001895-000050,BR_00000024,BR_00000012,numeric-chain-000076,20,6,22,1020,0.6,815,835,DX51D+Z-MD,普碳,SPHC,软钢,normal_real,,,,,,
diagnostic_candidate,True,0002002054-000300,0002002054-000300,0002002054-000300,BR_00000030,BR_00000012,numeric-chain-000076,20,7,112,1020,0.6,815,835,DX51D+Z-MD,普碳,SPHC,软钢,normal_real,,,,,,
diagnostic_candidate,True,0002002009-000250,0002002009-000250,0002002009-000250,BR_00000030,BR_00000012,numeric-chain-000076,20,8,23,1014,0.65,810,830,180YD+Z,加磷高强、烘烤硬化钢,H180YD,软钢,normal_real,,,,,,
diagnostic_candidate,True,0030118799-000010,0030118799-000010,0030118799-000010,BR_00000030,BR_00000012,numeric-chain-000076,20,9,76,1010,0.65,820,840,HC180BD+Z,加磷高强、烘烤硬化钢,H180BH1,软钢,normal_real,,,,,,
diagnostic_candidate,True,0030113328-000040,0030113328-000040,0030113328-000040,BR_00000024,BR_00000012,numeric-chain-000076,20,10,22,1005,0.8,820,840,DC53D+Z,IF钢,SPHETI-5,软钢,normal_real,,,,,,
diagnostic_candidate,True,0030104374-000010,0030104374-000010,0030104374-000010,BR_00000012,BR_00000012,numeric-chain-000076,20,11,22,1005,0.8,820,840,DC53D+Z,IF钢,SPHETI-5,软钢,normal_real,,,,,,
diagnostic_candidate,True,0030115673-000080,0030115673-000080,0030115673-000080,BR_00000025,BR_00000012,numeric-chain-000076,20,12,22,1005,1,830,850,DC56D+Z,IF钢,SPHETI-3,软钢,normal_real,,,,,,
diagnostic_candidate,True,0030124437-000020,0030124437-000020,0030124437-000020,BR_00000036,BR_00000012,numeric-chain-000076,20,13,22,1003,0.8,830,850,DC54D+Z,IF钢,SPHETI-5,软钢,normal_real,,,,,,
diagnostic_candidate,True,0030106855-000010,0030106855-000010,0030106855-000010,BR_00000013,BR_00000012,numeric-chain-000076,20,14,22,1000,0.6,820,840,DC53D+Z,IF钢,SPHETI-5,软钢,normal_real,,,,,,
diagnostic_candidate,True,0002002180-000010,0002002180-000010,0002002180-000010,BR_00000036,BR_00000012,numeric-chain-000076,20,15,39,985,0.6,810,830,180YD+Z,加磷高强、烘烤硬化钢,H180YD,软钢,normal_real,,,,,,
diagnostic_candidate,True,0030114487-000010,0030114487-000010,0030114487-000010,BR_00000024,BR_00000012,numeric-chain-000076,20,16,140,975,0.65,810,830,HC180YD+Z,加磷高强、烘烤硬化钢,H180YD,软钢,normal_real,,,,,,
diagnostic_candidate,True,0030109100-000010,0030109100-000010,0030109100-000010,BR_00000018,BR_00000012,numeric-chain-000076,20,17,140,975,0.65,810,830,HC180YD+Z,加磷高强、烘烤硬化钢,H180YD,软钢,normal_real,,,,,,
diagnostic_candidate,True,0030123145-000010,0030123145-000010,0030123145-000010,BR_00000036,BR_00000012,numeric-chain-000076,20,18,51.02,975,0.65,810,830,HC180YD+Z,加磷高强、烘烤硬化钢,H180YD,软钢,normal_real,,,,,,
diagnostic_candidate,True,0002001860-000020,0002001860-000020,0002001860-000020,BR_00000024,BR_00000012,numeric-chain-000076,20,19,17.02,940,0.65,810,830,180YD+Z,加磷高强、烘烤硬化钢,H180YD,软钢,normal_real,,,,,,
diagnostic_candidate,True,0002001750-000090,0002001750-000090,0002001750-000090,BR_00000018,BR_00000012,numeric-chain-000076,20,20,16.59,940,0.65,810,830,180YD+Z,加磷高强、烘烤硬化钢,H180YD,软钢,normal_real,,,,,,
diagnostic_candidate,True,0030108109-000010,0030108109-000010,0030108109-000010,BR_00000018,BR_00000012,numeric-chain-000076,20,21,244.41,937,0.8,820,840,HC180BD+Z,加磷高强、烘烤硬化钢,H180BH1,软钢,normal_real,,,,,,
diagnostic_candidate,True,0030104028-000020,0030104028-000020,0030104028-000020,BR_00000012,BR_00000012,numeric-chain-000076,20,22,18,935,0.65,830,850,DC56D+Z,IF钢,SPHETI-3,软钢,normal_real,,,,,,
diagnostic_candidate,True,0030118799-000020,0030118799-000020,0030118799-000020,BR_00000030,BR_00000012,numeric-chain-000076,20,23,52.11,930,0.65,820,840,HC180BD+Z,加磷高强、烘烤硬化钢,H180BH1,软钢,normal_real,,,,,,
diagnostic_candidate,True,0002002009-000160,0002002009-000160,0002002009-000160,BR_00000030,BR_00000012,numeric-chain-000076,20,24,30,913,0.6,810,830,180YD+Z,加磷高强、烘烤硬化钢,H180YD,软钢,normal_real,,,,,,
diagnostic_candidate,True,0005000501-000620,0005000501-000620,0005000501-000620,BR_00000024,BR_00000012,numeric-chain-000076,20,25,21.93,900,0.7,820,840,CR210BH,加磷高强、烘烤硬化钢,H220BH,软钢,normal_real,,,,,,
diagnostic_candidate,True,0030120745-000010,0030120745-000010,0030120745-000010,BR_00000031,BR_00000012,numeric-chain-000076,20,26,72,865,0.8,830,850,DX53D+Z,IF钢,SPHETI-5,软钢,normal_real,,,,,,
diagnostic_candidate,True,0002002184-000200,0002002184-000200,0002002184-000200,BR_00000036,BR_00000012,numeric-chain-000076,20,27,91.34,830,1,830,850,DC56D+Z,IF钢,SPHETI-3,软钢,normal_real,,,,,,
diagnostic_candidate,True,0002001867-000320,0002001867-000320,0002001867-000320,BR_00000024,BR_00000012,numeric-chain-000076,20,28,16,830,1,830,850,DC56D+Z,IF钢,SPHETI-3,软钢,normal_real,,,,,,
diagnostic_candidate,True,0002002020-000060,0002002020-000060,0002002020-000060,BR_00000030,BR_00000012,numeric-chain-000076,20,29,62.49,830,1,830,850,DC56D+Z,IF钢,SPHETI-3,软钢,normal_real,,,,,,
diagnostic_candidate,True,0002002055-000020,0002002055-000020,0002002055-000020,BR_00000030,BR_00000012,numeric-chain-000050,21,1,742,1452,0.8,815,835,DX51D+Z-MD,普碳,SPHC,软钢,normal_real,,,,,,
diagnostic_candidate,True,0002001871-000460,0002001871-000460,0002001871-000460,BR_00000024,BR_00000012,numeric-chain-000050,21,2,100,1450,0.65,810,830,180YD+Z,加磷高强、烘烤硬化钢,H180YD,软钢,normal_real,,,,,,
diagnostic_candidate,True,0002001889-000110,0002001889-000110,0002001889-000110,BR_00000024,BR_00000012,numeric-chain-000050,21,3,10.31,1450,0.65,810,830,180YD+Z,加磷高强、烘烤硬化钢,H180YD,软钢,normal_real,,,,,,
diagnostic_candidate,True,0002002009-000270,0002002009-000270,0002002009-000270,BR_00000030,BR_00000012,numeric-chain-000050,21,4,143.74,1450,0.65,810,830,180YD+Z,加磷高强、烘烤硬化钢,H180YD,软钢,normal_real,,,,,,
diagnostic_candidate,True,0030119862-000150,0030119862-000150,0030119862-000150,BR_00000030,BR_00000012,numeric-chain-000050,21,5,24,1443,0.7,810,830,HC180YD+Z,加磷高强、烘烤硬化钢,H180YD,软钢,normal_real,,,,,,
diagnostic_candidate,True,0002002170-000150,0002002170-000150,0002002170-000150,BR_00000036,BR_00000012,numeric-chain-000050,21,6,23,1433,0.65,810,830,180YD+Z,加磷高强、烘烤硬化钢,H180YD,软钢,normal_real,,,,,,
diagnostic_candidate,True,0002002055-000030,0002002055-000030,0002002055-000030,BR_00000030,BR_00000012,numeric-chain-000050,21,7,92,1430,0.6,815,835,DX51D+Z-MD,普碳,SPHC,软钢,normal_real,,,,,,
diagnostic_candidate,True,0030119098-000040,0030119098-000040,0030119098-000040,BR_00000030,BR_00000012,numeric-chain-000050,21,8,24,1405,0.5,820,840,DX53D+Z-LG,IF钢,SPHETI-5,软钢,normal_real,,,,,,
diagnostic_candidate,True,0010019718-000030,0010019718-000030,0010019718-000030,BR_00000036,BR_00000012,numeric-chain-000050,21,9,31.32,1400,0.5,700,840,DC51D+Z,普碳,SPHC,软钢,actual_transition,,,,,,
diagnostic_candidate,True,0030106242-000010,0030106242-000010,0030106242-000010,BR_00000012,BR_00000012,numeric-chain-000050,21,10,48,1395,0.6,820,840,DX53D+Z-LG,IF钢,SPHETI-5,软钢,normal_real,,,,,,
diagnostic_candidate,True,0030121346-000020,0030121346-000020,0030121346-000020,BR_00000032,BR_00000012,numeric-chain-000050,21,11,48,1393,0.5,820,840,DX53D+Z,IF钢,SPHETI-5,软钢,normal_real,,,,,,
diagnostic_candidate,True,0002001750-000530,0002001750-000530,0002001750-000530,BR_00000018,BR_00000012,numeric-chain-000050,21,12,20,1390,0.6,830,850,DC56D+Z,IF钢,SPHETI-3,软钢,normal_real,,,,,,
diagnostic_candidate,True,0030119520-000010,0030119520-000010,0030119520-000010,BR_00000030,BR_00000012,numeric-chain-000050,21,13,26,1385,0.6,830,850,DC54D+Z,IF钢,SPHETI-5,软钢,normal_real,,,,,,
diagnostic_candidate,True,0030117110-000030,0030117110-000030,0030117110-000030,BR_00000030,BR_00000012,numeric-chain-000050,21,14,66,1374,0.75,830,850,CR3,IF钢,SPHETI-36,软钢,normal_real,,,,,,
diagnostic_candidate,True,0005000501-000030,0005000501-000030,0005000501-000030,BR_00000024,BR_00000012,numeric-chain-000050,21,15,30.18,1365,0.8,830,850,CR180BH,加磷高强、烘烤硬化钢,H180BH,软钢,normal_real,,,,,,
diagnostic_candidate,True,0005000486-000570,0005000486-000570,0005000486-000570,BR_00000018,BR_00000012,numeric-chain-000050,21,16,9.33,1365,1,830,850,CR180BH,加磷高强、烘烤硬化钢,H180BH,软钢,normal_real,,,,,,
diagnostic_candidate,True,0005000501-000560,0005000501-000560,0005000501-000560,BR_00000024,BR_00000012,numeric-chain-000050,21,17,9.32,1365,1,830,850,CR180BH,加磷高强、烘烤硬化钢,H180BH,软钢,normal_real,,,,,,
diagnostic_candidate,True,0002001614-000120,0002001614-000120,0002001614-000120,BR_00000012,BR_00000012,numeric-chain-000050,21,18,39.04,1364,1,830,850,DC54D+Z,IF钢,SPHETI-3,软钢,normal_real,,,,,,
diagnostic_candidate,True,0005000501-000720,0005000501-000720,0005000501-000720,BR_00000024,BR_00000012,numeric-chain-000050,21,19,42,1360,0.9,820,840,CR210BH,加磷高强、烘烤硬化钢,H220BH,软钢,normal_real,,,,,,
diagnostic_candidate,True,0005000486-000720,0005000486-000720,0005000486-000720,BR_00000018,BR_00000012,numeric-chain-000050,21,20,42,1360,0.9,820,840,CR210BH,加磷高强、烘烤硬化钢,H220BH,软钢,normal_real,,,,,,
diagnostic_candidate,True,0030119860-000010,0030119860-000010,0030119860-000010,BR_00000030,BR_00000012,numeric-chain-000050,21,21,72,1360,0.7,820,840,DC53D+Z,IF钢,SPHETI-5,软钢,normal_real,,,,,,
diagnostic_candidate,True,0030119862-000140,0030119862-000140,0030119862-000140,BR_00000030,BR_00000012,numeric-chain-000050,21,22,24,1353,0.7,830,850,DC53D+Z,IF钢,SPHETI-3,软钢,normal_real,,,,,,
diagnostic_candidate,True,0030118802-000010,0030118802-000010,0030118802-000010,BR_00000030,BR_00000012,numeric-chain-000050,21,23,48.86,1350,0.6,820,840,HC180BD+Z,加磷高强、烘烤硬化钢,H180BH1,软钢,normal_real,,,,,,
diagnostic_candidate,True,0005000501-000150,0005000501-000150,0005000501-000150,BR_00000024,BR_00000012,numeric-chain-000050,21,24,51.41,1350,0.8,830,850,CR180BH,加磷高强、烘烤硬化钢,H180BH,软钢,normal_real,,,,,,
diagnostic_candidate,True,0002001895-000010,0002001895-000010,0002001895-000010,BR_00000024,BR_00000012,numeric-chain-000050,21,25,69,1350,1,820,840,DX53D+Z-CD,IF钢,SPHETI-5,软钢,normal_real,,,,,,
diagnostic_candidate,True,0002001757-000180,0002001757-000180,0002001757-000180,BR_00000018,BR_00000012,numeric-chain-000050,21,26,46,1350,1,820,840,DX53D+Z-CD,IF钢,SPHETI-5,软钢,normal_real,,,,,,
diagnostic_candidate,True,0005000501-000640,0005000501-000640,0005000501-000640,BR_00000024,BR_00000012,numeric-chain-000047,22,1,159.17,1285,0.9,830,850,CR4,IF钢,SPHETI-36,软钢,normal_real,,,,,,
diagnostic_candidate,True,0005000486-000650,0005000486-000650,0005000486-000650,BR_00000018,BR_00000012,numeric-chain-000047,22,2,147,1285,0.9,830,850,CR4,IF钢,SPHETI-36,软钢,normal_real,,,,,,
diagnostic_candidate,True,0030120940-000060,0030120940-000060,0030120940-000060,BR_00000032,BR_00000012,numeric-chain-000047,22,3,24,1285,1,830,850,DC56D+Z,IF钢,SPHETI-3,软钢,normal_real,,,,,,
diagnostic_candidate,True,0030115673-000160,0030115673-000160,0030115673-000160,BR_00000025,BR_00000012,numeric-chain-000047,22,4,48,1285,1,830,850,DC56D+Z,IF钢,SPHETI-3,软钢,normal_real,,,,,,
diagnostic_candidate,True,0030106830-000010,0030106830-000010,0030106830-000010,BR_00000018,BR_00000012,numeric-chain-000047,22,5,72,1273,0.85,830,850,DC56D+Z,IF钢,SPHETI-3,软钢,normal_real,,,,,,
diagnostic_candidate,True,virtual-000034,,,,BR_00000012,numeric-chain-000047,22,6,20.00,1250,1.00,770,850,SPHC,,SPHC,,virtual_sphc,,"{""accepted_sequence"":34,""prototype_id"":""virtual_sphc:1250x1"",""purpose"":""edge_bridge"",""related_partition_id"":null}",,,,
diagnostic_candidate,True,virtual-000035,,,,BR_00000012,numeric-chain-000047,22,7,20.00,1250,1.20,770,850,SPHC,,SPHC,,virtual_sphc,,"{""accepted_sequence"":35,""prototype_id"":""virtual_sphc:1250x1.2"",""purpose"":""edge_bridge"",""related_partition_id"":null}",,,,
diagnostic_candidate,True,0002002202-000010,0002002202-000010,0002002202-000010,BR_00000036,BR_00000012,numeric-chain-000047,22,8,19,1085,1.4,770,810,DC51D+Z,普碳,SPHC,软钢,normal_real,,,,,,
diagnostic_candidate,True,0030120939-000020,0030120939-000020,0030120939-000020,BR_00000032,BR_00000012,numeric-chain-000047,22,9,46,1080,1.2,770,810,DC52D+Z,深冲钢（PD）,SPHCQ,软钢,normal_real,,,,,,
diagnostic_candidate,True,0030118029-000070,0030118029-000070,0030118029-000070,BR_00000030,BR_00000012,numeric-chain-000047,22,10,8,1070,1.2,770,810,DC51D+Z,深冲钢（PD）,SPHCQ,软钢,normal_real,,,,,,
diagnostic_candidate,True,0002002023-000080,0002002023-000080,0002002023-000080,BR_00000030,BR_00000012,numeric-chain-000047,22,11,19,1068,1,770,810,DC51D+Z,普碳,SPHC,软钢,normal_real,,,,,,
diagnostic_candidate,True,0002001612-000740,0002001612-000740,0002001612-000740,BR_00000012,BR_00000012,numeric-chain-000047,22,12,106.29,1065,1,770,810,DC51D+Z,普碳,SPHC,软钢,normal_real,,,,,,
diagnostic_candidate,True,0002002009-000120,0002002009-000120,0002002009-000120,BR_00000030,BR_00000012,numeric-chain-000047,22,13,48.59,1063,1,770,810,DC51D+Z,IF钢,SPHETI-3,软钢,normal_real,,,,,,
diagnostic_candidate,True,0002001890-000170,0002001890-000170,0002001890-000170,BR_00000024,BR_00000012,numeric-chain-000047,22,14,23,1063,1,770,810,DC51D+Z,IF钢,SPHETI-3,软钢,normal_real,,,,,,
diagnostic_candidate,True,0002002176-000070,0002002176-000070,0002002176-000070,BR_00000036,BR_00000012,numeric-chain-000047,22,15,100,1063,1,770,810,DC51D+Z,IF钢,SPHETI-3,软钢,normal_real,,,,,,
diagnostic_candidate,True,0030123143-000070,0030123143-000070,0030123143-000070,BR_00000036,BR_00000012,numeric-chain-000047,22,16,88,1060,1,800,820,SCG260Y+Z,加磷高强、烘烤硬化钢,H260Y,软钢,normal_real,,,,,,
diagnostic_candidate,True,0030117285-000070,0030117285-000070,0030117285-000070,BR_00000030,BR_00000012,numeric-chain-000047,22,17,12.8,1060,1,800,820,SCG260Y+Z,加磷高强、烘烤硬化钢,H260Y,软钢,normal_real,,,,,,
diagnostic_candidate,True,0030108884-000010,0030108884-000010,0030108884-000010,BR_00000018,BR_00000012,numeric-chain-000047,22,18,44,1060,1,800,820,SCG260Y+Z,加磷高强、烘烤硬化钢,H260Y,软钢,normal_real,,,,,,
diagnostic_candidate,True,0030112575-000070,0030112575-000070,0030112575-000070,BR_00000024,BR_00000012,numeric-chain-000047,22,19,66,1060,1,800,820,SCG260Y+Z,加磷高强、烘烤硬化钢,H260Y,软钢,normal_real,,,,,,
diagnostic_candidate,True,0030108260-000070,0030108260-000070,0030108260-000070,BR_00000018,BR_00000012,numeric-chain-000047,22,20,88,1060,1,800,820,SCG260Y+Z,加磷高强、烘烤硬化钢,H260Y,软钢,normal_real,,,,,,
diagnostic_candidate,True,0002001622-000030,0002001622-000030,0002001622-000030,BR_00000012,BR_00000012,numeric-chain-000047,22,21,5.67,1060,1.2,770,810,DX51D+Z-WL,深冲钢（PD）,SPHCQ,软钢,normal_real,,,,,,
diagnostic_candidate,True,0002002202-000200,0002002202-000200,0002002202-000200,BR_00000036,BR_00000012,numeric-chain-000047,22,22,19,1055,1,770,810,DC51D+Z,普碳,SPHC,软钢,normal_real,,,,,,
diagnostic_candidate,True,0002002023-000110,0002002023-000110,0002002023-000110,BR_00000030,BR_00000012,numeric-chain-000047,22,23,19,1055,1,770,810,DC51D+Z,普碳,SPHC,软钢,normal_real,,,,,,
diagnostic_candidate,True,0002002024-000120,0002002024-000120,0002002024-000120,BR_00000030,BR_00000012,numeric-chain-000047,22,24,19,1055,1,770,810,DC51D+Z,普碳,SPHC,软钢,normal_real,,,,,,
diagnostic_candidate,True,0030115561-000030,0030115561-000030,0030115561-000030,BR_00000025,BR_00000012,numeric-chain-000047,22,25,88,1045,0.94,800,820,HC260YD+Z,加磷高强、烘烤硬化钢,H260Y,软钢,normal_real,,,,,,
diagnostic_candidate,True,0002002021-000070,0002002021-000070,0002002021-000070,BR_00000030,BR_00000012,numeric-chain-000047,22,26,19,1044,1,770,810,DC51D+Z,IF钢,SPHETI-3,软钢,normal_real,,,,,,
diagnostic_candidate,True,0002002184-000160,0002002184-000160,0002002184-000160,BR_00000036,BR_00000012,numeric-chain-000047,22,27,16,1036,1.2,770,810,DC51D+Z,普碳,SPHC,软钢,normal_real,,,,,,
diagnostic_candidate,True,0030120939-000010,0030120939-000010,0030120939-000010,BR_00000032,BR_00000012,numeric-chain-000047,22,28,22,1020,1.2,770,810,DC52D+Z,深冲钢（PD）,SPHCQ,软钢,normal_real,,,,,,
diagnostic_candidate,True,0002001873-000030,0002001873-000030,0002001873-000030,BR_00000024,BR_00000012,numeric-chain-000047,22,29,19,1020,1.4,770,810,DC51D+Z,普碳,SPHC,软钢,normal_real,,,,,,
diagnostic_candidate,True,0002002023-000010,0002002023-000010,0002002023-000010,BR_00000030,BR_00000012,numeric-chain-000047,22,30,19,1020,1.4,770,810,DC51D+Z,普碳,SPHC,软钢,normal_real,,,,,,
diagnostic_candidate,True,0030125207-000130,0030125207-000130,0030125207-000130,BR_00000036,BR_00000012,numeric-chain-000047,22,31,22,1011,1.2,800,820,HC260YD+Z,加磷高强、烘烤硬化钢,H260Y,软钢,normal_real,,,,,,
diagnostic_candidate,True,0030109896-000020,0030109896-000020,0030109896-000020,BR_00000018,BR_00000012,numeric-chain-000047,22,32,44,1005,1,800,820,HC260YD+Z,加磷高强、烘烤硬化钢,H260Y,软钢,normal_real,,,,,,
diagnostic_candidate,True,0030108871-000050,0030108871-000050,0030108871-000050,BR_00000018,BR_00000012,numeric-chain-000047,22,33,140.95,1000,0.8,700,840,DC51D+Z,普碳,SPHC,软钢,actual_transition,,,,,,
diagnostic_candidate,True,0005000501-000250,0005000501-000250,0005000501-000250,BR_00000024,BR_00000012,numeric-chain-000047,22,34,18,950,0.8,715,735,CR270LA,低合金高强,H260LAD-3,硬钢,normal_real,,,,,,
diagnostic_candidate,True,0005000547-000280,0005000547-000280,0005000547-000280,BR_00000030,BR_00000012,numeric-chain-000047,22,35,16.95,950,0.8,715,735,CR270LA,低合金高强,H260LAD-3,硬钢,normal_real,,,,,,
diagnostic_candidate,True,0005000464-000200,0005000464-000200,0005000464-000200,BR_00000012,BR_00000012,numeric-chain-000047,22,36,36,950,0.8,715,735,CR270LA,低合金高强,H260LAD-3,硬钢,normal_real,,,,,,
diagnostic_candidate,True,0030119010-000010,0030119010-000010,0030119010-000010,BR_00000030,BR_00000012,numeric-chain-000047,22,37,18.35,910,0.8,700,840,DC51D+Z,普碳,SPHC,软钢,actual_transition,,,,,,
diagnostic_candidate,True,0005000500-000010,0005000500-000010,0005000500-000010,BR_00000024,BR_00000012,numeric-chain-000047,22,38,18,900,0.7,810,830,CR240LA,低合金高强,H260LAD-3,硬钢,normal_real,,,,,,
diagnostic_candidate,True,0002001612-000270,0002001612-000270,0002001612-000270,BR_00000012,BR_00000012,numeric-chain-000000,23,1,50.12,1595,0.8,770,810,DC51D+Z,普碳,SPHC,软钢,normal_real,,,,,,
diagnostic_candidate,True,0002002009-000010,0002002009-000010,0002002009-000010,BR_00000030,BR_00000012,numeric-chain-000000,23,2,117.84,1560,0.8,770,810,DC51D+Z,普碳,SPHC,软钢,normal_real,,,,,,
diagnostic_candidate,True,0002002185-000080,0002002185-000080,0002002185-000080,BR_00000036,BR_00000012,numeric-chain-000000,23,3,40,1540,0.7,770,810,DC51D+Z,IF钢,SPHETI-3,软钢,normal_real,,,,,,
diagnostic_candidate,True,0030108883-000010,0030108883-000010,0030108883-000010,BR_00000018,BR_00000012,numeric-chain-000000,23,4,9.5,1530,0.7,790,810,SCG260Y+Z,加磷高强、烘烤硬化钢,H260Y,软钢,normal_real,,,,,,
diagnostic_candidate,True,0030108883-000020,0030108883-000020,0030108883-000020,BR_00000018,BR_00000012,numeric-chain-000000,23,5,9.2,1520,0.7,790,810,SCG260Y+Z,加磷高强、烘烤硬化钢,H260Y,软钢,normal_real,,,,,,
diagnostic_candidate,True,0002001765-000040,0002001765-000040,0002001765-000040,BR_00000018,BR_00000012,numeric-chain-000000,23,6,317.54,1510,0.6,770,810,DC51D+Z,IF钢,SPHETI-3,软钢,normal_real,,,,,,
diagnostic_candidate,True,0002001998-000190,0002001998-000190,0002001998-000190,BR_00000030,BR_00000012,numeric-chain-000000,23,7,320,1510,0.6,770,810,DC51D+Z,IF钢,SPHETI-3,软钢,normal_real,,,,,,
diagnostic_candidate,True,0002002195-000160,0002002195-000160,0002002195-000160,BR_00000036,BR_00000012,numeric-chain-000000,23,8,255.77,1510,0.6,770,810,DC51D+Z,IF钢,SPHETI-3,软钢,normal_real,,,,,,
diagnostic_candidate,True,0002002180-000130,0002002180-000130,0002002180-000130,BR_00000036,BR_00000012,numeric-chain-000000,23,9,9.1,1510,0.6,770,810,DC51D+Z,IF钢,SPHETI-3,软钢,normal_real,,,,,,
diagnostic_candidate,True,0002001750-000340,0002001750-000340,0002001750-000340,BR_00000018,BR_00000012,numeric-chain-000000,23,10,24,1510,0.6,770,810,DC51D+Z,普碳,SPHC,软钢,normal_real,,,,,,
diagnostic_candidate,True,0002001628-000100,0002001628-000100,0002001628-000100,BR_00000012,BR_00000012,numeric-chain-000000,23,11,44.08,1510,0.65,770,810,DC51D+Z,普碳,SPHC,软钢,normal_real,,,,,,
diagnostic_candidate,True,0002002176-000080,0002002176-000080,0002002176-000080,BR_00000036,BR_00000012,numeric-chain-000000,23,12,15,1498,0.65,770,810,DC51D+Z,IF钢,SPHETI-3,软钢,normal_real,,,,,,
diagnostic_candidate,True,0005000486-000250,0005000486-000250,0005000486-000250,BR_00000018,BR_00000012,numeric-chain-000000,23,13,21,1490,0.7,800,820,CR2,IF钢,SPHETI-36,软钢,normal_real,,,,,,
diagnostic_candidate,True,0002001642-000010,0002001642-000010,0002001642-000010,BR_00000012,BR_00000012,numeric-chain-000000,23,14,23,1485,0.7,810,830,180YD+Z,加磷高强、烘烤硬化钢,H180YD,软钢,normal_real,,,,,,
diagnostic_candidate,True,0002001740-000010,0002001740-000010,0002001740-000010,BR_00000018,BR_00000012,numeric-chain-000000,23,15,48.87,1485,0.7,810,830,180YD+Z,加磷高强、烘烤硬化钢,H180YD,软钢,normal_real,,,,,,
diagnostic_candidate,True,0030108542-000150,0030108542-000150,0030108542-000150,BR_00000018,BR_00000012,numeric-chain-000000,23,16,72,1473,0.8,820,840,DX53D+Z-LG,IF钢,SPHETI-5,软钢,normal_real,,,,,,
diagnostic_candidate,True,0030117284-000010,0030117284-000010,0030117284-000010,BR_00000030,BR_00000012,numeric-chain-000000,23,17,69.9,1465,0.7,830,850,SCG4+Z,IF钢,SPHETI-3,软钢,normal_real,,,,,,
diagnostic_candidate,True,0030123936-000020,0030123936-000020,0030123936-000020,BR_00000036,BR_00000012,numeric-chain-000000,23,18,327.94,1465,0.7,830,850,SCG4+Z,IF钢,SPHETI-3,软钢,normal_real,,,,,,
diagnostic_candidate,True,0030123143-000010,0030123143-000010,0030123143-000010,BR_00000036,BR_00000012,numeric-chain-000000,23,19,52,1455,0.7,830,850,SCG4+Z,IF钢,SPHETI-3,软钢,normal_real,,,,,,
diagnostic_candidate,True,0005000501-000710,0005000501-000710,0005000501-000710,BR_00000024,BR_00000012,numeric-chain-000035,24,1,30.16,1300,1,730,750,CR380LA,低合金高强,H380LA-3,硬钢,normal_real,,,,,,
diagnostic_candidate,True,0005000514-000050,0005000514-000050,0005000514-000050,BR_00000024,BR_00000012,numeric-chain-000035,24,2,24,1275,1,730,750,CR380LA,低合金高强,H380LA-3,硬钢,normal_real,,,,,,
diagnostic_candidate,True,0005000549-000060,0005000549-000060,0005000549-000060,BR_00000030,BR_00000012,numeric-chain-000035,24,3,23,1275,1,730,750,CR380LA,低合金高强,H380LA-3,硬钢,normal_real,,,,,,
diagnostic_candidate,True,0005000501-000160,0005000501-000160,0005000501-000160,BR_00000024,BR_00000012,numeric-chain-000035,24,4,21,1250,0.9,720,760,CR420LA,低合金高强,H420LAD-3,硬钢,normal_real,,,,,,
diagnostic_candidate,True,0030122897-000100,0030122897-000100,0030122897-000100,BR_00000036,BR_00000012,numeric-chain-000035,24,5,96,1250,0.75,700,840,DC51D+Z,普碳,SPHC,软钢,actual_transition,,,,,,
diagnostic_candidate,True,0030104290-000060,0030104290-000060,0030104290-000060,BR_00000012,BR_00000012,numeric-chain-000035,24,6,24,1250,0.75,700,840,DC51D+Z,普碳,SPHC,软钢,actual_transition,,,,,,
diagnostic_candidate,True,0030107632-000020,0030107632-000020,0030107632-000020,BR_00000018,BR_00000012,numeric-chain-000035,24,7,12.65,1250,0.75,730,750,DX51D+Z,普碳,SPHC,软钢,normal_real,,,,,,
diagnostic_candidate,True,0030103545-000020,0030103545-000020,0030103545-000020,BR_00000012,BR_00000012,numeric-chain-000035,24,8,51.16,1250,0.8,700,840,DC51D+Z,普碳,SPHC,软钢,normal_real,,,,,,
diagnostic_candidate,True,0002002054-000190,0002002054-000190,0002002054-000190,BR_00000030,BR_00000012,numeric-chain-000035,24,9,332,1250,0.8,815,835,DX51D+Z-MD,普碳,SPHC,软钢,normal_real,,,,,,
diagnostic_candidate,True,0030105098-000020,0030105098-000020,0030105098-000020,BR_00000012,BR_00000012,numeric-chain-000035,24,10,73.42,1250,1,700,840,DC51D+Z,普碳,SPHC,软钢,actual_transition,,,,,,
diagnostic_candidate,True,0030107311-000060,0030107311-000060,0030107311-000060,BR_00000018,BR_00000012,numeric-chain-000035,24,11,48,1250,1.1,700,840,DC51D+Z,普碳,SPHC,软钢,actual_transition,,,,,,
diagnostic_candidate,True,0030114668-000020,0030114668-000020,0030114668-000020,BR_00000024,BR_00000012,numeric-chain-000035,24,12,15.04,1235,0.9,730,750,CR380LA,低合金高强,H380LA-3,硬钢,normal_real,,,,,,
diagnostic_candidate,True,0005000501-000200,0005000501-000200,0005000501-000200,BR_00000024,BR_00000012,numeric-chain-000035,24,13,21,1210,0.8,720,760,CR420LA,低合金高强,H420LAD-3,硬钢,normal_real,,,,,,
diagnostic_candidate,True,0005000547-000230,0005000547-000230,0005000547-000230,BR_00000030,BR_00000012,numeric-chain-000035,24,14,21,1210,0.8,720,760,CR420LA,低合金高强,H420LAD-3,硬钢,normal_real,,,,,,
diagnostic_candidate,True,0005000501-000390,0005000501-000390,0005000501-000390,BR_00000024,BR_00000012,numeric-chain-000035,24,15,20,1185,0.8,730,750,CR380LA,低合金高强,H380LA-3,硬钢,normal_real,,,,,,
diagnostic_candidate,True,virtual-000043,,,,BR_00000012,numeric-chain-000035,24,16,20.00,1250,0.80,730,850,SPHC,,SPHC,,virtual_sphc,,"{""accepted_sequence"":43,""prototype_id"":""virtual_sphc:1250x0.8"",""purpose"":""edge_bridge"",""related_partition_id"":null}",,,,
diagnostic_candidate,True,0030118934-000050,0030118934-000050,0030118934-000050,BR_00000030,BR_00000012,numeric-chain-000035,24,17,240,1160,0.7,830,850,DX54D+Z,IF钢,SPHETI-5,软钢,normal_real,,,,,,
diagnostic_candidate,True,0002002170-000200,0002002170-000200,0002002170-000200,BR_00000036,BR_00000012,numeric-chain-000035,24,18,126.53,1160,0.7,830,850,DC53D+Z,IF钢,SPHETI-3,软钢,normal_real,,,,,,
diagnostic_candidate,True,0002001854-000080,0002001854-000080,0002001854-000080,BR_00000024,BR_00000012,numeric-chain-000035,24,19,115,1160,0.7,830,850,DC53D+Z,IF钢,SPHETI-3,软钢,normal_real,,,,,,
diagnostic_candidate,True,0030118429-000020,0030118429-000020,0030118429-000020,BR_00000030,BR_00000012,numeric-chain-000035,24,20,22,1120,0.6,700,840,DC51D+Z,普碳,SPHC,软钢,actual_transition,,,,,,
diagnostic_candidate,True,0005000501-000740,0005000501-000740,0005000501-000740,BR_00000024,BR_00000012,numeric-chain-000035,24,21,40,1105,0.8,810,830,CR240LA,低合金高强,H260LAD-3,硬钢,normal_real,,,,,,
diagnostic_candidate,True,0005000547-000480,0005000547-000480,0005000547-000480,BR_00000030,BR_00000012,numeric-chain-000035,24,22,20,1060,0.7,810,830,CR240LA,低合金高强,H260LAD-3,硬钢,normal_real,,,,,,
diagnostic_candidate,True,0005000464-000420,0005000464-000420,0005000464-000420,BR_00000012,BR_00000012,numeric-chain-000035,24,23,20,1060,0.7,810,830,CR240LA,低合金高强,H260LAD-3,硬钢,normal_real,,,,,,
diagnostic_candidate,True,0005000501-000430,0005000501-000430,0005000501-000430,BR_00000024,BR_00000012,numeric-chain-000035,24,24,20,1060,0.7,810,830,CR240LA,低合金高强,H260LAD-3,硬钢,normal_real,,,,,,
diagnostic_candidate,True,0005000501-000530,0005000501-000530,0005000501-000530,BR_00000024,BR_00000012,numeric-chain-000035,24,25,20,1056,0.8,810,830,CR240LA,低合金高强,H260LAD-3,硬钢,normal_real,,,,,,
diagnostic_candidate,True,0005000464-000320,0005000464-000320,0005000464-000320,BR_00000012,BR_00000012,numeric-chain-000035,24,26,18.68,1030,0.8,810,830,CR240LA,低合金高强,H260LAD-3,硬钢,normal_real,,,,,,
diagnostic_candidate,True,0005000547-000420,0005000547-000420,0005000547-000420,BR_00000030,BR_00000012,numeric-chain-000035,24,27,40,1030,0.8,810,830,CR240LA,低合金高强,H260LAD-3,硬钢,normal_real,,,,,,
diagnostic_candidate,True,0005000501-000370,0005000501-000370,0005000501-000370,BR_00000024,BR_00000012,numeric-chain-000035,24,28,9.15,1030,0.8,810,830,CR240LA,低合金高强,H260LAD-3,硬钢,normal_real,,,,,,
diagnostic_candidate,True,0030122899-000010,0030122899-000010,0030122899-000010,BR_00000036,BR_00000012,numeric-chain-000035,24,29,40.38,1000,0.8,700,840,DC51D+Z,普碳,SPHC,软钢,actual_transition,,,,,,
diagnostic_candidate,True,0030108872-000010,0030108872-000010,0030108872-000010,BR_00000018,BR_00000012,numeric-chain-000035,24,30,24,1000,0.8,700,840,DC51D+Z,普碳,SPHC,软钢,actual_transition,,,,,,
diagnostic_candidate,True,0002002195-000020,0002002195-000020,0002002195-000020,BR_00000036,BR_00000012,numeric-chain-000035,24,31,44,985,0.65,770,810,DC51D+Z,普碳,SPHC,软钢,normal_real,,,,,,
diagnostic_candidate,True,0002001878-000020,0002001878-000020,0002001878-000020,BR_00000024,BR_00000012,numeric-chain-000035,24,32,28,985,0.7,770,810,DC51D+Z,普碳,SPHC,软钢,normal_real,,,,,,
diagnostic_candidate,True,0002001860-000110,0002001860-000110,0002001860-000110,BR_00000024,BR_00000012,numeric-chain-000035,24,33,20,972,0.65,770,810,DC51D+Z,普碳,SPHC,软钢,normal_real,,,,,,
diagnostic_candidate,True,0002002170-000280,0002002170-000280,0002002170-000280,BR_00000036,BR_00000012,numeric-chain-000035,24,34,19,971,0.65,770,810,DC51D+Z,IF钢,SPHETI-3,软钢,normal_real,,,,,,
diagnostic_candidate,True,0002001854-000160,0002001854-000160,0002001854-000160,BR_00000024,BR_00000012,numeric-chain-000035,24,35,38,971,0.65,770,810,DC51D+Z,普碳,SPHC,软钢,normal_real,,,,,,
diagnostic_candidate,True,0002001998-000010,0002001998-000010,0002001998-000010,BR_00000030,BR_00000012,numeric-chain-000035,24,36,8.31,939,0.7,770,810,DC51D+Z,普碳,SPHC,软钢,normal_real,,,,,,
diagnostic_candidate,True,0030115673-000150,0030115673-000150,0030115673-000150,BR_00000025,BR_00000012,numeric-chain-000035,24,37,17,937,0.7,770,810,DC51D+Z,深冲钢（PD）,SPHCQ,软钢,normal_real,,,,,,
diagnostic_candidate,True,0030124731-000020,0030124731-000020,0030124731-000020,BR_00000036,BR_00000012,numeric-chain-000035,24,38,54,920,0.9,770,810,DC51D+Z,深冲钢（PD）,SPHCQ,软钢,normal_real,,,,,,
diagnostic_candidate,True,0002002170-000060,0002002170-000060,0002002170-000060,BR_00000036,BR_00000012,numeric-chain-000035,24,39,32,900,1,770,810,DC51D+Z,IF钢,SPHETI-3,软钢,normal_real,,,,,,
diagnostic_candidate,True,0002001744-000010,0002001744-000010,0002001744-000010,BR_00000018,BR_00000012,numeric-chain-000035,24,40,17,838,1,770,810,DC51D+Z,普碳,SPHC,软钢,normal_real,,,,,,
diagnostic_candidate,True,0002002170-000120,0002002170-000120,0002002170-000120,BR_00000036,BR_00000012,numeric-chain-000035,24,41,23,836,1,770,810,DC51D+Z,IF钢,SPHETI-3,软钢,normal_real,,,,,,
diagnostic_candidate,True,0030119860-000030,0030119860-000030,0030119860-000030,BR_00000030,BR_00000012,numeric-chain-000037,25,1,288,1410,0.8,830,850,DC56D+Z,IF钢,SPHETI-3,软钢,normal_real,,,,,,
diagnostic_candidate,True,0002002053-000120,0002002053-000120,0002002053-000120,BR_00000030,BR_00000012,numeric-chain-000037,25,2,92,1400,0.8,820,840,DX53D+Z-MD,IF钢,SPHETI-5,软钢,normal_real,,,,,,
diagnostic_candidate,True,0030108542-000160,0030108542-000160,0030108542-000160,BR_00000018,BR_00000012,numeric-chain-000037,25,3,48,1396,0.8,820,840,DX53D+Z-LG,IF钢,SPHETI-5,软钢,normal_real,,,,,,
diagnostic_candidate,True,0002002054-000200,0002002054-000200,0002002054-000200,BR_00000030,BR_00000012,numeric-chain-000037,25,4,192,1385,0.8,815,835,DX51D+Z-MD,普碳,SPHC,软钢,normal_real,,,,,,
diagnostic_candidate,True,0002001775-000010,0002001775-000010,0002001775-000010,BR_00000024,BR_00000012,numeric-chain-000037,25,5,82.3,1383,0.8,820,840,DX53D+Z-CD,IF钢,SPHETI-5,软钢,normal_real,,,,,,
diagnostic_candidate,True,0005000563-000030,0005000563-000030,0005000563-000030,BR_00000036,BR_00000012,numeric-chain-000037,25,6,63,1365,0.8,830,850,CR180BH,加磷高强、烘烤硬化钢,H180BH,软钢,normal_real,,,,,,
diagnostic_candidate,True,0005000464-000030,0005000464-000030,0005000464-000030,BR_00000012,BR_00000012,numeric-chain-000037,25,7,21.41,1365,0.8,830,850,CR180BH,加磷高强、烘烤硬化钢,H180BH,软钢,normal_real,,,,,,
diagnostic_candidate,True,0002002026-000080,0002002026-000080,0002002026-000080,BR_00000030,BR_00000012,numeric-chain-000037,25,8,23,1365,0.65,830,850,DC53D+Z,IF钢,SPHETI-3,软钢,normal_real,,,,,,
diagnostic_candidate,True,0030118991-000060,0030118991-000060,0030118991-000060,BR_00000030,BR_00000012,numeric-chain-000037,25,9,52,1360,0.65,830,850,SCG4+Z,IF钢,SPHETI-3,软钢,normal_real,,,,,,
diagnostic_candidate,True,0030123143-000060,0030123143-000060,0030123143-000060,BR_00000036,BR_00000012,numeric-chain-000037,25,10,78,1360,0.65,830,850,SCG4+Z,IF钢,SPHETI-3,软钢,normal_real,,,,,,
diagnostic_candidate,True,0030117284-000040,0030117284-000040,0030117284-000040,BR_00000030,BR_00000012,numeric-chain-000037,25,11,130,1360,0.65,830,850,SCG4+Z,IF钢,SPHETI-3,软钢,normal_real,,,,,,
diagnostic_candidate,True,0030108260-000060,0030108260-000060,0030108260-000060,BR_00000018,BR_00000012,numeric-chain-000037,25,12,78,1360,0.65,830,850,SCG4+Z,IF钢,SPHETI-3,软钢,normal_real,,,,,,
diagnostic_candidate,True,virtual-000018,,,,BR_00000012,numeric-chain-000037,25,13,20.00,1250,0.80,760,850,SPHC,,SPHC,,virtual_sphc,,"{""accepted_sequence"":18,""prototype_id"":""virtual_sphc:1250x0.8"",""purpose"":""edge_bridge"",""related_partition_id"":null}",,,,
diagnostic_candidate,True,virtual-000019,,,,BR_00000012,numeric-chain-000037,25,14,20.00,1250,1.00,760,850,SPHC,,SPHC,,virtual_sphc,,"{""accepted_sequence"":19,""prototype_id"":""virtual_sphc:1250x1"",""purpose"":""edge_bridge"",""related_partition_id"":null}",,,,
diagnostic_candidate,True,0005000509-000010,0005000509-000010,0005000509-000010,BR_00000024,BR_00000012,numeric-chain-000037,25,15,7,1083,1.2,760,780,CR240LA,低合金高强,H260LAD-3,硬钢,normal_real,,,,,,
diagnostic_candidate,True,0030108326-000010,0030108326-000010,0030108326-000010,BR_00000018,BR_00000012,numeric-chain-000037,25,16,23,1079,1,700,840,DC51D+Z,普碳,SPHC,软钢,actual_transition,,,,,,
diagnostic_candidate,True,0030125170-000010,0030125170-000010,0030125170-000010,BR_00000036,BR_00000012,numeric-chain-000037,25,17,20,1070,1.2,795,815,HC220YD+Z-GL,加磷高强、烘烤硬化钢,H220Y,,normal_real,,,,,,
diagnostic_candidate,True,0030106850-000020,0030106850-000020,0030106850-000020,BR_00000013,BR_00000012,numeric-chain-000037,25,18,24,1054,1.3,790,810,HC220YD+Z,加磷高强、烘烤硬化钢,H220Y,软钢,normal_real,,,,,,
diagnostic_candidate,True,0002002023-000150,0002002023-000150,0002002023-000150,BR_00000030,BR_00000012,numeric-chain-000037,25,19,19,1035,1.4,770,810,DC51D+Z,普碳,SPHC,软钢,normal_real,,,,,,
diagnostic_candidate,True,0002002202-000300,0002002202-000300,0002002202-000300,BR_00000036,BR_00000012,numeric-chain-000037,25,20,30,1030,1.6,770,810,DC51D+Z,IF钢,SPHETI-3,软钢,normal_real,,,,,,
diagnostic_candidate,True,0002002202-000230,0002002202-000230,0002002202-000230,BR_00000036,BR_00000012,numeric-chain-000037,25,21,19,1020,1.4,770,810,DC51D+Z,IF钢,SPHETI-3,软钢,normal_real,,,,,,
diagnostic_candidate,True,0002002024-000150,0002002024-000150,0002002024-000150,BR_00000030,BR_00000012,numeric-chain-000037,25,22,19,1020,1.4,770,810,DC51D+Z,普碳,SPHC,软钢,normal_real,,,,,,
diagnostic_candidate,True,0002002202-000100,0002002202-000100,0002002202-000100,BR_00000036,BR_00000012,numeric-chain-000037,25,23,19,1001,1.2,770,810,DC51D+Z,普碳,SPHC,软钢,normal_real,,,,,,
diagnostic_candidate,True,0002001756-000030,0002001756-000030,0002001756-000030,BR_00000018,BR_00000012,numeric-chain-000037,25,24,192,1000,1.2,770,810,DX51D+Z-WL,深冲钢（PD）,SPHCQ,软钢,normal_real,,,,,,
diagnostic_candidate,True,0010018679-000030,0010018679-000030,0010018679-000030,BR_00000030,BR_00000012,numeric-chain-000037,25,25,83.12,1000,1.5,700,840,DC51D+Z,普碳,SPHC,软钢,actual_transition,,,,,,
diagnostic_candidate,True,0002001860-000220,0002001860-000220,0002001860-000220,BR_00000024,BR_00000012,numeric-chain-000037,25,26,20,939,1.4,770,810,DC51D+Z,普碳,SPHC,软钢,normal_real,,,,,,
diagnostic_candidate,True,0002002202-000290,0002002202-000290,0002002202-000290,BR_00000036,BR_00000012,numeric-chain-000037,25,27,16,931,1.6,770,810,DC51D+Z,普碳,SPHC,软钢,normal_real,,,,,,
diagnostic_candidate,True,0002002180-000160,0002002180-000160,0002002180-000160,BR_00000036,BR_00000012,numeric-chain-000037,25,28,20,885,1.4,770,810,DC51D+Z,IF钢,SPHETI-3,软钢,normal_real,,,,,,
diagnostic_candidate,True,0002001768-000050,0002001768-000050,0002001768-000050,BR_00000018,BR_00000012,numeric-chain-000037,25,29,14.69,883,1.4,770,810,DC51D+Z,普碳,SPHC,软钢,normal_real,,,,,,
diagnostic_candidate,True,0002001854-000170,0002001854-000170,0002001854-000170,BR_00000024,BR_00000012,numeric-chain-000037,25,30,98.58,883,1.4,770,810,DC51D+Z,普碳,SPHC,软钢,normal_real,,,,,,
diagnostic_candidate,True,0002001603-000190,0002001603-000190,0002001603-000190,BR_00000012,BR_00000012,numeric-chain-000037,25,31,11.94,883,1.4,770,810,DC51D+Z,普碳,SPHC,软钢,normal_real,,,,,,
diagnostic_candidate,True,0002001871-000160,0002001871-000160,0002001871-000160,BR_00000024,BR_00000012,numeric-chain-000037,25,32,11.48,859,1.4,770,810,DC51D+Z,普碳,SPHC,软钢,normal_real,,,,,,
diagnostic_candidate,True,0002001854-000270,0002001854-000270,0002001854-000270,BR_00000024,BR_00000012,numeric-chain-000037,25,33,32,805,1.2,770,810,DC51D+Z,普碳,SPHC,软钢,normal_real,,,,,,
diagnostic_candidate,True,0002001890-000310,0002001890-000310,0002001890-000310,BR_00000024,BR_00000012,numeric-chain-000007,26,1,23,1335,0.65,820,840,DC53D+Z,IF钢,SPHETI-3,软钢,normal_real,,,,,,
diagnostic_candidate,True,0002001871-000520,0002001871-000520,0002001871-000520,BR_00000024,BR_00000012,numeric-chain-000007,26,2,20,1335,0.65,820,840,DC53D+Z,IF钢,SPHETI-3,软钢,normal_real,,,,,,
diagnostic_candidate,True,0030112686-000070,0030112686-000070,0030112686-000070,BR_00000024,BR_00000012,numeric-chain-000007,26,3,22,1332,0.75,830,850,CR3,IF钢,SPHETI-36,软钢,normal_real,,,,,,
diagnostic_candidate,True,0030117110-000100,0030117110-000100,0030117110-000100,BR_00000030,BR_00000012,numeric-chain-000007,26,4,21.79,1332,0.75,830,850,CR3,IF钢,SPHETI-36,软钢,normal_real,,,,,,
diagnostic_candidate,True,0010017872-000020,0010017872-000020,0010017872-000020,BR_00000030,BR_00000012,numeric-chain-000007,26,5,24.33,1325,0.6,820,840,DC53D+Z,IF钢,SPHETI-5,软钢,normal_real,,,,,,
diagnostic_candidate,True,0030108260-000030,0030108260-000030,0030108260-000030,BR_00000018,BR_00000012,numeric-chain-000007,26,6,150,1315,0.6,830,850,SCG4+Z,IF钢,SPHETI-3,软钢,normal_real,,,,,,
diagnostic_candidate,True,0030117285-000030,0030117285-000030,0030117285-000030,BR_00000030,BR_00000012,numeric-chain-000007,26,7,150,1315,0.6,830,850,SCG4+Z,IF钢,SPHETI-3,软钢,normal_real,,,,,,
diagnostic_candidate,True,virtual-000029,,,,BR_00000012,numeric-chain-000007,26,8,20.00,1250,0.60,770,850,SPHC,,SPHC,,virtual_sphc,,"{""accepted_sequence"":29,""prototype_id"":""virtual_sphc:1250x0.6"",""purpose"":""edge_bridge"",""related_partition_id"":null}",,,,
diagnostic_candidate,True,0002001633-000060,0002001633-000060,0002001633-000060,BR_00000012,BR_00000012,numeric-chain-000007,26,9,20,1095,0.65,770,810,DC51D+Z,普碳,SPHC,软钢,normal_real,,,,,,
diagnostic_candidate,True,0002002035-000080,0002002035-000080,0002002035-000080,BR_00000030,BR_00000012,numeric-chain-000007,26,10,24,1090,0.65,770,810,DC51D+Z,普碳,SPHC,软钢,normal_real,,,,,,
diagnostic_candidate,True,0030106995-000170,0030106995-000170,0030106995-000170,BR_00000016,BR_00000012,numeric-chain-000007,26,11,23,1090,0.65,770,810,DC51D+Z,IF钢,SPHETI-5,软钢,normal_real,,,,,,
diagnostic_candidate,True,0030108542-000090,0030108542-000090,0030108542-000090,BR_00000018,BR_00000012,numeric-chain-000007,26,12,24,1090,0.8,770,810,DX52D+Z-LG,深冲钢（PD）,SPHCQ,软钢,normal_real,,,,,,
diagnostic_candidate,True,0002002176-000200,0002002176-000200,0002002176-000200,BR_00000036,BR_00000012,numeric-chain-000007,26,13,15,1080,0.6,770,810,DC51D+Z,普碳,SPHC,软钢,normal_real,,,,,,
diagnostic_candidate,True,0002001612-000690,0002001612-000690,0002001612-000690,BR_00000012,BR_00000012,numeric-chain-000007,26,14,19.06,1080,0.6,770,810,DC51D+Z,普碳,SPHC,软钢,normal_real,,,,,,
diagnostic_candidate,True,0002002024-000090,0002002024-000090,0002002024-000090,BR_00000030,BR_00000012,numeric-chain-000007,26,15,19,1080,0.7,770,810,DC51D+Z,普碳,SPHC,软钢,normal_real,,,,,,
diagnostic_candidate,True,0002001633-000170,0002001633-000170,0002001633-000170,BR_00000012,BR_00000012,numeric-chain-000007,26,16,22,1078,0.7,770,810,DC51D+Z,普碳,SPHC,软钢,normal_real,,,,,,
diagnostic_candidate,True,0030117933-000010,0030117933-000010,0030117933-000010,BR_00000030,BR_00000012,numeric-chain-000007,26,17,18.92,1075,0.7,700,840,DX51D+Z,普碳,SPHC,软钢,normal_real,,,,,,
diagnostic_candidate,True,0010019680-000020,0010019680-000020,0010019680-000020,BR_00000036,BR_00000012,numeric-chain-000007,26,18,69,1072,0.75,730,750,DC51D+Z-D,普碳,SPHC,软钢,normal_real,,,,,,
diagnostic_candidate,True,0030114159-000030,0030114159-000030,0030114159-000030,BR_00000024,BR_00000012,numeric-chain-000007,26,19,30,1055,0.6,730,750,DX51D+Z,普碳,SPHC,软钢,normal_real,,,,,,
diagnostic_candidate,True,0030107598-000020,0030107598-000020,0030107598-000020,BR_00000018,BR_00000012,numeric-chain-000007,26,20,100,1055,0.6,730,750,DX51D+Z,普碳,SPHC,软钢,normal_real,,,,,,
diagnostic_candidate,True,0030124826-000040,0030124826-000040,0030124826-000040,BR_00000036,BR_00000012,numeric-chain-000007,26,21,50,1055,0.6,730,750,DX51D+Z,普碳,SPHC,软钢,normal_real,,,,,,
diagnostic_candidate,True,0030119031-000040,0030119031-000040,0030119031-000040,BR_00000030,BR_00000012,numeric-chain-000007,26,22,15.91,1055,0.6,730,750,DX51D+Z,普碳,SPHC,软钢,normal_real,,,,,,
diagnostic_candidate,True,0030124824-000040,0030124824-000040,0030124824-000040,BR_00000036,BR_00000012,numeric-chain-000007,26,23,92.95,1055,0.6,730,750,DX51D+Z,普碳,SPHC,软钢,normal_real,,,,,,
diagnostic_candidate,True,0030114160-000020,0030114160-000020,0030114160-000020,BR_00000024,BR_00000012,numeric-chain-000007,26,24,20,1055,0.6,730,750,DX51D+Z,普碳,SPHC,软钢,normal_real,,,,,,
diagnostic_candidate,True,0030107632-000040,0030107632-000040,0030107632-000040,BR_00000018,BR_00000012,numeric-chain-000007,26,25,40,1055,0.6,730,750,DX51D+Z,普碳,SPHC,软钢,normal_real,,,,,,
diagnostic_candidate,True,0030120951-000010,0030120951-000010,0030120951-000010,BR_00000032,BR_00000012,numeric-chain-000007,26,26,96,1050,0.7,700,840,DX51D+Z,普碳,SPHC,软钢,normal_real,,,,,,
diagnostic_candidate,True,0030107632-000030,0030107632-000030,0030107632-000030,BR_00000018,BR_00000012,numeric-chain-000007,26,27,20,1050,0.75,730,750,DX51D+Z,普碳,SPHC,软钢,normal_real,,,,,,
diagnostic_candidate,True,0030114159-000020,0030114159-000020,0030114159-000020,BR_00000024,BR_00000012,numeric-chain-000007,26,28,20,1050,0.75,730,750,DX51D+Z,普碳,SPHC,软钢,normal_real,,,,,,
diagnostic_candidate,True,0030114160-000010,0030114160-000010,0030114160-000010,BR_00000024,BR_00000012,numeric-chain-000007,26,29,20,1050,0.75,730,750,DX51D+Z,普碳,SPHC,软钢,normal_real,,,,,,
diagnostic_candidate,True,0010018206-000020,0010018206-000020,0010018206-000020,BR_00000030,BR_00000012,numeric-chain-000007,26,30,59.18,1000,0.6,700,840,DC51D+Z,普碳,SPHC,软钢,actual_transition,,,,,,
diagnostic_candidate,True,0002001768-000020,0002001768-000020,0002001768-000020,BR_00000018,BR_00000012,numeric-chain-000007,26,31,20,1000,0.65,810,830,180YD+Z,加磷高强、烘烤硬化钢,H180YD,软钢,normal_real,,,,,,
diagnostic_candidate,True,0002001854-000040,0002001854-000040,0002001854-000040,BR_00000024,BR_00000012,numeric-chain-000007,26,32,138,1000,0.65,810,830,180YD+Z,加磷高强、烘烤硬化钢,H180YD,软钢,normal_real,,,,,,
diagnostic_candidate,True,0030122898-000010,0030122898-000010,0030122898-000010,BR_00000036,BR_00000012,numeric-chain-000007,26,33,30.51,1000,0.8,700,840,DC51D+Z,普碳,SPHC,软钢,actual_transition,,,,,,
diagnostic_candidate,True,0030122488-000030,0030122488-000030,0030122488-000030,BR_00000036,BR_00000012,numeric-chain-000007,26,34,29.09,1000,0.9,770,810,DC52D+Z,深冲钢（PD）,SPHCQ,软钢,normal_real,,,,,,
diagnostic_candidate,True,0030108214-000010,0030108214-000010,0030108214-000010,BR_00000018,BR_00000012,numeric-chain-000007,26,35,22,1000,1,770,810,DC52D+Z,深冲钢（PD）,SPHCQ,软钢,normal_real,,,,,,
diagnostic_candidate,True,0030107881-000020,0030107881-000020,0030107881-000020,BR_00000018,BR_00000012,numeric-chain-000007,26,36,22,1000,1,800,820,HC260YD+Z,加磷高强、烘烤硬化钢,H260Y,软钢,normal_real,,,,,,
diagnostic_candidate,True,0030104604-000030,0030104604-000030,0030104604-000030,BR_00000012,BR_00000012,numeric-chain-000007,26,37,7.76,1000,1.2,700,840,DC51D+Z,普碳,SPHC,软钢,actual_transition,,,,,,
diagnostic_candidate,True,0002002023-000090,0002002023-000090,0002002023-000090,BR_00000030,BR_00000012,numeric-chain-000007,26,38,9.57,980,1,770,810,DC51D+Z,普碳,SPHC,软钢,normal_real,,,,,,
diagnostic_candidate,True,0030105416-000060,0030105416-000060,0030105416-000060,BR_00000012,BR_00000012,numeric-chain-000007,26,39,22,960,1,800,820,HC260YD+Z,加磷高强、烘烤硬化钢,H260Y,软钢,normal_real,,,,,,
diagnostic_candidate,True,0002002180-000170,0002002180-000170,0002002180-000170,BR_00000036,BR_00000012,numeric-chain-000007,26,40,20,930,1,770,810,DC51D+Z,IF钢,SPHETI-3,软钢,normal_real,,,,,,
diagnostic_candidate,True,0030120976-000020,0030120976-000020,0030120976-000020,BR_00000032,BR_00000012,numeric-chain-000007,26,41,18,930,1,800,820,HC260YD+Z,加磷高强、烘烤硬化钢,H260Y,软钢,normal_real,,,,,,
diagnostic_candidate,True,0002002170-000190,0002002170-000190,0002002170-000190,BR_00000036,BR_00000012,numeric-chain-000007,26,42,40,928,1,770,810,DC51D+Z,IF钢,SPHETI-3,软钢,normal_real,,,,,,
diagnostic_candidate,True,0002001854-000070,0002001854-000070,0002001854-000070,BR_00000024,BR_00000012,numeric-chain-000007,26,43,48,928,1,770,810,DC51D+Z,普碳,SPHC,软钢,normal_real,,,,,,
diagnostic_candidate,True,0002001890-000110,0002001890-000110,0002001890-000110,BR_00000024,BR_00000012,numeric-chain-000007,26,44,13,916,1,770,810,DC51D+Z,普碳,SPHC,软钢,normal_real,,,,,,
diagnostic_candidate,True,0002001860-000520,0002001860-000520,0002001860-000520,BR_00000024,BR_00000012,numeric-chain-000007,26,45,44,900,1,770,810,DC51D+Z,普碳,SPHC,软钢,normal_real,,,,,,
diagnostic_candidate,True,0002001860-000070,0002001860-000070,0002001860-000070,BR_00000024,BR_00000012,numeric-chain-000007,26,46,24,900,1.2,770,810,DC51D+Z,普碳,SPHC,软钢,normal_real,,,,,,
diagnostic_candidate,True,0002001750-000080,0002001750-000080,0002001750-000080,BR_00000018,BR_00000012,numeric-chain-000007,26,47,6.85,885,1.4,770,810,DC51D+Z,普碳,SPHC,软钢,normal_real,,,,,,
diagnostic_candidate,True,0002001860-000120,0002001860-000120,0002001860-000120,BR_00000024,BR_00000012,numeric-chain-000007,26,48,20,885,1.4,770,810,DC51D+Z,普碳,SPHC,软钢,normal_real,,,,,,
diagnostic_candidate,True,0002002170-000290,0002002170-000290,0002002170-000290,BR_00000036,BR_00000012,numeric-chain-000007,26,49,50,883,1.4,770,810,DC51D+Z,IF钢,SPHETI-3,软钢,normal_real,,,,,,
diagnostic_candidate,True,0002001901-000070,0002001901-000070,0002001901-000070,BR_00000024,BR_00000012,numeric-chain-000007,26,50,32,883,1.4,770,810,DC51D+Z,普碳,SPHC,软钢,normal_real,,,,,,
diagnostic_candidate,True,0002001901-000110,0002001901-000110,0002001901-000110,BR_00000024,BR_00000012,numeric-chain-000007,26,51,32,805,1.2,770,810,DC51D+Z,普碳,SPHC,软钢,normal_real,,,,,,
diagnostic_candidate,True,0005000548-000030,0005000548-000030,0005000548-000030,BR_00000030,BR_00000012,numeric-chain-000055,27,1,7,1445,2,660,680,CR270LA,低合金高强,H260LAD-3,硬钢,normal_real,,,,,,
diagnostic_candidate,True,0005000546-000150,0005000546-000150,0005000546-000150,BR_00000030,BR_00000012,numeric-chain-000055,27,2,5.15,1203,1.8,660,680,CR270LA,低合金高强,H260LAD-3,硬钢,normal_real,,,,,,
diagnostic_candidate,True,virtual-000049,,,,BR_00000012,numeric-chain-000055,27,3,20.00,1250,1.50,660,850,SPHC,,SPHC,,virtual_sphc,,"{""accepted_sequence"":49,""prototype_id"":""virtual_sphc:1250x1.5"",""purpose"":""edge_bridge"",""related_partition_id"":null}",,,,
diagnostic_candidate,True,virtual-000050,,,,BR_00000012,numeric-chain-000055,27,4,20.00,1250,1.20,660,850,SPHC,,SPHC,,virtual_sphc,,"{""accepted_sequence"":50,""prototype_id"":""virtual_sphc:1250x1.2"",""purpose"":""edge_bridge"",""related_partition_id"":null}",,,,
diagnostic_candidate,True,0002002021-000080,0002002021-000080,0002002021-000080,BR_00000030,BR_00000012,numeric-chain-000055,27,5,23,1180,1,830,850,DC56D+Z,IF钢,SPHETI-3,软钢,normal_real,,,,,,
diagnostic_candidate,True,0030118093-000020,0030118093-000020,0030118093-000020,BR_00000030,BR_00000012,numeric-chain-000055,27,6,384.98,1172,1,700,840,DX51D+Z,普碳,SPHC,软钢,normal_real,,,,,,
diagnostic_candidate,True,0002002054-000210,0002002054-000210,0002002054-000210,BR_00000030,BR_00000012,numeric-chain-000055,27,7,241,1167,0.8,815,835,DX51D+Z-MD,普碳,SPHC,软钢,normal_real,,,,,,
diagnostic_candidate,True,0002001757-000190,0002001757-000190,0002001757-000190,BR_00000018,BR_00000012,numeric-chain-000055,27,8,142,1167,0.8,815,835,DX51D+Z-MD,普碳,SPHC,软钢,normal_real,,,,,,
diagnostic_candidate,True,0010019680-000030,0010019680-000030,0010019680-000030,BR_00000036,BR_00000012,numeric-chain-000055,27,9,5.25,1160,0.6,700,840,DC51D+Z-D,普碳,SPHC,软钢,normal_real,,,,,,
diagnostic_candidate,True,0002002152-000010,0002002152-000010,0002002152-000010,BR_00000036,BR_00000012,numeric-chain-000055,27,10,23,1155,0.65,810,830,HC180YD+Z,加磷高强、烘烤硬化钢,H180YD,软钢,normal_real,,,,,,
diagnostic_candidate,True,0002002034-000010,0002002034-000010,0002002034-000010,BR_00000030,BR_00000012,numeric-chain-000055,27,11,38.36,1155,0.65,810,830,HC180YD+Z,加磷高强、烘烤硬化钢,H180YD,软钢,normal_real,,,,,,
diagnostic_candidate,True,0002001841-000010,0002001841-000010,0002001841-000010,BR_00000024,BR_00000012,numeric-chain-000055,27,12,46,1155,0.65,810,830,HC180YD+Z,加磷高强、烘烤硬化钢,H180YD,软钢,normal_real,,,,,,
diagnostic_candidate,True,0002001787-000010,0002001787-000010,0002001787-000010,BR_00000024,BR_00000012,numeric-chain-000055,27,13,6.2,1155,0.65,810,830,HC180YD+Z,加磷高强、烘烤硬化钢,H180YD,软钢,normal_real,,,,,,
diagnostic_candidate,True,0002002054-000340,0002002054-000340,0002002054-000340,BR_00000030,BR_00000012,numeric-chain-000055,27,14,192,1150,0.6,815,835,DX51D+Z-MD,普碳,SPHC,软钢,normal_real,,,,,,
diagnostic_candidate,True,0030105931-000030,0030105931-000030,0030105931-000030,BR_00000012,BR_00000012,numeric-chain-000055,27,15,23,1150,0.6,820,840,DC53D+Z,IF钢,SPHETI-5,软钢,normal_real,,,,,,
diagnostic_candidate,True,0030120757-000030,0030120757-000030,0030120757-000030,BR_00000031,BR_00000012,numeric-chain-000055,27,16,11.46,1150,0.7,830,850,DC54D+Z,IF钢,SPHETI-5,软钢,normal_real,,,,,,
diagnostic_candidate,True,0002002053-000040,0002002053-000040,0002002053-000040,BR_00000030,BR_00000012,numeric-chain-000055,27,17,40,1150,0.8,820,840,DX53D+Z-MD,IF钢,SPHETI-5,软钢,normal_real,,,,,,
diagnostic_candidate,True,0030118261-000010,0030118261-000010,0030118261-000010,BR_00000030,BR_00000012,numeric-chain-000055,27,18,69,1145,1,830,850,HDX53D+Z-SN,IF钢,SPHETI-3,软钢,normal_real,,,,,,
diagnostic_candidate,True,0030113312-000020,0030113312-000020,0030113312-000020,BR_00000024,BR_00000012,numeric-chain-000055,27,19,46,1145,1,830,850,HDX53D+Z-SN,IF钢,SPHETI-3,软钢,normal_real,,,,,,
diagnostic_candidate,True,0030113311-000020,0030113311-000020,0030113311-000020,BR_00000024,BR_00000012,numeric-chain-000055,27,20,138,1145,1,830,850,HDX53D+Z-SN,IF钢,SPHETI-3,软钢,normal_real,,,,,,
diagnostic_candidate,True,0005000571-000020,0005000571-000020,0005000571-000020,BR_00000036,BR_00000012,numeric-chain-000055,27,21,7,1135,1.2,830,850,CR4,IF钢,SPHETI-36,软钢,normal_real,,,,,,
diagnostic_candidate,True,0030103543-000150,0030103543-000150,0030103543-000150,BR_00000012,BR_00000012,numeric-chain-000055,27,22,49.7,1125,1.5,820,840,DC53D+Z,IF钢,SPHETI-5,软钢,normal_real,,,,,,
diagnostic_candidate,True,0005000514-000120,0005000514-000120,0005000514-000120,BR_00000024,BR_00000012,numeric-chain-000055,27,23,23,1105,1.2,830,850,CR3,IF钢,SPHETI-36,软钢,normal_real,,,,,,
diagnostic_candidate,True,0005000486-000150,0005000486-000150,0005000486-000150,BR_00000018,BR_00000012,numeric-chain-000055,27,24,20,1100,1,830,850,CR3,IF钢,SPHETI-36,软钢,normal_real,,,,,,
diagnostic_candidate,True,0005000501-000170,0005000501-000170,0005000501-000170,BR_00000024,BR_00000012,numeric-chain-000055,27,25,20,1100,1,830,850,CR3,IF钢,SPHETI-36,软钢,normal_real,,,,,,
diagnostic_candidate,True,0030124574-000010,0030124574-000010,0030124574-000010,BR_00000036,BR_00000012,numeric-chain-000055,27,26,23,1100,1,700,840,DC51D+Z,普碳,SPHC,软钢,actual_transition,,,,,,
diagnostic_candidate,True,0030120939-000070,0030120939-000070,0030120939-000070,BR_00000032,BR_00000012,numeric-chain-000055,27,27,23,1100,1.2,810,830,HC180YD+Z,加磷高强、烘烤硬化钢,H180YD,软钢,normal_real,,,,,,
diagnostic_candidate,True,0002002054-000140,0002002054-000140,0002002054-000140,BR_00000030,BR_00000012,numeric-chain-000055,27,28,21,1100,1.2,815,835,DX51D+Z-MD,普碳,SPHC,软钢,normal_real,,,,,,
diagnostic_candidate,True,0002001757-000070,0002001757-000070,0002001757-000070,BR_00000018,BR_00000012,numeric-chain-000055,27,29,22,1100,1.2,815,835,DX51D+Z-MD,普碳,SPHC,软钢,normal_real,,,,,,
diagnostic_candidate,True,0002002053-000050,0002002053-000050,0002002053-000050,BR_00000030,BR_00000012,numeric-chain-000055,27,30,88,1100,1.2,820,840,DX53D+Z-MD,IF钢,SPHETI-5,软钢,normal_real,,,,,,
diagnostic_candidate,True,0030114637-000020,0030114637-000020,0030114637-000020,BR_00000024,BR_00000012,numeric-chain-000055,27,31,23,1090,1.2,830,850,DC54D+Z,IF钢,SPHETI-5,软钢,normal_real,,,,,,
diagnostic_candidate,True,0030114637-000010,0030114637-000010,0030114637-000010,BR_00000024,BR_00000012,numeric-chain-000055,27,32,23,1085,1.2,830,850,DC54D+Z,IF钢,SPHETI-5,软钢,normal_real,,,,,,
diagnostic_candidate,True,0030106805-000020,0030106805-000020,0030106805-000020,BR_00000018,BR_00000012,numeric-chain-000055,27,33,69,1070,1.15,830,850,DC54D+Z,IF钢,SPHETI-3,软钢,normal_real,,,,,,
diagnostic_candidate,True,0030120940-000120,0030120940-000120,0030120940-000120,BR_00000032,BR_00000012,numeric-chain-000055,27,34,46,1055,1.2,830,850,DC56D+Z,IF钢,SPHETI-3,软钢,normal_real,,,,,,
diagnostic_candidate,True,0030115673-000220,0030115673-000220,0030115673-000220,BR_00000025,BR_00000012,numeric-chain-000055,27,35,33.08,1055,1.2,830,850,DC56D+Z,IF钢,SPHETI-3,软钢,normal_real,,,,,,
diagnostic_candidate,True,0030123142-000030,0030123142-000030,0030123142-000030,BR_00000036,BR_00000018,numeric-chain-000093,1,1,132,1090,0.55,830,850,SCG4+Z,IF钢,SPHETI-3,软钢,normal_real,,,,,,
diagnostic_candidate,True,0030123425-000010,0030123425-000010,0030123425-000010,BR_00000036,BR_00000018,numeric-chain-000093,1,2,132,1090,0.55,830,850,SCG4+Z,IF钢,SPHETI-3,软钢,normal_real,,,,,,
diagnostic_candidate,True,0030117284-000030,0030117284-000030,0030117284-000030,BR_00000030,BR_00000018,numeric-chain-000093,1,3,88,1090,0.55,830,850,SCG4+Z,IF钢,SPHETI-3,软钢,normal_real,,,,,,
diagnostic_candidate,True,0030106720-000060,0030106720-000060,0030106720-000060,BR_00000018,BR_00000018,numeric-chain-000093,1,4,23,1065,0.45,820,840,DC53D+Z,IF钢,SPHETI-5,软钢,normal_real,,,,,,
diagnostic_candidate,True,0030106720-000090,0030106720-000090,0030106720-000090,BR_00000018,BR_00000018,numeric-chain-000093,1,5,23,1065,0.45,820,840,DC53D+Z,IF钢,SPHETI-5,软钢,normal_real,,,,,,
diagnostic_candidate,True,virtual-000040,,,,BR_00000018,numeric-chain-000093,1,6,20.00,1000,0.50,820,850,SPHC,,SPHC,,virtual_sphc,,"{""accepted_sequence"":40,""prototype_id"":""virtual_sphc:1000x0.5"",""purpose"":""edge_bridge"",""related_partition_id"":null}",,,,
diagnostic_candidate,True,virtual-000041,,,,BR_00000018,numeric-chain-000093,1,7,20.00,1000,0.60,820,850,SPHC,,SPHC,,virtual_sphc,,"{""accepted_sequence"":41,""prototype_id"":""virtual_sphc:1000x0.6"",""purpose"":""edge_bridge"",""related_partition_id"":null}",,,,
diagnostic_candidate,True,0002001871-000230,0002001871-000230,0002001871-000230,BR_00000024,BR_00000018,numeric-chain-000093,1,8,70.28,971,0.7,830,850,DC54D+Z,IF钢,SPHETI-3,软钢,normal_real,,,,,,
diagnostic_candidate,True,0005000547-000380,0005000547-000380,0005000547-000380,BR_00000030,BR_00000018,numeric-chain-000093,1,9,8.3,968,0.8,830,850,CR180BH,加磷高强、烘烤硬化钢,H180BH,软钢,normal_real,,,,,,
diagnostic_candidate,True,0005000563-000270,0005000563-000270,0005000563-000270,BR_00000036,BR_00000018,numeric-chain-000093,1,10,8.56,968,0.8,830,850,CR180BH,加磷高强、烘烤硬化钢,H180BH,软钢,normal_real,,,,,,
diagnostic_candidate,True,0030117110-000090,0030117110-000090,0030117110-000090,BR_00000030,BR_00000018,numeric-chain-000093,1,11,22,955,1,830,850,CR3,IF钢,SPHETI-36,软钢,normal_real,,,,,,
diagnostic_candidate,True,0030107381-000100,0030107381-000100,0030107381-000100,BR_00000018,BR_00000018,numeric-chain-000093,1,12,18,955,1,830,850,CR3,IF钢,SPHETI-36,软钢,normal_real,,,,,,
diagnostic_candidate,True,0005000547-000300,0005000547-000300,0005000547-000300,BR_00000030,BR_00000018,numeric-chain-000093,1,13,16.1,928,1.2,820,840,CR210BH,加磷高强、烘烤硬化钢,H220BH,软钢,normal_real,,,,,,
diagnostic_candidate,True,0030107409-000010,0030107409-000010,0030107409-000010,BR_00000018,BR_00000018,numeric-chain-000093,1,14,36,914,1.5,830,850,CR180BH,加磷高强、烘烤硬化钢,H180BH,软钢,normal_real,,,,,,
diagnostic_candidate,True,0030122480-000070,0030122480-000070,0030122480-000070,BR_00000036,BR_00000018,numeric-chain-000093,1,15,108,905,1.2,820,840,DX53D+Z,IF钢,SPHETI-5,软钢,normal_real,,,,,,
diagnostic_candidate,True,0002001871-000060,0002001871-000060,0002001871-000060,BR_00000024,BR_00000018,numeric-chain-000093,1,16,23,898,1,830,850,DC53D+Z,IF钢,SPHETI-3,软钢,normal_real,,,,,,
diagnostic_candidate,True,0030112439-000260,0030112439-000260,0030112439-000260,BR_00000024,BR_00000018,numeric-chain-000093,1,17,142.31,860,1.2,820,840,DX53D+Z,IF钢,SPHETI-5,软钢,normal_real,,,,,,
diagnostic_candidate,True,0002002021-000220,0002002021-000220,0002002021-000220,BR_00000030,BR_00000018,numeric-chain-000093,1,18,40,830,1,830,850,DC56D+Z,IF钢,SPHETI-3,软钢,normal_real,,,,,,
diagnostic_candidate,True,split-000004:piece:0001,0002001757-000040,0002001757-000040,BR_00000018,BR_00000018,numeric-chain-000098,2,1,500.00,1365,0.5,820,840,DX53D+Z-CD,IF钢,SPHETI-5,软钢,normal_real,"{""accepted_source_sequence"":4,""authorization_decision_fingerprint"":""fa69857de91cea2bde152bd30dc00bcb2d01650a35579280d9980907ff74051c"",""authorization_rule_id"":""controlled_order_split"",""authorization_rule_version"":""1"",""origin_assigned_period"":""BR_00000018"",""parent_node_id"":""0002001757-000040"",""parent_source_order_id"":""0002001757-000040"",""parent_weight"":820.0,""partition_id"":""partition-6f2d3afd9b6a786d946335e6595b4cccae44e6f899a339fbb05137640191b072"",""piece_count"":2,""piece_index"":1,""reason_code"":""same_period_split"",""source_period"":""BR_00000018"",""source_resource_id"":""0002001757-000040"",""split_mode"":""same_period_split"",""target_assigned_period"":""BR_00000018""}",,,,,
diagnostic_candidate,True,virtual-000054,,,,BR_00000018,numeric-chain-000098,2,2,20.00,1250,0.50,820,840,SPHC,,SPHC,,virtual_sphc,,"{""accepted_sequence"":54,""prototype_id"":""virtual_sphc:1250x0.5"",""purpose"":""split_separator"",""related_partition_id"":""partition-6f2d3afd9b6a786d946335e6595b4cccae44e6f899a339fbb05137640191b072""}",,,,
diagnostic_candidate,True,split-000004:piece:0002,0002001757-000040,0002001757-000040,BR_00000018,BR_00000018,numeric-chain-000098,2,3,320.00,1365,0.5,820,840,DX53D+Z-CD,IF钢,SPHETI-5,软钢,normal_real,"{""accepted_source_sequence"":4,""authorization_decision_fingerprint"":""fa69857de91cea2bde152bd30dc00bcb2d01650a35579280d9980907ff74051c"",""authorization_rule_id"":""controlled_order_split"",""authorization_rule_version"":""1"",""origin_assigned_period"":""BR_00000018"",""parent_node_id"":""0002001757-000040"",""parent_source_order_id"":""0002001757-000040"",""parent_weight"":820.0,""partition_id"":""partition-6f2d3afd9b6a786d946335e6595b4cccae44e6f899a339fbb05137640191b072"",""piece_count"":2,""piece_index"":2,""reason_code"":""same_period_split"",""source_period"":""BR_00000018"",""source_resource_id"":""0002001757-000040"",""split_mode"":""same_period_split"",""target_assigned_period"":""BR_00000018""}",,,,,
diagnostic_candidate,True,virtual-000055,,,,BR_00000018,numeric-chain-000098,2,4,20.00,1250,0.60,820,840,SPHC,,SPHC,,virtual_sphc,,"{""accepted_sequence"":55,""prototype_id"":""virtual_sphc:1250x0.6"",""purpose"":""edge_bridge"",""related_partition_id"":null}",,,,
diagnostic_candidate,True,virtual-000056,,,,BR_00000018,numeric-chain-000098,2,5,20.00,1250,0.80,820,840,SPHC,,SPHC,,virtual_sphc,,"{""accepted_sequence"":56,""prototype_id"":""virtual_sphc:1250x0.8"",""purpose"":""edge_bridge"",""related_partition_id"":null}",,,,
diagnostic_candidate,True,split-000003:piece:0001,0030107632-000010,0030107632-000010,BR_00000018,BR_00000018,numeric-chain-000098,2,6,500.00,1055,0.95,820,840,DX53D+Z,IF钢,SPHETI-5,软钢,normal_real,"{""accepted_source_sequence"":3,""authorization_decision_fingerprint"":""e7c450e66b76c5c2423f14e39afe8a3d41419851480ffe9ff77af2e2e092d13c"",""authorization_rule_id"":""controlled_order_split"",""authorization_rule_version"":""1"",""origin_assigned_period"":""BR_00000012"",""parent_node_id"":""0030107632-000010"",""parent_source_order_id"":""0030107632-000010"",""parent_weight"":540.0,""partition_id"":""partition-d9c8c60ed707fb523e3088821941c35bfa8bc259e143a835171b1edb08f15a96"",""piece_count"":2,""piece_index"":1,""reason_code"":""future_borrow_return"",""source_period"":""BR_00000018"",""source_resource_id"":""0030107632-000010"",""split_mode"":""future_borrow_return"",""target_assigned_period"":""BR_00000018""}",,,,,
diagnostic_candidate,True,virtual-000053,,,,BR_00000018,numeric-chain-000098,2,7,20.00,1000,1.00,820,840,SPHC,,SPHC,,virtual_sphc,,"{""accepted_sequence"":53,""prototype_id"":""virtual_sphc:1000x1"",""purpose"":""split_separator"",""related_partition_id"":""partition-d9c8c60ed707fb523e3088821941c35bfa8bc259e143a835171b1edb08f15a96""}",,,,
diagnostic_candidate,True,split-000003:piece:0002,0030107632-000010,0030107632-000010,BR_00000018,BR_00000018,numeric-chain-000098,2,8,40.00,1055,0.95,820,840,DX53D+Z,IF钢,SPHETI-5,软钢,normal_real,"{""accepted_source_sequence"":3,""authorization_decision_fingerprint"":""e7c450e66b76c5c2423f14e39afe8a3d41419851480ffe9ff77af2e2e092d13c"",""authorization_rule_id"":""controlled_order_split"",""authorization_rule_version"":""1"",""origin_assigned_period"":""BR_00000012"",""parent_node_id"":""0030107632-000010"",""parent_source_order_id"":""0030107632-000010"",""parent_weight"":540.0,""partition_id"":""partition-d9c8c60ed707fb523e3088821941c35bfa8bc259e143a835171b1edb08f15a96"",""piece_count"":2,""piece_index"":2,""reason_code"":""future_borrow_return"",""source_period"":""BR_00000018"",""source_resource_id"":""0030107632-000010"",""split_mode"":""future_borrow_return"",""target_assigned_period"":""BR_00000018""}",,,,,
diagnostic_candidate,True,0002001860-000470,0002001860-000470,0002001860-000470,BR_00000024,BR_00000019,numeric-chain-000049,1,1,179,1570,0.65,810,830,180YD+Z,加磷高强、烘烤硬化钢,H180YD,软钢,normal_real,,,,,,
diagnostic_candidate,True,0002001860-000400,0002001860-000400,0002001860-000400,BR_00000024,BR_00000019,numeric-chain-000049,1,2,25.9,1560,0.65,810,830,180YD+Z,加磷高强、烘烤硬化钢,H180YD,软钢,normal_real,,,,,,
diagnostic_candidate,True,0002001906-000010,0002001906-000010,0002001906-000010,BR_00000025,BR_00000019,numeric-chain-000049,1,3,23,1535,0.65,810,830,180YD+Z,加磷高强、烘烤硬化钢,H180YD,软钢,normal_real,,,,,,
diagnostic_candidate,True,0002001854-000020,0002001854-000020,0002001854-000020,BR_00000024,BR_00000019,numeric-chain-000049,1,4,23,1535,0.65,810,830,180YD+Z,加磷高强、烘烤硬化钢,H180YD,软钢,normal_real,,,,,,
diagnostic_candidate,True,0030113136-000030,0030113136-000030,0030113136-000030,BR_00000024,BR_00000019,numeric-chain-000049,1,5,23,1500,0.65,820,840,HC180BD+Z,加磷高强、烘烤硬化钢,H180BH1,软钢,normal_real,,,,,,
diagnostic_candidate,True,0030123256-000030,0030123256-000030,0030123256-000030,BR_00000036,BR_00000019,numeric-chain-000049,1,6,46,1490,0.65,820,840,HC180BD+Z,加磷高强、烘烤硬化钢,H180BH1,软钢,normal_real,,,,,,
diagnostic_candidate,True,0030118799-000030,0030118799-000030,0030118799-000030,BR_00000030,BR_00000019,numeric-chain-000049,1,7,44,1490,0.65,820,840,HC180BD+Z,加磷高强、烘烤硬化钢,H180BH1,软钢,normal_real,,,,,,
diagnostic_candidate,True,0030118966-000010,0030118966-000010,0030118966-000010,BR_00000030,BR_00000019,numeric-chain-000049,1,8,96,1488,0.65,830,850,DC56D+Z,IF钢,SPHETI-3,软钢,normal_real,,,,,,
diagnostic_candidate,True,0030118799-000040,0030118799-000040,0030118799-000040,BR_00000030,BR_00000019,numeric-chain-000049,1,9,44,1475,0.65,820,840,HC180BD+Z,加磷高强、烘烤硬化钢,H180BH1,软钢,normal_real,,,,,,
diagnostic_candidate,True,0002001887-000010,0002001887-000010,0002001887-000010,BR_00000024,BR_00000019,numeric-chain-000049,1,10,10.68,1455,0.65,810,830,180YD+Z,加磷高强、烘烤硬化钢,H180YD,软钢,normal_real,,,,,,
diagnostic_candidate,True,0002002054-000360,0002002054-000360,0002002054-000360,BR_00000030,BR_00000019,numeric-chain-000049,1,11,291,1452,0.8,815,835,DX51D+Z-MD,普碳,SPHC,软钢,normal_real,,,,,,
diagnostic_candidate,True,virtual-000042,,,,BR_00000019,numeric-chain-000049,1,12,20.00,1500,0.80,815,850,SPHC,,SPHC,,virtual_sphc,,"{""accepted_sequence"":42,""prototype_id"":""virtual_sphc:1500x0.8"",""purpose"":""edge_bridge"",""related_partition_id"":null}",,,,
diagnostic_candidate,True,0030117285-000020,0030117285-000020,0030117285-000020,BR_00000030,BR_00000019,numeric-chain-000049,1,13,196.78,1390,0.7,830,850,SCG4+Z,IF钢,SPHETI-3,软钢,normal_real,,,,,,
diagnostic_candidate,True,0002001860-000440,0002001860-000440,0002001860-000440,BR_00000024,BR_00000019,numeric-chain-000049,1,14,20,1390,0.6,830,850,DC56D+Z,IF钢,SPHETI-3,软钢,normal_real,,,,,,
diagnostic_candidate,True,0030124199-000010,0030124199-000010,0030124199-000010,BR_00000036,BR_00000019,numeric-chain-000049,1,15,26,1385,0.6,830,850,DC54D+Z,IF钢,SPHETI-5,软钢,normal_real,,,,,,
diagnostic_candidate,True,0030125157-000010,0030125157-000010,0030125157-000010,BR_00000036,BR_00000019,numeric-chain-000049,1,16,26,1385,0.6,830,850,DC54D+Z,IF钢,SPHETI-5,软钢,normal_real,,,,,,
diagnostic_candidate,True,0030110865-000120,0030110865-000120,0030110865-000120,BR_00000019,BR_00000019,numeric-chain-000049,1,17,60.36,1380,0.65,830,850,DC56D+Z,IF钢,SPHETI-3,软钢,normal_real,,,,,,
diagnostic_candidate,True,0030112155-000010,0030112155-000010,0030112155-000010,BR_00000024,BR_00000019,numeric-chain-000049,1,18,48,1375,0.6,830,850,DX54D+Z,IF钢,SPHETI-3,软钢,normal_real,,,,,,
diagnostic_candidate,True,0002002055-000070,0002002055-000070,0002002055-000070,BR_00000030,BR_00000030,numeric-chain-000028,1,1,491,1191,0.6,820,840,DX53D+Z-MD,IF钢,SPHETI-5,软钢,normal_real,,,,,,
diagnostic_candidate,True,virtual-000048,,,,BR_00000030,numeric-chain-000028,1,2,20.00,1000,0.80,820,840,SPHC,,SPHC,,virtual_sphc,,"{""accepted_sequence"":48,""prototype_id"":""virtual_sphc:1000x0.8"",""purpose"":""edge_bridge"",""related_partition_id"":null}",,,,
diagnostic_candidate,True,0030119031-000020,0030119031-000020,0030119031-000020,BR_00000030,BR_00000030,numeric-chain-000028,1,3,450,1055,0.95,820,840,DX53D+Z,IF钢,SPHETI-5,软钢,normal_real,,,,,,
diagnostic_candidate,True,split-000001:piece:0001,0002002055-000120,0002002055-000120,BR_00000030,BR_00000030,numeric-chain-000095,2,1,500.00,1150,0.6,820,840,DX53D+Z-MD,IF钢,SPHETI-5,软钢,normal_real,"{""accepted_source_sequence"":1,""authorization_decision_fingerprint"":""ca291eddf0680622f836a3eb4ed7a9a4aa4538c9d469f195946e0cf249d681c1"",""authorization_rule_id"":""controlled_order_split"",""authorization_rule_version"":""1"",""origin_assigned_period"":""BR_00000006"",""parent_node_id"":""0002002055-000120"",""parent_source_order_id"":""0002002055-000120"",""parent_weight"":1000.0,""partition_id"":""partition-56f9bd6685419f954b4cd330f5950c36747f546dbc25d008450b1cf0ccfc079d"",""piece_count"":2,""piece_index"":1,""reason_code"":""future_borrow_return"",""source_period"":""BR_00000030"",""source_resource_id"":""0002002055-000120"",""split_mode"":""future_borrow_return"",""target_assigned_period"":""BR_00000030""}",,,,,
diagnostic_candidate,True,virtual-000051,,,,BR_00000030,numeric-chain-000095,2,2,20.00,1250,0.60,820,840,SPHC,,SPHC,,virtual_sphc,,"{""accepted_sequence"":51,""prototype_id"":""virtual_sphc:1250x0.6"",""purpose"":""split_separator"",""related_partition_id"":""partition-56f9bd6685419f954b4cd330f5950c36747f546dbc25d008450b1cf0ccfc079d""}",,,,
diagnostic_candidate,True,split-000001:piece:0002,0002002055-000120,0002002055-000120,BR_00000030,BR_00000030,numeric-chain-000095,2,3,500.00,1150,0.6,820,840,DX53D+Z-MD,IF钢,SPHETI-5,软钢,normal_real,"{""accepted_source_sequence"":1,""authorization_decision_fingerprint"":""ca291eddf0680622f836a3eb4ed7a9a4aa4538c9d469f195946e0cf249d681c1"",""authorization_rule_id"":""controlled_order_split"",""authorization_rule_version"":""1"",""origin_assigned_period"":""BR_00000006"",""parent_node_id"":""0002002055-000120"",""parent_source_order_id"":""0002002055-000120"",""parent_weight"":1000.0,""partition_id"":""partition-56f9bd6685419f954b4cd330f5950c36747f546dbc25d008450b1cf0ccfc079d"",""piece_count"":2,""piece_index"":2,""reason_code"":""future_borrow_return"",""source_period"":""BR_00000030"",""source_resource_id"":""0002002055-000120"",""split_mode"":""future_borrow_return"",""target_assigned_period"":""BR_00000030""}",,,,,
