publishable,artifact_kind,position,node_id,source_order_id,source_period,assigned_period,chain_id,virtual,weight,earliest_start_at,start_at,completion_at,early_seconds
False,diagnostic_candidate_not_publishable,1,0030119938-000340,0030119938-000340,BR_00000001,BR_00000001,numeric-chain-000013,False,48.0,2026-05-07T22:54:11+08:00,2026-06-01T00:00:00.000+08:00,2026-06-01T00:21:49.697+08:00,0
False,diagnostic_candidate_not_publishable,2,virtual-000025,,,BR_00000001,numeric-chain-000013,True,20.0,,2026-06-01T00:21:49.697+08:00,2026-06-01T00:30:19.251+08:00,0
False,diagnostic_candidate_not_publishable,3,0030122647-000590,0030122647-000590,BR_00000006,BR_00000001,numeric-chain-000013,False,48.0,2026-05-25T09:34:49+08:00,2026-06-01T00:30:19.251+08:00,2026-06-01T00:52:08.948+08:00,0
False,diagnostic_candidate_not_publishable,4,virtual-000038,,,BR_00000001,numeric-chain-000013,True,20.0,,2026-06-01T00:52:08.948+08:00,2026-06-01T01:00:38.502+08:00,0
False,diagnostic_candidate_not_publishable,5,virtual-000026,,,BR_00000001,numeric-chain-000013,True,20.0,,2026-06-01T01:00:38.502+08:00,2026-06-01T01:11:57.908+08:00,0
False,diagnostic_candidate_not_publishable,6,0010019881-000050,0010019881-000050,BR_00000006,BR_00000001,numeric-chain-000013,False,26.0,2026-05-29T10:04:29+08:00,2026-06-01T01:11:57.908+08:00,2026-06-01T01:27:11.591+08:00,0
False,diagnostic_candidate_not_publishable,7,virtual-000020,,,BR_00000001,numeric-chain-000013,True,20.0,,2026-06-01T01:27:11.591+08:00,2026-06-01T01:38:30.997+08:00,0
False,diagnostic_candidate_not_publishable,8,virtual-000021,,,BR_00000001,numeric-chain-000013,True,20.0,,2026-06-01T01:38:30.997+08:00,2026-06-01T01:47:00.551+08:00,0
False,diagnostic_candidate_not_publishable,9,0030122647-000580,0030122647-000580,BR_00000006,BR_00000001,numeric-chain-000013,False,48.0,2026-05-25T09:34:53+08:00,2026-06-01T01:47:00.551+08:00,2026-06-01T02:11:01.891+08:00,0
False,diagnostic_candidate_not_publishable,10,0030119938-000330,0030119938-000330,BR_00000001,BR_00000001,numeric-chain-000013,False,95.14,2026-05-07T22:54:31+08:00,2026-06-01T02:11:01.891+08:00,2026-06-01T03:00:57.194+08:00,0
False,diagnostic_candidate_not_publishable,11,0030122647-000570,0030122647-000570,BR_00000006,BR_00000001,numeric-chain-000013,False,48.0,2026-05-25T09:34:52+08:00,2026-06-01T03:00:57.194+08:00,2026-06-01T03:26:08.383+08:00,0
False,diagnostic_candidate_not_publishable,12,virtual-000051,,,BR_00000001,numeric-chain-000013,True,20.0,,2026-06-01T03:26:08.383+08:00,2026-06-01T03:34:17.555+08:00,0
False,diagnostic_candidate_not_publishable,13,0030122898-000040,0030122898-000040,BR_00000006,BR_00000001,numeric-chain-000013,False,240.0,2026-05-27T13:03:55+08:00,2026-06-01T03:34:17.555+08:00,2026-06-01T05:44:44.307+08:00,0
False,diagnostic_candidate_not_publishable,14,0030122899-000050,0030122899-000050,BR_00000006,BR_00000001,numeric-chain-000013,False,240.0,2026-05-27T13:03:50+08:00,2026-06-01T05:44:44.307+08:00,2026-06-01T07:55:11.059+08:00,0
False,diagnostic_candidate_not_publishable,15,virtual-000034,,,BR_00000001,numeric-chain-000013,True,20.0,,2026-06-01T07:55:11.059+08:00,2026-06-01T08:03:20.231+08:00,0
False,diagnostic_candidate_not_publishable,16,0030122647-000560,0030122647-000560,BR_00000006,BR_00000001,numeric-chain-000013,False,72.0,2026-05-25T09:34:53+08:00,2026-06-01T08:03:20.231+08:00,2026-06-01T08:42:37.686+08:00,0
False,diagnostic_candidate_not_publishable,17,virtual-000035,,,BR_00000001,numeric-chain-000013,True,20.0,,2026-06-01T08:42:37.686+08:00,2026-06-01T08:50:46.858+08:00,0
False,diagnostic_candidate_not_publishable,18,0030122647-000550,0030122647-000550,BR_00000006,BR_00000001,numeric-chain-000013,False,72.0,2026-05-25T09:34:52+08:00,2026-06-01T08:50:46.858+08:00,2026-06-01T09:31:42.541+08:00,0
False,diagnostic_candidate_not_publishable,19,0002002074-000010,0002002074-000010,BR_00000006,BR_00000001,numeric-chain-000013,False,150.0,2026-05-11T13:14:15+08:00,2026-06-01T09:31:42.541+08:00,2026-06-01T11:00:10.397+08:00,0
False,diagnostic_candidate_not_publishable,20,virtual-000023,,,BR_00000001,numeric-chain-000013,True,20.0,,2026-06-01T11:00:10.397+08:00,2026-06-01T11:13:45.684+08:00,0
False,diagnostic_candidate_not_publishable,21,0002002053-000070,0002002053-000070,BR_00000001,BR_00000001,numeric-chain-000013,False,25.67,2026-05-07T17:51:39+08:00,2026-06-01T11:13:45.684+08:00,2026-06-01T11:36:06.973+08:00,0
False,diagnostic_candidate_not_publishable,22,0030119945-000140,0030119945-000140,BR_00000001,BR_00000001,numeric-chain-000013,False,24.0,2026-05-07T22:54:40+08:00,2026-06-01T11:36:06.973+08:00,2026-06-01T11:55:47.787+08:00,0
False,diagnostic_candidate_not_publishable,23,0030119597-000010,0030119597-000010,BR_00000001,BR_00000001,numeric-chain-000013,False,7.08,2026-05-07T20:53:19+08:00,2026-06-01T11:55:47.787+08:00,2026-06-01T12:02:18.225+08:00,0
False,diagnostic_candidate_not_publishable,24,0030118261-000010,0030118261-000010,BR_00000001,BR_00000001,numeric-chain-000013,False,57.02,2026-05-04T15:25:43+08:00,2026-06-01T12:02:18.225+08:00,2026-06-01T12:59:58.500+08:00,0
False,diagnostic_candidate_not_publishable,25,0002002053-000050,0002002053-000050,BR_00000001,BR_00000001,numeric-chain-000013,False,13.67,2026-05-07T17:51:31+08:00,2026-06-01T12:59:58.500+08:00,2026-06-01T13:13:10.046+08:00,0
False,diagnostic_candidate_not_publishable,26,0030120939-000070,0030120939-000070,BR_00000002,BR_00000001,numeric-chain-000013,False,23.0,2026-05-14T08:24:50+08:00,2026-06-01T13:13:10.046+08:00,2026-06-01T13:35:21.835+08:00,0
False,diagnostic_candidate_not_publishable,27,0030120939-000060,0030120939-000060,BR_00000002,BR_00000001,numeric-chain-000013,False,23.45,2026-05-14T08:24:49+08:00,2026-06-01T13:35:21.835+08:00,2026-06-01T13:58:24.826+08:00,0
False,diagnostic_candidate_not_publishable,28,0030117285-000070,0030117285-000070,BR_00000001,BR_00000001,numeric-chain-000013,False,12.8,2026-04-30T06:39:23+08:00,2026-06-01T13:58:24.826+08:00,2026-06-01T14:12:23.886+08:00,0
False,diagnostic_candidate_not_publishable,29,0030123143-000070,0030123143-000070,BR_00000006,BR_00000001,numeric-chain-000013,False,88.0,2026-05-31T10:04:26+08:00,2026-06-01T14:12:23.886+08:00,2026-06-01T15:48:32.423+08:00,0
False,diagnostic_candidate_not_publishable,30,0002002021-000070,0002002021-000070,BR_00000001,BR_00000001,numeric-chain-000013,False,19.0,2026-05-07T20:53:21+08:00,2026-06-01T15:48:32.423+08:00,2026-06-01T16:09:36.990+08:00,0
False,diagnostic_candidate_not_publishable,31,0030122898-000010,0030122898-000010,BR_00000006,BR_00000001,numeric-chain-000013,False,50.0,2026-05-27T13:03:51+08:00,2026-06-01T16:09:36.990+08:00,2026-06-01T17:21:59.781+08:00,0
False,diagnostic_candidate_not_publishable,32,0030122899-000020,0030122899-000020,BR_00000006,BR_00000001,numeric-chain-000013,False,187.98,2026-05-27T13:03:53+08:00,2026-06-01T17:21:59.781+08:00,2026-06-01T20:59:41.507+08:00,0
False,diagnostic_candidate_not_publishable,33,0030117110-000090,0030117110-000090,BR_00000001,BR_00000001,numeric-chain-000013,False,4.67,2026-04-27T13:03:08+08:00,2026-06-01T20:59:41.507+08:00,2026-06-01T21:05:21.291+08:00,0
False,diagnostic_candidate_not_publishable,34,0005000563-000220,0005000563-000220,BR_00000006,BR_00000001,numeric-chain-000013,False,18.22,2026-05-27T16:03:26+08:00,2026-06-01T21:05:21.291+08:00,2026-06-01T21:26:11.840+08:00,0
False,diagnostic_candidate_not_publishable,35,0030122480-000070,0030122480-000070,BR_00000006,BR_00000001,numeric-chain-000013,False,108.0,2026-05-22T08:03:32+08:00,2026-06-01T21:26:11.840+08:00,2026-06-01T23:32:52.924+08:00,0
False,diagnostic_candidate_not_publishable,36,0005000563-000240,0005000563-000240,BR_00000006,BR_00000001,numeric-chain-000013,False,16.0,2026-05-27T17:03:33+08:00,2026-06-01T23:32:52.924+08:00,2026-06-01T23:51:45.267+08:00,0
False,diagnostic_candidate_not_publishable,37,0005000563-000170,0005000563-000170,BR_00000006,BR_00000001,numeric-chain-000013,False,48.0,2026-05-27T17:03:36+08:00,2026-06-01T23:51:45.267+08:00,2026-06-02T00:48:22.295+08:00,0
False,diagnostic_candidate_not_publishable,38,0030118966-000010,0030118966-000010,BR_00000001,BR_00000001,numeric-chain-000000,False,31.64,2026-05-09T08:26:16+08:00,2026-06-02T00:48:22.295+08:00,2026-06-02T01:26:15.346+08:00,0
False,diagnostic_candidate_not_publishable,39,0030123255-000020,0030123255-000020,BR_00000006,BR_00000001,numeric-chain-000000,False,46.0,2026-05-31T16:04:07+08:00,2026-06-02T01:26:15.346+08:00,2026-06-02T02:18:31.064+08:00,0
False,diagnostic_candidate_not_publishable,40,0030123256-000030,0030123256-000030,BR_00000006,BR_00000001,numeric-chain-000000,False,46.0,2026-05-31T16:04:10+08:00,2026-06-02T02:18:31.064+08:00,2026-06-02T03:11:07.827+08:00,0
False,diagnostic_candidate_not_publishable,41,0030123142-000010,0030123142-000010,BR_00000006,BR_00000001,numeric-chain-000000,False,312.0,2026-05-31T10:04:28+08:00,2026-06-02T03:11:07.827+08:00,2026-06-02T09:03:27.966+08:00,0
False,diagnostic_candidate_not_publishable,42,0030120049-000040,0030120049-000040,BR_00000001,BR_00000001,numeric-chain-000000,False,24.0,2026-05-08T13:26:37+08:00,2026-06-02T09:03:27.966+08:00,2026-06-02T09:31:02.363+08:00,0
False,diagnostic_candidate_not_publishable,43,0002002176-000110,0002002176-000110,BR_00000006,BR_00000001,numeric-chain-000000,False,35.0,2026-06-02T11:33:37+08:00,2026-06-02T09:31:02.363+08:00,2026-06-02T10:15:00.925+08:00,7354.637
False,diagnostic_candidate_not_publishable,44,0030124683-000030,0030124683-000030,BR_00000006,BR_00000001,numeric-chain-000000,False,48.0,2026-06-05T22:03:48+08:00,2026-06-02T10:15:00.925+08:00,2026-06-02T11:04:17.719+08:00,301727.075
False,diagnostic_candidate_not_publishable,45,0030121799-000010,0030121799-000010,BR_00000006,BR_00000001,numeric-chain-000000,False,168.0,2026-05-18T16:03:36+08:00,2026-06-02T11:04:17.719+08:00,2026-06-02T14:56:44.460+08:00,0
False,diagnostic_candidate_not_publishable,46,0030121346-000020,0030121346-000020,BR_00000002,BR_00000001,numeric-chain-000000,False,48.0,2026-05-16T08:29:13+08:00,2026-06-02T14:56:44.460+08:00,2026-06-02T16:16:33.065+08:00,0
False,diagnostic_candidate_not_publishable,47,0010019718-000010,0010019718-000010,BR_00000006,BR_00000001,numeric-chain-000000,False,58.0,2026-05-26T10:34:03+08:00,2026-06-02T16:16:33.065+08:00,2026-06-02T17:56:03.598+08:00,0
False,diagnostic_candidate_not_publishable,48,0030119098-000010,0030119098-000010,BR_00000001,BR_00000001,numeric-chain-000000,False,22.98,2026-05-07T13:11:00+08:00,2026-06-02T17:56:03.598+08:00,2026-06-02T18:47:00.178+08:00,0
False,diagnostic_candidate_not_publishable,49,0002002054-000270,0002002054-000270,BR_00000001,BR_00000001,numeric-chain-000000,False,12.7,2026-05-07T17:51:21+08:00,2026-06-02T18:47:00.178+08:00,2026-06-02T19:16:13.865+08:00,0
False,diagnostic_candidate_not_publishable,50,0002002055-000010,0002002055-000010,BR_00000001,BR_00000001,numeric-chain-000000,False,70.55,2026-05-07T20:53:25+08:00,2026-06-02T19:16:13.865+08:00,2026-06-02T21:26:57.293+08:00,0
False,diagnostic_candidate_not_publishable,51,0002002054-000350,0002002054-000350,BR_00000001,BR_00000001,numeric-chain-000000,False,98.97,2026-05-07T17:51:36+08:00,2026-06-02T21:26:57.293+08:00,2026-06-03T00:30:20.327+08:00,0
False,diagnostic_candidate_not_publishable,52,0002002054-000320,0002002054-000320,BR_00000001,BR_00000001,numeric-chain-000000,False,23.0,2026-05-07T17:51:35+08:00,2026-06-03T00:30:20.327+08:00,2026-06-03T01:13:28.419+08:00,0
False,diagnostic_candidate_not_publishable,53,0030118641-000010,0030118641-000010,BR_00000001,BR_00000001,numeric-chain-000000,False,22.03,2026-05-06T08:24:23+08:00,2026-06-03T01:13:28.419+08:00,2026-06-03T02:06:37.475+08:00,0
False,diagnostic_candidate_not_publishable,54,0002002054-000040,0002002054-000040,BR_00000001,BR_00000001,numeric-chain-000000,False,36.52,2026-05-07T17:51:41+08:00,2026-06-03T02:06:37.475+08:00,2026-06-03T03:20:10.657+08:00,0
False,diagnostic_candidate_not_publishable,55,0002002054-000340,0002002054-000340,BR_00000001,BR_00000001,numeric-chain-000000,False,102.32,2026-05-07T17:51:40+08:00,2026-06-03T03:20:10.657+08:00,2026-06-03T06:11:54.526+08:00,0
False,diagnostic_candidate_not_publishable,56,0002002055-000040,0002002055-000040,BR_00000001,BR_00000001,numeric-chain-000000,False,346.03,2026-05-07T20:53:26+08:00,2026-06-03T06:11:54.526+08:00,2026-06-03T17:48:49.787+08:00,0
False,diagnostic_candidate_not_publishable,57,0030122898-000030,0030122898-000030,BR_00000006,BR_00000001,numeric-chain-000027,False,96.0,2026-05-27T13:03:54+08:00,2026-06-03T17:48:49.787+08:00,2026-06-03T18:32:18.704+08:00,0
False,diagnostic_candidate_not_publishable,58,0030121724-000020,0030121724-000020,BR_00000002,BR_00000001,numeric-chain-000027,False,195.2,2026-05-18T11:33:41+08:00,2026-06-03T18:32:18.704+08:00,2026-06-03T20:18:24.462+08:00,0
False,diagnostic_candidate_not_publishable,59,virtual-000036,,,BR_00000001,numeric-chain-000027,True,20.0,,2026-06-03T20:18:24.462+08:00,2026-06-03T20:26:33.634+08:00,0
False,diagnostic_candidate_not_publishable,60,0030119938-000320,0030119938-000320,BR_00000001,BR_00000001,numeric-chain-000027,False,24.6,2026-05-07T22:54:10+08:00,2026-06-03T20:26:33.634+08:00,2026-06-03T20:39:59.098+08:00,0
False,diagnostic_candidate_not_publishable,61,virtual-000031,,,BR_00000001,numeric-chain-000027,True,20.0,,2026-06-03T20:39:59.098+08:00,2026-06-03T20:48:08.270+08:00,0
False,diagnostic_candidate_not_publishable,62,virtual-000032,,,BR_00000001,numeric-chain-000027,True,20.0,,2026-06-03T20:48:08.270+08:00,2026-06-03T20:56:17.442+08:00,0
False,diagnostic_candidate_not_publishable,63,0030118921-000020,0030118921-000020,BR_00000001,BR_00000001,numeric-chain-000027,False,23.0,2026-05-07T08:26:09+08:00,2026-06-03T20:56:17.442+08:00,2026-06-03T21:10:25.501+08:00,0
False,diagnostic_candidate_not_publishable,64,0010020206-000030,0010020206-000030,BR_00000006,BR_00000001,numeric-chain-000027,False,110.0,2026-06-02T12:05:17+08:00,2026-06-03T21:10:25.501+08:00,2026-06-03T22:25:09.577+08:00,0
False,diagnostic_candidate_not_publishable,65,0002002055-000070,0002002055-000070,BR_00000001,BR_00000001,numeric-chain-000019,False,491.0,2026-05-07T20:53:33+08:00,2026-06-03T22:25:09.577+08:00,2026-06-04T11:40:52.322+08:00,0
False,diagnostic_candidate_not_publishable,66,0010019680-000010,0010019680-000010,BR_00000006,BR_00000001,numeric-chain-000019,False,48.0,2026-05-26T09:33:08+08:00,2026-06-04T11:40:52.322+08:00,2026-06-04T13:00:03.410+08:00,0
False,diagnostic_candidate_not_publishable,67,0010019680-000030,0010019680-000030,BR_00000006,BR_00000001,numeric-chain-000019,False,48.0,2026-05-26T09:33:08+08:00,2026-06-04T13:00:03.410+08:00,2026-06-04T14:19:55.455+08:00,0
False,diagnostic_candidate_not_publishable,68,0030117283-000020,0030117283-000020,BR_00000001,BR_00000001,numeric-chain-000019,False,3.44,2026-04-30T06:39:24+08:00,2026-06-04T14:19:55.455+08:00,2026-06-04T14:25:20.883+08:00,0
False,diagnostic_candidate_not_publishable,69,0002002176-000010,0002002176-000010,BR_00000006,BR_00000001,numeric-chain-000019,False,15.0,2026-05-31T11:33:37+08:00,2026-06-04T14:25:20.883+08:00,2026-06-04T14:48:35.224+08:00,0
False,diagnostic_candidate_not_publishable,70,0030125206-000010,0030125206-000010,BR_00000006,BR_00000001,numeric-chain-000019,False,23.0,2026-06-08T08:30:29+08:00,2026-06-04T14:48:35.224+08:00,2026-06-04T15:28:13.419+08:00,322913.776
False,diagnostic_candidate_not_publishable,71,0030124800-000060,0030124800-000060,BR_00000006,BR_00000001,numeric-chain-000019,False,23.0,2026-06-07T06:34:24+08:00,2026-06-04T15:28:13.419+08:00,2026-06-04T16:11:58.810+08:00,227170.581
False,diagnostic_candidate_not_publishable,72,0030124800-000050,0030124800-000050,BR_00000006,BR_00000001,numeric-chain-000019,False,23.0,2026-06-07T06:34:22+08:00,2026-06-04T16:11:58.810+08:00,2026-06-04T16:57:47.343+08:00,224543.19
False,diagnostic_candidate_not_publishable,73,0002002184-000130,0002002184-000130,BR_00000006,BR_00000001,numeric-chain-000019,False,19.0,2026-06-03T21:35:41+08:00,2026-06-04T16:57:47.343+08:00,2026-06-04T17:32:17.284+08:00,0
False,diagnostic_candidate_not_publishable,74,0002002195-000050,0002002195-000050,BR_00000006,BR_00000001,numeric-chain-000019,False,48.0,2026-06-02T12:05:21+08:00,2026-06-04T17:32:17.284+08:00,2026-06-04T18:52:44.353+08:00,0
False,diagnostic_candidate_not_publishable,75,0002002202-000050,0002002202-000050,BR_00000006,BR_00000001,numeric-chain-000019,False,25.0,2026-06-03T21:35:50+08:00,2026-06-04T18:52:44.353+08:00,2026-06-04T19:31:45.480+08:00,0
False,diagnostic_candidate_not_publishable,76,0002002195-000040,0002002195-000040,BR_00000006,BR_00000001,numeric-chain-000019,False,64.87,2026-06-02T12:05:19+08:00,2026-06-04T19:31:45.480+08:00,2026-06-04T21:21:43.547+08:00,0
False,diagnostic_candidate_not_publishable,77,0002002176-000210,0002002176-000210,BR_00000006,BR_00000001,numeric-chain-000019,False,15.0,2026-05-31T11:33:37+08:00,2026-06-04T21:21:43.547+08:00,2026-06-04T21:49:30.645+08:00,0
False,diagnostic_candidate_not_publishable,78,0002002195-000220,0002002195-000220,BR_00000006,BR_00000001,numeric-chain-000019,False,80.0,2026-06-02T12:05:16+08:00,2026-06-04T21:49:30.645+08:00,2026-06-05T00:06:33.681+08:00,0
False,diagnostic_candidate_not_publishable,79,0002002184-000210,0002002184-000210,BR_00000006,BR_00000001,numeric-chain-000019,False,25.0,2026-06-03T21:35:45+08:00,2026-06-05T00:06:33.681+08:00,2026-06-05T00:53:24.549+08:00,0
False,diagnostic_candidate_not_publishable,80,0002002180-000030,0002002180-000030,BR_00000006,BR_00000001,numeric-chain-000019,False,89.0,2026-06-01T10:04:04+08:00,2026-06-05T00:53:24.549+08:00,2026-06-05T03:41:49.344+08:00,0
False,diagnostic_candidate_not_publishable,81,0002002176-000090,0002002176-000090,BR_00000006,BR_00000001,numeric-chain-000019,False,20.0,2026-05-31T11:33:36+08:00,2026-06-05T03:41:49.344+08:00,2026-06-05T04:21:05.555+08:00,0
False,diagnostic_candidate_not_publishable,82,0002002170-000280,0002002170-000280,BR_00000006,BR_00000001,numeric-chain-000019,False,19.0,2026-06-03T21:35:44+08:00,2026-06-05T04:21:05.555+08:00,2026-06-05T04:55:57.306+08:00,0
False,diagnostic_candidate_not_publishable,83,0002002180-000050,0002002180-000050,BR_00000006,BR_00000001,numeric-chain-000019,False,20.0,2026-06-01T10:04:03+08:00,2026-06-05T04:55:57.306+08:00,2026-06-05T05:35:06.745+08:00,0
False,diagnostic_candidate_not_publishable,84,0002002195-000210,0002002195-000210,BR_00000006,BR_00000001,numeric-chain-000019,False,8.86,2026-06-02T12:05:18+08:00,2026-06-05T05:35:06.745+08:00,2026-06-05T05:55:42.958+08:00,0
False,diagnostic_candidate_not_publishable,85,0002002170-000130,0002002170-000130,BR_00000006,BR_00000001,numeric-chain-000019,False,55.0,2026-06-03T21:35:51+08:00,2026-06-05T05:55:42.958+08:00,2026-06-05T07:54:03.768+08:00,0
False,diagnostic_candidate_not_publishable,86,0002002193-000040,0002002193-000040,BR_00000006,BR_00000001,numeric-chain-000008,False,104.0,2026-06-04T14:35:04+08:00,2026-06-05T07:54:03.768+08:00,2026-06-05T09:37:24.029+08:00,0
False,diagnostic_candidate_not_publishable,87,0030123647-000010,0030123647-000010,BR_00000006,BR_00000001,numeric-chain-000008,False,6.15,2026-06-04T15:05:18+08:00,2026-06-05T09:37:24.029+08:00,2026-06-05T09:43:56.526+08:00,0
False,diagnostic_candidate_not_publishable,88,0002002193-000020,0002002193-000020,BR_00000006,BR_00000001,numeric-chain-000008,False,260.0,2026-06-04T15:05:17+08:00,2026-06-05T09:43:56.526+08:00,2026-06-05T13:33:26.351+08:00,0
False,diagnostic_candidate_not_publishable,89,0030123646-000010,0030123646-000010,BR_00000006,BR_00000001,numeric-chain-000008,False,12.0,2026-06-04T15:05:17+08:00,2026-06-05T13:33:26.351+08:00,2026-06-05T13:45:41.638+08:00,0
False,diagnostic_candidate_not_publishable,90,0030123936-000020,0030123936-000020,BR_00000006,BR_00000001,numeric-chain-000008,False,327.94,2026-06-04T20:33:16+08:00,2026-06-05T13:45:41.638+08:00,2026-06-05T19:39:55.726+08:00,0
False,diagnostic_candidate_not_publishable,91,0030123143-000010,0030123143-000010,BR_00000006,BR_00000001,numeric-chain-000008,False,52.0,2026-05-31T10:04:28+08:00,2026-06-05T19:39:55.726+08:00,2026-06-05T20:36:29.056+08:00,0
False,diagnostic_candidate_not_publishable,92,0030123936-000010,0030123936-000010,BR_00000006,BR_00000001,numeric-chain-000008,False,182.0,2026-06-04T20:33:15+08:00,2026-06-05T20:36:29.056+08:00,2026-06-06T00:05:34.897+08:00,0
False,diagnostic_candidate_not_publishable,93,0030123142-000020,0030123142-000020,BR_00000006,BR_00000001,numeric-chain-000008,False,182.0,2026-05-31T10:04:27+08:00,2026-06-06T00:05:34.897+08:00,2026-06-06T03:34:40.738+08:00,0
False,diagnostic_candidate_not_publishable,94,0030123143-000040,0030123143-000040,BR_00000006,BR_00000001,numeric-chain-000008,False,67.97,2026-05-31T10:04:31+08:00,2026-06-06T03:34:40.738+08:00,2026-06-06T04:59:21.827+08:00,0
False,diagnostic_candidate_not_publishable,95,0002002180-000280,0002002180-000280,BR_00000006,BR_00000001,numeric-chain-000008,False,20.0,2026-06-03T10:03:59+08:00,2026-06-06T04:59:21.827+08:00,2026-06-06T05:24:59.949+08:00,0
False,diagnostic_candidate_not_publishable,96,0030123425-000020,0030123425-000020,BR_00000006,BR_00000001,numeric-chain-000008,False,130.0,2026-06-03T10:03:58+08:00,2026-06-06T05:24:59.949+08:00,2026-06-06T08:15:18.281+08:00,0
False,diagnostic_candidate_not_publishable,97,0030123143-000060,0030123143-000060,BR_00000006,BR_00000001,numeric-chain-000008,False,78.0,2026-05-31T10:04:27+08:00,2026-06-06T08:15:18.281+08:00,2026-06-06T09:53:02.715+08:00,0
False,diagnostic_candidate_not_publishable,98,0030123142-000040,0030123142-000040,BR_00000006,BR_00000001,numeric-chain-000008,False,156.0,2026-05-31T10:04:30+08:00,2026-06-06T09:53:02.715+08:00,2026-06-06T13:17:24.713+08:00,0
False,diagnostic_candidate_not_publishable,99,0030124735-000060,0030124735-000060,BR_00000006,BR_00000001,numeric-chain-000008,False,24.0,2026-06-05T22:03:47+08:00,2026-06-06T13:17:24.713+08:00,2026-06-06T13:42:57.463+08:00,0
False,diagnostic_candidate_not_publishable,100,0030122476-000050,0030122476-000050,BR_00000006,BR_00000001,numeric-chain-000008,False,8.0,2026-05-22T08:03:31+08:00,2026-06-06T13:42:57.463+08:00,2026-06-06T13:49:56.993+08:00,0
False,diagnostic_candidate_not_publishable,101,0002002054-000100,0002002054-000100,BR_00000001,BR_00000001,numeric-chain-000008,False,75.01,2026-05-07T17:51:30+08:00,2026-06-06T13:49:56.993+08:00,2026-06-06T14:56:46.258+08:00,0
False,diagnostic_candidate_not_publishable,102,0002002187-000010,0002002187-000010,BR_00000006,BR_00000001,numeric-chain-000005,False,25.0,2026-06-04T13:03:09+08:00,2026-06-06T14:56:46.258+08:00,2026-06-06T15:26:19.978+08:00,0
False,diagnostic_candidate_not_publishable,103,0030124871-000070,0030124871-000070,BR_00000006,BR_00000001,numeric-chain-000005,False,230.0,2026-06-07T06:34:24+08:00,2026-06-06T15:26:19.978+08:00,2026-06-06T20:10:26.880+08:00,54484.022
False,diagnostic_candidate_not_publishable,104,virtual-000052,,,BR_00000001,numeric-chain-000005,True,20.0,,2026-06-06T20:10:26.880+08:00,2026-06-06T20:44:25.097+08:00,0
False,diagnostic_candidate_not_publishable,105,0002002055-000080,0002002055-000080,BR_00000001,BR_00000001,numeric-chain-000005,False,5.45,2026-05-07T20:53:24+08:00,2026-06-06T20:44:25.097+08:00,2026-06-06T20:55:23.691+08:00,0
False,diagnostic_candidate_not_publishable,106,0030118093-000030,0030118093-000030,BR_00000001,BR_00000001,numeric-chain-000005,False,13.15,2026-05-03T06:15:17+08:00,2026-06-06T20:55:23.691+08:00,2026-06-06T21:24:24.116+08:00,0
False,diagnostic_candidate_not_publishable,107,0030124826-000030,0030124826-000030,BR_00000006,BR_00000001,numeric-chain-000005,False,30.0,2026-06-06T07:33:36+08:00,2026-06-06T21:24:24.116+08:00,2026-06-06T22:19:32.909+08:00,0
False,diagnostic_candidate_not_publishable,108,0002002006-000230,0002002006-000230,BR_00000001,BR_00000001,numeric-chain-000005,False,21.76,2026-05-01T06:01:10+08:00,2026-06-06T22:19:32.909+08:00,2026-06-06T23:02:41.121+08:00,0
False,diagnostic_candidate_not_publishable,109,0030123256-000010,0030123256-000010,BR_00000006,BR_00000001,numeric-chain-000005,False,100.0,2026-05-31T16:04:08+08:00,2026-06-06T23:02:41.121+08:00,2026-06-07T01:51:25.048+08:00,0
False,diagnostic_candidate_not_publishable,110,0030124457-000010,0030124457-000010,BR_00000006,BR_00000001,numeric-chain-000005,False,44.0,2026-06-05T15:03:10+08:00,2026-06-07T01:51:25.048+08:00,2026-06-07T03:16:15.499+08:00,0
False,diagnostic_candidate_not_publishable,111,0002002170-000170,0002002170-000170,BR_00000006,BR_00000001,numeric-chain-000005,False,100.0,2026-06-03T21:35:50+08:00,2026-06-07T03:16:15.499+08:00,2026-06-07T06:22:54.491+08:00,0
False,diagnostic_candidate_not_publishable,112,0005000563-000210,0005000563-000210,BR_00000006,BR_00000001,numeric-chain-000005,False,21.0,2026-05-27T17:03:32+08:00,2026-06-07T06:22:54.491+08:00,2026-06-07T06:57:49.506+08:00,0
False,diagnostic_candidate_not_publishable,113,0002002185-000150,0002002185-000150,BR_00000006,BR_00000001,numeric-chain-000005,False,16.0,2026-06-03T21:35:41+08:00,2026-06-07T06:57:49.506+08:00,2026-06-07T07:29:01.147+08:00,0
False,diagnostic_candidate_not_publishable,114,0002002195-000020,0002002195-000020,BR_00000006,BR_00000001,numeric-chain-000005,False,44.0,2026-06-02T12:05:19+08:00,2026-06-07T07:29:01.147+08:00,2026-06-07T08:48:36.352+08:00,0
False,diagnostic_candidate_not_publishable,115,0002002170-000380,0002002170-000380,BR_00000006,BR_00000001,numeric-chain-000005,False,20.0,2026-06-03T21:35:43+08:00,2026-06-07T08:48:36.352+08:00,2026-06-07T09:25:43.424+08:00,0
False,diagnostic_candidate_not_publishable,116,0002002195-000010,0002002195-000010,BR_00000006,BR_00000001,numeric-chain-000005,False,10.0,2026-06-02T12:05:17+08:00,2026-06-07T09:25:43.424+08:00,2026-06-07T09:45:07.906+08:00,0
False,diagnostic_candidate_not_publishable,117,0002002009-000020,0002002009-000020,BR_00000001,BR_00000001,numeric-chain-000005,False,8.14,2026-05-02T06:09:03+08:00,2026-06-07T09:45:07.906+08:00,2026-06-07T10:02:38.826+08:00,0
False,diagnostic_candidate_not_publishable,118,0030121196-000030,0030121196-000030,BR_00000002,BR_00000001,numeric-chain-000021,False,46.91,2026-05-15T10:42:08+08:00,2026-06-07T10:02:38.826+08:00,2026-06-07T10:54:23.136+08:00,0
False,diagnostic_candidate_not_publishable,119,0030123053-000010,0030123053-000010,BR_00000006,BR_00000001,numeric-chain-000021,False,48.0,2026-05-28T13:04:54+08:00,2026-06-07T10:54:23.136+08:00,2026-06-07T11:42:38.330+08:00,0
False,diagnostic_candidate_not_publishable,120,0030118957-000010,0030118957-000010,BR_00000001,BR_00000001,numeric-chain-000021,False,48.0,2026-05-07T08:26:10+08:00,2026-06-07T11:42:38.330+08:00,2026-06-07T12:34:01.347+08:00,0
False,diagnostic_candidate_not_publishable,121,0030119098-000060,0030119098-000060,BR_00000001,BR_00000001,numeric-chain-000021,False,24.0,2026-05-07T13:11:03+08:00,2026-06-07T12:34:01.347+08:00,2026-06-07T13:08:46.408+08:00,0
False,diagnostic_candidate_not_publishable,122,0030123143-000030,0030123143-000030,BR_00000006,BR_00000001,numeric-chain-000021,False,175.0,2026-05-31T10:04:29+08:00,2026-06-07T13:08:46.408+08:00,2026-06-07T17:25:38.087+08:00,0
False,diagnostic_candidate_not_publishable,123,0010019718-000020,0010019718-000020,BR_00000006,BR_00000001,numeric-chain-000021,False,58.0,2026-05-26T10:34:05+08:00,2026-06-07T17:25:38.087+08:00,2026-06-07T19:08:58.256+08:00,0
False,diagnostic_candidate_not_publishable,124,0002002170-000030,0002002170-000030,BR_00000006,BR_00000001,numeric-chain-000021,False,23.0,2026-06-03T21:35:45+08:00,2026-06-07T19:08:58.256+08:00,2026-06-07T19:43:07.163+08:00,0
False,diagnostic_candidate_not_publishable,125,0002002176-000190,0002002176-000190,BR_00000006,BR_00000001,numeric-chain-000021,False,15.0,2026-05-31T11:33:36+08:00,2026-06-07T19:43:07.163+08:00,2026-06-07T20:05:28.566+08:00,0
False,diagnostic_candidate_not_publishable,126,0002002202-000090,0002002202-000090,BR_00000006,BR_00000001,numeric-chain-000021,False,138.0,2026-06-03T21:35:51+08:00,2026-06-07T20:05:28.566+08:00,2026-06-07T23:17:33.665+08:00,0
False,diagnostic_candidate_not_publishable,127,0030122897-000060,0030122897-000060,BR_00000006,BR_00000001,numeric-chain-000021,False,72.0,2026-05-27T13:03:52+08:00,2026-06-07T23:17:33.665+08:00,2026-06-08T01:08:44.192+08:00,0
False,diagnostic_candidate_not_publishable,128,0030124800-000080,0030124800-000080,BR_00000006,BR_00000001,numeric-chain-000021,False,24.0,2026-06-07T06:34:18+08:00,2026-06-08T01:08:44.192+08:00,2026-06-08T01:49:57.756+08:00,0
False,diagnostic_candidate_not_publishable,129,0030123653-000040,0030123653-000040,BR_00000006,BR_00000001,numeric-chain-000021,False,48.0,2026-06-02T08:35:05+08:00,2026-06-08T01:49:57.756+08:00,2026-06-08T03:06:24.202+08:00,0
False,diagnostic_candidate_not_publishable,130,0030123143-000050,0030123143-000050,BR_00000006,BR_00000001,numeric-chain-000021,False,13.39,2026-05-31T10:04:30+08:00,2026-06-08T03:06:24.202+08:00,2026-06-08T03:27:45.744+08:00,0
False,diagnostic_candidate_not_publishable,131,0002002054-000260,0002002054-000260,BR_00000001,BR_00000001,numeric-chain-000021,False,293.39,2026-05-07T17:51:23+08:00,2026-06-08T03:27:45.744+08:00,2026-06-08T11:40:10.821+08:00,0
False,diagnostic_candidate_not_publishable,132,0030124871-000040,0030124871-000040,BR_00000006,BR_00000001,numeric-chain-000021,False,20.0,2026-06-07T06:34:24+08:00,2026-06-08T11:40:10.821+08:00,2026-06-08T12:13:27.507+08:00,0
False,diagnostic_candidate_not_publishable,133,0002002152-000010,0002002152-000010,BR_00000006,BR_00000001,numeric-chain-000021,False,23.0,2026-05-26T18:03:13+08:00,2026-06-08T12:13:27.507+08:00,2026-06-08T12:50:37.609+08:00,0
False,diagnostic_candidate_not_publishable,134,0002002170-000310,0002002170-000310,BR_00000006,BR_00000001,numeric-chain-000021,False,23.0,2026-06-03T21:35:41+08:00,2026-06-08T12:50:37.609+08:00,2026-06-08T13:32:09.051+08:00,0
False,diagnostic_candidate_not_publishable,135,0030119041-000020,0030119041-000020,BR_00000001,BR_00000001,numeric-chain-000021,False,16.85,2026-05-10T11:53:48+08:00,2026-06-08T13:32:09.051+08:00,2026-06-08T14:01:11.337+08:00,0
False,diagnostic_candidate_not_publishable,136,0030118934-000060,0030118934-000060,BR_00000001,BR_00000001,numeric-chain-000021,False,188.59,2026-05-07T08:26:14+08:00,2026-06-08T14:01:11.337+08:00,2026-06-08T18:39:45.765+08:00,0
False,diagnostic_candidate_not_publishable,137,0030119959-000010,0030119959-000010,BR_00000001,BR_00000001,numeric-chain-000021,False,23.0,2026-05-08T11:53:47+08:00,2026-06-08T18:39:45.765+08:00,2026-06-08T19:16:21.022+08:00,0
False,diagnostic_candidate_not_publishable,138,0030124772-000060,0030124772-000060,BR_00000006,BR_00000001,numeric-chain-000021,False,23.0,2026-06-05T22:33:34+08:00,2026-06-08T19:16:21.022+08:00,2026-06-08T19:52:56.279+08:00,0
False,diagnostic_candidate_not_publishable,139,0002002180-000270,0002002180-000270,BR_00000006,BR_00000001,numeric-chain-000021,False,20.0,2026-06-03T10:04:03+08:00,2026-06-08T19:52:56.279+08:00,2026-06-08T20:25:19.906+08:00,0
False,diagnostic_candidate_not_publishable,140,0030123142-000030,0030123142-000030,BR_00000006,BR_00000001,numeric-chain-000021,False,132.0,2026-05-31T10:04:32+08:00,2026-06-08T20:25:19.906+08:00,2026-06-09T00:40:19.280+08:00,0
False,diagnostic_candidate_not_publishable,141,0030124871-000080,0030124871-000080,BR_00000006,BR_00000001,numeric-chain-000007,False,60.0,2026-06-08T08:35:19+08:00,2026-06-09T00:40:19.280+08:00,2026-06-09T01:26:45.632+08:00,0
False,diagnostic_candidate_not_publishable,142,0030124871-000140,0030124871-000140,BR_00000006,BR_00000001,numeric-chain-000007,False,30.0,2026-06-07T06:34:22+08:00,2026-06-09T01:26:45.632+08:00,2026-06-09T01:50:21.279+08:00,0
False,diagnostic_candidate_not_publishable,143,0010019881-000030,0010019881-000030,BR_00000006,BR_00000001,numeric-chain-000007,False,26.0,2026-05-29T10:04:30+08:00,2026-06-09T01:50:21.279+08:00,2026-06-09T02:11:29.069+08:00,0
False,diagnostic_candidate_not_publishable,144,0010020206-000100,0010020206-000100,BR_00000006,BR_00000001,numeric-chain-000007,False,95.94,2026-06-02T12:05:16+08:00,2026-06-09T02:11:29.069+08:00,2026-06-09T03:25:33.308+08:00,0
False,diagnostic_candidate_not_publishable,145,0002002195-000190,0002002195-000190,BR_00000006,BR_00000001,numeric-chain-000007,False,24.0,2026-06-04T12:05:20+08:00,2026-06-09T03:25:33.308+08:00,2026-06-09T03:44:05.062+08:00,0
False,diagnostic_candidate_not_publishable,146,0010020206-000110,0010020206-000110,BR_00000006,BR_00000001,numeric-chain-000007,False,117.45,2026-06-02T12:05:15+08:00,2026-06-09T03:44:05.062+08:00,2026-06-09T05:07:12.323+08:00,0
False,diagnostic_candidate_not_publishable,147,0030120817-000050,0030120817-000050,BR_00000003,BR_00000001,numeric-chain-000007,False,50.0,2026-05-16T12:50:59+08:00,2026-06-09T05:07:12.323+08:00,2026-06-09T05:44:57.411+08:00,0
False,diagnostic_candidate_not_publishable,148,0030124735-000110,0030124735-000110,BR_00000006,BR_00000001,numeric-chain-000007,False,24.0,2026-06-05T22:03:50+08:00,2026-06-09T05:44:57.411+08:00,2026-06-09T06:01:07.990+08:00,0
False,diagnostic_candidate_not_publishable,149,0030124735-000070,0030124735-000070,BR_00000006,BR_00000001,numeric-chain-000007,False,24.0,2026-06-05T22:03:50+08:00,2026-06-09T06:01:07.990+08:00,2026-06-09T06:19:06.411+08:00,0
False,diagnostic_candidate_not_publishable,150,0030121501-000010,0030121501-000010,BR_00000001,BR_00000001,numeric-chain-000007,False,25.11,2026-05-16T15:03:43+08:00,2026-06-09T06:19:06.411+08:00,2026-06-09T06:39:08.940+08:00,0
False,diagnostic_candidate_not_publishable,151,0010020206-000080,0010020206-000080,BR_00000006,BR_00000001,numeric-chain-000007,False,122.45,2026-06-02T12:05:19+08:00,2026-06-09T06:39:08.940+08:00,2026-06-09T08:32:35.657+08:00,0
False,diagnostic_candidate_not_publishable,152,0002002054-000230,0002002054-000230,BR_00000001,BR_00000001,numeric-chain-000007,False,2.05,2026-05-07T17:51:36+08:00,2026-06-09T08:32:35.657+08:00,2026-06-09T08:34:30.903+08:00,0
False,diagnostic_candidate_not_publishable,153,0002002053-000150,0002002053-000150,BR_00000001,BR_00000001,numeric-chain-000007,False,18.76,2026-05-07T17:51:26+08:00,2026-06-09T08:34:30.903+08:00,2026-06-09T08:56:47.585+08:00,0
False,diagnostic_candidate_not_publishable,154,0030124871-000010,0030124871-000010,BR_00000006,BR_00000001,numeric-chain-000007,False,25.0,2026-06-07T06:34:19+08:00,2026-06-09T08:56:47.585+08:00,2026-06-09T09:28:57.714+08:00,0
False,diagnostic_candidate_not_publishable,155,split-000001:piece:0002,0002002055-000120,BR_00000001,BR_00000001,numeric-chain-000007,False,70.3,2026-05-07T20:53:29+08:00,2026-06-09T09:28:57.714+08:00,2026-06-09T11:26:57.093+08:00,0
False,diagnostic_candidate_not_publishable,156,virtual-000015,,,BR_00000001,numeric-chain-000007,True,20.0,,2026-06-09T11:26:57.093+08:00,2026-06-09T12:00:55.310+08:00,0
False,diagnostic_candidate_not_publishable,157,split-000001:piece:0001,0002002055-000120,BR_00000001,BR_00000001,numeric-chain-000007,False,500.0,2026-05-07T20:53:29+08:00,2026-06-09T12:00:55.310+08:00,2026-06-10T02:00:06.509+08:00,0
False,diagnostic_candidate_not_publishable,158,virtual-000001,,,BR_00000001,numeric-chain-000007,True,20.0,,2026-06-10T02:00:06.509+08:00,2026-06-10T02:34:04.726+08:00,0
False,diagnostic_candidate_not_publishable,159,0002002195-000070,0002002195-000070,BR_00000006,BR_00000001,numeric-chain-000007,False,145.0,2026-06-02T12:05:16+08:00,2026-06-10T02:34:04.726+08:00,2026-06-10T06:19:06.837+08:00,0
False,diagnostic_candidate_not_publishable,160,0030120974-000030,0030120974-000030,BR_00000002,BR_00000001,numeric-chain-000007,False,23.0,2026-05-14T10:35:25+08:00,2026-06-10T06:19:06.837+08:00,2026-06-10T06:48:34.699+08:00,0
False,diagnostic_candidate_not_publishable,161,0002002170-000080,0002002170-000080,BR_00000006,BR_00000001,numeric-chain-000007,False,23.0,2026-06-03T21:35:41+08:00,2026-06-10T06:48:34.699+08:00,2026-06-10T07:12:11.496+08:00,0
False,diagnostic_candidate_not_publishable,162,0030124440-000020,0030124440-000020,BR_00000006,BR_00000001,numeric-chain-000007,False,23.0,2026-06-05T10:03:16+08:00,2026-06-10T07:12:11.496+08:00,2026-06-10T07:38:29.913+08:00,0
False,diagnostic_candidate_not_publishable,163,0002002169-000030,0002002169-000030,BR_00000006,BR_00000001,numeric-chain-000007,False,30.0,2026-06-03T21:35:43+08:00,2026-06-10T07:38:29.913+08:00,2026-06-10T08:22:48.765+08:00,0
False,diagnostic_candidate_not_publishable,164,0002002202-000140,0002002202-000140,BR_00000006,BR_00000001,numeric-chain-000007,False,23.0,2026-06-03T21:35:52+08:00,2026-06-10T08:22:48.765+08:00,2026-06-10T08:57:05.582+08:00,0
False,diagnostic_candidate_not_publishable,165,0030125207-000040,0030125207-000040,BR_00000006,BR_00000001,numeric-chain-000007,False,46.0,2026-06-08T08:30:31+08:00,2026-06-10T08:57:05.582+08:00,2026-06-10T10:06:05.323+08:00,0
False,diagnostic_candidate_not_publishable,166,0002002202-000160,0002002202-000160,BR_00000006,BR_00000001,numeric-chain-000007,False,19.0,2026-06-03T21:35:52+08:00,2026-06-10T10:06:05.323+08:00,2026-06-10T10:35:03.583+08:00,0
False,diagnostic_candidate_not_publishable,167,0002002176-000200,0002002176-000200,BR_00000006,BR_00000001,numeric-chain-000007,False,15.0,2026-05-31T11:33:35+08:00,2026-06-10T10:35:03.583+08:00,2026-06-10T11:01:52.024+08:00,0
False,diagnostic_candidate_not_publishable,168,0002002202-000170,0002002202-000170,BR_00000006,BR_00000001,numeric-chain-000007,False,19.0,2026-06-03T21:35:50+08:00,2026-06-10T11:01:52.024+08:00,2026-06-10T11:30:58.331+08:00,0
False,diagnostic_candidate_not_publishable,169,0030117933-000010,0030117933-000010,BR_00000001,BR_00000001,numeric-chain-000007,False,10.9,2026-05-02T06:09:02+08:00,2026-06-10T11:30:58.331+08:00,2026-06-10T11:47:44.820+08:00,0
False,diagnostic_candidate_not_publishable,170,0030121690-000040,0030121690-000040,BR_00000002,BR_00000001,numeric-chain-000007,False,11.87,2026-05-18T14:59:47+08:00,2026-06-10T11:47:44.820+08:00,2026-06-10T12:06:05.284+08:00,0
False,diagnostic_candidate_not_publishable,171,0030122480-000080,0030122480-000080,BR_00000006,BR_00000001,numeric-chain-000007,False,69.0,2026-05-22T08:03:33+08:00,2026-06-10T12:06:05.284+08:00,2026-06-10T14:02:03.834+08:00,0
False,diagnostic_candidate_not_publishable,172,0030120757-000020,0030120757-000020,BR_00000001,BR_00000001,numeric-chain-000007,False,17.37,2026-05-10T19:08:53+08:00,2026-06-10T14:02:03.834+08:00,2026-06-10T14:29:35.378+08:00,0
False,diagnostic_candidate_not_publishable,173,0030122480-000110,0030122480-000110,BR_00000006,BR_00000001,numeric-chain-000007,False,110.0,2026-05-22T08:03:32+08:00,2026-06-10T14:29:35.378+08:00,2026-06-10T17:24:34.433+08:00,0
False,diagnostic_candidate_not_publishable,174,0030118799-000010,0030118799-000010,BR_00000001,BR_00000001,numeric-chain-000007,False,7.55,2026-05-08T13:38:33+08:00,2026-06-10T17:24:34.433+08:00,2026-06-10T17:37:18.790+08:00,0
False,diagnostic_candidate_not_publishable,175,0030124437-000020,0030124437-000020,BR_00000006,BR_00000001,numeric-chain-000007,False,22.0,2026-06-07T06:34:19+08:00,2026-06-10T17:37:18.790+08:00,2026-06-10T18:09:03.903+08:00,0
False,diagnostic_candidate_not_publishable,176,0030120745-000010,0030120745-000010,BR_00000001,BR_00000001,numeric-chain-000007,False,12.99,2026-05-09T18:01:22+08:00,2026-06-10T18:09:03.903+08:00,2026-06-10T18:30:48.246+08:00,0
False,diagnostic_candidate_not_publishable,177,0030124583-000010,0030124583-000010,BR_00000006,BR_00000001,numeric-chain-000023,False,24.0,2026-06-05T22:03:48+08:00,2026-06-10T18:30:48.246+08:00,2026-06-10T18:47:00.018+08:00,0
False,diagnostic_candidate_not_publishable,178,0030125101-000020,0030125101-000020,BR_00000006,BR_00000001,numeric-chain-000023,False,120.0,2026-06-07T21:33:56+08:00,2026-06-10T18:47:00.018+08:00,2026-06-10T20:01:56.084+08:00,0
False,diagnostic_candidate_not_publishable,179,0010019881-000060,0010019881-000060,BR_00000006,BR_00000001,numeric-chain-000023,False,96.0,2026-05-29T10:04:31+08:00,2026-06-10T20:01:56.084+08:00,2026-06-10T20:56:23.166+08:00,0
False,diagnostic_candidate_not_publishable,180,0002002054-000060,0002002054-000060,BR_00000001,BR_00000001,numeric-chain-000023,False,50.0,2026-05-07T17:51:28+08:00,2026-06-10T20:56:23.166+08:00,2026-06-10T21:23:36.352+08:00,0
False,diagnostic_candidate_not_publishable,181,0005000571-000030,0005000571-000030,BR_00000006,BR_00000001,numeric-chain-000023,False,7.0,2026-06-09T06:34:23+08:00,2026-06-10T21:23:36.352+08:00,2026-06-10T21:27:33.008+08:00,0
False,diagnostic_candidate_not_publishable,182,0005000563-000090,0005000563-000090,BR_00000006,BR_00000001,numeric-chain-000023,False,21.0,2026-05-27T17:03:35+08:00,2026-06-10T21:27:33.008+08:00,2026-06-10T21:41:11.569+08:00,0
False,diagnostic_candidate_not_publishable,183,0002002059-000020,0002002059-000020,BR_00000001,BR_00000001,numeric-chain-000023,False,20.43,2026-05-07T17:51:37+08:00,2026-06-10T21:41:11.569+08:00,2026-06-10T21:55:09.074+08:00,0
False,diagnostic_candidate_not_publishable,184,0002002053-000100,0002002053-000100,BR_00000001,BR_00000001,numeric-chain-000023,False,92.0,2026-05-07T17:51:37+08:00,2026-06-10T21:55:09.074+08:00,2026-06-10T22:59:14.766+08:00,0
False,diagnostic_candidate_not_publishable,185,0005000548-000050,0005000548-000050,BR_00000001,BR_00000001,numeric-chain-000023,False,7.0,2026-05-10T11:53:42+08:00,2026-06-10T22:59:14.766+08:00,2026-06-10T23:04:08.578+08:00,0
False,diagnostic_candidate_not_publishable,186,0030124772-000010,0030124772-000010,BR_00000006,BR_00000001,numeric-chain-000023,False,24.0,2026-06-05T22:33:34+08:00,2026-06-10T23:04:08.578+08:00,2026-06-10T23:21:07.686+08:00,0
False,diagnostic_candidate_not_publishable,187,0002002170-000050,0002002170-000050,BR_00000006,BR_00000001,numeric-chain-000023,False,23.0,2026-06-03T21:35:44+08:00,2026-06-10T23:21:07.686+08:00,2026-06-10T23:41:54.467+08:00,0
False,diagnostic_candidate_not_publishable,188,0030118093-000020,0030118093-000020,BR_00000001,BR_00000001,numeric-chain-000023,False,135.54,2026-05-03T06:15:16+08:00,2026-06-10T23:41:54.467+08:00,2026-06-11T01:55:50.261+08:00,0
False,diagnostic_candidate_not_publishable,189,0030120939-000080,0030120939-000080,BR_00000002,BR_00000001,numeric-chain-000023,False,46.0,2026-05-14T08:24:49+08:00,2026-06-11T01:55:50.261+08:00,2026-06-11T02:38:18.032+08:00,0
False,diagnostic_candidate_not_publishable,190,virtual-000037,,,BR_00000001,numeric-chain-000023,True,20.0,,2026-06-11T02:38:18.032+08:00,2026-06-11T02:59:31.917+08:00,0
False,diagnostic_candidate_not_publishable,191,0002002184-000160,0002002184-000160,BR_00000006,BR_00000001,numeric-chain-000023,False,16.0,2026-06-03T21:35:47+08:00,2026-06-11T02:59:31.917+08:00,2026-06-11T03:15:55.612+08:00,0
False,diagnostic_candidate_not_publishable,192,0030125207-000130,0030125207-000130,BR_00000006,BR_00000001,numeric-chain-000023,False,22.0,2026-06-08T08:30:31+08:00,2026-06-11T03:15:55.612+08:00,2026-06-11T03:39:01.640+08:00,0
False,diagnostic_candidate_not_publishable,193,0002002170-000090,0002002170-000090,BR_00000006,BR_00000001,numeric-chain-000023,False,25.0,2026-06-03T21:35:49+08:00,2026-06-11T03:39:01.640+08:00,2026-06-11T04:07:58.756+08:00,0
False,diagnostic_candidate_not_publishable,194,0030125207-000140,0030125207-000140,BR_00000006,BR_00000001,numeric-chain-000023,False,44.0,2026-06-08T08:30:31+08:00,2026-06-11T04:07:58.756+08:00,2026-06-11T04:59:17.633+08:00,0
False,diagnostic_candidate_not_publishable,195,0002002170-000190,0002002170-000190,BR_00000006,BR_00000001,numeric-chain-000023,False,40.0,2026-06-03T21:35:48+08:00,2026-06-11T04:59:17.633+08:00,2026-06-11T05:49:12.661+08:00,0
False,diagnostic_candidate_not_publishable,196,0002002170-000140,0002002170-000140,BR_00000006,BR_00000001,numeric-chain-000023,False,16.0,2026-06-03T21:35:51+08:00,2026-06-11T05:49:12.661+08:00,2026-06-11T06:08:06.263+08:00,0
False,diagnostic_candidate_not_publishable,197,0002002170-000070,0002002170-000070,BR_00000006,BR_00000001,numeric-chain-000023,False,16.0,2026-06-03T21:35:44+08:00,2026-06-11T06:08:06.263+08:00,2026-06-11T06:27:11.328+08:00,0
False,diagnostic_candidate_not_publishable,198,0030125207-000060,0030125207-000060,BR_00000006,BR_00000001,numeric-chain-000015,False,24.0,2026-06-08T08:30:31+08:00,2026-06-11T06:27:11.328+08:00,2026-06-11T06:52:10.592+08:00,0
False,diagnostic_candidate_not_publishable,199,0002002176-000230,0002002176-000230,BR_00000006,BR_00000001,numeric-chain-000015,False,15.0,2026-05-31T11:33:38+08:00,2026-06-11T06:52:10.592+08:00,2026-06-11T07:10:47.709+08:00,0
False,diagnostic_candidate_not_publishable,200,0002002185-000130,0002002185-000130,BR_00000006,BR_00000001,numeric-chain-000015,False,23.0,2026-06-03T21:35:48+08:00,2026-06-11T07:10:47.709+08:00,2026-06-11T07:37:19.093+08:00,0
False,diagnostic_candidate_not_publishable,201,0002002185-000080,0002002185-000080,BR_00000006,BR_00000001,numeric-chain-000015,False,40.0,2026-06-03T21:35:47+08:00,2026-06-11T07:37:19.093+08:00,2026-06-11T08:20:17.373+08:00,0
False,diagnostic_candidate_not_publishable,202,0002001998-000190,0002001998-000190,BR_00000001,BR_00000001,numeric-chain-000015,False,42.46,2026-04-30T10:55:54+08:00,2026-06-11T08:20:17.373+08:00,2026-06-11T09:14:33.795+08:00,0
False,diagnostic_candidate_not_publishable,203,0002002195-000160,0002002195-000160,BR_00000006,BR_00000001,numeric-chain-000015,False,635.0,2026-06-02T12:05:17+08:00,2026-06-11T09:14:33.795+08:00,2026-06-11T22:46:14.409+08:00,0
False,diagnostic_candidate_not_publishable,204,0030125168-000080,0030125168-000080,BR_00000006,BR_00000001,numeric-chain-000015,False,24.0,2026-06-07T21:33:55+08:00,2026-06-11T22:46:14.409+08:00,2026-06-11T23:09:24.102+08:00,0
False,diagnostic_candidate_not_publishable,205,0005000563-000280,0005000563-000280,BR_00000006,BR_00000001,numeric-chain-000015,False,21.0,2026-05-27T16:03:25+08:00,2026-06-11T23:09:24.102+08:00,2026-06-11T23:30:23.751+08:00,0
False,diagnostic_candidate_not_publishable,206,0030119860-000030,0030119860-000030,BR_00000001,BR_00000001,numeric-chain-000015,False,56.58,2026-05-07T20:53:20+08:00,2026-06-11T23:30:23.751+08:00,2026-06-12T00:28:29.072+08:00,0
False,diagnostic_candidate_not_publishable,207,0002002053-000120,0002002053-000120,BR_00000001,BR_00000001,numeric-chain-000015,False,18.57,2026-05-07T17:51:25+08:00,2026-06-12T00:28:29.072+08:00,2026-06-12T00:47:41.152+08:00,0
False,diagnostic_candidate_not_publishable,208,0002002054-000200,0002002054-000200,BR_00000001,BR_00000001,numeric-chain-000015,False,52.56,2026-05-07T17:51:37+08:00,2026-06-12T00:47:41.152+08:00,2026-06-12T01:42:37.283+08:00,0
False,diagnostic_candidate_not_publishable,209,0002002055-000050,0002002055-000050,BR_00000001,BR_00000001,numeric-chain-000015,False,280.12,2026-05-07T20:53:32+08:00,2026-06-12T01:42:37.283+08:00,2026-06-12T08:35:20.695+08:00,0
False,diagnostic_candidate_not_publishable,210,0002002170-000410,0002002170-000410,BR_00000006,BR_00000001,numeric-chain-000015,False,23.0,2026-06-03T21:35:40+08:00,2026-06-12T08:35:20.695+08:00,2026-06-12T09:01:34.238+08:00,0
False,diagnostic_candidate_not_publishable,211,0030118006-000010,0030118006-000010,BR_00000001,BR_00000001,numeric-chain-000015,False,55.45,2026-05-03T06:15:18+08:00,2026-06-12T09:01:34.238+08:00,2026-06-12T10:24:12.956+08:00,0
False,diagnostic_candidate_not_publishable,212,0002002195-000110,0002002195-000110,BR_00000006,BR_00000001,numeric-chain-000015,False,110.0,2026-06-04T12:05:16+08:00,2026-06-12T10:24:12.956+08:00,2026-06-12T13:09:26.461+08:00,0
False,diagnostic_candidate_not_publishable,213,0030123141-000010,0030123141-000010,BR_00000006,BR_00000001,numeric-chain-000015,False,50.0,2026-05-31T14:41:58+08:00,2026-06-12T13:09:26.461+08:00,2026-06-12T14:25:07.942+08:00,0
False,diagnostic_candidate_not_publishable,214,0030122897-000010,0030122897-000010,BR_00000006,BR_00000001,numeric-chain-000015,False,24.0,2026-05-27T13:03:55+08:00,2026-06-12T14:25:07.942+08:00,2026-06-12T15:09:36.153+08:00,0
False,diagnostic_candidate_not_publishable,215,0030120727-000030,0030120727-000030,BR_00000001,BR_00000001,numeric-chain-000015,False,300.0,2026-05-18T16:03:35+08:00,2026-06-12T15:09:36.153+08:00,2026-06-12T23:42:17.971+08:00,0
False,diagnostic_candidate_not_publishable,216,0030125168-000040,0030125168-000040,BR_00000006,BR_00000001,numeric-chain-000015,False,48.0,2026-06-07T21:33:54+08:00,2026-06-12T23:42:17.971+08:00,2026-06-13T01:36:18.134+08:00,0
False,diagnostic_candidate_not_publishable,217,0030125168-000060,0030125168-000060,BR_00000006,BR_00000001,numeric-chain-000015,False,24.0,2026-06-07T21:33:52+08:00,2026-06-13T01:36:18.134+08:00,2026-06-13T02:29:49.610+08:00,0
False,diagnostic_candidate_not_publishable,218,0030125168-000050,0030125168-000050,BR_00000006,BR_00000001,numeric-chain-000015,False,24.0,2026-06-07T21:33:56+08:00,2026-06-13T02:29:49.610+08:00,2026-06-13T03:30:30.727+08:00,0
False,diagnostic_candidate_not_publishable,219,0030123654-000010,0030123654-000010,BR_00000006,BR_00000001,numeric-chain-000015,False,48.0,2026-06-07T06:34:21+08:00,2026-06-13T03:30:30.727+08:00,2026-06-13T04:55:29.455+08:00,0
False,diagnostic_candidate_not_publishable,220,0030118641-000020,0030118641-000020,BR_00000001,BR_00000001,numeric-chain-000015,False,6.04,2026-05-06T08:24:24+08:00,2026-06-13T04:55:29.455+08:00,2026-06-13T05:12:58.673+08:00,0
False,diagnostic_candidate_not_publishable,221,0030123916-000020,0030123916-000020,BR_00000006,BR_00000001,numeric-chain-000015,False,23.0,2026-06-02T20:33:15+08:00,2026-06-13T05:12:58.673+08:00,2026-06-13T06:19:34.041+08:00,0
False,diagnostic_candidate_not_publishable,222,0030122066-000070,0030122066-000070,BR_00000003,BR_00000001,numeric-chain-000029,False,24.0,2026-05-20T08:33:46+08:00,2026-06-13T06:19:34.041+08:00,2026-06-13T06:34:06.552+08:00,0
False,diagnostic_candidate_not_publishable,223,0030119183-000010,0030119183-000010,BR_00000001,BR_00000001,numeric-chain-000029,False,1.02,2026-05-07T15:47:48+08:00,2026-06-13T06:34:06.552+08:00,2026-06-13T06:34:46.256+08:00,0
False,diagnostic_candidate_not_publishable,224,virtual-000048,,,BR_00000001,numeric-chain-000029,True,20.0,,2026-06-13T06:34:46.256+08:00,2026-06-13T06:42:55.428+08:00,0
False,diagnostic_candidate_not_publishable,225,0030119938-000310,0030119938-000310,BR_00000001,BR_00000001,numeric-chain-000029,False,72.86,2026-05-07T22:54:40+08:00,2026-06-13T06:42:55.428+08:00,2026-06-13T07:24:20.442+08:00,0
False,diagnostic_candidate_not_publishable,226,virtual-000039,,,BR_00000001,numeric-chain-000029,True,20.0,,2026-06-13T07:24:20.442+08:00,2026-06-13T07:32:29.614+08:00,0
False,diagnostic_candidate_not_publishable,227,0030120757-000050,0030120757-000050,BR_00000001,BR_00000001,numeric-chain-000029,False,24.0,2026-05-10T19:08:53+08:00,2026-06-13T07:32:29.614+08:00,2026-06-13T07:47:05.137+08:00,0
False,diagnostic_candidate_not_publishable,228,0005000575-000020,0005000575-000020,BR_00000006,BR_00000001,numeric-chain-000029,False,20.0,2026-06-07T22:03:49+08:00,2026-06-13T07:47:05.137+08:00,2026-06-13T08:02:27.407+08:00,0
False,diagnostic_candidate_not_publishable,229,0030120940-000120,0030120940-000120,BR_00000002,BR_00000001,numeric-chain-000029,False,20.15,2026-05-14T08:24:52+08:00,2026-06-13T08:02:27.407+08:00,2026-06-13T08:22:43.937+08:00,0
False,diagnostic_candidate_not_publishable,230,0005000546-000010,0005000546-000010,BR_00000001,BR_00000001,numeric-chain-000029,False,7.0,2026-05-04T06:09:03+08:00,2026-06-13T08:22:43.937+08:00,2026-06-13T08:29:00.455+08:00,0
False,diagnostic_candidate_not_publishable,231,virtual-000047,,,BR_00000001,numeric-chain-000029,True,20.0,,2026-06-13T08:29:00.455+08:00,2026-06-13T08:50:14.340+08:00,0
False,diagnostic_candidate_not_publishable,232,0030125147-000030,0030125147-000030,BR_00000006,BR_00000001,numeric-chain-000029,False,110.0,2026-06-07T06:34:20+08:00,2026-06-13T08:50:14.340+08:00,2026-06-13T10:57:37.652+08:00,0
False,diagnostic_candidate_not_publishable,233,0030122899-000030,0030122899-000030,BR_00000006,BR_00000001,numeric-chain-000029,False,170.0,2026-05-27T13:03:55+08:00,2026-06-13T10:57:37.652+08:00,2026-06-13T13:58:05.677+08:00,0
False,diagnostic_candidate_not_publishable,234,0030122488-000010,0030122488-000010,BR_00000006,BR_00000001,numeric-chain-000029,False,110.0,2026-05-22T10:03:13+08:00,2026-06-13T13:58:05.677+08:00,2026-06-13T15:50:11.792+08:00,0
False,diagnostic_candidate_not_publishable,235,0010020206-000010,0010020206-000010,BR_00000006,BR_00000001,numeric-chain-000029,False,58.48,2026-06-02T12:05:18+08:00,2026-06-13T15:50:11.792+08:00,2026-06-13T16:39:51.665+08:00,0
False,diagnostic_candidate_not_publishable,236,0002002179-000010,0002002179-000010,BR_00000006,BR_00000001,numeric-chain-000011,False,41.0,2026-06-01T10:04:04+08:00,2026-06-13T16:39:51.665+08:00,2026-06-13T17:17:32.674+08:00,0
False,diagnostic_candidate_not_publishable,237,0030121690-000010,0030121690-000010,BR_00000002,BR_00000001,numeric-chain-000011,False,23.0,2026-05-20T14:03:12+08:00,2026-06-13T17:17:32.674+08:00,2026-06-13T17:38:37.031+08:00,0
False,diagnostic_candidate_not_publishable,238,0002002180-000140,0002002180-000140,BR_00000006,BR_00000001,numeric-chain-000011,False,20.0,2026-06-03T10:04:05+08:00,2026-06-13T17:38:37.031+08:00,2026-06-13T17:57:25.029+08:00,0
False,diagnostic_candidate_not_publishable,239,0030118006-000070,0030118006-000070,BR_00000001,BR_00000001,numeric-chain-000011,False,43.72,2026-05-03T06:15:17+08:00,2026-06-13T17:57:25.029+08:00,2026-06-13T18:40:10.797+08:00,0
False,diagnostic_candidate_not_publishable,240,0002002170-000020,0002002170-000020,BR_00000006,BR_00000001,numeric-chain-000011,False,69.0,2026-06-05T21:35:53+08:00,2026-06-13T18:40:10.797+08:00,2026-06-13T19:46:51.499+08:00,0
False,diagnostic_candidate_not_publishable,241,0002002170-000160,0002002170-000160,BR_00000006,BR_00000001,numeric-chain-000011,False,23.0,2026-06-05T21:35:49+08:00,2026-06-13T19:46:51.499+08:00,2026-06-13T20:12:18.634+08:00,0
False,diagnostic_candidate_not_publishable,242,0030123256-000040,0030123256-000040,BR_00000006,BR_00000001,numeric-chain-000011,False,69.0,2026-05-31T16:04:06+08:00,2026-06-13T20:12:18.634+08:00,2026-06-13T21:32:01.932+08:00,0
False,diagnostic_candidate_not_publishable,243,0002002170-000150,0002002170-000150,BR_00000006,BR_00000001,numeric-chain-000011,False,23.0,2026-06-03T21:35:44+08:00,2026-06-13T21:32:01.932+08:00,2026-06-13T22:01:59.398+08:00,0
False,diagnostic_candidate_not_publishable,244,0002002055-000030,0002002055-000030,BR_00000001,BR_00000001,numeric-chain-000011,False,66.82,2026-05-07T20:53:32+08:00,2026-06-13T22:01:59.398+08:00,2026-06-13T23:32:10.779+08:00,0
False,diagnostic_candidate_not_publishable,245,0030125168-000070,0030125168-000070,BR_00000006,BR_00000001,numeric-chain-000011,False,24.0,2026-06-07T21:33:56+08:00,2026-06-13T23:32:10.779+08:00,2026-06-14T00:11:44.632+08:00,0
False,diagnostic_candidate_not_publishable,246,0002002054-000010,0002002054-000010,BR_00000001,BR_00000001,numeric-chain-000011,False,36.83,2026-05-07T17:51:29+08:00,2026-06-14T00:11:44.632+08:00,2026-06-14T01:14:14.258+08:00,0
False,diagnostic_candidate_not_publishable,247,0030124871-000120,0030124871-000120,BR_00000006,BR_00000001,numeric-chain-000011,False,220.0,2026-06-07T06:34:18+08:00,2026-06-14T01:14:14.258+08:00,2026-06-14T06:26:27.866+08:00,0
False,diagnostic_candidate_not_publishable,248,0030119860-000040,0030119860-000040,BR_00000001,BR_00000001,numeric-chain-000011,False,180.24,2026-05-07T20:53:36+08:00,2026-06-14T06:26:27.866+08:00,2026-06-14T10:16:09.684+08:00,0
False,diagnostic_candidate_not_publishable,249,0030125150-000030,0030125150-000030,BR_00000006,BR_00000001,numeric-chain-000011,False,96.0,2026-06-07T06:34:20+08:00,2026-06-14T10:16:09.684+08:00,2026-06-14T12:18:30.200+08:00,0
False,diagnostic_candidate_not_publishable,250,0030124683-000040,0030124683-000040,BR_00000006,BR_00000001,numeric-chain-000011,False,192.0,2026-06-05T22:03:48+08:00,2026-06-14T12:18:30.200+08:00,2026-06-14T16:23:11.232+08:00,0
False,diagnostic_candidate_not_publishable,251,0030125150-000010,0030125150-000010,BR_00000006,BR_00000001,numeric-chain-000011,False,24.0,2026-06-07T06:34:22+08:00,2026-06-14T16:23:11.232+08:00,2026-06-14T16:52:22.946+08:00,0
False,diagnostic_candidate_not_publishable,252,0030124683-000010,0030124683-000010,BR_00000006,BR_00000001,numeric-chain-000011,False,96.0,2026-06-05T22:03:49+08:00,2026-06-14T16:52:22.946+08:00,2026-06-14T18:49:09.802+08:00,0
False,diagnostic_candidate_not_publishable,253,virtual-000002,,,BR_00000001,numeric-chain-000011,True,20.0,,2026-06-14T18:49:09.802+08:00,2026-06-14T19:23:08.019+08:00,0
False,diagnostic_candidate_not_publishable,254,0030123425-000010,0030123425-000010,BR_00000006,BR_00000001,numeric-chain-000011,False,132.0,2026-06-03T10:04:05+08:00,2026-06-14T19:23:08.019+08:00,2026-06-14T23:27:02.203+08:00,0
False,diagnostic_candidate_not_publishable,255,0002002170-000360,0002002170-000360,BR_00000006,BR_00000001,numeric-chain-000011,False,40.0,2026-06-05T21:35:47+08:00,2026-06-14T23:27:02.203+08:00,2026-06-15T00:41:59.592+08:00,0
False,diagnostic_candidate_not_publishable,256,0030122066-000020,0030122066-000020,BR_00000003,BR_00000001,numeric-chain-000011,False,24.0,2026-05-20T08:33:44+08:00,2026-06-15T00:41:59.592+08:00,2026-06-15T01:28:18.978+08:00,0
False,diagnostic_candidate_not_publishable,257,0005000563-000270,0005000563-000270,BR_00000006,BR_00000001,numeric-chain-000011,False,18.0,2026-05-27T16:03:26+08:00,2026-06-15T01:28:18.978+08:00,2026-06-15T01:54:03.844+08:00,0
False,diagnostic_candidate_not_publishable,258,0030118632-000010,0030118632-000010,BR_00000001,BR_00000001,numeric-chain-000011,False,16.85,2026-05-06T08:24:26+08:00,2026-06-15T01:54:03.844+08:00,2026-06-15T02:20:02.439+08:00,0
False,diagnostic_candidate_not_publishable,259,0030122080-000010,0030122080-000010,BR_00000003,BR_00000001,numeric-chain-000011,False,14.4,2026-05-20T08:33:45+08:00,2026-06-15T02:20:02.439+08:00,2026-06-15T02:44:08.362+08:00,0
False,diagnostic_candidate_not_publishable,260,0030124731-000010,0030124731-000010,BR_00000006,BR_00000001,numeric-chain-000009,False,48.0,2026-06-05T22:03:48+08:00,2026-06-15T02:44:08.362+08:00,2026-06-15T03:32:01.113+08:00,0
False,diagnostic_candidate_not_publishable,261,0010019881-000020,0010019881-000020,BR_00000006,BR_00000001,numeric-chain-000009,False,24.0,2026-05-29T10:04:32+08:00,2026-06-15T03:32:01.113+08:00,2026-06-15T03:55:25.434+08:00,0
False,diagnostic_candidate_not_publishable,262,0030124871-000020,0030124871-000020,BR_00000006,BR_00000001,numeric-chain-000009,False,20.0,2026-06-07T06:34:21+08:00,2026-06-15T03:55:25.434+08:00,2026-06-15T04:11:32.177+08:00,0
False,diagnostic_candidate_not_publishable,263,0030122897-000050,0030122897-000050,BR_00000006,BR_00000001,numeric-chain-000009,False,24.0,2026-05-27T13:03:51+08:00,2026-06-15T04:11:32.177+08:00,2026-06-15T04:31:55.107+08:00,0
False,diagnostic_candidate_not_publishable,264,0002002195-000100,0002002195-000100,BR_00000006,BR_00000001,numeric-chain-000009,False,230.0,2026-06-04T12:05:19+08:00,2026-06-15T04:31:55.107+08:00,2026-06-15T08:10:14.673+08:00,0
False,diagnostic_candidate_not_publishable,265,0030123653-000030,0030123653-000030,BR_00000006,BR_00000001,numeric-chain-000009,False,48.0,2026-06-02T08:35:06+08:00,2026-06-15T08:10:14.673+08:00,2026-06-15T09:08:08.906+08:00,0
False,diagnostic_candidate_not_publishable,266,0030117283-000030,0030117283-000030,BR_00000001,BR_00000001,numeric-chain-000009,False,13.32,2026-04-30T06:39:23+08:00,2026-06-15T09:08:08.906+08:00,2026-06-15T09:25:51.685+08:00,0
False,diagnostic_candidate_not_publishable,267,0030125102-000010,0030125102-000010,BR_00000006,BR_00000001,numeric-chain-000009,False,72.0,2026-06-07T21:33:55+08:00,2026-06-15T09:25:51.685+08:00,2026-06-15T11:06:38.210+08:00,0
False,diagnostic_candidate_not_publishable,268,0030120757-000040,0030120757-000040,BR_00000001,BR_00000001,numeric-chain-000009,False,25.98,2026-05-10T19:08:54+08:00,2026-06-15T11:06:38.210+08:00,2026-06-15T11:39:11.902+08:00,0
False,diagnostic_candidate_not_publishable,269,0030118934-000050,0030118934-000050,BR_00000001,BR_00000001,numeric-chain-000009,False,15.37,2026-05-07T08:26:10+08:00,2026-06-15T11:39:11.902+08:00,2026-06-15T12:01:07.147+08:00,0
False,diagnostic_candidate_not_publishable,270,0002002170-000200,0002002170-000200,BR_00000006,BR_00000001,numeric-chain-000009,False,126.53,2026-06-05T21:35:47+08:00,2026-06-15T12:01:07.147+08:00,2026-06-15T15:01:34.602+08:00,0
False,diagnostic_candidate_not_publishable,271,0002002185-000060,0002002185-000060,BR_00000006,BR_00000001,numeric-chain-000009,False,23.0,2026-06-05T21:35:43+08:00,2026-06-15T15:01:34.602+08:00,2026-06-15T15:37:03.336+08:00,0
False,diagnostic_candidate_not_publishable,272,0002002170-000180,0002002170-000180,BR_00000006,BR_00000001,numeric-chain-000009,False,46.0,2026-06-05T21:35:47+08:00,2026-06-15T15:37:03.336+08:00,2026-06-15T16:44:13.464+08:00,0
False,diagnostic_candidate_not_publishable,273,0005000545-000020,0005000545-000020,BR_00000001,BR_00000001,numeric-chain-000009,False,9.59,2026-05-06T10:26:01+08:00,2026-06-15T16:44:13.464+08:00,2026-06-15T16:57:39.261+08:00,0
False,diagnostic_candidate_not_publishable,274,0002002055-000110,0002002055-000110,BR_00000001,BR_00000001,numeric-chain-000009,False,15.3,2026-05-07T20:53:19+08:00,2026-06-15T16:57:39.261+08:00,2026-06-15T17:17:47.346+08:00,0
False,diagnostic_candidate_not_publishable,275,0002002053-000020,0002002053-000020,BR_00000001,BR_00000001,numeric-chain-000009,False,8.8,2026-05-07T17:51:21+08:00,2026-06-15T17:17:47.346+08:00,2026-06-15T17:29:22.193+08:00,0
False,diagnostic_candidate_not_publishable,276,0002002170-000210,0002002170-000210,BR_00000006,BR_00000001,numeric-chain-000009,False,45.97,2026-06-05T21:35:45+08:00,2026-06-15T17:29:22.193+08:00,2026-06-15T18:38:49.459+08:00,0
False,diagnostic_candidate_not_publishable,277,0030124438-000010,0030124438-000010,BR_00000006,BR_00000001,numeric-chain-000009,False,23.0,2026-06-07T06:34:22+08:00,2026-06-15T18:38:49.459+08:00,2026-06-15T19:09:34.042+08:00,0
False,diagnostic_candidate_not_publishable,278,0030119032-000020,0030119032-000020,BR_00000001,BR_00000001,numeric-chain-000009,False,10.4,2026-05-07T09:45:23+08:00,2026-06-15T19:09:34.042+08:00,2026-06-15T19:24:26.191+08:00,0
False,diagnostic_candidate_not_publishable,279,0030118934-000020,0030118934-000020,BR_00000001,BR_00000001,numeric-chain-000009,False,238.96,2026-05-07T08:26:11+08:00,2026-06-15T19:24:26.191+08:00,2026-06-15T23:47:17.927+08:00,0
False,diagnostic_candidate_not_publishable,280,0030119031-000020,0030119031-000020,BR_00000001,BR_00000001,numeric-chain-000009,False,26.67,2026-05-07T09:45:22+08:00,2026-06-15T23:47:17.927+08:00,2026-06-16T00:18:06.923+08:00,0
False,diagnostic_candidate_not_publishable,281,0030124824-000020,0030124824-000020,BR_00000006,BR_00000001,numeric-chain-000009,False,430.0,2026-06-06T07:33:38+08:00,2026-06-16T00:18:06.923+08:00,2026-06-16T08:34:58.249+08:00,0
False,diagnostic_candidate_not_publishable,282,0030118093-000060,0030118093-000060,BR_00000001,BR_00000001,numeric-chain-000009,False,31.46,2026-05-14T08:24:53+08:00,2026-06-16T08:34:58.249+08:00,2026-06-16T09:18:25.581+08:00,0
False,diagnostic_candidate_not_publishable,283,0030123145-000020,0030123145-000020,BR_00000006,BR_00000001,numeric-chain-000009,False,21.43,2026-05-29T10:04:27+08:00,2026-06-16T09:18:25.581+08:00,2026-06-16T09:50:36.229+08:00,0
False,diagnostic_candidate_not_publishable,284,0030122899-000010,0030122899-000010,BR_00000006,BR_00000001,numeric-chain-000009,False,60.0,2026-05-27T13:03:54+08:00,2026-06-16T09:50:36.229+08:00,2026-06-16T11:17:27.578+08:00,0
False,diagnostic_candidate_not_publishable,285,0030122480-000090,0030122480-000090,BR_00000006,BR_00000001,numeric-chain-000009,False,22.0,2026-05-22T08:03:33+08:00,2026-06-16T11:17:27.578+08:00,2026-06-16T11:54:13.440+08:00,0
False,diagnostic_candidate_not_publishable,286,0030120940-000030,0030120940-000030,BR_00000002,BR_00000001,numeric-chain-000009,False,18.0,2026-05-14T08:24:50+08:00,2026-06-16T11:54:13.440+08:00,2026-06-16T12:25:34.228+08:00,0
False,diagnostic_candidate_not_publishable,287,0030122480-000040,0030122480-000040,BR_00000006,BR_00000001,numeric-chain-000009,False,72.0,2026-05-22T08:03:31+08:00,2026-06-16T12:25:34.228+08:00,2026-06-16T14:30:57.379+08:00,0
False,diagnostic_candidate_not_publishable,288,0030123256-000020,0030123256-000020,BR_00000006,BR_00000001,numeric-chain-000009,False,92.21,2026-05-31T16:04:08+08:00,2026-06-16T14:30:57.379+08:00,2026-06-16T17:19:55.687+08:00,0
False,diagnostic_candidate_not_publishable,289,0002002162-000070,0002002162-000070,BR_00000006,BR_00000001,numeric-chain-000009,False,18.0,2026-05-29T13:03:50+08:00,2026-06-16T17:19:55.687+08:00,2026-06-16T17:57:17.127+08:00,0
False,diagnostic_candidate_not_publishable,290,0030124437-000010,0030124437-000010,BR_00000006,BR_00000001,numeric-chain-000009,False,18.0,2026-06-07T06:34:18+08:00,2026-06-16T17:57:17.127+08:00,2026-06-16T18:25:55.154+08:00,0
False,diagnostic_candidate_not_publishable,291,0002002170-000060,0002002170-000060,BR_00000006,BR_00000001,numeric-chain-000009,False,32.0,2026-06-03T21:35:45+08:00,2026-06-16T18:25:55.154+08:00,2026-06-16T19:07:05.720+08:00,0
False,diagnostic_candidate_not_publishable,292,0002002202-000070,0002002202-000070,BR_00000006,BR_00000001,numeric-chain-000009,False,16.0,2026-06-03T21:35:48+08:00,2026-06-16T19:07:05.720+08:00,2026-06-16T19:28:46.018+08:00,0
False,diagnostic_candidate_not_publishable,293,0002002193-000030,0002002193-000030,BR_00000006,BR_00000001,numeric-chain-000010,False,52.0,2026-06-02T14:35:05+08:00,2026-06-16T19:28:46.018+08:00,2026-06-16T20:05:09.222+08:00,0
False,diagnostic_candidate_not_publishable,294,0002002202-000190,0002002202-000190,BR_00000006,BR_00000001,numeric-chain-000010,False,23.0,2026-06-03T21:35:50+08:00,2026-06-16T20:05:09.222+08:00,2026-06-16T20:22:16.969+08:00,0
False,diagnostic_candidate_not_publishable,295,0002002184-000170,0002002184-000170,BR_00000006,BR_00000001,numeric-chain-000010,False,23.0,2026-06-03T21:35:52+08:00,2026-06-16T20:22:16.969+08:00,2026-06-16T20:38:25.863+08:00,0
False,diagnostic_candidate_not_publishable,296,0030122476-000040,0030122476-000040,BR_00000006,BR_00000001,numeric-chain-000010,False,16.09,2026-05-22T08:03:32+08:00,2026-06-16T20:38:25.863+08:00,2026-06-16T20:49:51.375+08:00,0
False,diagnostic_candidate_not_publishable,297,0002002202-000030,0002002202-000030,BR_00000006,BR_00000001,numeric-chain-000010,False,23.0,2026-06-03T21:35:46+08:00,2026-06-16T20:49:51.375+08:00,2026-06-16T21:07:51.204+08:00,0
False,diagnostic_candidate_not_publishable,298,0002002170-000250,0002002170-000250,BR_00000006,BR_00000001,numeric-chain-000010,False,69.0,2026-06-03T21:35:52+08:00,2026-06-16T21:07:51.204+08:00,2026-06-16T22:03:09.156+08:00,0
False,diagnostic_candidate_not_publishable,299,0002002180-000380,0002002180-000380,BR_00000006,BR_00000001,numeric-chain-000010,False,20.0,2026-06-01T10:03:58+08:00,2026-06-16T22:03:09.156+08:00,2026-06-16T22:19:20.969+08:00,0
False,diagnostic_candidate_not_publishable,300,0002002170-000230,0002002170-000230,BR_00000006,BR_00000001,numeric-chain-000010,False,23.0,2026-06-03T21:35:46+08:00,2026-06-16T22:19:20.969+08:00,2026-06-16T22:38:06.425+08:00,0
False,diagnostic_candidate_not_publishable,301,0002002195-000240,0002002195-000240,BR_00000006,BR_00000001,numeric-chain-000010,False,24.0,2026-06-02T12:05:16+08:00,2026-06-16T22:38:06.425+08:00,2026-06-16T22:58:29.926+08:00,0
False,diagnostic_candidate_not_publishable,302,0002002170-000260,0002002170-000260,BR_00000006,BR_00000001,numeric-chain-000010,False,23.0,2026-06-03T21:35:44+08:00,2026-06-16T22:58:29.926+08:00,2026-06-16T23:16:27.108+08:00,0
False,diagnostic_candidate_not_publishable,303,0030124800-000020,0030124800-000020,BR_00000006,BR_00000001,numeric-chain-000010,False,24.0,2026-06-07T06:34:20+08:00,2026-06-16T23:16:27.108+08:00,2026-06-16T23:37:19.084+08:00,0
False,diagnostic_candidate_not_publishable,304,0002002170-000220,0002002170-000220,BR_00000006,BR_00000001,numeric-chain-000010,False,46.0,2026-06-03T21:35:40+08:00,2026-06-16T23:37:19.084+08:00,2026-06-17T00:17:22.313+08:00,0
False,diagnostic_candidate_not_publishable,305,0002002170-000350,0002002170-000350,BR_00000006,BR_00000001,numeric-chain-000010,False,23.0,2026-06-03T21:35:48+08:00,2026-06-17T00:17:22.313+08:00,2026-06-17T00:36:09.212+08:00,0
False,diagnostic_candidate_not_publishable,306,0030123653-000020,0030123653-000020,BR_00000006,BR_00000001,numeric-chain-000010,False,24.0,2026-06-02T08:35:07+08:00,2026-06-17T00:36:09.212+08:00,2026-06-17T00:56:32.142+08:00,0
False,diagnostic_candidate_not_publishable,307,0030120939-000090,0030120939-000090,BR_00000002,BR_00000001,numeric-chain-000010,False,24.0,2026-05-14T08:24:51+08:00,2026-06-17T00:56:32.142+08:00,2026-06-17T01:12:50.486+08:00,0
False,diagnostic_candidate_not_publishable,308,0030124735-000080,0030124735-000080,BR_00000006,BR_00000001,numeric-chain-000010,False,24.0,2026-06-05T22:03:50+08:00,2026-06-17T01:12:50.486+08:00,2026-06-17T01:29:49.594+08:00,0
False,diagnostic_candidate_not_publishable,309,0030125101-000030,0030125101-000030,BR_00000006,BR_00000001,numeric-chain-000010,False,48.0,2026-06-07T21:33:53+08:00,2026-06-17T01:29:49.594+08:00,2026-06-17T02:02:38.885+08:00,0
False,diagnostic_candidate_not_publishable,310,virtual-000053,,,BR_00000001,numeric-chain-000010,True,20.0,,2026-06-17T02:02:38.885+08:00,2026-06-17T02:19:37.993+08:00,0
False,diagnostic_candidate_not_publishable,311,0030117976-000020,0030117976-000020,BR_00000001,BR_00000001,numeric-chain-000010,False,7.91,2026-05-02T06:09:10+08:00,2026-06-17T02:19:37.993+08:00,2026-06-17T02:27:15.631+08:00,0
False,diagnostic_candidate_not_publishable,312,0030122476-000070,0030122476-000070,BR_00000006,BR_00000001,numeric-chain-000010,False,24.0,2026-05-22T08:03:32+08:00,2026-06-17T02:27:15.631+08:00,2026-06-17T02:50:19.558+08:00,0
False,diagnostic_candidate_not_publishable,313,0030125147-000010,0030125147-000010,BR_00000006,BR_00000001,numeric-chain-000010,False,24.0,2026-06-07T06:34:24+08:00,2026-06-17T02:50:19.558+08:00,2026-06-17T03:13:29.251+08:00,0
False,diagnostic_candidate_not_publishable,314,0030125207-000090,0030125207-000090,BR_00000006,BR_00000001,numeric-chain-000010,False,24.0,2026-06-08T08:30:30+08:00,2026-06-17T03:13:29.251+08:00,2026-06-17T03:42:51.330+08:00,0
False,diagnostic_candidate_not_publishable,315,0030122759-000010,0030122759-000010,BR_00000006,BR_00000001,numeric-chain-000010,False,22.0,2026-05-27T17:03:33+08:00,2026-06-17T03:42:51.330+08:00,2026-06-17T04:13:57.829+08:00,0
False,diagnostic_candidate_not_publishable,316,0002002009-000050,0002002009-000050,BR_00000001,BR_00000001,numeric-chain-000010,False,8.22,2026-05-04T06:09:02+08:00,2026-06-17T04:13:57.829+08:00,2026-06-17T04:26:30.152+08:00,0
False,diagnostic_candidate_not_publishable,317,0030118093-000010,0030118093-000010,BR_00000001,BR_00000001,numeric-chain-000010,False,122.84,2026-05-03T06:15:16+08:00,2026-06-17T04:26:30.152+08:00,2026-06-17T07:50:01.161+08:00,0
False,diagnostic_candidate_not_publishable,318,0030124827-000010,0030124827-000010,BR_00000006,BR_00000001,numeric-chain-000010,False,70.0,2026-06-06T07:33:37+08:00,2026-06-17T07:50:01.161+08:00,2026-06-17T09:24:49.963+08:00,0
False,diagnostic_candidate_not_publishable,319,0030124827-000020,0030124827-000020,BR_00000006,BR_00000001,numeric-chain-000010,False,50.0,2026-06-06T07:33:36+08:00,2026-06-17T09:24:49.963+08:00,2026-06-17T10:35:01.154+08:00,0
False,diagnostic_candidate_not_publishable,320,0030124871-000130,0030124871-000130,BR_00000006,BR_00000001,numeric-chain-000010,False,180.0,2026-06-07T06:34:21+08:00,2026-06-17T10:35:01.154+08:00,2026-06-17T14:47:41.442+08:00,0
False,diagnostic_candidate_not_publishable,321,0010019680-000020,0010019680-000020,BR_00000006,BR_00000001,numeric-chain-000010,False,69.0,2026-05-26T09:33:08+08:00,2026-06-17T14:47:41.442+08:00,2026-06-17T16:27:04.677+08:00,0
False,diagnostic_candidate_not_publishable,322,0030124826-000040,0030124826-000040,BR_00000006,BR_00000001,numeric-chain-000010,False,50.0,2026-06-06T07:33:36+08:00,2026-06-17T16:27:04.677+08:00,2026-06-17T17:58:33.196+08:00,0
False,diagnostic_candidate_not_publishable,323,0030124824-000040,0030124824-000040,BR_00000006,BR_00000001,numeric-chain-000010,False,92.95,2026-06-06T07:33:36+08:00,2026-06-17T17:58:33.196+08:00,2026-06-17T20:48:36.354+08:00,0
False,diagnostic_candidate_not_publishable,324,0030120951-000010,0030120951-000010,BR_00000002,BR_00000001,numeric-chain-000010,False,32.24,2026-05-14T08:24:48+08:00,2026-06-17T20:48:36.354+08:00,2026-06-17T21:39:24.225+08:00,0
False,diagnostic_candidate_not_publishable,325,0002002180-000350,0002002180-000350,BR_00000006,BR_00000001,numeric-chain-000010,False,20.0,2026-06-01T10:04:04+08:00,2026-06-17T21:39:24.225+08:00,2026-06-17T22:18:51.492+08:00,0
False,diagnostic_candidate_not_publishable,326,0030119215-000010,0030119215-000010,BR_00000001,BR_00000001,numeric-chain-000010,False,22.0,2026-05-07T17:51:42+08:00,2026-06-17T22:18:51.492+08:00,2026-06-17T23:01:16.717+08:00,0
False,diagnostic_candidate_not_publishable,327,0010018206-000010,0010018206-000010,BR_00000001,BR_00000001,numeric-chain-000010,False,31.76,2026-04-29T05:46:12+08:00,2026-06-17T23:01:16.717+08:00,2026-06-18T00:14:50.382+08:00,0
False,diagnostic_candidate_not_publishable,328,0002002180-000010,0002002180-000010,BR_00000006,BR_00000001,numeric-chain-000010,False,39.0,2026-06-01T10:03:58+08:00,2026-06-18T00:14:50.382+08:00,2026-06-18T01:34:54.011+08:00,0
False,diagnostic_candidate_not_publishable,329,0030123145-000010,0030123145-000010,BR_00000006,BR_00000001,numeric-chain-000010,False,51.02,2026-05-31T10:04:29+08:00,2026-06-18T01:34:54.011+08:00,2026-06-18T03:12:34.243+08:00,0
False,diagnostic_candidate_not_publishable,330,0030123255-000030,0030123255-000030,BR_00000006,BR_00000001,numeric-chain-000010,False,36.0,2026-05-31T16:04:11+08:00,2026-06-18T03:12:34.243+08:00,2026-06-18T04:21:10.158+08:00,0
False,diagnostic_candidate_not_publishable,331,0002002176-000120,0002002176-000120,BR_00000006,BR_00000001,numeric-chain-000010,False,25.0,2026-05-31T11:33:38+08:00,2026-06-18T04:21:10.158+08:00,2026-06-18T05:16:32.239+08:00,0
False,diagnostic_candidate_not_publishable,332,0002001995-000010,0002001995-000010,BR_00000001,BR_00000001,numeric-chain-000014,False,19.16,2026-04-30T09:49:19+08:00,2026-06-18T05:16:32.239+08:00,2026-06-18T05:38:06.108+08:00,0
False,diagnostic_candidate_not_publishable,333,0002002177-000030,0002002177-000030,BR_00000006,BR_00000001,numeric-chain-000014,False,15.0,2026-06-01T14:02:06+08:00,2026-06-18T05:38:06.108+08:00,2026-06-18T05:54:54.594+08:00,0
False,diagnostic_candidate_not_publishable,334,0002002180-000340,0002002180-000340,BR_00000006,BR_00000001,numeric-chain-000014,False,20.0,2026-06-01T10:04:01+08:00,2026-06-18T05:54:54.594+08:00,2026-06-18T06:19:44.083+08:00,0
False,diagnostic_candidate_not_publishable,335,0002002180-000130,0002002180-000130,BR_00000006,BR_00000001,numeric-chain-000014,False,34.0,2026-06-01T10:04:03+08:00,2026-06-18T06:19:44.083+08:00,2026-06-18T07:03:11.675+08:00,0
False,diagnostic_candidate_not_publishable,336,0002002185-000140,0002002185-000140,BR_00000006,BR_00000001,numeric-chain-000014,False,30.0,2026-06-03T21:35:49+08:00,2026-06-18T07:03:11.675+08:00,2026-06-18T07:38:35.506+08:00,0
False,diagnostic_candidate_not_publishable,337,0002002176-000080,0002002176-000080,BR_00000006,BR_00000001,numeric-chain-000014,False,15.0,2026-05-31T11:33:38+08:00,2026-06-18T07:38:35.506+08:00,2026-06-18T07:56:25.928+08:00,0
False,diagnostic_candidate_not_publishable,338,0002002195-000150,0002002195-000150,BR_00000006,BR_00000001,numeric-chain-000014,False,175.0,2026-06-02T12:05:15+08:00,2026-06-18T07:56:25.928+08:00,2026-06-18T11:25:41.235+08:00,0
False,diagnostic_candidate_not_publishable,339,0002002176-000220,0002002176-000220,BR_00000006,BR_00000001,numeric-chain-000014,False,15.0,2026-05-31T11:33:36+08:00,2026-06-18T11:25:41.235+08:00,2026-06-18T11:45:11.010+08:00,0
False,diagnostic_candidate_not_publishable,340,0002002162-000010,0002002162-000010,BR_00000006,BR_00000001,numeric-chain-000014,False,72.0,2026-05-27T13:03:53+08:00,2026-06-18T11:45:11.010+08:00,2026-06-18T13:12:26.902+08:00,0
False,diagnostic_candidate_not_publishable,341,0002002176-000030,0002002176-000030,BR_00000006,BR_00000001,numeric-chain-000014,False,15.0,2026-05-31T11:33:36+08:00,2026-06-18T13:12:26.902+08:00,2026-06-18T13:30:41.436+08:00,0
False,diagnostic_candidate_not_publishable,342,0002002195-000140,0002002195-000140,BR_00000006,BR_00000001,numeric-chain-000014,False,72.0,2026-06-02T12:05:21+08:00,2026-06-18T13:30:41.436+08:00,2026-06-18T14:58:22.381+08:00,0
False,diagnostic_candidate_not_publishable,343,0002002044-000070,0002002044-000070,BR_00000001,BR_00000001,numeric-chain-000014,False,18.71,2026-05-06T10:41:39+08:00,2026-06-18T14:58:22.381+08:00,2026-06-18T15:21:21.753+08:00,0
False,diagnostic_candidate_not_publishable,344,0002002195-000250,0002002195-000250,BR_00000006,BR_00000001,numeric-chain-000014,False,24.0,2026-06-02T12:05:20+08:00,2026-06-18T15:21:21.753+08:00,2026-06-18T15:50:45.043+08:00,0
False,diagnostic_candidate_not_publishable,345,0002002162-000040,0002002162-000040,BR_00000006,BR_00000001,numeric-chain-000014,False,168.0,2026-05-27T13:03:51+08:00,2026-06-18T15:50:45.043+08:00,2026-06-18T19:17:10.637+08:00,0
False,diagnostic_candidate_not_publishable,346,0002002185-000070,0002002185-000070,BR_00000006,BR_00000001,numeric-chain-000014,False,92.0,2026-06-03T21:35:47+08:00,2026-06-18T19:17:10.637+08:00,2026-06-18T21:16:23.183+08:00,0
False,diagnostic_candidate_not_publishable,347,0002002024-000070,0002002024-000070,BR_00000001,BR_00000001,numeric-chain-000014,False,6.04,2026-05-07T20:53:38+08:00,2026-06-18T21:16:23.183+08:00,2026-06-18T21:23:44.031+08:00,0
False,diagnostic_candidate_not_publishable,348,0002002176-000100,0002002176-000100,BR_00000006,BR_00000001,numeric-chain-000014,False,23.0,2026-05-31T11:33:38+08:00,2026-06-18T21:23:44.031+08:00,2026-06-18T21:51:45.229+08:00,0
False,diagnostic_candidate_not_publishable,349,0030125207-000070,0030125207-000070,BR_00000006,BR_00000001,numeric-chain-000014,False,24.0,2026-06-08T08:30:29+08:00,2026-06-18T21:51:45.229+08:00,2026-06-18T22:14:38.783+08:00,0
False,diagnostic_candidate_not_publishable,350,0002002202-000130,0002002202-000130,BR_00000006,BR_00000001,numeric-chain-000014,False,23.0,2026-06-03T21:35:51+08:00,2026-06-18T22:14:38.783+08:00,2026-06-18T22:34:30.541+08:00,0
False,diagnostic_candidate_not_publishable,351,0002002185-000120,0002002185-000120,BR_00000006,BR_00000001,numeric-chain-000014,False,23.0,2026-06-03T21:35:44+08:00,2026-06-18T22:34:30.541+08:00,2026-06-18T22:59:29.179+08:00,0
False,diagnostic_candidate_not_publishable,352,0030124735-000090,0030124735-000090,BR_00000006,BR_00000001,numeric-chain-000014,False,24.0,2026-06-05T22:03:50+08:00,2026-06-18T22:59:29.179+08:00,2026-06-18T23:29:27.165+08:00,0
False,diagnostic_candidate_not_publishable,353,0030117110-000020,0030117110-000020,BR_00000001,BR_00000001,numeric-chain-000014,False,21.51,2026-04-27T13:03:09+08:00,2026-06-18T23:29:27.165+08:00,2026-06-18T23:54:46.083+08:00,0
False,diagnostic_candidate_not_publishable,354,0030122759-000020,0030122759-000020,BR_00000006,BR_00000001,numeric-chain-000014,False,22.0,2026-05-27T17:03:35+08:00,2026-06-18T23:54:46.083+08:00,2026-06-19T00:20:39.602+08:00,0
False,diagnostic_candidate_not_publishable,355,0030125150-000020,0030125150-000020,BR_00000006,BR_00000001,numeric-chain-000014,False,24.0,2026-06-07T06:34:18+08:00,2026-06-19T00:20:39.602+08:00,2026-06-19T00:51:05.143+08:00,0
False,diagnostic_candidate_not_publishable,356,0002002180-000360,0002002180-000360,BR_00000006,BR_00000001,numeric-chain-000014,False,17.08,2026-06-01T10:04:04+08:00,2026-06-19T00:51:05.143+08:00,2026-06-19T01:15:36.518+08:00,0
False,diagnostic_candidate_not_publishable,357,0030124735-000120,0030124735-000120,BR_00000006,BR_00000001,numeric-chain-000014,False,24.0,2026-06-05T22:03:50+08:00,2026-06-19T01:15:36.518+08:00,2026-06-19T01:48:30.047+08:00,0
False,diagnostic_candidate_not_publishable,358,0002002170-000340,0002002170-000340,BR_00000006,BR_00000001,numeric-chain-000014,False,23.0,2026-06-05T21:35:51+08:00,2026-06-19T01:48:30.047+08:00,2026-06-19T02:20:30.897+08:00,0
False,diagnostic_candidate_not_publishable,359,0030122897-000090,0030122897-000090,BR_00000006,BR_00000001,numeric-chain-000014,False,48.0,2026-05-27T13:03:51+08:00,2026-06-19T02:20:30.897+08:00,2026-06-19T03:34:37.915+08:00,0
False,diagnostic_candidate_not_publishable,360,0002002053-000130,0002002053-000130,BR_00000001,BR_00000001,numeric-chain-000014,False,23.0,2026-05-07T17:51:42+08:00,2026-06-19T03:34:37.915+08:00,2026-06-19T04:10:08.778+08:00,0
False,diagnostic_candidate_not_publishable,361,0030122897-000100,0030122897-000100,BR_00000006,BR_00000001,numeric-chain-000014,False,96.0,2026-05-27T13:03:54+08:00,2026-06-19T04:10:08.778+08:00,2026-06-19T06:08:44.007+08:00,0
False,diagnostic_candidate_not_publishable,362,0030124081-000010,0030124081-000010,BR_00000006,BR_00000001,numeric-chain-000014,False,48.0,2026-06-03T14:03:13+08:00,2026-06-19T06:08:44.007+08:00,2026-06-19T07:08:01.621+08:00,0
False,diagnostic_candidate_not_publishable,363,0030124824-000030,0030124824-000030,BR_00000006,BR_00000001,numeric-chain-000014,False,37.29,2026-06-06T07:33:37+08:00,2026-06-19T07:08:01.621+08:00,2026-06-19T07:54:05.443+08:00,0
False,diagnostic_candidate_not_publishable,364,0010019881-000010,0010019881-000010,BR_00000006,BR_00000001,numeric-chain-000014,False,24.0,2026-05-29T10:04:30+08:00,2026-06-19T07:54:05.443+08:00,2026-06-19T08:21:53.075+08:00,0
False,diagnostic_candidate_not_publishable,365,0030122897-000040,0030122897-000040,BR_00000006,BR_00000001,numeric-chain-000014,False,24.0,2026-05-27T13:03:53+08:00,2026-06-19T08:21:53.075+08:00,2026-06-19T08:44:07.180+08:00,0
False,diagnostic_candidate_not_publishable,366,0030123916-000030,0030123916-000030,BR_00000006,BR_00000001,numeric-chain-000014,False,69.0,2026-06-02T20:33:15+08:00,2026-06-19T08:44:07.180+08:00,2026-06-19T09:48:02.733+08:00,0
False,diagnostic_candidate_not_publishable,367,0030124800-000010,0030124800-000010,BR_00000006,BR_00000001,numeric-chain-000014,False,24.0,2026-06-07T06:34:23+08:00,2026-06-19T09:48:02.733+08:00,2026-06-19T10:10:27.597+08:00,0
False,diagnostic_candidate_not_publishable,368,0030125184-000010,0030125184-000010,BR_00000006,BR_00000001,numeric-chain-000014,False,48.0,2026-06-07T21:33:56+08:00,2026-06-19T10:10:27.597+08:00,2026-06-19T10:53:31.980+08:00,0
False,diagnostic_candidate_not_publishable,369,0030124440-000030,0030124440-000030,BR_00000006,BR_00000001,numeric-chain-000014,False,24.0,2026-06-05T10:03:16+08:00,2026-06-19T10:53:31.980+08:00,2026-06-19T11:20:16.243+08:00,0
False,diagnostic_candidate_not_publishable,370,0002002202-000210,0002002202-000210,BR_00000006,BR_00000001,numeric-chain-000014,False,8.21,2026-06-03T21:35:40+08:00,2026-06-19T11:20:16.243+08:00,2026-06-19T11:28:30.156+08:00,0
False,diagnostic_candidate_not_publishable,371,0002002202-000220,0002002202-000220,BR_00000006,BR_00000001,numeric-chain-000014,False,23.0,2026-06-03T21:35:42+08:00,2026-06-19T11:28:30.156+08:00,2026-06-19T11:50:24.029+08:00,0
False,diagnostic_candidate_not_publishable,372,0002002185-000010,0002002185-000010,BR_00000006,BR_00000001,numeric-chain-000014,False,23.0,2026-06-03T21:35:46+08:00,2026-06-19T11:50:24.029+08:00,2026-06-19T12:12:20.263+08:00,0
False,diagnostic_candidate_not_publishable,373,0002002169-000010,0002002169-000010,BR_00000006,BR_00000001,numeric-chain-000014,False,25.0,2026-06-03T21:35:46+08:00,2026-06-19T12:12:20.263+08:00,2026-06-19T12:33:12.444+08:00,0
False,diagnostic_candidate_not_publishable,374,0002002202-000010,0002002202-000010,BR_00000006,BR_00000001,numeric-chain-000014,False,19.0,2026-06-03T21:35:52+08:00,2026-06-19T12:33:12.444+08:00,2026-06-19T12:49:08.487+08:00,0
False,diagnostic_candidate_not_publishable,375,0002002202-000240,0002002202-000240,BR_00000006,BR_00000001,numeric-chain-000014,False,19.0,2026-06-03T21:35:42+08:00,2026-06-19T12:49:08.487+08:00,2026-06-19T13:05:22.484+08:00,0
False,diagnostic_candidate_not_publishable,376,0002002202-000300,0002002202-000300,BR_00000006,BR_00000001,numeric-chain-000014,False,30.0,2026-06-03T21:35:41+08:00,2026-06-19T13:05:22.484+08:00,2026-06-19T13:32:39.401+08:00,0
False,diagnostic_candidate_not_publishable,377,0002002202-000230,0002002202-000230,BR_00000006,BR_00000001,numeric-chain-000014,False,19.0,2026-06-03T21:35:47+08:00,2026-06-19T13:32:39.401+08:00,2026-06-19T13:49:36.368+08:00,0
False,diagnostic_candidate_not_publishable,378,0002002180-000060,0002002180-000060,BR_00000006,BR_00000001,numeric-chain-000014,False,20.0,2026-06-01T10:04:00+08:00,2026-06-19T13:49:36.368+08:00,2026-06-19T14:12:39.523+08:00,0
False,diagnostic_candidate_not_publishable,379,0030118934-000010,0030118934-000010,BR_00000001,BR_00000001,numeric-chain-000014,False,130.44,2026-05-07T08:26:10+08:00,2026-06-19T14:12:39.523+08:00,2026-06-19T16:51:26.457+08:00,0
False,diagnostic_candidate_not_publishable,380,0002002185-000030,0002002185-000030,BR_00000006,BR_00000001,numeric-chain-000024,False,23.0,2026-06-03T21:35:48+08:00,2026-06-19T16:51:26.457+08:00,2026-06-19T17:07:07.913+08:00,0
False,diagnostic_candidate_not_publishable,381,0002002170-000040,0002002170-000040,BR_00000006,BR_00000001,numeric-chain-000024,False,23.0,2026-06-03T21:35:41+08:00,2026-06-19T17:07:07.913+08:00,2026-06-19T17:22:26.374+08:00,0
False,diagnostic_candidate_not_publishable,382,virtual-000040,,,BR_00000001,numeric-chain-000024,True,20.0,,2026-06-19T17:22:26.374+08:00,2026-06-19T17:36:01.661+08:00,0
False,diagnostic_candidate_not_publishable,383,0030121432-000010,0030121432-000010,BR_00000002,BR_00000001,numeric-chain-000024,False,48.0,2026-05-15T15:43:36+08:00,2026-06-19T17:36:01.661+08:00,2026-06-19T18:09:22.119+08:00,0
False,diagnostic_candidate_not_publishable,384,0010019881-000040,0010019881-000040,BR_00000006,BR_00000001,numeric-chain-000024,False,96.0,2026-05-29T10:04:29+08:00,2026-06-19T18:09:22.119+08:00,2026-06-19T19:16:50.439+08:00,0
False,diagnostic_candidate_not_publishable,385,virtual-000030,,,BR_00000001,numeric-chain-000024,True,20.0,,2026-06-19T19:16:50.439+08:00,2026-06-19T19:30:25.726+08:00,0
False,diagnostic_candidate_not_publishable,386,0030123653-000010,0030123653-000010,BR_00000006,BR_00000001,numeric-chain-000024,False,96.0,2026-06-02T08:35:06+08:00,2026-06-19T19:30:25.726+08:00,2026-06-19T20:36:58.967+08:00,0
False,diagnostic_candidate_not_publishable,387,0002002195-000090,0002002195-000090,BR_00000006,BR_00000001,numeric-chain-000024,False,48.0,2026-06-02T12:05:18+08:00,2026-06-19T20:36:58.967+08:00,2026-06-19T21:08:49.795+08:00,0
False,diagnostic_candidate_not_publishable,388,0002002185-000020,0002002185-000020,BR_00000006,BR_00000001,numeric-chain-000024,False,23.0,2026-06-03T21:35:42+08:00,2026-06-19T21:08:49.795+08:00,2026-06-19T21:26:56.029+08:00,0
False,diagnostic_candidate_not_publishable,389,0002002185-000040,0002002185-000040,BR_00000006,BR_00000001,numeric-chain-000024,False,40.0,2026-06-03T21:35:44+08:00,2026-06-19T21:26:56.029+08:00,2026-06-19T21:59:05.671+08:00,0
False,diagnostic_candidate_not_publishable,390,0002002202-000120,0002002202-000120,BR_00000006,BR_00000001,numeric-chain-000024,False,23.0,2026-06-03T21:35:52+08:00,2026-06-19T21:59:05.671+08:00,2026-06-19T22:17:05.367+08:00,0
False,diagnostic_candidate_not_publishable,391,0002002006-000190,0002002006-000190,BR_00000001,BR_00000001,numeric-chain-000024,False,7.7,2026-05-01T06:01:13+08:00,2026-06-19T22:17:05.367+08:00,2026-06-19T22:24:11.101+08:00,0
False,diagnostic_candidate_not_publishable,392,0030124683-000050,0030124683-000050,BR_00000006,BR_00000001,numeric-chain-000024,False,23.0,2026-06-05T22:03:47+08:00,2026-06-19T22:24:11.101+08:00,2026-06-19T22:42:48.544+08:00,0
False,diagnostic_candidate_not_publishable,393,0030125170-000010,0030125170-000010,BR_00000006,BR_00000001,numeric-chain-000024,False,20.0,2026-06-07T21:33:55+08:00,2026-06-19T22:42:48.544+08:00,2026-06-19T23:00:03.802+08:00,0
False,diagnostic_candidate_not_publishable,394,0030124207-000010,0030124207-000010,BR_00000006,BR_00000001,numeric-chain-000024,False,24.0,2026-06-04T12:33:10+08:00,2026-06-19T23:00:03.802+08:00,2026-06-19T23:25:32.464+08:00,0
False,diagnostic_candidate_not_publishable,395,0030124826-000010,0030124826-000010,BR_00000006,BR_00000001,numeric-chain-000024,False,40.0,2026-06-06T07:33:36+08:00,2026-06-19T23:25:32.464+08:00,2026-06-20T00:05:49.322+08:00,0
False,diagnostic_candidate_not_publishable,396,0030122898-000020,0030122898-000020,BR_00000006,BR_00000001,numeric-chain-000024,False,19.26,2026-05-27T13:03:51+08:00,2026-06-20T00:05:49.322+08:00,2026-06-20T00:26:16.074+08:00,0
False,diagnostic_candidate_not_publishable,397,0030122760-000020,0030122760-000020,BR_00000006,BR_00000001,numeric-chain-000024,False,18.35,2026-05-27T17:03:35+08:00,2026-06-20T00:26:16.074+08:00,2026-06-20T00:43:19.085+08:00,0
False,diagnostic_candidate_not_publishable,398,0030125097-000010,0030125097-000010,BR_00000006,BR_00000001,numeric-chain-000024,False,7.65,2026-06-07T06:34:17+08:00,2026-06-20T00:43:19.085+08:00,2026-06-20T00:52:39.155+08:00,0
False,diagnostic_candidate_not_publishable,399,0002002184-000200,0002002184-000200,BR_00000006,BR_00000001,numeric-chain-000024,False,91.34,2026-06-05T21:35:44+08:00,2026-06-20T00:52:39.155+08:00,2026-06-20T03:00:05.816+08:00,0
False,diagnostic_candidate_not_publishable,400,0002002187-000020,0002002187-000020,BR_00000006,BR_00000001,numeric-chain-000012,False,25.0,2026-06-06T13:03:09+08:00,2026-06-20T03:00:05.816+08:00,2026-06-20T03:26:40.964+08:00,0
False,diagnostic_candidate_not_publishable,401,0002002177-000010,0002002177-000010,BR_00000006,BR_00000001,numeric-chain-000012,False,30.0,2026-06-03T14:02:05+08:00,2026-06-20T03:26:40.964+08:00,2026-06-20T03:59:18.278+08:00,0
False,diagnostic_candidate_not_publishable,402,0002002177-000020,0002002177-000020,BR_00000006,BR_00000001,numeric-chain-000012,False,15.0,2026-06-03T14:02:06+08:00,2026-06-20T03:59:18.278+08:00,2026-06-20T04:17:30.804+08:00,0
False,diagnostic_candidate_not_publishable,403,0002002195-000200,0002002195-000200,BR_00000006,BR_00000001,numeric-chain-000012,False,24.0,2026-06-04T12:05:18+08:00,2026-06-20T04:17:30.804+08:00,2026-06-20T04:45:44.261+08:00,0
False,diagnostic_candidate_not_publishable,404,0002002170-000010,0002002170-000010,BR_00000006,BR_00000001,numeric-chain-000012,False,23.0,2026-06-05T21:35:50+08:00,2026-06-20T04:45:44.261+08:00,2026-06-20T05:13:36.838+08:00,0
False,diagnostic_candidate_not_publishable,405,0002002176-000150,0002002176-000150,BR_00000006,BR_00000001,numeric-chain-000012,False,23.0,2026-06-02T11:33:37+08:00,2026-06-20T05:13:36.838+08:00,2026-06-20T05:41:29.415+08:00,0
False,diagnostic_candidate_not_publishable,406,0030119860-000010,0030119860-000010,BR_00000001,BR_00000001,numeric-chain-000012,False,38.27,2026-05-07T20:53:23+08:00,2026-06-20T05:41:29.415+08:00,2026-06-20T06:28:02.669+08:00,0
False,diagnostic_candidate_not_publishable,407,0002002184-000010,0002002184-000010,BR_00000006,BR_00000001,numeric-chain-000012,False,23.0,2026-06-05T21:35:51+08:00,2026-06-20T06:28:02.669+08:00,2026-06-20T06:58:18.539+08:00,0
False,diagnostic_candidate_not_publishable,408,0002002184-000040,0002002184-000040,BR_00000006,BR_00000001,numeric-chain-000012,False,92.0,2026-06-05T21:35:49+08:00,2026-06-20T06:58:18.539+08:00,2026-06-20T08:50:43.199+08:00,0
False,diagnostic_candidate_not_publishable,409,0030118802-000010,0030118802-000010,BR_00000001,BR_00000001,numeric-chain-000012,False,14.77,2026-05-08T14:17:01+08:00,2026-06-20T08:50:43.199+08:00,2026-06-20T09:10:55.134+08:00,0
False,diagnostic_candidate_not_publishable,410,0030125207-000110,0030125207-000110,BR_00000006,BR_00000001,numeric-chain-000012,False,24.0,2026-06-08T08:30:29+08:00,2026-06-20T09:10:55.134+08:00,2026-06-20T09:40:15.911+08:00,0
False,diagnostic_candidate_not_publishable,411,0030123255-000010,0030123255-000010,BR_00000006,BR_00000001,numeric-chain-000012,False,92.0,2026-05-31T16:04:07+08:00,2026-06-20T09:40:15.911+08:00,2026-06-20T11:46:04.861+08:00,0
False,diagnostic_candidate_not_publishable,412,0002002176-000240,0002002176-000240,BR_00000006,BR_00000001,numeric-chain-000012,False,69.0,2026-06-02T11:33:36+08:00,2026-06-20T11:46:04.861+08:00,2026-06-20T13:18:10.002+08:00,0
False,diagnostic_candidate_not_publishable,413,0030123141-000020,0030123141-000020,BR_00000006,BR_00000001,numeric-chain-000012,False,100.0,2026-05-31T14:42:00+08:00,2026-06-20T13:18:10.002+08:00,2026-06-20T15:26:18.097+08:00,0
False,diagnostic_candidate_not_publishable,414,0002002162-000110,0002002162-000110,BR_00000006,BR_00000001,numeric-chain-000012,False,24.0,2026-05-29T13:03:55+08:00,2026-06-20T15:26:18.097+08:00,2026-06-20T15:59:04.064+08:00,0
False,diagnostic_candidate_not_publishable,415,0030124683-000020,0030124683-000020,BR_00000006,BR_00000001,numeric-chain-000012,False,48.0,2026-06-05T22:03:47+08:00,2026-06-20T15:59:04.064+08:00,2026-06-20T16:59:55.146+08:00,0
False,diagnostic_candidate_not_publishable,416,0030123654-000030,0030123654-000030,BR_00000006,BR_00000001,numeric-chain-000012,False,24.0,2026-06-07T06:34:21+08:00,2026-06-20T16:59:55.146+08:00,2026-06-20T17:26:42.854+08:00,0
False,diagnostic_candidate_not_publishable,417,0030123653-000060,0030123653-000060,BR_00000006,BR_00000001,numeric-chain-000012,False,96.0,2026-06-02T08:35:07+08:00,2026-06-20T17:26:42.854+08:00,2026-06-20T19:17:00.440+08:00,0
False,diagnostic_candidate_not_publishable,418,0030124871-000030,0030124871-000030,BR_00000006,BR_00000001,numeric-chain-000012,False,20.0,2026-06-07T06:34:18+08:00,2026-06-20T19:17:00.440+08:00,2026-06-20T19:36:30.708+08:00,0
False,diagnostic_candidate_not_publishable,419,0030124735-000100,0030124735-000100,BR_00000006,BR_00000001,numeric-chain-000012,False,24.0,2026-06-05T22:03:49+08:00,2026-06-20T19:36:30.708+08:00,2026-06-20T19:58:44.813+08:00,0
False,diagnostic_candidate_not_publishable,420,0030124871-000060,0030124871-000060,BR_00000006,BR_00000001,numeric-chain-000012,False,300.0,2026-06-07T06:34:20+08:00,2026-06-20T19:58:44.813+08:00,2026-06-21T00:00:25.958+08:00,0
False,diagnostic_candidate_not_publishable,421,0010020206-000090,0010020206-000090,BR_00000006,BR_00000001,numeric-chain-000012,False,52.98,2026-06-02T12:05:20+08:00,2026-06-21T00:00:25.958+08:00,2026-06-21T00:45:25.576+08:00,0
False,diagnostic_candidate_not_publishable,422,0030122488-000020,0030122488-000020,BR_00000006,BR_00000001,numeric-chain-000012,False,96.0,2026-05-22T10:03:13+08:00,2026-06-21T00:45:25.576+08:00,2026-06-21T02:03:41.627+08:00,0
False,diagnostic_candidate_not_publishable,423,0002002202-000110,0002002202-000110,BR_00000006,BR_00000001,numeric-chain-000012,False,23.0,2026-06-03T21:35:46+08:00,2026-06-21T02:03:41.627+08:00,2026-06-21T02:23:44.392+08:00,0
False,diagnostic_candidate_not_publishable,424,0002002185-000090,0002002185-000090,BR_00000006,BR_00000001,numeric-chain-000012,False,1.97,2026-06-03T21:35:46+08:00,2026-06-21T02:23:44.392+08:00,2026-06-21T02:25:27.666+08:00,0
False,diagnostic_candidate_not_publishable,425,0030124440-000040,0030124440-000040,BR_00000006,BR_00000001,numeric-chain-000012,False,24.0,2026-06-05T10:03:16+08:00,2026-06-21T02:25:27.666+08:00,2026-06-21T02:44:57.710+08:00,0
False,diagnostic_candidate_not_publishable,426,virtual-000028,,,BR_00000001,numeric-chain-000012,True,20.0,,2026-06-21T02:44:57.710+08:00,2026-06-21T03:01:56.818+08:00,0
False,diagnostic_candidate_not_publishable,427,0030125147-000020,0030125147-000020,BR_00000006,BR_00000001,numeric-chain-000012,False,23.0,2026-06-07T06:34:20+08:00,2026-06-21T03:01:56.818+08:00,2026-06-21T03:25:12.580+08:00,0
False,diagnostic_candidate_not_publishable,428,0030123508-000010,0030123508-000010,BR_00000006,BR_00000001,numeric-chain-000012,False,138.0,2026-06-01T15:33:38+08:00,2026-06-21T03:25:12.580+08:00,2026-06-21T05:44:47.150+08:00,0
False,diagnostic_candidate_not_publishable,429,0030124170-000010,0030124170-000010,BR_00000006,BR_00000001,numeric-chain-000012,False,69.0,2026-06-03T21:35:49+08:00,2026-06-21T05:44:47.150+08:00,2026-06-21T06:54:34.435+08:00,0
False,diagnostic_candidate_not_publishable,430,0005000571-000020,0005000571-000020,BR_00000006,BR_00000001,numeric-chain-000012,False,7.0,2026-06-09T06:34:23+08:00,2026-06-21T06:54:34.435+08:00,2026-06-21T07:01:07.263+08:00,0
False,diagnostic_candidate_not_publishable,431,0002002184-000090,0002002184-000090,BR_00000006,BR_00000001,numeric-chain-000012,False,30.0,2026-06-05T21:35:48+08:00,2026-06-21T07:01:07.263+08:00,2026-06-21T07:31:45.481+08:00,0
False,diagnostic_candidate_not_publishable,432,0005000547-000400,0005000547-000400,BR_00000001,BR_00000001,numeric-chain-000012,False,20.0,2026-05-06T10:25:56+08:00,2026-06-21T07:31:45.481+08:00,2026-06-21T07:56:56.017+08:00,0
False,diagnostic_candidate_not_publishable,433,0005000563-000290,0005000563-000290,BR_00000006,BR_00000001,numeric-chain-000012,False,20.0,2026-05-27T16:03:27+08:00,2026-06-21T07:56:56.017+08:00,2026-06-21T08:22:06.553+08:00,0
False,diagnostic_candidate_not_publishable,434,0030124574-000010,0030124574-000010,BR_00000006,BR_00000001,numeric-chain-000012,False,23.0,2026-06-07T06:34:24+08:00,2026-06-21T08:22:06.553+08:00,2026-06-21T08:46:19.414+08:00,0
False,diagnostic_candidate_not_publishable,435,0030124824-000010,0030124824-000010,BR_00000006,BR_00000001,numeric-chain-000012,False,20.0,2026-06-06T07:33:37+08:00,2026-06-21T08:46:19.414+08:00,2026-06-21T09:09:19.447+08:00,0
False,diagnostic_candidate_not_publishable,436,0030124871-000050,0030124871-000050,BR_00000006,BR_00000001,numeric-chain-000020,False,20.0,2026-06-07T06:34:19+08:00,2026-06-21T09:09:19.447+08:00,2026-06-21T09:22:24.141+08:00,0
False,diagnostic_candidate_not_publishable,437,0030125207-000100,0030125207-000100,BR_00000006,BR_00000001,numeric-chain-000020,False,24.0,2026-06-08T08:30:30+08:00,2026-06-21T09:22:24.141+08:00,2026-06-21T09:39:23.249+08:00,0
False,diagnostic_candidate_not_publishable,438,0005000571-000040,0005000571-000040,BR_00000006,BR_00000001,numeric-chain-000020,False,10.0,2026-06-09T06:34:23+08:00,2026-06-21T09:39:23.249+08:00,2026-06-21T09:45:12.737+08:00,0
False,diagnostic_candidate_not_publishable,439,0005000562-000050,0005000562-000050,BR_00000006,BR_00000001,numeric-chain-000020,False,23.0,2026-05-26T06:33:37+08:00,2026-06-21T09:45:12.737+08:00,2026-06-21T09:59:28.193+08:00,0
False,diagnostic_candidate_not_publishable,440,virtual-000049,,,BR_00000001,numeric-chain-000020,True,20.0,,2026-06-21T09:59:28.193+08:00,2026-06-21T10:16:27.301+08:00,0
False,diagnostic_candidate_not_publishable,441,0002002053-000180,0002002053-000180,BR_00000001,BR_00000001,numeric-chain-000020,False,60.0,2026-05-07T17:51:42+08:00,2026-06-21T10:16:27.301+08:00,2026-06-21T11:09:54.285+08:00,0
False,diagnostic_candidate_not_publishable,442,virtual-000046,,,BR_00000001,numeric-chain-000020,True,20.0,,2026-06-21T11:09:54.285+08:00,2026-06-21T11:26:53.393+08:00,0
False,diagnostic_candidate_not_publishable,443,virtual-000045,,,BR_00000001,numeric-chain-000020,True,20.0,,2026-06-21T11:26:53.393+08:00,2026-06-21T11:43:52.501+08:00,0
False,diagnostic_candidate_not_publishable,444,0030124207-000020,0030124207-000020,BR_00000006,BR_00000001,numeric-chain-000020,False,24.0,2026-06-04T12:33:10+08:00,2026-06-21T11:43:52.501+08:00,2026-06-21T12:04:15.431+08:00,0
False,diagnostic_candidate_not_publishable,445,0030125168-000090,0030125168-000090,BR_00000006,BR_00000001,numeric-chain-000020,False,24.0,2026-06-07T21:33:52+08:00,2026-06-21T12:04:15.431+08:00,2026-06-21T12:22:47.185+08:00,0
False,diagnostic_candidate_not_publishable,446,0002002202-000020,0002002202-000020,BR_00000006,BR_00000001,numeric-chain-000020,False,23.0,2026-06-03T21:35:41+08:00,2026-06-21T12:22:47.185+08:00,2026-06-21T12:42:23.866+08:00,0
False,diagnostic_candidate_not_publishable,447,0002002202-000040,0002002202-000040,BR_00000006,BR_00000001,numeric-chain-000020,False,23.0,2026-06-03T21:35:50+08:00,2026-06-21T12:42:23.866+08:00,2026-06-21T13:04:06.349+08:00,0
False,diagnostic_candidate_not_publishable,448,0002002202-000080,0002002202-000080,BR_00000006,BR_00000001,numeric-chain-000020,False,23.0,2026-06-03T21:35:42+08:00,2026-06-21T13:04:06.349+08:00,2026-06-21T13:26:14.817+08:00,0
False,diagnostic_candidate_not_publishable,449,0030124800-000040,0030124800-000040,BR_00000006,BR_00000001,numeric-chain-000020,False,24.0,2026-06-07T06:34:20+08:00,2026-06-21T13:26:14.817+08:00,2026-06-21T13:56:05.659+08:00,0
False,diagnostic_candidate_not_publishable,450,0030120939-000100,0030120939-000100,BR_00000002,BR_00000001,numeric-chain-000020,False,48.0,2026-05-14T08:24:51+08:00,2026-06-21T13:56:05.659+08:00,2026-06-21T14:56:20.230+08:00,0
False,diagnostic_candidate_not_publishable,451,0030124824-000050,0030124824-000050,BR_00000006,BR_00000001,numeric-chain-000020,False,23.11,2026-06-06T07:33:38+08:00,2026-06-21T14:56:20.230+08:00,2026-06-21T15:30:50.700+08:00,0
False,diagnostic_candidate_not_publishable,452,0030125207-000030,0030125207-000030,BR_00000006,BR_00000001,numeric-chain-000020,False,22.0,2026-06-08T08:30:30+08:00,2026-06-21T15:30:50.700+08:00,2026-06-21T16:01:33.219+08:00,0
False,diagnostic_candidate_not_publishable,453,0030125207-000120,0030125207-000120,BR_00000006,BR_00000001,numeric-chain-000020,False,22.0,2026-06-08T08:30:29+08:00,2026-06-21T16:01:33.219+08:00,2026-06-21T16:36:35.051+08:00,0
False,diagnostic_candidate_not_publishable,454,0030125207-000020,0030125207-000020,BR_00000006,BR_00000001,numeric-chain-000020,False,22.0,2026-06-08T08:30:28+08:00,2026-06-21T16:36:35.051+08:00,2026-06-21T17:07:35.406+08:00,0
False,diagnostic_candidate_not_publishable,455,0002002195-000030,0002002195-000030,BR_00000006,BR_00000001,numeric-chain-000020,False,22.0,2026-06-02T12:05:21+08:00,2026-06-21T17:07:35.406+08:00,2026-06-21T17:43:12.200+08:00,0
False,diagnostic_candidate_not_publishable,456,0030122488-000030,0030122488-000030,BR_00000006,BR_00000001,numeric-chain-000020,False,110.0,2026-05-22T10:03:13+08:00,2026-06-21T17:43:12.200+08:00,2026-06-21T20:04:44.769+08:00,0
False,diagnostic_candidate_not_publishable,457,0030124871-000100,0030124871-000100,BR_00000006,BR_00000001,numeric-chain-000017,False,210.0,2026-06-08T08:35:19+08:00,2026-06-21T20:04:44.769+08:00,2026-06-21T23:29:19.661+08:00,0
False,diagnostic_candidate_not_publishable,458,0030124871-000090,0030124871-000090,BR_00000006,BR_00000001,numeric-chain-000017,False,70.0,2026-06-07T06:34:20+08:00,2026-06-21T23:29:19.661+08:00,2026-06-22T00:39:03.683+08:00,0
False,diagnostic_candidate_not_publishable,459,0030124871-000110,0030124871-000110,BR_00000006,BR_00000001,numeric-chain-000017,False,140.0,2026-06-07T06:34:21+08:00,2026-06-22T00:39:03.683+08:00,2026-06-22T03:44:08.537+08:00,0
False,diagnostic_candidate_not_publishable,460,0010019718-000030,0010019718-000030,BR_00000006,BR_00000001,numeric-chain-000017,False,131.46,2026-05-26T10:34:07+08:00,2026-06-22T03:44:08.537+08:00,2026-06-22T07:21:37.755+08:00,0
False,diagnostic_candidate_not_publishable,461,0002002176-000140,0002002176-000140,BR_00000006,BR_00000001,numeric-chain-000017,False,23.0,2026-05-31T11:33:36+08:00,2026-06-22T07:21:37.755+08:00,2026-06-22T07:53:47.884+08:00,0
False,diagnostic_candidate_not_publishable,462,0002002180-000040,0002002180-000040,BR_00000006,BR_00000001,numeric-chain-000017,False,20.0,2026-06-01T10:03:59+08:00,2026-06-22T07:53:47.884+08:00,2026-06-22T08:22:07.191+08:00,0
False,diagnostic_candidate_not_publishable,463,0002002195-000230,0002002195-000230,BR_00000006,BR_00000001,numeric-chain-000017,False,24.0,2026-06-02T12:05:18+08:00,2026-06-22T08:22:07.191+08:00,2026-06-22T08:53:40.613+08:00,0
False,diagnostic_candidate_not_publishable,464,0002002185-000100,0002002185-000100,BR_00000006,BR_00000001,numeric-chain-000017,False,23.0,2026-06-03T21:35:41+08:00,2026-06-22T08:53:40.613+08:00,2026-06-22T09:24:22.327+08:00,0
False,diagnostic_candidate_not_publishable,465,0002002195-000120,0002002195-000120,BR_00000006,BR_00000001,numeric-chain-000017,False,72.0,2026-06-02T12:05:15+08:00,2026-06-22T09:24:22.327+08:00,2026-06-22T11:01:55.378+08:00,0
False,diagnostic_candidate_not_publishable,466,0002002170-000270,0002002170-000270,BR_00000006,BR_00000001,numeric-chain-000017,False,46.0,2026-06-03T21:35:45+08:00,2026-06-22T11:01:55.378+08:00,2026-06-22T12:05:27.297+08:00,0
False,diagnostic_candidate_not_publishable,467,0030118006-000020,0030118006-000020,BR_00000001,BR_00000001,numeric-chain-000017,False,29.28,2026-05-03T06:15:18+08:00,2026-06-22T12:05:27.297+08:00,2026-06-22T12:51:01.854+08:00,0
False,diagnostic_candidate_not_publishable,468,0002002170-000330,0002002170-000330,BR_00000006,BR_00000001,numeric-chain-000017,False,23.0,2026-06-03T21:35:46+08:00,2026-06-22T12:51:01.854+08:00,2026-06-22T13:23:33.194+08:00,0
False,diagnostic_candidate_not_publishable,469,0030122897-000070,0030122897-000070,BR_00000006,BR_00000001,numeric-chain-000017,False,24.0,2026-05-27T13:03:50+08:00,2026-06-22T13:23:33.194+08:00,2026-06-22T13:53:12.001+08:00,0
False,diagnostic_candidate_not_publishable,470,0030122086-000010,0030122086-000010,BR_00000003,BR_00000001,numeric-chain-000017,False,48.0,2026-05-26T10:34:08+08:00,2026-06-22T13:53:12.001+08:00,2026-06-22T15:03:17.882+08:00,0
False,diagnostic_candidate_not_publishable,471,0002002176-000160,0002002176-000160,BR_00000006,BR_00000001,numeric-chain-000017,False,13.76,2026-06-02T11:33:38+08:00,2026-06-22T15:03:17.882+08:00,2026-06-22T15:23:23.568+08:00,0
False,diagnostic_candidate_not_publishable,472,0002002184-000080,0002002184-000080,BR_00000006,BR_00000001,numeric-chain-000017,False,23.0,2026-06-05T21:35:43+08:00,2026-06-22T15:23:23.568+08:00,2026-06-22T15:50:41.014+08:00,0
False,diagnostic_candidate_not_publishable,473,0002002170-000420,0002002170-000420,BR_00000006,BR_00000001,numeric-chain-000017,False,23.0,2026-06-05T21:35:51+08:00,2026-06-22T15:50:41.014+08:00,2026-06-22T16:24:19.641+08:00,0
False,diagnostic_candidate_not_publishable,474,0030124772-000020,0030124772-000020,BR_00000006,BR_00000001,numeric-chain-000017,False,24.0,2026-06-05T22:33:34+08:00,2026-06-22T16:24:19.641+08:00,2026-06-22T16:59:57.630+08:00,0
False,diagnostic_candidate_not_publishable,475,0002002195-000080,0002002195-000080,BR_00000006,BR_00000001,numeric-chain-000017,False,190.0,2026-06-04T12:05:21+08:00,2026-06-22T16:59:57.630+08:00,2026-06-22T21:43:14.198+08:00,0
False,diagnostic_candidate_not_publishable,476,0002002162-000100,0002002162-000100,BR_00000006,BR_00000001,numeric-chain-000017,False,24.0,2026-05-29T13:03:54+08:00,2026-06-22T21:43:14.198+08:00,2026-06-22T22:19:28.425+08:00,0
False,diagnostic_candidate_not_publishable,477,0030124772-000030,0030124772-000030,BR_00000006,BR_00000001,numeric-chain-000017,False,24.0,2026-06-05T22:33:35+08:00,2026-06-22T22:19:28.425+08:00,2026-06-22T22:53:07.350+08:00,0
False,diagnostic_candidate_not_publishable,478,0030117110-000010,0030117110-000010,BR_00000001,BR_00000001,numeric-chain-000017,False,13.2,2026-04-27T13:03:09+08:00,2026-06-22T22:53:07.350+08:00,2026-06-22T23:11:47.249+08:00,0
False,diagnostic_candidate_not_publishable,479,0030117932-000010,0030117932-000010,BR_00000001,BR_00000001,numeric-chain-000017,False,99.77,2026-05-02T06:09:07+08:00,2026-06-22T23:11:47.249+08:00,2026-06-23T01:57:30.571+08:00,0
False,diagnostic_candidate_not_publishable,480,0030124800-000070,0030124800-000070,BR_00000006,BR_00000001,numeric-chain-000017,False,23.0,2026-06-07T06:34:17+08:00,2026-06-23T01:57:30.571+08:00,2026-06-23T02:40:07.234+08:00,0
False,diagnostic_candidate_not_publishable,481,0002002176-000170,0002002176-000170,BR_00000006,BR_00000001,numeric-chain-000017,False,17.0,2026-05-31T11:33:38+08:00,2026-06-23T02:40:07.234+08:00,2026-06-23T03:08:46.651+08:00,0
False,diagnostic_candidate_not_publishable,482,0002002202-000060,0002002202-000060,BR_00000006,BR_00000001,numeric-chain-000017,False,46.0,2026-06-03T21:35:47+08:00,2026-06-23T03:08:46.651+08:00,2026-06-23T04:15:14.541+08:00,0
False,diagnostic_candidate_not_publishable,483,0002002170-000370,0002002170-000370,BR_00000006,BR_00000001,numeric-chain-000017,False,23.0,2026-06-03T21:35:49+08:00,2026-06-23T04:15:14.541+08:00,2026-06-23T04:48:54.954+08:00,0
False,diagnostic_candidate_not_publishable,484,0002002176-000180,0002002176-000180,BR_00000006,BR_00000001,numeric-chain-000017,False,15.0,2026-05-31T11:33:37+08:00,2026-06-23T04:48:54.954+08:00,2026-06-23T05:12:44.091+08:00,0
False,diagnostic_candidate_not_publishable,485,0002002185-000110,0002002185-000110,BR_00000006,BR_00000001,numeric-chain-000017,False,19.0,2026-06-03T21:35:41+08:00,2026-06-23T05:12:44.091+08:00,2026-06-23T05:43:35.586+08:00,0
False,diagnostic_candidate_not_publishable,486,0002002195-000060,0002002195-000060,BR_00000006,BR_00000001,numeric-chain-000017,False,61.96,2026-06-02T12:05:17+08:00,2026-06-23T05:43:35.586+08:00,2026-06-23T07:24:24.436+08:00,0
False,diagnostic_candidate_not_publishable,487,0002002202-000150,0002002202-000150,BR_00000006,BR_00000001,numeric-chain-000017,False,25.0,2026-06-03T21:35:52+08:00,2026-06-23T07:24:24.436+08:00,2026-06-23T08:02:10.733+08:00,0
False,diagnostic_candidate_not_publishable,488,0002002195-000170,0002002195-000170,BR_00000006,BR_00000001,numeric-chain-000017,False,24.0,2026-06-02T12:05:21+08:00,2026-06-23T08:02:10.733+08:00,2026-06-23T08:41:28.810+08:00,0
False,diagnostic_candidate_not_publishable,489,0030124800-000030,0030124800-000030,BR_00000006,BR_00000001,numeric-chain-000017,False,23.0,2026-06-07T06:34:22+08:00,2026-06-23T08:41:28.810+08:00,2026-06-23T09:12:11.692+08:00,0
False,diagnostic_candidate_not_publishable,490,0002002176-000070,0002002176-000070,BR_00000006,BR_00000001,numeric-chain-000017,False,100.0,2026-05-31T11:33:36+08:00,2026-06-23T09:12:11.692+08:00,2026-06-23T11:01:08.348+08:00,0
False,diagnostic_candidate_not_publishable,491,0002002202-000200,0002002202-000200,BR_00000006,BR_00000001,numeric-chain-000017,False,19.0,2026-06-03T21:35:40+08:00,2026-06-23T11:01:08.348+08:00,2026-06-23T11:21:59.730+08:00,0
False,diagnostic_candidate_not_publishable,492,0002002202-000180,0002002202-000180,BR_00000006,BR_00000001,numeric-chain-000017,False,19.0,2026-06-03T21:35:50+08:00,2026-06-23T11:21:59.730+08:00,2026-06-23T11:43:40.428+08:00,0
False,diagnostic_candidate_not_publishable,493,0002002202-000100,0002002202-000100,BR_00000006,BR_00000001,numeric-chain-000017,False,19.0,2026-06-03T21:35:50+08:00,2026-06-23T11:43:40.428+08:00,2026-06-23T12:03:49.410+08:00,0
False,diagnostic_candidate_not_publishable,494,0002002180-000170,0002002180-000170,BR_00000006,BR_00000001,numeric-chain-000017,False,20.0,2026-06-01T10:04:02+08:00,2026-06-23T12:03:49.410+08:00,2026-06-23T12:28:43.704+08:00,0
False,diagnostic_candidate_not_publishable,495,0030124731-000020,0030124731-000020,BR_00000006,BR_00000001,numeric-chain-000017,False,54.0,2026-06-05T22:03:48+08:00,2026-06-23T12:28:43.704+08:00,2026-06-23T13:44:15.312+08:00,0
False,diagnostic_candidate_not_publishable,496,0002002170-000120,0002002170-000120,BR_00000006,BR_00000001,numeric-chain-000017,False,23.0,2026-06-03T21:35:40+08:00,2026-06-23T13:44:15.312+08:00,2026-06-23T14:16:06.971+08:00,0
False,diagnostic_candidate_not_publishable,497,0010019718-000050,0010019718-000050,BR_00000006,BR_00000001,numeric-chain-000003,False,96.0,2026-05-26T10:34:08+08:00,2026-06-23T14:16:06.971+08:00,2026-06-23T16:39:34.103+08:00,0
False,diagnostic_candidate_not_publishable,498,0010018206-000080,0010018206-000080,BR_00000001,BR_00000001,numeric-chain-000003,False,8.26,2026-04-29T05:46:10+08:00,2026-06-23T16:39:34.103+08:00,2026-06-23T16:52:19.361+08:00,0
False,diagnostic_candidate_not_publishable,499,0010019618-000020,0010019618-000020,BR_00000006,BR_00000001,numeric-chain-000003,False,192.0,2026-05-22T10:03:13+08:00,2026-06-23T16:52:19.361+08:00,2026-06-23T21:48:47.433+08:00,0
False,diagnostic_candidate_not_publishable,500,0010019718-000040,0010019718-000040,BR_00000006,BR_00000001,numeric-chain-000003,False,144.0,2026-05-26T10:34:06+08:00,2026-06-23T21:48:47.433+08:00,2026-06-24T01:31:08.487+08:00,0
False,diagnostic_candidate_not_publishable,501,0030125168-000010,0030125168-000010,BR_00000006,BR_00000001,numeric-chain-000003,False,72.0,2026-06-07T21:33:56+08:00,2026-06-24T01:31:08.487+08:00,2026-06-24T04:02:44.660+08:00,0
False,diagnostic_candidate_not_publishable,502,0030123654-000020,0030123654-000020,BR_00000006,BR_00000001,numeric-chain-000003,False,48.0,2026-06-07T06:34:23+08:00,2026-06-24T04:02:44.660+08:00,2026-06-24T05:10:02.731+08:00,0
False,diagnostic_candidate_not_publishable,503,0030125168-000020,0030125168-000020,BR_00000006,BR_00000001,numeric-chain-000003,False,48.0,2026-06-07T21:33:54+08:00,2026-06-24T05:10:02.731+08:00,2026-06-24T06:56:27.232+08:00,0
False,diagnostic_candidate_not_publishable,504,0030125168-000030,0030125168-000030,BR_00000006,BR_00000001,numeric-chain-000003,False,48.0,2026-06-07T21:33:52+08:00,2026-06-24T06:56:27.232+08:00,2026-06-24T08:41:15.436+08:00,0
False,diagnostic_candidate_not_publishable,505,0030123916-000010,0030123916-000010,BR_00000006,BR_00000001,numeric-chain-000003,False,23.0,2026-06-02T20:33:15+08:00,2026-06-24T08:41:15.436+08:00,2026-06-24T09:36:44.909+08:00,0
False,diagnostic_candidate_not_publishable,506,0002002054-000310,0002002054-000310,BR_00000001,BR_00000001,numeric-chain-000003,False,11.7,2026-05-07T17:51:29+08:00,2026-06-24T09:36:44.909+08:00,2026-06-24T10:01:23.037+08:00,0
False,diagnostic_candidate_not_publishable,507,0030117284-000030,0030117284-000030,BR_00000001,BR_00000001,numeric-chain-000003,False,13.54,2026-04-30T06:39:24+08:00,2026-06-24T10:01:23.037+08:00,2026-06-24T10:26:24.149+08:00,0
False,diagnostic_candidate_not_publishable,508,0002002170-000300,0002002170-000300,BR_00000006,BR_00000001,numeric-chain-000006,False,23.0,2026-06-03T21:35:40+08:00,2026-06-24T10:26:24.149+08:00,2026-06-24T10:57:24.426+08:00,0
False,diagnostic_candidate_not_publishable,509,0030124457-000020,0030124457-000020,BR_00000006,BR_00000001,numeric-chain-000006,False,24.0,2026-06-05T15:03:10+08:00,2026-06-24T10:57:24.426+08:00,2026-06-24T11:28:38.591+08:00,0
False,diagnostic_candidate_not_publishable,510,0002002184-000220,0002002184-000220,BR_00000006,BR_00000001,numeric-chain-000006,False,23.0,2026-06-05T21:35:40+08:00,2026-06-24T11:28:38.591+08:00,2026-06-24T11:59:09.229+08:00,0
False,diagnostic_candidate_not_publishable,511,0002002184-000030,0002002184-000030,BR_00000006,BR_00000001,numeric-chain-000006,False,23.0,2026-06-05T21:35:48+08:00,2026-06-24T11:59:09.229+08:00,2026-06-24T12:27:36.651+08:00,0
False,diagnostic_candidate_not_publishable,512,0002002170-000430,0002002170-000430,BR_00000006,BR_00000001,numeric-chain-000006,False,23.0,2026-06-05T21:35:48+08:00,2026-06-24T12:27:36.651+08:00,2026-06-24T12:56:04.073+08:00,0
False,diagnostic_candidate_not_publishable,513,0002002055-000100,0002002055-000100,BR_00000001,BR_00000001,numeric-chain-000006,False,18.26,2026-05-07T20:53:35+08:00,2026-06-24T12:56:04.073+08:00,2026-06-24T13:21:00.640+08:00,0
False,diagnostic_candidate_not_publishable,514,0030123143-000020,0030123143-000020,BR_00000006,BR_00000001,numeric-chain-000006,False,104.0,2026-05-31T10:04:28+08:00,2026-06-24T13:21:00.640+08:00,2026-06-24T15:24:47.571+08:00,0
False,diagnostic_candidate_not_publishable,515,0030119866-000010,0030119866-000010,BR_00000001,BR_00000001,numeric-chain-000006,False,27.97,2026-05-07T20:53:34+08:00,2026-06-24T15:24:47.571+08:00,2026-06-24T16:03:46.302+08:00,0
False,diagnostic_candidate_not_publishable,516,0030125157-000010,0030125157-000010,BR_00000006,BR_00000001,numeric-chain-000006,False,26.0,2026-06-07T06:34:24+08:00,2026-06-24T16:03:46.302+08:00,2026-06-24T16:40:00.310+08:00,0
False,diagnostic_candidate_not_publishable,517,0030124199-000010,0030124199-000010,BR_00000006,BR_00000001,numeric-chain-000006,False,26.0,2026-06-04T12:33:10+08:00,2026-06-24T16:40:00.310+08:00,2026-06-24T17:16:14.318+08:00,0
False,diagnostic_candidate_not_publishable,518,0030122759-000030,0030122759-000030,BR_00000006,BR_00000001,numeric-chain-000006,False,88.0,2026-05-27T17:03:33+08:00,2026-06-24T17:16:14.318+08:00,2026-06-24T18:55:07.991+08:00,0
False,diagnostic_candidate_not_publishable,519,0005000563-000030,0005000563-000030,BR_00000006,BR_00000001,numeric-chain-000006,False,63.0,2026-05-27T17:03:36+08:00,2026-06-24T18:55:07.991+08:00,2026-06-24T19:59:02.429+08:00,0
False,diagnostic_candidate_not_publishable,520,0002002020-000080,0002002020-000080,BR_00000001,BR_00000001,numeric-chain-000006,False,13.01,2026-05-09T20:53:22+08:00,2026-06-24T19:59:02.429+08:00,2026-06-24T20:10:05.182+08:00,0
False,diagnostic_candidate_not_publishable,521,0005000563-000130,0005000563-000130,BR_00000006,BR_00000001,numeric-chain-000006,False,42.0,2026-05-27T16:03:27+08:00,2026-06-24T20:10:05.182+08:00,2026-06-24T20:53:09.877+08:00,0
False,diagnostic_candidate_not_publishable,522,0030124567-000010,0030124567-000010,BR_00000006,BR_00000001,numeric-chain-000006,False,24.0,2026-06-05T13:33:09+08:00,2026-06-24T20:53:09.877+08:00,2026-06-24T21:14:22.878+08:00,0
False,diagnostic_candidate_not_publishable,523,0030121196-000020,0030121196-000020,BR_00000002,BR_00000001,numeric-chain-000006,False,24.0,2026-05-15T09:09:47+08:00,2026-06-24T21:14:22.878+08:00,2026-06-24T21:36:53.187+08:00,0
False,diagnostic_candidate_not_publishable,524,virtual-000041,,,BR_00000001,numeric-chain-000006,True,20.0,,2026-06-24T21:36:53.187+08:00,2026-06-24T21:57:16.117+08:00,0
False,diagnostic_candidate_not_publishable,525,virtual-000042,,,BR_00000001,numeric-chain-000006,True,20.0,,2026-06-24T21:57:16.117+08:00,2026-06-24T22:14:15.225+08:00,0
False,diagnostic_candidate_not_publishable,526,0002002058-000020,0002002058-000020,BR_00000001,BR_00000001,numeric-chain-000006,False,18.91,2026-05-07T17:51:23+08:00,2026-06-24T22:14:15.225+08:00,2026-06-24T22:26:59.961+08:00,0
False,diagnostic_candidate_not_publishable,527,virtual-000043,,,BR_00000001,numeric-chain-000006,True,20.0,,2026-06-24T22:26:59.961+08:00,2026-06-24T22:43:59.069+08:00,0
False,diagnostic_candidate_not_publishable,528,virtual-000044,,,BR_00000001,numeric-chain-000006,True,20.0,,2026-06-24T22:43:59.069+08:00,2026-06-24T23:04:21.999+08:00,0
False,diagnostic_candidate_not_publishable,529,0002002195-000180,0002002195-000180,BR_00000006,BR_00000001,numeric-chain-000006,False,25.0,2026-06-04T12:05:19+08:00,2026-06-24T23:04:21.999+08:00,2026-06-24T23:33:08.069+08:00,0
False,diagnostic_candidate_not_publishable,530,0030122897-000030,0030122897-000030,BR_00000006,BR_00000001,numeric-chain-000006,False,24.0,2026-05-27T13:03:53+08:00,2026-06-24T23:33:08.069+08:00,2026-06-25T00:02:46.876+08:00,0
False,diagnostic_candidate_not_publishable,531,0030123653-000050,0030123653-000050,BR_00000006,BR_00000001,numeric-chain-000006,False,120.0,2026-06-02T08:35:06+08:00,2026-06-25T00:02:46.876+08:00,2026-06-25T02:22:52.278+08:00,0
False,diagnostic_candidate_not_publishable,532,0030125207-000050,0030125207-000050,BR_00000006,BR_00000001,numeric-chain-000006,False,48.0,2026-06-08T08:30:30+08:00,2026-06-25T02:22:52.278+08:00,2026-06-25T03:27:16.562+08:00,0
False,diagnostic_candidate_not_publishable,533,0002002184-000060,0002002184-000060,BR_00000006,BR_00000001,numeric-chain-000006,False,23.0,2026-06-03T21:35:43+08:00,2026-06-25T03:27:16.562+08:00,2026-06-25T04:05:13.125+08:00,0
False,diagnostic_candidate_not_publishable,534,0002002148-000010,0002002148-000010,BR_00000006,BR_00000001,numeric-chain-000006,False,300.0,2026-05-19T08:56:36+08:00,2026-06-25T04:05:13.125+08:00,2026-06-25T11:50:48.527+08:00,0
False,diagnostic_candidate_not_publishable,535,virtual-000017,,,BR_00000001,numeric-chain-000006,True,20.0,,2026-06-25T11:50:48.527+08:00,2026-06-25T12:33:16.298+08:00,0
False,diagnostic_candidate_not_publishable,536,virtual-000018,,,BR_00000001,numeric-chain-000006,True,20.0,,2026-06-25T12:33:16.298+08:00,2026-06-25T13:24:13.623+08:00,0
False,diagnostic_candidate_not_publishable,537,0030120882-000010,0030120882-000010,BR_00000002,BR_00000001,numeric-chain-000006,False,110.0,2026-05-13T15:29:28+08:00,2026-06-25T13:24:13.623+08:00,2026-06-25T18:07:18.761+08:00,0
False,diagnostic_candidate_not_publishable,538,0010019618-000010,0010019618-000010,BR_00000006,BR_00000001,numeric-chain-000006,False,198.0,2026-05-22T10:03:13+08:00,2026-06-25T18:07:18.761+08:00,2026-06-26T01:45:54.685+08:00,0
False,diagnostic_candidate_not_publishable,539,0030124078-000010,0030124078-000010,BR_00000006,BR_00000001,numeric-chain-000006,False,44.0,2026-06-05T14:03:12+08:00,2026-06-26T01:45:54.685+08:00,2026-06-26T03:10:50.226+08:00,0
False,diagnostic_candidate_not_publishable,540,0030122480-000100,0030122480-000100,BR_00000006,BR_00000001,numeric-chain-000006,False,154.0,2026-05-22T08:03:32+08:00,2026-06-26T03:10:50.226+08:00,2026-06-26T07:26:53.667+08:00,0
False,diagnostic_candidate_not_publishable,541,0002002162-000080,0002002162-000080,BR_00000006,BR_00000001,numeric-chain-000006,False,18.0,2026-05-29T13:03:52+08:00,2026-06-26T07:26:53.667+08:00,2026-06-26T07:54:19.356+08:00,0
False,diagnostic_candidate_not_publishable,542,0002002184-000020,0002002184-000020,BR_00000006,BR_00000001,numeric-chain-000006,False,16.0,2026-06-05T21:35:47+08:00,2026-06-26T07:54:19.356+08:00,2026-06-26T08:26:36.379+08:00,0
False,diagnostic_candidate_not_publishable,543,0002002184-000190,0002002184-000190,BR_00000006,BR_00000001,numeric-chain-000006,False,64.0,2026-06-05T21:35:48+08:00,2026-06-26T08:26:36.379+08:00,2026-06-26T10:53:39.827+08:00,0
False,diagnostic_candidate_not_publishable,544,virtual-000006,,,BR_00000002,numeric-chain-000028,True,20.0,,2026-06-26T10:53:39.827+08:00,2026-06-26T11:07:49.084+08:00,0
False,diagnostic_candidate_not_publishable,545,virtual-000005,,,BR_00000002,numeric-chain-000028,True,20.0,,2026-06-26T11:07:49.084+08:00,2026-06-26T11:19:08.490+08:00,0
False,diagnostic_candidate_not_publishable,546,0030124734-000010,0030124734-000010,BR_00000006,BR_00000002,numeric-chain-000028,False,24.0,2026-06-05T22:03:48+08:00,2026-06-26T11:19:08.490+08:00,2026-06-26T11:31:07.861+08:00,0
False,diagnostic_candidate_not_publishable,547,virtual-000008,,,BR_00000002,numeric-chain-000028,True,20.0,,2026-06-26T11:31:07.861+08:00,2026-06-26T11:42:27.267+08:00,0
False,diagnostic_candidate_not_publishable,548,0010020206-000070,0010020206-000070,BR_00000006,BR_00000002,numeric-chain-000028,False,143.49,2026-06-02T12:05:16+08:00,2026-06-26T11:42:27.267+08:00,2026-06-26T12:54:08.204+08:00,0
False,diagnostic_candidate_not_publishable,549,virtual-000007,,,BR_00000002,numeric-chain-000028,True,20.0,,2026-06-26T12:54:08.204+08:00,2026-06-26T13:02:37.758+08:00,0
False,diagnostic_candidate_not_publishable,550,0030120865-000010,0030120865-000010,BR_00000002,BR_00000002,numeric-chain-000028,False,50.0,2026-05-13T14:29:23+08:00,2026-06-26T13:02:37.758+08:00,2026-06-26T13:28:13.485+08:00,0
False,diagnostic_candidate_not_publishable,551,virtual-000010,,,BR_00000002,numeric-chain-000028,True,20.0,,2026-06-26T13:28:13.485+08:00,2026-06-26T13:38:24.950+08:00,0
False,diagnostic_candidate_not_publishable,552,0030124735-000130,0030124735-000130,BR_00000006,BR_00000002,numeric-chain-000028,False,24.0,2026-06-05T22:03:48+08:00,2026-06-26T13:38:24.950+08:00,2026-06-26T13:51:43.598+08:00,0
False,diagnostic_candidate_not_publishable,553,virtual-000009,,,BR_00000002,numeric-chain-000028,True,20.0,,2026-06-26T13:51:43.598+08:00,2026-06-26T14:01:55.063+08:00,0
False,diagnostic_candidate_not_publishable,554,0030121327-000010,0030121327-000010,BR_00000002,BR_00000002,numeric-chain-000028,False,24.0,2026-05-15T13:43:25+08:00,2026-06-26T14:01:55.063+08:00,2026-06-26T14:16:35.762+08:00,0
False,diagnostic_candidate_not_publishable,555,virtual-000012,,,BR_00000002,numeric-chain-000028,True,20.0,,2026-06-26T14:16:35.762+08:00,2026-06-26T14:26:47.227+08:00,0
False,diagnostic_candidate_not_publishable,556,virtual-000011,,,BR_00000002,numeric-chain-000028,True,20.0,,2026-06-26T14:26:47.227+08:00,2026-06-26T14:36:58.692+08:00,0
False,diagnostic_candidate_not_publishable,557,0002002202-000270,0002002202-000270,BR_00000006,BR_00000002,numeric-chain-000028,False,23.0,2026-06-03T21:35:46+08:00,2026-06-26T14:36:58.692+08:00,2026-06-26T14:51:31.346+08:00,0
False,diagnostic_candidate_not_publishable,558,0002002202-000260,0002002202-000260,BR_00000006,BR_00000002,numeric-chain-000028,False,15.93,2026-06-03T21:35:43+08:00,2026-06-26T14:51:31.346+08:00,2026-06-26T15:04:13.286+08:00,0
False,diagnostic_candidate_not_publishable,559,0030122476-000030,0030122476-000030,BR_00000006,BR_00000002,numeric-chain-000028,False,24.0,2026-05-22T08:03:33+08:00,2026-06-26T15:04:13.286+08:00,2026-06-26T15:20:25.254+08:00,0
False,diagnostic_candidate_not_publishable,560,0030122476-000060,0030122476-000060,BR_00000006,BR_00000002,numeric-chain-000028,False,8.92,2026-05-22T08:03:31+08:00,2026-06-26T15:20:25.254+08:00,2026-06-26T15:27:54.861+08:00,0
False,diagnostic_candidate_not_publishable,561,0002002185-000050,0002002185-000050,BR_00000006,BR_00000002,numeric-chain-000028,False,23.0,2026-06-03T21:35:45+08:00,2026-06-26T15:27:54.861+08:00,2026-06-26T15:45:27.848+08:00,0
False,diagnostic_candidate_not_publishable,562,0030122476-000080,0030122476-000080,BR_00000006,BR_00000002,numeric-chain-000028,False,8.0,2026-05-22T08:03:32+08:00,2026-06-26T15:45:27.848+08:00,2026-06-26T15:50:51.889+08:00,0
False,diagnostic_candidate_not_publishable,563,0030120940-000110,0030120940-000110,BR_00000002,BR_00000002,numeric-chain-000028,False,8.66,2026-05-14T08:24:52+08:00,2026-06-26T15:50:51.889+08:00,2026-06-26T15:56:48.119+08:00,0
False,diagnostic_candidate_not_publishable,564,0002002202-000280,0002002202-000280,BR_00000006,BR_00000002,numeric-chain-000028,False,19.0,2026-06-03T21:35:46+08:00,2026-06-26T15:56:48.119+08:00,2026-06-26T16:09:55.449+08:00,0
False,diagnostic_candidate_not_publishable,565,0030125207-000080,0030125207-000080,BR_00000006,BR_00000002,numeric-chain-000028,False,46.0,2026-06-08T08:30:30+08:00,2026-06-26T16:09:55.449+08:00,2026-06-26T16:38:54.929+08:00,0
False,diagnostic_candidate_not_publishable,566,virtual-000014,,,BR_00000002,numeric-chain-000028,True,20.0,,2026-06-26T16:38:54.929+08:00,2026-06-26T16:51:39.260+08:00,0
False,diagnostic_candidate_not_publishable,567,virtual-000013,,,BR_00000002,numeric-chain-000028,True,20.0,,2026-06-26T16:51:39.260+08:00,2026-06-26T17:04:23.591+08:00,0
False,diagnostic_candidate_not_publishable,568,0002002202-000290,0002002202-000290,BR_00000006,BR_00000002,numeric-chain-000028,False,16.0,2026-06-03T21:35:39+08:00,2026-06-26T17:04:23.591+08:00,2026-06-26T17:20:29.448+08:00,0
False,diagnostic_candidate_not_publishable,569,0002002180-000160,0002002180-000160,BR_00000006,BR_00000002,numeric-chain-000028,False,20.0,2026-06-01T10:04:01+08:00,2026-06-26T17:20:29.448+08:00,2026-06-26T17:41:03.235+08:00,0
False,diagnostic_candidate_not_publishable,570,0002002170-000290,0002002170-000290,BR_00000006,BR_00000002,numeric-chain-000028,False,50.0,2026-06-03T21:35:42+08:00,2026-06-26T17:41:03.235+08:00,2026-06-26T18:32:34.689+08:00,0
False,diagnostic_candidate_not_publishable,571,0002002170-000320,0002002170-000320,BR_00000006,BR_00000006,numeric-chain-000031,False,23.0,2026-06-05T21:35:43+08:00,2026-06-26T18:32:34.689+08:00,2026-06-26T18:57:41.664+08:00,0
False,diagnostic_candidate_not_publishable,572,0030124397-000030,0030124397-000030,BR_00000006,BR_00000006,numeric-chain-000031,False,24.0,2026-06-07T08:03:12+08:00,2026-06-26T18:57:41.664+08:00,2026-06-26T19:24:47.829+08:00,0
False,diagnostic_candidate_not_publishable,573,0002002170-000240,0002002170-000240,BR_00000006,BR_00000006,numeric-chain-000031,False,80.0,2026-06-05T21:35:51+08:00,2026-06-26T19:24:47.829+08:00,2026-06-26T20:57:05.558+08:00,0
False,diagnostic_candidate_not_publishable,574,0030123916-000040,0030123916-000040,BR_00000006,BR_00000006,numeric-chain-000031,False,23.0,2026-06-02T20:33:15+08:00,2026-06-26T20:57:05.558+08:00,2026-06-26T21:32:36.421+08:00,0
False,diagnostic_candidate_not_publishable,575,split-000002:piece:0001,0002002073-000010,BR_00000006,BR_00000006,numeric-chain-000031,False,500.0,2026-05-11T13:14:15+08:00,2026-06-26T21:32:36.421+08:00,2026-06-27T15:40:00.229+08:00,0
False,diagnostic_candidate_not_publishable,576,virtual-000016,,,BR_00000006,numeric-chain-000031,True,20.0,,2026-06-27T15:40:00.229+08:00,2026-06-27T16:30:57.554+08:00,0
False,diagnostic_candidate_not_publishable,577,split-000002:piece:0002,0002002073-000010,BR_00000006,BR_00000006,numeric-chain-000031,False,100.0,2026-05-11T13:14:15+08:00,2026-06-27T16:30:57.554+08:00,2026-06-27T20:08:26.316+08:00,0
