publishable,artifact_kind,position,node_id,source_order_id,source_period,assigned_period,chain_id,virtual,weight,earliest_start_at,start_at,completion_at,early_seconds
True,released_plan,1,0030124583-000010,0030124583-000010,BR_00000006,BR_00000001,numeric-chain-000023,False,24.0,2026-06-05T22:03:48+08:00,2026-06-01T00:00:00.000+08:00,2026-06-01T00:16:11.772+08:00,425028
True,released_plan,2,0030125101-000020,0030125101-000020,BR_00000006,BR_00000001,numeric-chain-000023,False,120.0,2026-06-07T21:33:56+08:00,2026-06-01T00:16:11.772+08:00,2026-06-01T01:31:07.838+08:00,595064.228
True,released_plan,3,0010019881-000060,0010019881-000060,BR_00000006,BR_00000001,numeric-chain-000023,False,96.0,2026-05-29T10:04:31+08:00,2026-06-01T01:31:07.838+08:00,2026-06-01T02:25:34.920+08:00,0
True,released_plan,4,0002002054-000060,0002002054-000060,BR_00000001,BR_00000001,numeric-chain-000023,False,50.0,2026-05-07T17:51:28+08:00,2026-06-01T02:25:34.920+08:00,2026-06-01T02:52:48.106+08:00,0
True,released_plan,5,0002002058-000020,0002002058-000020,BR_00000001,BR_00000001,numeric-chain-000023,False,18.91,2026-05-07T17:51:23+08:00,2026-06-01T02:52:48.106+08:00,2026-06-01T03:05:32.842+08:00,0
True,released_plan,6,0005000571-000030,0005000571-000030,BR_00000006,BR_00000001,numeric-chain-000023,False,7.0,2026-06-09T06:34:23+08:00,2026-06-01T03:05:32.842+08:00,2026-06-01T03:09:29.498+08:00,703730.158
True,released_plan,7,0002002059-000020,0002002059-000020,BR_00000001,BR_00000001,numeric-chain-000023,False,20.43,2026-05-07T17:51:37+08:00,2026-06-01T03:09:29.498+08:00,2026-06-01T03:23:27.003+08:00,0
True,released_plan,8,0005000563-000090,0005000563-000090,BR_00000006,BR_00000001,numeric-chain-000023,False,21.0,2026-05-27T17:03:35+08:00,2026-06-01T03:23:27.003+08:00,2026-06-01T03:37:05.564+08:00,0
True,released_plan,9,0002002053-000100,0002002053-000100,BR_00000001,BR_00000001,numeric-chain-000023,False,92.0,2026-05-07T17:51:37+08:00,2026-06-01T03:37:05.564+08:00,2026-06-01T04:41:11.256+08:00,0
True,released_plan,10,0005000548-000050,0005000548-000050,BR_00000001,BR_00000001,numeric-chain-000023,False,7.0,2026-05-10T11:53:42+08:00,2026-06-01T04:41:11.256+08:00,2026-06-01T04:46:05.068+08:00,0
True,released_plan,11,0030119945-000140,0030119945-000140,BR_00000001,BR_00000001,numeric-chain-000023,False,24.0,2026-05-07T22:54:40+08:00,2026-06-01T04:46:05.068+08:00,2026-06-01T05:05:45.882+08:00,0
True,released_plan,12,0030124772-000010,0030124772-000010,BR_00000006,BR_00000001,numeric-chain-000023,False,24.0,2026-06-05T22:33:34+08:00,2026-06-01T05:05:45.882+08:00,2026-06-01T05:22:44.990+08:00,408468.118
True,released_plan,13,0002002170-000050,0002002170-000050,BR_00000006,BR_00000001,numeric-chain-000023,False,23.0,2026-06-03T21:35:44+08:00,2026-06-01T05:22:44.990+08:00,2026-06-01T05:43:31.771+08:00,231179.01
True,released_plan,14,0030118093-000020,0030118093-000020,BR_00000001,BR_00000001,numeric-chain-000023,False,135.54,2026-05-03T06:15:16+08:00,2026-06-01T05:43:31.771+08:00,2026-06-01T07:57:27.565+08:00,0
True,released_plan,15,0030120939-000080,0030120939-000080,BR_00000002,BR_00000001,numeric-chain-000023,False,46.0,2026-05-14T08:24:49+08:00,2026-06-01T07:57:27.565+08:00,2026-06-01T08:39:55.336+08:00,0
True,released_plan,16,0002002053-000050,0002002053-000050,BR_00000001,BR_00000001,numeric-chain-000023,False,13.67,2026-05-07T17:51:31+08:00,2026-06-01T08:39:55.336+08:00,2026-06-01T08:53:06.882+08:00,0
True,released_plan,17,0030120939-000070,0030120939-000070,BR_00000002,BR_00000001,numeric-chain-000023,False,23.0,2026-05-14T08:24:50+08:00,2026-06-01T08:53:06.882+08:00,2026-06-01T09:15:18.671+08:00,0
True,released_plan,18,0030120939-000060,0030120939-000060,BR_00000002,BR_00000001,numeric-chain-000023,False,23.45,2026-05-14T08:24:49+08:00,2026-06-01T09:15:18.671+08:00,2026-06-01T09:38:21.662+08:00,0
True,released_plan,19,0030117285-000070,0030117285-000070,BR_00000001,BR_00000001,numeric-chain-000023,False,12.8,2026-04-30T06:39:23+08:00,2026-06-01T09:38:21.662+08:00,2026-06-01T09:52:20.722+08:00,0
True,released_plan,20,0002002021-000070,0002002021-000070,BR_00000001,BR_00000001,numeric-chain-000023,False,19.0,2026-05-07T20:53:21+08:00,2026-06-01T09:52:20.722+08:00,2026-06-01T10:13:25.289+08:00,0
True,released_plan,21,0002002184-000160,0002002184-000160,BR_00000006,BR_00000001,numeric-chain-000023,False,16.0,2026-06-03T21:35:47+08:00,2026-06-01T10:13:25.289+08:00,2026-06-01T10:29:48.984+08:00,213741.711
True,released_plan,22,0030125207-000130,0030125207-000130,BR_00000006,BR_00000001,numeric-chain-000023,False,22.0,2026-06-08T08:30:31+08:00,2026-06-01T10:29:48.984+08:00,2026-06-01T10:52:55.012+08:00,597642.016
True,released_plan,23,0002002170-000090,0002002170-000090,BR_00000006,BR_00000001,numeric-chain-000023,False,25.0,2026-06-03T21:35:49+08:00,2026-06-01T10:52:55.012+08:00,2026-06-01T11:21:52.128+08:00,211373.988
True,released_plan,24,0030125207-000140,0030125207-000140,BR_00000006,BR_00000001,numeric-chain-000023,False,44.0,2026-06-08T08:30:31+08:00,2026-06-01T11:21:52.128+08:00,2026-06-01T12:13:11.005+08:00,594518.872
True,released_plan,25,0002002170-000190,0002002170-000190,BR_00000006,BR_00000001,numeric-chain-000023,False,40.0,2026-06-03T21:35:48+08:00,2026-06-01T12:13:11.005+08:00,2026-06-01T13:03:06.033+08:00,206556.995
True,released_plan,26,0030118934-000010,0030118934-000010,BR_00000001,BR_00000001,numeric-chain-000023,False,130.44,2026-05-07T08:26:10+08:00,2026-06-01T13:03:06.033+08:00,2026-06-01T15:41:52.967+08:00,0
True,released_plan,27,0002002170-000140,0002002170-000140,BR_00000006,BR_00000001,numeric-chain-000023,False,16.0,2026-06-03T21:35:51+08:00,2026-06-01T15:41:52.967+08:00,2026-06-01T16:00:46.569+08:00,194038.033
True,released_plan,28,0002002170-000070,0002002170-000070,BR_00000006,BR_00000001,numeric-chain-000023,False,16.0,2026-06-03T21:35:44+08:00,2026-06-01T16:00:46.569+08:00,2026-06-01T16:19:51.634+08:00,192897.431
True,released_plan,29,0002002055-000070,0002002055-000070,BR_00000001,BR_00000001,numeric-chain-000019,False,491.0,2026-05-07T20:53:33+08:00,2026-06-01T16:19:51.634+08:00,2026-06-02T05:35:34.379+08:00,0
True,released_plan,30,0010019680-000010,0010019680-000010,BR_00000006,BR_00000001,numeric-chain-000019,False,48.0,2026-05-26T09:33:08+08:00,2026-06-02T05:35:34.379+08:00,2026-06-02T06:54:45.467+08:00,0
True,released_plan,31,split-000001:piece:0002,0002002055-000120,BR_00000001,BR_00000001,numeric-chain-000019,False,70.3,2026-05-07T20:53:29+08:00,2026-06-02T06:54:45.467+08:00,2026-06-02T08:52:44.846+08:00,0
True,released_plan,32,0002002054-000340,0002002054-000340,BR_00000001,BR_00000001,numeric-chain-000019,False,102.32,2026-05-07T17:51:40+08:00,2026-06-02T08:52:44.846+08:00,2026-06-02T11:44:28.715+08:00,0
True,released_plan,33,split-000001:piece:0001,0002002055-000120,BR_00000001,BR_00000001,numeric-chain-000019,False,500.0,2026-05-07T20:53:29+08:00,2026-06-02T11:44:28.715+08:00,2026-06-03T01:43:39.914+08:00,0
True,released_plan,34,virtual-000017,,,BR_00000001,numeric-chain-000019,True,20.0,,2026-06-03T01:43:39.914+08:00,2026-06-03T02:17:38.131+08:00,0
True,released_plan,35,0010019680-000030,0010019680-000030,BR_00000006,BR_00000001,numeric-chain-000019,False,48.0,2026-05-26T09:33:08+08:00,2026-06-03T02:17:38.131+08:00,2026-06-03T03:37:30.176+08:00,0
True,released_plan,36,0002002176-000010,0002002176-000010,BR_00000006,BR_00000001,numeric-chain-000019,False,15.0,2026-05-31T11:33:37+08:00,2026-06-03T03:37:30.176+08:00,2026-06-03T04:00:44.517+08:00,0
True,released_plan,37,0030117283-000020,0030117283-000020,BR_00000001,BR_00000001,numeric-chain-000019,False,3.44,2026-04-30T06:39:24+08:00,2026-06-03T04:00:44.517+08:00,2026-06-03T04:06:09.945+08:00,0
True,released_plan,38,0030125206-000010,0030125206-000010,BR_00000006,BR_00000001,numeric-chain-000019,False,23.0,2026-06-08T08:30:29+08:00,2026-06-03T04:06:09.945+08:00,2026-06-03T04:45:48.140+08:00,447859.055
True,released_plan,39,0030124800-000060,0030124800-000060,BR_00000006,BR_00000001,numeric-chain-000019,False,23.0,2026-06-07T06:34:24+08:00,2026-06-03T04:45:48.140+08:00,2026-06-03T05:29:33.531+08:00,352115.86
True,released_plan,40,0030124800-000050,0030124800-000050,BR_00000006,BR_00000001,numeric-chain-000019,False,23.0,2026-06-07T06:34:22+08:00,2026-06-03T05:29:33.531+08:00,2026-06-03T06:15:22.064+08:00,349488.469
True,released_plan,41,0002002184-000130,0002002184-000130,BR_00000006,BR_00000001,numeric-chain-000019,False,19.0,2026-06-03T21:35:41+08:00,2026-06-03T06:15:22.064+08:00,2026-06-03T06:49:52.005+08:00,55218.936
True,released_plan,42,0002002195-000050,0002002195-000050,BR_00000006,BR_00000001,numeric-chain-000019,False,48.0,2026-06-02T12:05:21+08:00,2026-06-03T06:49:52.005+08:00,2026-06-03T08:10:19.074+08:00,0
True,released_plan,43,0002002202-000050,0002002202-000050,BR_00000006,BR_00000001,numeric-chain-000019,False,25.0,2026-06-03T21:35:50+08:00,2026-06-03T08:10:19.074+08:00,2026-06-03T08:49:20.201+08:00,48330.926
True,released_plan,44,0002002195-000040,0002002195-000040,BR_00000006,BR_00000001,numeric-chain-000019,False,64.87,2026-06-02T12:05:19+08:00,2026-06-03T08:49:20.201+08:00,2026-06-03T10:39:18.268+08:00,0
True,released_plan,45,0002002176-000210,0002002176-000210,BR_00000006,BR_00000001,numeric-chain-000019,False,15.0,2026-05-31T11:33:37+08:00,2026-06-03T10:39:18.268+08:00,2026-06-03T11:07:05.366+08:00,0
True,released_plan,46,0002002195-000220,0002002195-000220,BR_00000006,BR_00000001,numeric-chain-000019,False,80.0,2026-06-02T12:05:16+08:00,2026-06-03T11:07:05.366+08:00,2026-06-03T13:24:08.402+08:00,0
True,released_plan,47,0002002184-000210,0002002184-000210,BR_00000006,BR_00000001,numeric-chain-000019,False,25.0,2026-06-03T21:35:45+08:00,2026-06-03T13:24:08.402+08:00,2026-06-03T14:10:59.270+08:00,29496.598
True,released_plan,48,0002002180-000030,0002002180-000030,BR_00000006,BR_00000001,numeric-chain-000019,False,89.0,2026-06-01T10:04:04+08:00,2026-06-03T14:10:59.270+08:00,2026-06-03T16:59:24.065+08:00,0
True,released_plan,49,0002002176-000090,0002002176-000090,BR_00000006,BR_00000001,numeric-chain-000019,False,20.0,2026-05-31T11:33:36+08:00,2026-06-03T16:59:24.065+08:00,2026-06-03T17:38:40.276+08:00,0
True,released_plan,50,0002002170-000280,0002002170-000280,BR_00000006,BR_00000001,numeric-chain-000019,False,19.0,2026-06-03T21:35:44+08:00,2026-06-03T17:38:40.276+08:00,2026-06-03T18:13:32.027+08:00,14223.724
True,released_plan,51,0002002180-000050,0002002180-000050,BR_00000006,BR_00000001,numeric-chain-000019,False,20.0,2026-06-01T10:04:03+08:00,2026-06-03T18:13:32.027+08:00,2026-06-03T18:52:41.466+08:00,0
True,released_plan,52,0002002195-000210,0002002195-000210,BR_00000006,BR_00000001,numeric-chain-000019,False,8.86,2026-06-02T12:05:18+08:00,2026-06-03T18:52:41.466+08:00,2026-06-03T19:13:17.679+08:00,0
True,released_plan,53,0002002170-000130,0002002170-000130,BR_00000006,BR_00000001,numeric-chain-000019,False,55.0,2026-06-03T21:35:51+08:00,2026-06-03T19:13:17.679+08:00,2026-06-03T21:11:38.489+08:00,8553.321
True,released_plan,54,0030119938-000340,0030119938-000340,BR_00000001,BR_00000001,numeric-chain-000013,False,48.0,2026-05-07T22:54:11+08:00,2026-06-03T21:11:38.489+08:00,2026-06-03T21:33:28.186+08:00,0
True,released_plan,55,0030122647-000590,0030122647-000590,BR_00000006,BR_00000001,numeric-chain-000013,False,48.0,2026-05-25T09:34:49+08:00,2026-06-03T21:33:28.186+08:00,2026-06-03T21:55:17.883+08:00,0
True,released_plan,56,0030122647-000580,0030122647-000580,BR_00000006,BR_00000001,numeric-chain-000013,False,48.0,2026-05-25T09:34:53+08:00,2026-06-03T21:55:17.883+08:00,2026-06-03T22:19:19.223+08:00,0
True,released_plan,57,0030119938-000330,0030119938-000330,BR_00000001,BR_00000001,numeric-chain-000013,False,95.14,2026-05-07T22:54:31+08:00,2026-06-03T22:19:19.223+08:00,2026-06-03T23:09:14.526+08:00,0
True,released_plan,58,0030122647-000570,0030122647-000570,BR_00000006,BR_00000001,numeric-chain-000013,False,48.0,2026-05-25T09:34:52+08:00,2026-06-03T23:09:14.526+08:00,2026-06-03T23:34:25.715+08:00,0
True,released_plan,59,0030119938-000320,0030119938-000320,BR_00000001,BR_00000001,numeric-chain-000013,False,24.6,2026-05-07T22:54:10+08:00,2026-06-03T23:34:25.715+08:00,2026-06-03T23:47:51.179+08:00,0
True,released_plan,60,0030122647-000560,0030122647-000560,BR_00000006,BR_00000001,numeric-chain-000013,False,72.0,2026-05-25T09:34:53+08:00,2026-06-03T23:47:51.179+08:00,2026-06-04T00:27:08.634+08:00,0
True,released_plan,61,0002002074-000010,0002002074-000010,BR_00000006,BR_00000001,numeric-chain-000013,False,150.0,2026-05-11T13:14:15+08:00,2026-06-04T00:27:08.634+08:00,2026-06-04T01:55:36.490+08:00,0
True,released_plan,62,virtual-000020,,,BR_00000001,numeric-chain-000013,True,20.0,,2026-06-04T01:55:36.490+08:00,2026-06-04T02:12:35.598+08:00,0
True,released_plan,63,0005000563-000170,0005000563-000170,BR_00000006,BR_00000001,numeric-chain-000013,False,48.0,2026-05-27T17:03:36+08:00,2026-06-04T02:12:35.598+08:00,2026-06-04T03:09:12.626+08:00,0
True,released_plan,64,0030122480-000070,0030122480-000070,BR_00000006,BR_00000001,numeric-chain-000013,False,108.0,2026-05-22T08:03:32+08:00,2026-06-04T03:09:12.626+08:00,2026-06-04T05:15:53.710+08:00,0
True,released_plan,65,0030121196-000030,0030121196-000030,BR_00000002,BR_00000001,numeric-chain-000021,False,46.91,2026-05-15T10:42:08+08:00,2026-06-04T05:15:53.710+08:00,2026-06-04T06:07:38.020+08:00,0
True,released_plan,66,0030123053-000010,0030123053-000010,BR_00000006,BR_00000001,numeric-chain-000021,False,48.0,2026-05-28T13:04:54+08:00,2026-06-04T06:07:38.020+08:00,2026-06-04T06:55:53.214+08:00,0
True,released_plan,67,0030118957-000010,0030118957-000010,BR_00000001,BR_00000001,numeric-chain-000021,False,48.0,2026-05-07T08:26:10+08:00,2026-06-04T06:55:53.214+08:00,2026-06-04T07:47:16.231+08:00,0
True,released_plan,68,0030119098-000060,0030119098-000060,BR_00000001,BR_00000001,numeric-chain-000021,False,24.0,2026-05-07T13:11:03+08:00,2026-06-04T07:47:16.231+08:00,2026-06-04T08:22:01.292+08:00,0
True,released_plan,69,0030123143-000030,0030123143-000030,BR_00000006,BR_00000001,numeric-chain-000021,False,175.0,2026-05-31T10:04:29+08:00,2026-06-04T08:22:01.292+08:00,2026-06-04T12:38:52.971+08:00,0
True,released_plan,70,0010019718-000020,0010019718-000020,BR_00000006,BR_00000001,numeric-chain-000021,False,58.0,2026-05-26T10:34:05+08:00,2026-06-04T12:38:52.971+08:00,2026-06-04T14:22:13.140+08:00,0
True,released_plan,71,0002002170-000030,0002002170-000030,BR_00000006,BR_00000001,numeric-chain-000021,False,23.0,2026-06-03T21:35:45+08:00,2026-06-04T14:22:13.140+08:00,2026-06-04T14:56:22.047+08:00,0
True,released_plan,72,0002002176-000190,0002002176-000190,BR_00000006,BR_00000001,numeric-chain-000021,False,15.0,2026-05-31T11:33:36+08:00,2026-06-04T14:56:22.047+08:00,2026-06-04T15:18:43.450+08:00,0
True,released_plan,73,0002002202-000090,0002002202-000090,BR_00000006,BR_00000001,numeric-chain-000021,False,138.0,2026-06-03T21:35:51+08:00,2026-06-04T15:18:43.450+08:00,2026-06-04T18:30:48.549+08:00,0
True,released_plan,74,0030123916-000040,0030123916-000040,BR_00000006,BR_00000001,numeric-chain-000021,False,23.0,2026-06-02T20:33:15+08:00,2026-06-04T18:30:48.549+08:00,2026-06-04T19:06:19.412+08:00,0
True,released_plan,75,0030122897-000060,0030122897-000060,BR_00000006,BR_00000001,numeric-chain-000021,False,72.0,2026-05-27T13:03:52+08:00,2026-06-04T19:06:19.412+08:00,2026-06-04T20:57:29.939+08:00,0
True,released_plan,76,0030123653-000040,0030123653-000040,BR_00000006,BR_00000001,numeric-chain-000021,False,48.0,2026-06-02T08:35:05+08:00,2026-06-04T20:57:29.939+08:00,2026-06-04T22:13:56.385+08:00,0
True,released_plan,77,0030123143-000050,0030123143-000050,BR_00000006,BR_00000001,numeric-chain-000021,False,13.39,2026-05-31T10:04:30+08:00,2026-06-04T22:13:56.385+08:00,2026-06-04T22:35:17.927+08:00,0
True,released_plan,78,0002002054-000260,0002002054-000260,BR_00000001,BR_00000001,numeric-chain-000021,False,293.39,2026-05-07T17:51:23+08:00,2026-06-04T22:35:17.927+08:00,2026-06-05T06:47:43.004+08:00,0
True,released_plan,79,0030124871-000040,0030124871-000040,BR_00000006,BR_00000001,numeric-chain-000021,False,20.0,2026-06-07T06:34:24+08:00,2026-06-05T06:47:43.004+08:00,2026-06-05T07:20:59.690+08:00,172000.996
True,released_plan,80,0002002152-000010,0002002152-000010,BR_00000006,BR_00000001,numeric-chain-000021,False,23.0,2026-05-26T18:03:13+08:00,2026-06-05T07:20:59.690+08:00,2026-06-05T07:58:09.792+08:00,0
True,released_plan,81,0002002170-000310,0002002170-000310,BR_00000006,BR_00000001,numeric-chain-000021,False,23.0,2026-06-03T21:35:41+08:00,2026-06-05T07:58:09.792+08:00,2026-06-05T08:39:41.234+08:00,0
True,released_plan,82,0030119041-000020,0030119041-000020,BR_00000001,BR_00000001,numeric-chain-000021,False,16.85,2026-05-10T11:53:48+08:00,2026-06-05T08:39:41.234+08:00,2026-06-05T09:08:43.520+08:00,0
True,released_plan,83,0030118934-000060,0030118934-000060,BR_00000001,BR_00000001,numeric-chain-000021,False,188.59,2026-05-07T08:26:14+08:00,2026-06-05T09:08:43.520+08:00,2026-06-05T13:47:17.948+08:00,0
True,released_plan,84,0030119959-000010,0030119959-000010,BR_00000001,BR_00000001,numeric-chain-000021,False,23.0,2026-05-08T11:53:47+08:00,2026-06-05T13:47:17.948+08:00,2026-06-05T14:23:53.205+08:00,0
True,released_plan,85,0030124772-000060,0030124772-000060,BR_00000006,BR_00000001,numeric-chain-000021,False,23.0,2026-06-05T22:33:34+08:00,2026-06-05T14:23:53.205+08:00,2026-06-05T15:00:28.462+08:00,29380.795
True,released_plan,86,0002002180-000270,0002002180-000270,BR_00000006,BR_00000001,numeric-chain-000021,False,20.0,2026-06-03T10:04:03+08:00,2026-06-05T15:00:28.462+08:00,2026-06-05T15:32:52.089+08:00,0
True,released_plan,87,0030123142-000030,0030123142-000030,BR_00000006,BR_00000001,numeric-chain-000021,False,132.0,2026-05-31T10:04:32+08:00,2026-06-05T15:32:52.089+08:00,2026-06-05T19:47:51.463+08:00,0
True,released_plan,88,0030125207-000060,0030125207-000060,BR_00000006,BR_00000001,numeric-chain-000015,False,24.0,2026-06-08T08:30:31+08:00,2026-06-05T19:47:51.463+08:00,2026-06-05T20:12:50.727+08:00,218559.537
True,released_plan,89,0002002176-000230,0002002176-000230,BR_00000006,BR_00000001,numeric-chain-000015,False,15.0,2026-05-31T11:33:38+08:00,2026-06-05T20:12:50.727+08:00,2026-06-05T20:31:27.844+08:00,0
True,released_plan,90,0002002185-000130,0002002185-000130,BR_00000006,BR_00000001,numeric-chain-000015,False,23.0,2026-06-03T21:35:48+08:00,2026-06-05T20:31:27.844+08:00,2026-06-05T20:57:59.228+08:00,0
True,released_plan,91,0002002185-000080,0002002185-000080,BR_00000006,BR_00000001,numeric-chain-000015,False,40.0,2026-06-03T21:35:47+08:00,2026-06-05T20:57:59.228+08:00,2026-06-05T21:40:57.508+08:00,0
True,released_plan,92,0002001998-000190,0002001998-000190,BR_00000001,BR_00000001,numeric-chain-000015,False,42.46,2026-04-30T10:55:54+08:00,2026-06-05T21:40:57.508+08:00,2026-06-05T22:35:13.930+08:00,0
True,released_plan,93,0002002195-000160,0002002195-000160,BR_00000006,BR_00000001,numeric-chain-000015,False,635.0,2026-06-02T12:05:17+08:00,2026-06-05T22:35:13.930+08:00,2026-06-06T12:06:54.544+08:00,0
True,released_plan,94,0030125168-000080,0030125168-000080,BR_00000006,BR_00000001,numeric-chain-000015,False,24.0,2026-06-07T21:33:55+08:00,2026-06-06T12:06:54.544+08:00,2026-06-06T12:30:04.237+08:00,120420.456
True,released_plan,95,0005000563-000280,0005000563-000280,BR_00000006,BR_00000001,numeric-chain-000015,False,21.0,2026-05-27T16:03:25+08:00,2026-06-06T12:30:04.237+08:00,2026-06-06T12:51:03.886+08:00,0
True,released_plan,96,0030119860-000030,0030119860-000030,BR_00000001,BR_00000001,numeric-chain-000015,False,56.58,2026-05-07T20:53:20+08:00,2026-06-06T12:51:03.886+08:00,2026-06-06T13:49:09.207+08:00,0
True,released_plan,97,0002002053-000120,0002002053-000120,BR_00000001,BR_00000001,numeric-chain-000015,False,18.57,2026-05-07T17:51:25+08:00,2026-06-06T13:49:09.207+08:00,2026-06-06T14:08:21.287+08:00,0
True,released_plan,98,0002002054-000200,0002002054-000200,BR_00000001,BR_00000001,numeric-chain-000015,False,52.56,2026-05-07T17:51:37+08:00,2026-06-06T14:08:21.287+08:00,2026-06-06T15:03:17.418+08:00,0
True,released_plan,99,0002002055-000050,0002002055-000050,BR_00000001,BR_00000001,numeric-chain-000015,False,280.12,2026-05-07T20:53:32+08:00,2026-06-06T15:03:17.418+08:00,2026-06-06T21:56:00.830+08:00,0
True,released_plan,100,0002002170-000410,0002002170-000410,BR_00000006,BR_00000001,numeric-chain-000015,False,23.0,2026-06-03T21:35:40+08:00,2026-06-06T21:56:00.830+08:00,2026-06-06T22:22:14.373+08:00,0
True,released_plan,101,0030118006-000010,0030118006-000010,BR_00000001,BR_00000001,numeric-chain-000015,False,55.45,2026-05-03T06:15:18+08:00,2026-06-06T22:22:14.373+08:00,2026-06-06T23:44:53.091+08:00,0
True,released_plan,102,0002002195-000110,0002002195-000110,BR_00000006,BR_00000001,numeric-chain-000015,False,110.0,2026-06-04T12:05:16+08:00,2026-06-06T23:44:53.091+08:00,2026-06-07T02:30:06.596+08:00,0
True,released_plan,103,0030123141-000010,0030123141-000010,BR_00000006,BR_00000001,numeric-chain-000015,False,50.0,2026-05-31T14:41:58+08:00,2026-06-07T02:30:06.596+08:00,2026-06-07T03:45:48.077+08:00,0
True,released_plan,104,0030122897-000010,0030122897-000010,BR_00000006,BR_00000001,numeric-chain-000015,False,24.0,2026-05-27T13:03:55+08:00,2026-06-07T03:45:48.077+08:00,2026-06-07T04:30:16.288+08:00,0
True,released_plan,105,0030125168-000060,0030125168-000060,BR_00000006,BR_00000001,numeric-chain-000015,False,24.0,2026-06-07T21:33:52+08:00,2026-06-07T04:30:16.288+08:00,2026-06-07T05:23:47.764+08:00,61415.712
True,released_plan,106,0030125168-000050,0030125168-000050,BR_00000006,BR_00000001,numeric-chain-000015,False,24.0,2026-06-07T21:33:56+08:00,2026-06-07T05:23:47.764+08:00,2026-06-07T06:24:28.881+08:00,58208.236
True,released_plan,107,0030123654-000010,0030123654-000010,BR_00000006,BR_00000001,numeric-chain-000015,False,48.0,2026-06-07T06:34:21+08:00,2026-06-07T06:24:28.881+08:00,2026-06-07T07:49:27.609+08:00,592.119
True,released_plan,108,0030118641-000020,0030118641-000020,BR_00000001,BR_00000001,numeric-chain-000015,False,6.04,2026-05-06T08:24:24+08:00,2026-06-07T07:49:27.609+08:00,2026-06-07T08:06:56.827+08:00,0
True,released_plan,109,0002002187-000020,0002002187-000020,BR_00000006,BR_00000001,numeric-chain-000000,False,25.0,2026-06-06T13:03:09+08:00,2026-06-07T08:06:56.827+08:00,2026-06-07T08:33:31.975+08:00,0
True,released_plan,110,0002002177-000010,0002002177-000010,BR_00000006,BR_00000001,numeric-chain-000000,False,30.0,2026-06-03T14:02:05+08:00,2026-06-07T08:33:31.975+08:00,2026-06-07T09:06:09.289+08:00,0
True,released_plan,111,0002002177-000020,0002002177-000020,BR_00000006,BR_00000001,numeric-chain-000000,False,15.0,2026-06-03T14:02:06+08:00,2026-06-07T09:06:09.289+08:00,2026-06-07T09:24:21.815+08:00,0
True,released_plan,112,0002002195-000200,0002002195-000200,BR_00000006,BR_00000001,numeric-chain-000000,False,24.0,2026-06-04T12:05:18+08:00,2026-06-07T09:24:21.815+08:00,2026-06-07T09:52:35.272+08:00,0
True,released_plan,113,0030118966-000010,0030118966-000010,BR_00000001,BR_00000001,numeric-chain-000000,False,31.64,2026-05-09T08:26:16+08:00,2026-06-07T09:52:35.272+08:00,2026-06-07T10:30:28.323+08:00,0
True,released_plan,114,0030123255-000020,0030123255-000020,BR_00000006,BR_00000001,numeric-chain-000000,False,46.0,2026-05-31T16:04:07+08:00,2026-06-07T10:30:28.323+08:00,2026-06-07T11:22:44.041+08:00,0
True,released_plan,115,0030123256-000030,0030123256-000030,BR_00000006,BR_00000001,numeric-chain-000000,False,46.0,2026-05-31T16:04:10+08:00,2026-06-07T11:22:44.041+08:00,2026-06-07T12:15:20.804+08:00,0
True,released_plan,116,0002002176-000150,0002002176-000150,BR_00000006,BR_00000001,numeric-chain-000000,False,23.0,2026-06-02T11:33:37+08:00,2026-06-07T12:15:20.804+08:00,2026-06-07T12:43:13.381+08:00,0
True,released_plan,117,0002002170-000010,0002002170-000010,BR_00000006,BR_00000001,numeric-chain-000000,False,23.0,2026-06-05T21:35:50+08:00,2026-06-07T12:43:13.381+08:00,2026-06-07T13:11:05.958+08:00,0
True,released_plan,118,0030123142-000010,0030123142-000010,BR_00000006,BR_00000001,numeric-chain-000000,False,312.0,2026-05-31T10:04:28+08:00,2026-06-07T13:11:05.958+08:00,2026-06-07T19:03:26.097+08:00,0
True,released_plan,119,0030124397-000030,0030124397-000030,BR_00000006,BR_00000001,numeric-chain-000000,False,24.0,2026-06-07T08:03:12+08:00,2026-06-07T19:03:26.097+08:00,2026-06-07T19:30:32.262+08:00,0
True,released_plan,120,0030120049-000040,0030120049-000040,BR_00000001,BR_00000001,numeric-chain-000000,False,24.0,2026-05-08T13:26:37+08:00,2026-06-07T19:30:32.262+08:00,2026-06-07T19:58:06.659+08:00,0
True,released_plan,121,0002002170-000240,0002002170-000240,BR_00000006,BR_00000001,numeric-chain-000000,False,80.0,2026-06-05T21:35:51+08:00,2026-06-07T19:58:06.659+08:00,2026-06-07T21:30:24.388+08:00,0
True,released_plan,122,0002002176-000110,0002002176-000110,BR_00000006,BR_00000001,numeric-chain-000000,False,35.0,2026-06-02T11:33:37+08:00,2026-06-07T21:30:24.388+08:00,2026-06-07T22:14:22.950+08:00,0
True,released_plan,123,0030124683-000030,0030124683-000030,BR_00000006,BR_00000001,numeric-chain-000000,False,48.0,2026-06-05T22:03:48+08:00,2026-06-07T22:14:22.950+08:00,2026-06-07T23:03:39.744+08:00,0
True,released_plan,124,0030121799-000010,0030121799-000010,BR_00000006,BR_00000001,numeric-chain-000000,False,168.0,2026-05-18T16:03:36+08:00,2026-06-07T23:03:39.744+08:00,2026-06-08T02:56:06.485+08:00,0
True,released_plan,125,0030121346-000020,0030121346-000020,BR_00000002,BR_00000001,numeric-chain-000000,False,48.0,2026-05-16T08:29:13+08:00,2026-06-08T02:56:06.485+08:00,2026-06-08T04:15:55.090+08:00,0
True,released_plan,126,0030125168-000010,0030125168-000010,BR_00000006,BR_00000001,numeric-chain-000000,False,72.0,2026-06-07T21:33:56+08:00,2026-06-08T04:15:55.090+08:00,2026-06-08T06:47:31.263+08:00,0
True,released_plan,127,0010019718-000010,0010019718-000010,BR_00000006,BR_00000001,numeric-chain-000000,False,58.0,2026-05-26T10:34:03+08:00,2026-06-08T06:47:31.263+08:00,2026-06-08T08:27:01.796+08:00,0
True,released_plan,128,0030123654-000020,0030123654-000020,BR_00000006,BR_00000001,numeric-chain-000000,False,48.0,2026-06-07T06:34:23+08:00,2026-06-08T08:27:01.796+08:00,2026-06-08T09:34:19.867+08:00,0
True,released_plan,129,0030125168-000030,0030125168-000030,BR_00000006,BR_00000001,numeric-chain-000000,False,48.0,2026-06-07T21:33:52+08:00,2026-06-08T09:34:19.867+08:00,2026-06-08T11:19:08.071+08:00,0
True,released_plan,130,0030119098-000010,0030119098-000010,BR_00000001,BR_00000001,numeric-chain-000000,False,22.98,2026-05-07T13:11:00+08:00,2026-06-08T11:19:08.071+08:00,2026-06-08T12:10:04.651+08:00,0
True,released_plan,131,0030125168-000020,0030125168-000020,BR_00000006,BR_00000001,numeric-chain-000000,False,48.0,2026-06-07T21:33:54+08:00,2026-06-08T12:10:04.651+08:00,2026-06-08T13:56:29.152+08:00,0
True,released_plan,132,0002002054-000270,0002002054-000270,BR_00000001,BR_00000001,numeric-chain-000000,False,12.7,2026-05-07T17:51:21+08:00,2026-06-08T13:56:29.152+08:00,2026-06-08T14:25:42.839+08:00,0
True,released_plan,133,0002002055-000010,0002002055-000010,BR_00000001,BR_00000001,numeric-chain-000000,False,70.55,2026-05-07T20:53:25+08:00,2026-06-08T14:25:42.839+08:00,2026-06-08T16:36:26.267+08:00,0
True,released_plan,134,0002002054-000350,0002002054-000350,BR_00000001,BR_00000001,numeric-chain-000000,False,98.97,2026-05-07T17:51:36+08:00,2026-06-08T16:36:26.267+08:00,2026-06-08T19:39:49.301+08:00,0
True,released_plan,135,0002002054-000320,0002002054-000320,BR_00000001,BR_00000001,numeric-chain-000000,False,23.0,2026-05-07T17:51:35+08:00,2026-06-08T19:39:49.301+08:00,2026-06-08T20:22:57.393+08:00,0
True,released_plan,136,0030118641-000010,0030118641-000010,BR_00000001,BR_00000001,numeric-chain-000000,False,22.03,2026-05-06T08:24:23+08:00,2026-06-08T20:22:57.393+08:00,2026-06-08T21:16:06.449+08:00,0
True,released_plan,137,0030123916-000010,0030123916-000010,BR_00000006,BR_00000001,numeric-chain-000000,False,23.0,2026-06-02T20:33:15+08:00,2026-06-08T21:16:06.449+08:00,2026-06-08T22:11:35.922+08:00,0
True,released_plan,138,0002002054-000040,0002002054-000040,BR_00000001,BR_00000001,numeric-chain-000000,False,36.52,2026-05-07T17:51:41+08:00,2026-06-08T22:11:35.922+08:00,2026-06-08T23:25:09.104+08:00,0
True,released_plan,139,0002002055-000040,0002002055-000040,BR_00000001,BR_00000001,numeric-chain-000000,False,346.03,2026-05-07T20:53:26+08:00,2026-06-08T23:25:09.104+08:00,2026-06-09T11:02:04.365+08:00,0
True,released_plan,140,0002002055-000080,0002002055-000080,BR_00000001,BR_00000001,numeric-chain-000000,False,5.45,2026-05-07T20:53:24+08:00,2026-06-09T11:02:04.365+08:00,2026-06-09T11:13:02.959+08:00,0
True,released_plan,141,0002002054-000310,0002002054-000310,BR_00000001,BR_00000001,numeric-chain-000000,False,11.7,2026-05-07T17:51:29+08:00,2026-06-09T11:13:02.959+08:00,2026-06-09T11:37:41.087+08:00,0
True,released_plan,142,0030117284-000030,0030117284-000030,BR_00000001,BR_00000001,numeric-chain-000000,False,13.54,2026-04-30T06:39:24+08:00,2026-06-09T11:37:41.087+08:00,2026-06-09T12:02:42.199+08:00,0
True,released_plan,143,0030124731-000010,0030124731-000010,BR_00000006,BR_00000001,numeric-chain-000009,False,48.0,2026-06-05T22:03:48+08:00,2026-06-09T12:02:42.199+08:00,2026-06-09T12:50:34.950+08:00,0
True,released_plan,144,0010019881-000020,0010019881-000020,BR_00000006,BR_00000001,numeric-chain-000009,False,24.0,2026-05-29T10:04:32+08:00,2026-06-09T12:50:34.950+08:00,2026-06-09T13:13:59.271+08:00,0
True,released_plan,145,0030124871-000020,0030124871-000020,BR_00000006,BR_00000001,numeric-chain-000009,False,20.0,2026-06-07T06:34:21+08:00,2026-06-09T13:13:59.271+08:00,2026-06-09T13:30:06.014+08:00,0
True,released_plan,146,0030122897-000050,0030122897-000050,BR_00000006,BR_00000001,numeric-chain-000009,False,24.0,2026-05-27T13:03:51+08:00,2026-06-09T13:30:06.014+08:00,2026-06-09T13:50:28.944+08:00,0
True,released_plan,147,0002002195-000100,0002002195-000100,BR_00000006,BR_00000001,numeric-chain-000009,False,230.0,2026-06-04T12:05:19+08:00,2026-06-09T13:50:28.944+08:00,2026-06-09T17:28:48.510+08:00,0
True,released_plan,148,0030123653-000030,0030123653-000030,BR_00000006,BR_00000001,numeric-chain-000009,False,48.0,2026-06-02T08:35:06+08:00,2026-06-09T17:28:48.510+08:00,2026-06-09T18:26:42.743+08:00,0
True,released_plan,149,0030117283-000030,0030117283-000030,BR_00000001,BR_00000001,numeric-chain-000009,False,13.32,2026-04-30T06:39:23+08:00,2026-06-09T18:26:42.743+08:00,2026-06-09T18:44:25.522+08:00,0
True,released_plan,150,0030125102-000010,0030125102-000010,BR_00000006,BR_00000001,numeric-chain-000009,False,72.0,2026-06-07T21:33:55+08:00,2026-06-09T18:44:25.522+08:00,2026-06-09T20:25:12.047+08:00,0
True,released_plan,151,0030120757-000040,0030120757-000040,BR_00000001,BR_00000001,numeric-chain-000009,False,25.98,2026-05-10T19:08:54+08:00,2026-06-09T20:25:12.047+08:00,2026-06-09T20:57:45.739+08:00,0
True,released_plan,152,0030118934-000050,0030118934-000050,BR_00000001,BR_00000001,numeric-chain-000009,False,15.37,2026-05-07T08:26:10+08:00,2026-06-09T20:57:45.739+08:00,2026-06-09T21:19:40.984+08:00,0
True,released_plan,153,0002002170-000200,0002002170-000200,BR_00000006,BR_00000001,numeric-chain-000009,False,126.53,2026-06-05T21:35:47+08:00,2026-06-09T21:19:40.984+08:00,2026-06-10T00:20:08.439+08:00,0
True,released_plan,154,0002002185-000060,0002002185-000060,BR_00000006,BR_00000001,numeric-chain-000009,False,23.0,2026-06-05T21:35:43+08:00,2026-06-10T00:20:08.439+08:00,2026-06-10T00:55:37.173+08:00,0
True,released_plan,155,0002002170-000180,0002002170-000180,BR_00000006,BR_00000001,numeric-chain-000009,False,46.0,2026-06-05T21:35:47+08:00,2026-06-10T00:55:37.173+08:00,2026-06-10T02:02:47.301+08:00,0
True,released_plan,156,0005000545-000020,0005000545-000020,BR_00000001,BR_00000001,numeric-chain-000009,False,9.59,2026-05-06T10:26:01+08:00,2026-06-10T02:02:47.301+08:00,2026-06-10T02:16:13.098+08:00,0
True,released_plan,157,0002002055-000110,0002002055-000110,BR_00000001,BR_00000001,numeric-chain-000009,False,15.3,2026-05-07T20:53:19+08:00,2026-06-10T02:16:13.098+08:00,2026-06-10T02:36:21.183+08:00,0
True,released_plan,158,0002002053-000020,0002002053-000020,BR_00000001,BR_00000001,numeric-chain-000009,False,8.8,2026-05-07T17:51:21+08:00,2026-06-10T02:36:21.183+08:00,2026-06-10T02:47:56.030+08:00,0
True,released_plan,159,0002002170-000210,0002002170-000210,BR_00000006,BR_00000001,numeric-chain-000009,False,45.97,2026-06-05T21:35:45+08:00,2026-06-10T02:47:56.030+08:00,2026-06-10T03:57:23.296+08:00,0
True,released_plan,160,0030124438-000010,0030124438-000010,BR_00000006,BR_00000001,numeric-chain-000009,False,23.0,2026-06-07T06:34:22+08:00,2026-06-10T03:57:23.296+08:00,2026-06-10T04:28:07.879+08:00,0
True,released_plan,161,0030119032-000020,0030119032-000020,BR_00000001,BR_00000001,numeric-chain-000009,False,10.4,2026-05-07T09:45:23+08:00,2026-06-10T04:28:07.879+08:00,2026-06-10T04:43:00.028+08:00,0
True,released_plan,162,0030118934-000020,0030118934-000020,BR_00000001,BR_00000001,numeric-chain-000009,False,238.96,2026-05-07T08:26:11+08:00,2026-06-10T04:43:00.028+08:00,2026-06-10T09:05:51.764+08:00,0
True,released_plan,163,0030119031-000020,0030119031-000020,BR_00000001,BR_00000001,numeric-chain-000009,False,26.67,2026-05-07T09:45:22+08:00,2026-06-10T09:05:51.764+08:00,2026-06-10T09:36:40.760+08:00,0
True,released_plan,164,0030124824-000020,0030124824-000020,BR_00000006,BR_00000001,numeric-chain-000009,False,430.0,2026-06-06T07:33:38+08:00,2026-06-10T09:36:40.760+08:00,2026-06-10T17:53:32.086+08:00,0
True,released_plan,165,0030118093-000060,0030118093-000060,BR_00000001,BR_00000001,numeric-chain-000009,False,31.46,2026-05-14T08:24:53+08:00,2026-06-10T17:53:32.086+08:00,2026-06-10T18:36:59.418+08:00,0
True,released_plan,166,0030123145-000020,0030123145-000020,BR_00000006,BR_00000001,numeric-chain-000009,False,21.43,2026-05-29T10:04:27+08:00,2026-06-10T18:36:59.418+08:00,2026-06-10T19:09:10.066+08:00,0
True,released_plan,167,0030122899-000010,0030122899-000010,BR_00000006,BR_00000001,numeric-chain-000009,False,60.0,2026-05-27T13:03:54+08:00,2026-06-10T19:09:10.066+08:00,2026-06-10T20:36:01.415+08:00,0
True,released_plan,168,0005000563-000270,0005000563-000270,BR_00000006,BR_00000001,numeric-chain-000009,False,18.0,2026-05-27T16:03:26+08:00,2026-06-10T20:36:01.415+08:00,2026-06-10T21:01:46.281+08:00,0
True,released_plan,169,0030122480-000040,0030122480-000040,BR_00000006,BR_00000001,numeric-chain-000009,False,72.0,2026-05-22T08:03:31+08:00,2026-06-10T21:01:46.281+08:00,2026-06-10T23:07:09.432+08:00,0
True,released_plan,170,0030120940-000030,0030120940-000030,BR_00000002,BR_00000001,numeric-chain-000009,False,18.0,2026-05-14T08:24:50+08:00,2026-06-10T23:07:09.432+08:00,2026-06-10T23:38:30.220+08:00,0
True,released_plan,171,0030123256-000020,0030123256-000020,BR_00000006,BR_00000001,numeric-chain-000009,False,92.21,2026-05-31T16:04:08+08:00,2026-06-10T23:38:30.220+08:00,2026-06-11T02:27:28.528+08:00,0
True,released_plan,172,0002002162-000070,0002002162-000070,BR_00000006,BR_00000001,numeric-chain-000009,False,18.0,2026-05-29T13:03:50+08:00,2026-06-11T02:27:28.528+08:00,2026-06-11T03:04:49.968+08:00,0
True,released_plan,173,0030124437-000010,0030124437-000010,BR_00000006,BR_00000001,numeric-chain-000009,False,18.0,2026-06-07T06:34:18+08:00,2026-06-11T03:04:49.968+08:00,2026-06-11T03:33:27.995+08:00,0
True,released_plan,174,0002002170-000060,0002002170-000060,BR_00000006,BR_00000001,numeric-chain-000009,False,32.0,2026-06-03T21:35:45+08:00,2026-06-11T03:33:27.995+08:00,2026-06-11T04:14:38.561+08:00,0
True,released_plan,175,0002002202-000070,0002002202-000070,BR_00000006,BR_00000001,numeric-chain-000009,False,16.0,2026-06-03T21:35:48+08:00,2026-06-11T04:14:38.561+08:00,2026-06-11T04:36:18.859+08:00,0
True,released_plan,176,0030122898-000030,0030122898-000030,BR_00000006,BR_00000001,numeric-chain-000027,False,96.0,2026-05-27T13:03:54+08:00,2026-06-11T04:36:18.859+08:00,2026-06-11T05:19:47.776+08:00,0
True,released_plan,177,0030121724-000020,0030121724-000020,BR_00000002,BR_00000001,numeric-chain-000027,False,195.2,2026-05-18T11:33:41+08:00,2026-06-11T05:19:47.776+08:00,2026-06-11T07:05:53.534+08:00,0
True,released_plan,178,0030124735-000130,0030124735-000130,BR_00000006,BR_00000001,numeric-chain-000027,False,24.0,2026-06-05T22:03:48+08:00,2026-06-11T07:05:53.534+08:00,2026-06-11T07:19:12.182+08:00,0
True,released_plan,179,0030122898-000040,0030122898-000040,BR_00000006,BR_00000001,numeric-chain-000027,False,240.0,2026-05-27T13:03:55+08:00,2026-06-11T07:19:12.182+08:00,2026-06-11T09:29:38.934+08:00,0
True,released_plan,180,0030122899-000050,0030122899-000050,BR_00000006,BR_00000001,numeric-chain-000027,False,240.0,2026-05-27T13:03:50+08:00,2026-06-11T09:29:38.934+08:00,2026-06-11T11:40:05.686+08:00,0
True,released_plan,181,0030118921-000020,0030118921-000020,BR_00000001,BR_00000001,numeric-chain-000027,False,23.0,2026-05-07T08:26:09+08:00,2026-06-11T11:40:05.686+08:00,2026-06-11T11:54:13.745+08:00,0
True,released_plan,182,0010020206-000030,0010020206-000030,BR_00000006,BR_00000001,numeric-chain-000027,False,110.0,2026-06-02T12:05:17+08:00,2026-06-11T11:54:13.745+08:00,2026-06-11T13:08:57.821+08:00,0
True,released_plan,183,0030122066-000070,0030122066-000070,BR_00000003,BR_00000001,numeric-chain-000029,False,24.0,2026-05-20T08:33:46+08:00,2026-06-11T13:08:57.821+08:00,2026-06-11T13:23:30.332+08:00,0
True,released_plan,184,0030119183-000010,0030119183-000010,BR_00000001,BR_00000001,numeric-chain-000029,False,1.02,2026-05-07T15:47:48+08:00,2026-06-11T13:23:30.332+08:00,2026-06-11T13:24:10.036+08:00,0
True,released_plan,185,virtual-000019,,,BR_00000001,numeric-chain-000029,True,20.0,,2026-06-11T13:24:10.036+08:00,2026-06-11T13:32:19.208+08:00,0
True,released_plan,186,0030119938-000310,0030119938-000310,BR_00000001,BR_00000001,numeric-chain-000029,False,72.86,2026-05-07T22:54:40+08:00,2026-06-11T13:32:19.208+08:00,2026-06-11T14:13:44.222+08:00,0
True,released_plan,187,0030122647-000550,0030122647-000550,BR_00000006,BR_00000001,numeric-chain-000029,False,72.0,2026-05-25T09:34:52+08:00,2026-06-11T14:13:44.222+08:00,2026-06-11T14:54:39.905+08:00,0
True,released_plan,188,0030120757-000050,0030120757-000050,BR_00000001,BR_00000001,numeric-chain-000029,False,24.0,2026-05-10T19:08:53+08:00,2026-06-11T14:54:39.905+08:00,2026-06-11T15:09:15.428+08:00,0
True,released_plan,189,0005000575-000020,0005000575-000020,BR_00000006,BR_00000001,numeric-chain-000029,False,20.0,2026-06-07T22:03:49+08:00,2026-06-11T15:09:15.428+08:00,2026-06-11T15:24:37.698+08:00,0
True,released_plan,190,0030120940-000120,0030120940-000120,BR_00000002,BR_00000001,numeric-chain-000029,False,20.15,2026-05-14T08:24:52+08:00,2026-06-11T15:24:37.698+08:00,2026-06-11T15:44:54.228+08:00,0
True,released_plan,191,0030125147-000030,0030125147-000030,BR_00000006,BR_00000001,numeric-chain-000029,False,110.0,2026-06-07T06:34:20+08:00,2026-06-11T15:44:54.228+08:00,2026-06-11T17:52:17.540+08:00,0
True,released_plan,192,0030122899-000030,0030122899-000030,BR_00000006,BR_00000001,numeric-chain-000029,False,170.0,2026-05-27T13:03:55+08:00,2026-06-11T17:52:17.540+08:00,2026-06-11T20:52:45.565+08:00,0
True,released_plan,193,0005000546-000010,0005000546-000010,BR_00000001,BR_00000001,numeric-chain-000029,False,7.0,2026-05-04T06:09:03+08:00,2026-06-11T20:52:45.565+08:00,2026-06-11T20:59:02.083+08:00,0
True,released_plan,194,0030122488-000010,0030122488-000010,BR_00000006,BR_00000001,numeric-chain-000029,False,110.0,2026-05-22T10:03:13+08:00,2026-06-11T20:59:02.083+08:00,2026-06-11T22:51:08.198+08:00,0
True,released_plan,195,0010020206-000010,0010020206-000010,BR_00000006,BR_00000001,numeric-chain-000029,False,58.48,2026-06-02T12:05:18+08:00,2026-06-11T22:51:08.198+08:00,2026-06-11T23:40:48.071+08:00,0
True,released_plan,196,0002002179-000010,0002002179-000010,BR_00000006,BR_00000001,numeric-chain-000011,False,41.0,2026-06-01T10:04:04+08:00,2026-06-11T23:40:48.071+08:00,2026-06-12T00:18:29.080+08:00,0
True,released_plan,197,0030121690-000010,0030121690-000010,BR_00000002,BR_00000001,numeric-chain-000011,False,23.0,2026-05-20T14:03:12+08:00,2026-06-12T00:18:29.080+08:00,2026-06-12T00:39:33.437+08:00,0
True,released_plan,198,0002002180-000140,0002002180-000140,BR_00000006,BR_00000001,numeric-chain-000011,False,20.0,2026-06-03T10:04:05+08:00,2026-06-12T00:39:33.437+08:00,2026-06-12T00:58:21.435+08:00,0
True,released_plan,199,0030118006-000070,0030118006-000070,BR_00000001,BR_00000001,numeric-chain-000011,False,43.72,2026-05-03T06:15:17+08:00,2026-06-12T00:58:21.435+08:00,2026-06-12T01:41:07.203+08:00,0
True,released_plan,200,0002002170-000020,0002002170-000020,BR_00000006,BR_00000001,numeric-chain-000011,False,69.0,2026-06-05T21:35:53+08:00,2026-06-12T01:41:07.203+08:00,2026-06-12T02:47:47.905+08:00,0
True,released_plan,201,0002002170-000160,0002002170-000160,BR_00000006,BR_00000001,numeric-chain-000011,False,23.0,2026-06-05T21:35:49+08:00,2026-06-12T02:47:47.905+08:00,2026-06-12T03:13:15.040+08:00,0
True,released_plan,202,0030123256-000040,0030123256-000040,BR_00000006,BR_00000001,numeric-chain-000011,False,69.0,2026-05-31T16:04:06+08:00,2026-06-12T03:13:15.040+08:00,2026-06-12T04:32:58.338+08:00,0
True,released_plan,203,0002002170-000150,0002002170-000150,BR_00000006,BR_00000001,numeric-chain-000011,False,23.0,2026-06-03T21:35:44+08:00,2026-06-12T04:32:58.338+08:00,2026-06-12T05:02:55.804+08:00,0
True,released_plan,204,0002002055-000030,0002002055-000030,BR_00000001,BR_00000001,numeric-chain-000011,False,66.82,2026-05-07T20:53:32+08:00,2026-06-12T05:02:55.804+08:00,2026-06-12T06:33:07.185+08:00,0
True,released_plan,205,0030125168-000070,0030125168-000070,BR_00000006,BR_00000001,numeric-chain-000011,False,24.0,2026-06-07T21:33:56+08:00,2026-06-12T06:33:07.185+08:00,2026-06-12T07:12:41.038+08:00,0
True,released_plan,206,0002002054-000010,0002002054-000010,BR_00000001,BR_00000001,numeric-chain-000011,False,36.83,2026-05-07T17:51:29+08:00,2026-06-12T07:12:41.038+08:00,2026-06-12T08:15:10.664+08:00,0
True,released_plan,207,0030124871-000120,0030124871-000120,BR_00000006,BR_00000001,numeric-chain-000011,False,220.0,2026-06-07T06:34:18+08:00,2026-06-12T08:15:10.664+08:00,2026-06-12T13:27:24.272+08:00,0
True,released_plan,208,0030119860-000040,0030119860-000040,BR_00000001,BR_00000001,numeric-chain-000011,False,180.24,2026-05-07T20:53:36+08:00,2026-06-12T13:27:24.272+08:00,2026-06-12T17:17:06.090+08:00,0
True,released_plan,209,0030125150-000030,0030125150-000030,BR_00000006,BR_00000001,numeric-chain-000011,False,96.0,2026-06-07T06:34:20+08:00,2026-06-12T17:17:06.090+08:00,2026-06-12T19:19:26.606+08:00,0
True,released_plan,210,0030124683-000040,0030124683-000040,BR_00000006,BR_00000001,numeric-chain-000011,False,192.0,2026-06-05T22:03:48+08:00,2026-06-12T19:19:26.606+08:00,2026-06-12T23:24:07.638+08:00,0
True,released_plan,211,0030125150-000010,0030125150-000010,BR_00000006,BR_00000001,numeric-chain-000011,False,24.0,2026-06-07T06:34:22+08:00,2026-06-12T23:24:07.638+08:00,2026-06-12T23:53:19.352+08:00,0
True,released_plan,212,0030124683-000010,0030124683-000010,BR_00000006,BR_00000001,numeric-chain-000011,False,96.0,2026-06-05T22:03:49+08:00,2026-06-12T23:53:19.352+08:00,2026-06-13T01:50:06.208+08:00,0
True,released_plan,213,virtual-000001,,,BR_00000001,numeric-chain-000011,True,20.0,,2026-06-13T01:50:06.208+08:00,2026-06-13T02:24:04.425+08:00,0
True,released_plan,214,0030118093-000030,0030118093-000030,BR_00000001,BR_00000001,numeric-chain-000011,False,13.15,2026-05-03T06:15:17+08:00,2026-06-13T02:24:04.425+08:00,2026-06-13T02:53:04.850+08:00,0
True,released_plan,215,0030124826-000030,0030124826-000030,BR_00000006,BR_00000001,numeric-chain-000011,False,30.0,2026-06-06T07:33:36+08:00,2026-06-13T02:53:04.850+08:00,2026-06-13T03:48:13.643+08:00,0
True,released_plan,216,0002002006-000230,0002002006-000230,BR_00000001,BR_00000001,numeric-chain-000011,False,21.76,2026-05-01T06:01:10+08:00,2026-06-13T03:48:13.643+08:00,2026-06-13T04:31:21.855+08:00,0
True,released_plan,217,0030123256-000010,0030123256-000010,BR_00000006,BR_00000001,numeric-chain-000011,False,100.0,2026-05-31T16:04:08+08:00,2026-06-13T04:31:21.855+08:00,2026-06-13T07:20:05.782+08:00,0
True,released_plan,218,0030124457-000010,0030124457-000010,BR_00000006,BR_00000001,numeric-chain-000011,False,44.0,2026-06-05T15:03:10+08:00,2026-06-13T07:20:05.782+08:00,2026-06-13T08:44:56.233+08:00,0
True,released_plan,219,0002002170-000170,0002002170-000170,BR_00000006,BR_00000001,numeric-chain-000011,False,100.0,2026-06-03T21:35:50+08:00,2026-06-13T08:44:56.233+08:00,2026-06-13T11:51:35.225+08:00,0
True,released_plan,220,0005000563-000210,0005000563-000210,BR_00000006,BR_00000001,numeric-chain-000011,False,21.0,2026-05-27T17:03:32+08:00,2026-06-13T11:51:35.225+08:00,2026-06-13T12:26:30.240+08:00,0
True,released_plan,221,0002002185-000150,0002002185-000150,BR_00000006,BR_00000001,numeric-chain-000011,False,16.0,2026-06-03T21:35:41+08:00,2026-06-13T12:26:30.240+08:00,2026-06-13T12:57:41.881+08:00,0
True,released_plan,222,0002002195-000020,0002002195-000020,BR_00000006,BR_00000001,numeric-chain-000011,False,44.0,2026-06-02T12:05:19+08:00,2026-06-13T12:57:41.881+08:00,2026-06-13T14:17:17.086+08:00,0
True,released_plan,223,0002002170-000380,0002002170-000380,BR_00000006,BR_00000001,numeric-chain-000011,False,20.0,2026-06-03T21:35:43+08:00,2026-06-13T14:17:17.086+08:00,2026-06-13T14:54:24.158+08:00,0
True,released_plan,224,0002002195-000010,0002002195-000010,BR_00000006,BR_00000001,numeric-chain-000011,False,10.0,2026-06-02T12:05:17+08:00,2026-06-13T14:54:24.158+08:00,2026-06-13T15:13:48.640+08:00,0
True,released_plan,225,0002002009-000020,0002002009-000020,BR_00000001,BR_00000001,numeric-chain-000011,False,8.14,2026-05-02T06:09:03+08:00,2026-06-13T15:13:48.640+08:00,2026-06-13T15:31:19.560+08:00,0
True,released_plan,226,0002002193-000030,0002002193-000030,BR_00000006,BR_00000001,numeric-chain-000010,False,52.0,2026-06-02T14:35:05+08:00,2026-06-13T15:31:19.560+08:00,2026-06-13T16:07:42.764+08:00,0
True,released_plan,227,0002002202-000190,0002002202-000190,BR_00000006,BR_00000001,numeric-chain-000010,False,23.0,2026-06-03T21:35:50+08:00,2026-06-13T16:07:42.764+08:00,2026-06-13T16:24:50.511+08:00,0
True,released_plan,228,0002002184-000170,0002002184-000170,BR_00000006,BR_00000001,numeric-chain-000010,False,23.0,2026-06-03T21:35:52+08:00,2026-06-13T16:24:50.511+08:00,2026-06-13T16:40:59.405+08:00,0
True,released_plan,229,0030122476-000040,0030122476-000040,BR_00000006,BR_00000001,numeric-chain-000010,False,16.09,2026-05-22T08:03:32+08:00,2026-06-13T16:40:59.405+08:00,2026-06-13T16:52:24.917+08:00,0
True,released_plan,230,0002002202-000030,0002002202-000030,BR_00000006,BR_00000001,numeric-chain-000010,False,23.0,2026-06-03T21:35:46+08:00,2026-06-13T16:52:24.917+08:00,2026-06-13T17:10:24.746+08:00,0
True,released_plan,231,0002002170-000250,0002002170-000250,BR_00000006,BR_00000001,numeric-chain-000010,False,69.0,2026-06-03T21:35:52+08:00,2026-06-13T17:10:24.746+08:00,2026-06-13T18:05:42.698+08:00,0
True,released_plan,232,0002002180-000380,0002002180-000380,BR_00000006,BR_00000001,numeric-chain-000010,False,20.0,2026-06-01T10:03:58+08:00,2026-06-13T18:05:42.698+08:00,2026-06-13T18:21:54.511+08:00,0
True,released_plan,233,0002002170-000230,0002002170-000230,BR_00000006,BR_00000001,numeric-chain-000010,False,23.0,2026-06-03T21:35:46+08:00,2026-06-13T18:21:54.511+08:00,2026-06-13T18:40:39.967+08:00,0
True,released_plan,234,0002002195-000240,0002002195-000240,BR_00000006,BR_00000001,numeric-chain-000010,False,24.0,2026-06-02T12:05:16+08:00,2026-06-13T18:40:39.967+08:00,2026-06-13T19:01:03.468+08:00,0
True,released_plan,235,0002002170-000260,0002002170-000260,BR_00000006,BR_00000001,numeric-chain-000010,False,23.0,2026-06-03T21:35:44+08:00,2026-06-13T19:01:03.468+08:00,2026-06-13T19:19:00.650+08:00,0
True,released_plan,236,0030124800-000020,0030124800-000020,BR_00000006,BR_00000001,numeric-chain-000010,False,24.0,2026-06-07T06:34:20+08:00,2026-06-13T19:19:00.650+08:00,2026-06-13T19:39:52.626+08:00,0
True,released_plan,237,0002002170-000220,0002002170-000220,BR_00000006,BR_00000001,numeric-chain-000010,False,46.0,2026-06-03T21:35:40+08:00,2026-06-13T19:39:52.626+08:00,2026-06-13T20:19:55.855+08:00,0
True,released_plan,238,0002002170-000350,0002002170-000350,BR_00000006,BR_00000001,numeric-chain-000010,False,23.0,2026-06-03T21:35:48+08:00,2026-06-13T20:19:55.855+08:00,2026-06-13T20:38:42.754+08:00,0
True,released_plan,239,0030123653-000020,0030123653-000020,BR_00000006,BR_00000001,numeric-chain-000010,False,24.0,2026-06-02T08:35:07+08:00,2026-06-13T20:38:42.754+08:00,2026-06-13T20:59:05.684+08:00,0
True,released_plan,240,0030120939-000090,0030120939-000090,BR_00000002,BR_00000001,numeric-chain-000010,False,24.0,2026-05-14T08:24:51+08:00,2026-06-13T20:59:05.684+08:00,2026-06-13T21:15:24.028+08:00,0
True,released_plan,241,0030124735-000080,0030124735-000080,BR_00000006,BR_00000001,numeric-chain-000010,False,24.0,2026-06-05T22:03:50+08:00,2026-06-13T21:15:24.028+08:00,2026-06-13T21:32:23.136+08:00,0
True,released_plan,242,0030125101-000030,0030125101-000030,BR_00000006,BR_00000001,numeric-chain-000010,False,48.0,2026-06-07T21:33:53+08:00,2026-06-13T21:32:23.136+08:00,2026-06-13T22:05:12.427+08:00,0
True,released_plan,243,0002002053-000070,0002002053-000070,BR_00000001,BR_00000001,numeric-chain-000010,False,25.67,2026-05-07T17:51:39+08:00,2026-06-13T22:05:12.427+08:00,2026-06-13T22:27:33.716+08:00,0
True,released_plan,244,0030117976-000020,0030117976-000020,BR_00000001,BR_00000001,numeric-chain-000010,False,7.91,2026-05-02T06:09:10+08:00,2026-06-13T22:27:33.716+08:00,2026-06-13T22:35:11.354+08:00,0
True,released_plan,245,0030122476-000070,0030122476-000070,BR_00000006,BR_00000001,numeric-chain-000010,False,24.0,2026-05-22T08:03:32+08:00,2026-06-13T22:35:11.354+08:00,2026-06-13T22:58:15.281+08:00,0
True,released_plan,246,0030125147-000010,0030125147-000010,BR_00000006,BR_00000001,numeric-chain-000010,False,24.0,2026-06-07T06:34:24+08:00,2026-06-13T22:58:15.281+08:00,2026-06-13T23:21:24.974+08:00,0
True,released_plan,247,0030125207-000090,0030125207-000090,BR_00000006,BR_00000001,numeric-chain-000010,False,24.0,2026-06-08T08:30:30+08:00,2026-06-13T23:21:24.974+08:00,2026-06-13T23:50:47.053+08:00,0
True,released_plan,248,0002002009-000050,0002002009-000050,BR_00000001,BR_00000001,numeric-chain-000010,False,8.22,2026-05-04T06:09:02+08:00,2026-06-13T23:50:47.053+08:00,2026-06-14T00:03:19.376+08:00,0
True,released_plan,249,0030122759-000010,0030122759-000010,BR_00000006,BR_00000001,numeric-chain-000010,False,22.0,2026-05-27T17:03:33+08:00,2026-06-14T00:03:19.376+08:00,2026-06-14T00:34:25.875+08:00,0
True,released_plan,250,0030118093-000010,0030118093-000010,BR_00000001,BR_00000001,numeric-chain-000010,False,122.84,2026-05-03T06:15:16+08:00,2026-06-14T00:34:25.875+08:00,2026-06-14T03:57:56.884+08:00,0
True,released_plan,251,0030124827-000010,0030124827-000010,BR_00000006,BR_00000001,numeric-chain-000010,False,70.0,2026-06-06T07:33:37+08:00,2026-06-14T03:57:56.884+08:00,2026-06-14T05:32:45.686+08:00,0
True,released_plan,252,0030124827-000020,0030124827-000020,BR_00000006,BR_00000001,numeric-chain-000010,False,50.0,2026-06-06T07:33:36+08:00,2026-06-14T05:32:45.686+08:00,2026-06-14T06:42:56.877+08:00,0
True,released_plan,253,0030124871-000130,0030124871-000130,BR_00000006,BR_00000001,numeric-chain-000010,False,180.0,2026-06-07T06:34:21+08:00,2026-06-14T06:42:56.877+08:00,2026-06-14T10:55:37.165+08:00,0
True,released_plan,254,0010019680-000020,0010019680-000020,BR_00000006,BR_00000001,numeric-chain-000010,False,69.0,2026-05-26T09:33:08+08:00,2026-06-14T10:55:37.165+08:00,2026-06-14T12:35:00.400+08:00,0
True,released_plan,255,0030124826-000040,0030124826-000040,BR_00000006,BR_00000001,numeric-chain-000010,False,50.0,2026-06-06T07:33:36+08:00,2026-06-14T12:35:00.400+08:00,2026-06-14T14:06:28.919+08:00,0
True,released_plan,256,0030124824-000040,0030124824-000040,BR_00000006,BR_00000001,numeric-chain-000010,False,92.95,2026-06-06T07:33:36+08:00,2026-06-14T14:06:28.919+08:00,2026-06-14T16:56:32.077+08:00,0
True,released_plan,257,0030120951-000010,0030120951-000010,BR_00000002,BR_00000001,numeric-chain-000010,False,32.24,2026-05-14T08:24:48+08:00,2026-06-14T16:56:32.077+08:00,2026-06-14T17:47:19.948+08:00,0
True,released_plan,258,0002002180-000350,0002002180-000350,BR_00000006,BR_00000001,numeric-chain-000010,False,20.0,2026-06-01T10:04:04+08:00,2026-06-14T17:47:19.948+08:00,2026-06-14T18:26:47.215+08:00,0
True,released_plan,259,0030119215-000010,0030119215-000010,BR_00000001,BR_00000001,numeric-chain-000010,False,22.0,2026-05-07T17:51:42+08:00,2026-06-14T18:26:47.215+08:00,2026-06-14T19:09:12.440+08:00,0
True,released_plan,260,0010018206-000010,0010018206-000010,BR_00000001,BR_00000001,numeric-chain-000010,False,31.76,2026-04-29T05:46:12+08:00,2026-06-14T19:09:12.440+08:00,2026-06-14T20:22:46.105+08:00,0
True,released_plan,261,0002002180-000010,0002002180-000010,BR_00000006,BR_00000001,numeric-chain-000010,False,39.0,2026-06-01T10:03:58+08:00,2026-06-14T20:22:46.105+08:00,2026-06-14T21:42:49.734+08:00,0
True,released_plan,262,0030123145-000010,0030123145-000010,BR_00000006,BR_00000001,numeric-chain-000010,False,51.02,2026-05-31T10:04:29+08:00,2026-06-14T21:42:49.734+08:00,2026-06-14T23:20:29.966+08:00,0
True,released_plan,263,0030123255-000030,0030123255-000030,BR_00000006,BR_00000001,numeric-chain-000010,False,36.0,2026-05-31T16:04:11+08:00,2026-06-14T23:20:29.966+08:00,2026-06-15T00:29:05.881+08:00,0
True,released_plan,264,0002002176-000120,0002002176-000120,BR_00000006,BR_00000001,numeric-chain-000010,False,25.0,2026-05-31T11:33:38+08:00,2026-06-15T00:29:05.881+08:00,2026-06-15T01:24:27.962+08:00,0
True,released_plan,265,0002001995-000010,0002001995-000010,BR_00000001,BR_00000001,numeric-chain-000014,False,19.16,2026-04-30T09:49:19+08:00,2026-06-15T01:24:27.962+08:00,2026-06-15T01:46:01.831+08:00,0
True,released_plan,266,0002002177-000030,0002002177-000030,BR_00000006,BR_00000001,numeric-chain-000014,False,15.0,2026-06-01T14:02:06+08:00,2026-06-15T01:46:01.831+08:00,2026-06-15T02:02:50.317+08:00,0
True,released_plan,267,0002002180-000340,0002002180-000340,BR_00000006,BR_00000001,numeric-chain-000014,False,20.0,2026-06-01T10:04:01+08:00,2026-06-15T02:02:50.317+08:00,2026-06-15T02:27:39.806+08:00,0
True,released_plan,268,0002002180-000130,0002002180-000130,BR_00000006,BR_00000001,numeric-chain-000014,False,34.0,2026-06-01T10:04:03+08:00,2026-06-15T02:27:39.806+08:00,2026-06-15T03:11:07.398+08:00,0
True,released_plan,269,0002002185-000140,0002002185-000140,BR_00000006,BR_00000001,numeric-chain-000014,False,30.0,2026-06-03T21:35:49+08:00,2026-06-15T03:11:07.398+08:00,2026-06-15T03:46:31.229+08:00,0
True,released_plan,270,0002002176-000080,0002002176-000080,BR_00000006,BR_00000001,numeric-chain-000014,False,15.0,2026-05-31T11:33:38+08:00,2026-06-15T03:46:31.229+08:00,2026-06-15T04:04:21.651+08:00,0
True,released_plan,271,0002002195-000150,0002002195-000150,BR_00000006,BR_00000001,numeric-chain-000014,False,175.0,2026-06-02T12:05:15+08:00,2026-06-15T04:04:21.651+08:00,2026-06-15T07:33:36.958+08:00,0
True,released_plan,272,0002002176-000220,0002002176-000220,BR_00000006,BR_00000001,numeric-chain-000014,False,15.0,2026-05-31T11:33:36+08:00,2026-06-15T07:33:36.958+08:00,2026-06-15T07:53:06.733+08:00,0
True,released_plan,273,0002002162-000010,0002002162-000010,BR_00000006,BR_00000001,numeric-chain-000014,False,72.0,2026-05-27T13:03:53+08:00,2026-06-15T07:53:06.733+08:00,2026-06-15T09:20:22.625+08:00,0
True,released_plan,274,0002002176-000030,0002002176-000030,BR_00000006,BR_00000001,numeric-chain-000014,False,15.0,2026-05-31T11:33:36+08:00,2026-06-15T09:20:22.625+08:00,2026-06-15T09:38:37.159+08:00,0
True,released_plan,275,0002002195-000140,0002002195-000140,BR_00000006,BR_00000001,numeric-chain-000014,False,72.0,2026-06-02T12:05:21+08:00,2026-06-15T09:38:37.159+08:00,2026-06-15T11:06:18.104+08:00,0
True,released_plan,276,0002002044-000070,0002002044-000070,BR_00000001,BR_00000001,numeric-chain-000014,False,18.71,2026-05-06T10:41:39+08:00,2026-06-15T11:06:18.104+08:00,2026-06-15T11:29:17.476+08:00,0
True,released_plan,277,0002002195-000250,0002002195-000250,BR_00000006,BR_00000001,numeric-chain-000014,False,24.0,2026-06-02T12:05:20+08:00,2026-06-15T11:29:17.476+08:00,2026-06-15T11:58:40.766+08:00,0
True,released_plan,278,0002002162-000040,0002002162-000040,BR_00000006,BR_00000001,numeric-chain-000014,False,168.0,2026-05-27T13:03:51+08:00,2026-06-15T11:58:40.766+08:00,2026-06-15T15:25:06.360+08:00,0
True,released_plan,279,0002002185-000070,0002002185-000070,BR_00000006,BR_00000001,numeric-chain-000014,False,92.0,2026-06-03T21:35:47+08:00,2026-06-15T15:25:06.360+08:00,2026-06-15T17:24:18.906+08:00,0
True,released_plan,280,0002002024-000070,0002002024-000070,BR_00000001,BR_00000001,numeric-chain-000014,False,6.04,2026-05-07T20:53:38+08:00,2026-06-15T17:24:18.906+08:00,2026-06-15T17:31:39.754+08:00,0
True,released_plan,281,0002002176-000100,0002002176-000100,BR_00000006,BR_00000001,numeric-chain-000014,False,23.0,2026-05-31T11:33:38+08:00,2026-06-15T17:31:39.754+08:00,2026-06-15T17:59:40.952+08:00,0
True,released_plan,282,0030125207-000070,0030125207-000070,BR_00000006,BR_00000001,numeric-chain-000014,False,24.0,2026-06-08T08:30:29+08:00,2026-06-15T17:59:40.952+08:00,2026-06-15T18:22:34.506+08:00,0
True,released_plan,283,0002002202-000130,0002002202-000130,BR_00000006,BR_00000001,numeric-chain-000014,False,23.0,2026-06-03T21:35:51+08:00,2026-06-15T18:22:34.506+08:00,2026-06-15T18:42:26.264+08:00,0
True,released_plan,284,0002002185-000120,0002002185-000120,BR_00000006,BR_00000001,numeric-chain-000014,False,23.0,2026-06-03T21:35:44+08:00,2026-06-15T18:42:26.264+08:00,2026-06-15T19:07:24.902+08:00,0
True,released_plan,285,0030124735-000090,0030124735-000090,BR_00000006,BR_00000001,numeric-chain-000014,False,24.0,2026-06-05T22:03:50+08:00,2026-06-15T19:07:24.902+08:00,2026-06-15T19:37:22.888+08:00,0
True,released_plan,286,0030117110-000020,0030117110-000020,BR_00000001,BR_00000001,numeric-chain-000014,False,21.51,2026-04-27T13:03:09+08:00,2026-06-15T19:37:22.888+08:00,2026-06-15T20:02:41.806+08:00,0
True,released_plan,287,0030122759-000020,0030122759-000020,BR_00000006,BR_00000001,numeric-chain-000014,False,22.0,2026-05-27T17:03:35+08:00,2026-06-15T20:02:41.806+08:00,2026-06-15T20:28:35.325+08:00,0
True,released_plan,288,0030125150-000020,0030125150-000020,BR_00000006,BR_00000001,numeric-chain-000014,False,24.0,2026-06-07T06:34:18+08:00,2026-06-15T20:28:35.325+08:00,2026-06-15T20:59:00.866+08:00,0
True,released_plan,289,0002002180-000360,0002002180-000360,BR_00000006,BR_00000001,numeric-chain-000014,False,17.08,2026-06-01T10:04:04+08:00,2026-06-15T20:59:00.866+08:00,2026-06-15T21:23:32.241+08:00,0
True,released_plan,290,0030124735-000120,0030124735-000120,BR_00000006,BR_00000001,numeric-chain-000014,False,24.0,2026-06-05T22:03:50+08:00,2026-06-15T21:23:32.241+08:00,2026-06-15T21:56:25.770+08:00,0
True,released_plan,291,0002002170-000340,0002002170-000340,BR_00000006,BR_00000001,numeric-chain-000014,False,23.0,2026-06-05T21:35:51+08:00,2026-06-15T21:56:25.770+08:00,2026-06-15T22:28:26.620+08:00,0
True,released_plan,292,0002002053-000130,0002002053-000130,BR_00000001,BR_00000001,numeric-chain-000014,False,23.0,2026-05-07T17:51:42+08:00,2026-06-15T22:28:26.620+08:00,2026-06-15T23:03:57.483+08:00,0
True,released_plan,293,0030122897-000090,0030122897-000090,BR_00000006,BR_00000001,numeric-chain-000014,False,48.0,2026-05-27T13:03:51+08:00,2026-06-15T23:03:57.483+08:00,2026-06-16T00:18:04.501+08:00,0
True,released_plan,294,0030122897-000100,0030122897-000100,BR_00000006,BR_00000001,numeric-chain-000014,False,96.0,2026-05-27T13:03:54+08:00,2026-06-16T00:18:04.501+08:00,2026-06-16T02:16:39.730+08:00,0
True,released_plan,295,0030124081-000010,0030124081-000010,BR_00000006,BR_00000001,numeric-chain-000014,False,48.0,2026-06-03T14:03:13+08:00,2026-06-16T02:16:39.730+08:00,2026-06-16T03:15:57.344+08:00,0
True,released_plan,296,0030124824-000030,0030124824-000030,BR_00000006,BR_00000001,numeric-chain-000014,False,37.29,2026-06-06T07:33:37+08:00,2026-06-16T03:15:57.344+08:00,2026-06-16T04:02:01.166+08:00,0
True,released_plan,297,0010019881-000010,0010019881-000010,BR_00000006,BR_00000001,numeric-chain-000014,False,24.0,2026-05-29T10:04:30+08:00,2026-06-16T04:02:01.166+08:00,2026-06-16T04:29:48.798+08:00,0
True,released_plan,298,0030122897-000040,0030122897-000040,BR_00000006,BR_00000001,numeric-chain-000014,False,24.0,2026-05-27T13:03:53+08:00,2026-06-16T04:29:48.798+08:00,2026-06-16T04:52:02.903+08:00,0
True,released_plan,299,0030123916-000030,0030123916-000030,BR_00000006,BR_00000001,numeric-chain-000014,False,69.0,2026-06-02T20:33:15+08:00,2026-06-16T04:52:02.903+08:00,2026-06-16T05:55:58.456+08:00,0
True,released_plan,300,0030124800-000010,0030124800-000010,BR_00000006,BR_00000001,numeric-chain-000014,False,24.0,2026-06-07T06:34:23+08:00,2026-06-16T05:55:58.456+08:00,2026-06-16T06:18:23.320+08:00,0
True,released_plan,301,0030125184-000010,0030125184-000010,BR_00000006,BR_00000001,numeric-chain-000014,False,48.0,2026-06-07T21:33:56+08:00,2026-06-16T06:18:23.320+08:00,2026-06-16T07:01:27.703+08:00,0
True,released_plan,302,0030124440-000030,0030124440-000030,BR_00000006,BR_00000001,numeric-chain-000014,False,24.0,2026-06-05T10:03:16+08:00,2026-06-16T07:01:27.703+08:00,2026-06-16T07:28:11.966+08:00,0
True,released_plan,303,0002002202-000210,0002002202-000210,BR_00000006,BR_00000001,numeric-chain-000014,False,8.21,2026-06-03T21:35:40+08:00,2026-06-16T07:28:11.966+08:00,2026-06-16T07:36:25.879+08:00,0
True,released_plan,304,0002002202-000220,0002002202-000220,BR_00000006,BR_00000001,numeric-chain-000014,False,23.0,2026-06-03T21:35:42+08:00,2026-06-16T07:36:25.879+08:00,2026-06-16T07:58:19.752+08:00,0
True,released_plan,305,0002002185-000010,0002002185-000010,BR_00000006,BR_00000001,numeric-chain-000014,False,23.0,2026-06-03T21:35:46+08:00,2026-06-16T07:58:19.752+08:00,2026-06-16T08:20:15.986+08:00,0
True,released_plan,306,0002002169-000010,0002002169-000010,BR_00000006,BR_00000001,numeric-chain-000014,False,25.0,2026-06-03T21:35:46+08:00,2026-06-16T08:20:15.986+08:00,2026-06-16T08:41:08.167+08:00,0
True,released_plan,307,0002002202-000010,0002002202-000010,BR_00000006,BR_00000001,numeric-chain-000014,False,19.0,2026-06-03T21:35:52+08:00,2026-06-16T08:41:08.167+08:00,2026-06-16T08:57:04.210+08:00,0
True,released_plan,308,0002002202-000240,0002002202-000240,BR_00000006,BR_00000001,numeric-chain-000014,False,19.0,2026-06-03T21:35:42+08:00,2026-06-16T08:57:04.210+08:00,2026-06-16T09:13:18.207+08:00,0
True,released_plan,309,0002002202-000300,0002002202-000300,BR_00000006,BR_00000001,numeric-chain-000014,False,30.0,2026-06-03T21:35:41+08:00,2026-06-16T09:13:18.207+08:00,2026-06-16T09:40:35.124+08:00,0
True,released_plan,310,0002002202-000230,0002002202-000230,BR_00000006,BR_00000001,numeric-chain-000014,False,19.0,2026-06-03T21:35:47+08:00,2026-06-16T09:40:35.124+08:00,2026-06-16T09:57:32.091+08:00,0
True,released_plan,311,0002002180-000060,0002002180-000060,BR_00000006,BR_00000001,numeric-chain-000014,False,20.0,2026-06-01T10:04:00+08:00,2026-06-16T09:57:32.091+08:00,2026-06-16T10:20:35.246+08:00,0
True,released_plan,312,0030124871-000080,0030124871-000080,BR_00000006,BR_00000001,numeric-chain-000007,False,60.0,2026-06-08T08:35:19+08:00,2026-06-16T10:20:35.246+08:00,2026-06-16T11:07:01.598+08:00,0
True,released_plan,313,0030124871-000140,0030124871-000140,BR_00000006,BR_00000001,numeric-chain-000007,False,30.0,2026-06-07T06:34:22+08:00,2026-06-16T11:07:01.598+08:00,2026-06-16T11:30:37.245+08:00,0
True,released_plan,314,0010019881-000030,0010019881-000030,BR_00000006,BR_00000001,numeric-chain-000007,False,26.0,2026-05-29T10:04:30+08:00,2026-06-16T11:30:37.245+08:00,2026-06-16T11:51:45.035+08:00,0
True,released_plan,315,0010020206-000100,0010020206-000100,BR_00000006,BR_00000001,numeric-chain-000007,False,95.94,2026-06-02T12:05:16+08:00,2026-06-16T11:51:45.035+08:00,2026-06-16T13:05:49.274+08:00,0
True,released_plan,316,0002002195-000190,0002002195-000190,BR_00000006,BR_00000001,numeric-chain-000007,False,24.0,2026-06-04T12:05:20+08:00,2026-06-16T13:05:49.274+08:00,2026-06-16T13:24:21.028+08:00,0
True,released_plan,317,0010020206-000110,0010020206-000110,BR_00000006,BR_00000001,numeric-chain-000007,False,117.45,2026-06-02T12:05:15+08:00,2026-06-16T13:24:21.028+08:00,2026-06-16T14:47:28.289+08:00,0
True,released_plan,318,0030120817-000050,0030120817-000050,BR_00000003,BR_00000001,numeric-chain-000007,False,50.0,2026-05-16T12:50:59+08:00,2026-06-16T14:47:28.289+08:00,2026-06-16T15:25:13.377+08:00,0
True,released_plan,319,0030124735-000110,0030124735-000110,BR_00000006,BR_00000001,numeric-chain-000007,False,24.0,2026-06-05T22:03:50+08:00,2026-06-16T15:25:13.377+08:00,2026-06-16T15:41:23.956+08:00,0
True,released_plan,320,0030124735-000070,0030124735-000070,BR_00000006,BR_00000001,numeric-chain-000007,False,24.0,2026-06-05T22:03:50+08:00,2026-06-16T15:41:23.956+08:00,2026-06-16T15:59:22.377+08:00,0
True,released_plan,321,0030121501-000010,0030121501-000010,BR_00000001,BR_00000001,numeric-chain-000007,False,25.11,2026-05-16T15:03:43+08:00,2026-06-16T15:59:22.377+08:00,2026-06-16T16:19:24.906+08:00,0
True,released_plan,322,0010020206-000080,0010020206-000080,BR_00000006,BR_00000001,numeric-chain-000007,False,122.45,2026-06-02T12:05:19+08:00,2026-06-16T16:19:24.906+08:00,2026-06-16T18:12:51.623+08:00,0
True,released_plan,323,0002002054-000230,0002002054-000230,BR_00000001,BR_00000001,numeric-chain-000007,False,2.05,2026-05-07T17:51:36+08:00,2026-06-16T18:12:51.623+08:00,2026-06-16T18:14:46.869+08:00,0
True,released_plan,324,0002002053-000150,0002002053-000150,BR_00000001,BR_00000001,numeric-chain-000007,False,18.76,2026-05-07T17:51:26+08:00,2026-06-16T18:14:46.869+08:00,2026-06-16T18:37:03.551+08:00,0
True,released_plan,325,0030124871-000010,0030124871-000010,BR_00000006,BR_00000001,numeric-chain-000007,False,25.0,2026-06-07T06:34:19+08:00,2026-06-16T18:37:03.551+08:00,2026-06-16T19:09:13.680+08:00,0
True,released_plan,326,virtual-000002,,,BR_00000001,numeric-chain-000007,True,20.0,,2026-06-16T19:09:13.680+08:00,2026-06-16T19:43:11.897+08:00,0
True,released_plan,327,0002002195-000070,0002002195-000070,BR_00000006,BR_00000001,numeric-chain-000007,False,145.0,2026-06-02T12:05:16+08:00,2026-06-16T19:43:11.897+08:00,2026-06-16T23:28:14.008+08:00,0
True,released_plan,328,0030120974-000030,0030120974-000030,BR_00000002,BR_00000001,numeric-chain-000007,False,23.0,2026-05-14T10:35:25+08:00,2026-06-16T23:28:14.008+08:00,2026-06-16T23:57:41.870+08:00,0
True,released_plan,329,0002002170-000080,0002002170-000080,BR_00000006,BR_00000001,numeric-chain-000007,False,23.0,2026-06-03T21:35:41+08:00,2026-06-16T23:57:41.870+08:00,2026-06-17T00:21:18.667+08:00,0
True,released_plan,330,0030124440-000020,0030124440-000020,BR_00000006,BR_00000001,numeric-chain-000007,False,23.0,2026-06-05T10:03:16+08:00,2026-06-17T00:21:18.667+08:00,2026-06-17T00:47:37.084+08:00,0
True,released_plan,331,0002002169-000030,0002002169-000030,BR_00000006,BR_00000001,numeric-chain-000007,False,30.0,2026-06-03T21:35:43+08:00,2026-06-17T00:47:37.084+08:00,2026-06-17T01:31:55.936+08:00,0
True,released_plan,332,0002002202-000140,0002002202-000140,BR_00000006,BR_00000001,numeric-chain-000007,False,23.0,2026-06-03T21:35:52+08:00,2026-06-17T01:31:55.936+08:00,2026-06-17T02:06:12.753+08:00,0
True,released_plan,333,0030125207-000040,0030125207-000040,BR_00000006,BR_00000001,numeric-chain-000007,False,46.0,2026-06-08T08:30:31+08:00,2026-06-17T02:06:12.753+08:00,2026-06-17T03:15:12.494+08:00,0
True,released_plan,334,0002002202-000160,0002002202-000160,BR_00000006,BR_00000001,numeric-chain-000007,False,19.0,2026-06-03T21:35:52+08:00,2026-06-17T03:15:12.494+08:00,2026-06-17T03:44:10.754+08:00,0
True,released_plan,335,0002002176-000200,0002002176-000200,BR_00000006,BR_00000001,numeric-chain-000007,False,15.0,2026-05-31T11:33:35+08:00,2026-06-17T03:44:10.754+08:00,2026-06-17T04:10:59.195+08:00,0
True,released_plan,336,0002002202-000170,0002002202-000170,BR_00000006,BR_00000001,numeric-chain-000007,False,19.0,2026-06-03T21:35:50+08:00,2026-06-17T04:10:59.195+08:00,2026-06-17T04:40:05.502+08:00,0
True,released_plan,337,0030117933-000010,0030117933-000010,BR_00000001,BR_00000001,numeric-chain-000007,False,10.9,2026-05-02T06:09:02+08:00,2026-06-17T04:40:05.502+08:00,2026-06-17T04:56:51.991+08:00,0
True,released_plan,338,0030121690-000040,0030121690-000040,BR_00000002,BR_00000001,numeric-chain-000007,False,11.87,2026-05-18T14:59:47+08:00,2026-06-17T04:56:51.991+08:00,2026-06-17T05:15:12.455+08:00,0
True,released_plan,339,0030120757-000020,0030120757-000020,BR_00000001,BR_00000001,numeric-chain-000007,False,17.37,2026-05-10T19:08:53+08:00,2026-06-17T05:15:12.455+08:00,2026-06-17T05:42:43.999+08:00,0
True,released_plan,340,0030122480-000080,0030122480-000080,BR_00000006,BR_00000001,numeric-chain-000007,False,69.0,2026-05-22T08:03:33+08:00,2026-06-17T05:42:43.999+08:00,2026-06-17T07:38:42.549+08:00,0
True,released_plan,341,0030122480-000110,0030122480-000110,BR_00000006,BR_00000001,numeric-chain-000007,False,110.0,2026-05-22T08:03:32+08:00,2026-06-17T07:38:42.549+08:00,2026-06-17T10:33:41.604+08:00,0
True,released_plan,342,0030118799-000010,0030118799-000010,BR_00000001,BR_00000001,numeric-chain-000007,False,7.55,2026-05-08T13:38:33+08:00,2026-06-17T10:33:41.604+08:00,2026-06-17T10:46:25.961+08:00,0
True,released_plan,343,0030124437-000020,0030124437-000020,BR_00000006,BR_00000001,numeric-chain-000007,False,22.0,2026-06-07T06:34:19+08:00,2026-06-17T10:46:25.961+08:00,2026-06-17T11:18:11.074+08:00,0
True,released_plan,344,0030120745-000010,0030120745-000010,BR_00000001,BR_00000001,numeric-chain-000007,False,12.99,2026-05-09T18:01:22+08:00,2026-06-17T11:18:11.074+08:00,2026-06-17T11:39:55.417+08:00,0
True,released_plan,345,0030122080-000010,0030122080-000010,BR_00000003,BR_00000001,numeric-chain-000007,False,14.4,2026-05-20T08:33:45+08:00,2026-06-17T11:39:55.417+08:00,2026-06-17T12:04:01.340+08:00,0
True,released_plan,346,0030119860-000010,0030119860-000010,BR_00000001,BR_00000001,numeric-chain-000012,False,38.27,2026-05-07T20:53:23+08:00,2026-06-17T12:04:01.340+08:00,2026-06-17T12:50:34.594+08:00,0
True,released_plan,347,0002002184-000010,0002002184-000010,BR_00000006,BR_00000001,numeric-chain-000012,False,23.0,2026-06-05T21:35:51+08:00,2026-06-17T12:50:34.594+08:00,2026-06-17T13:20:50.464+08:00,0
True,released_plan,348,0030118802-000010,0030118802-000010,BR_00000001,BR_00000001,numeric-chain-000012,False,14.77,2026-05-08T14:17:01+08:00,2026-06-17T13:20:50.464+08:00,2026-06-17T13:41:02.399+08:00,0
True,released_plan,349,0002002184-000040,0002002184-000040,BR_00000006,BR_00000001,numeric-chain-000012,False,92.0,2026-06-05T21:35:49+08:00,2026-06-17T13:41:02.399+08:00,2026-06-17T15:33:27.059+08:00,0
True,released_plan,350,0030125207-000110,0030125207-000110,BR_00000006,BR_00000001,numeric-chain-000012,False,24.0,2026-06-08T08:30:29+08:00,2026-06-17T15:33:27.059+08:00,2026-06-17T16:02:47.836+08:00,0
True,released_plan,351,0030123255-000010,0030123255-000010,BR_00000006,BR_00000001,numeric-chain-000012,False,92.0,2026-05-31T16:04:07+08:00,2026-06-17T16:02:47.836+08:00,2026-06-17T18:08:36.786+08:00,0
True,released_plan,352,0002002176-000240,0002002176-000240,BR_00000006,BR_00000001,numeric-chain-000012,False,69.0,2026-06-02T11:33:36+08:00,2026-06-17T18:08:36.786+08:00,2026-06-17T19:40:41.927+08:00,0
True,released_plan,353,0030123141-000020,0030123141-000020,BR_00000006,BR_00000001,numeric-chain-000012,False,100.0,2026-05-31T14:42:00+08:00,2026-06-17T19:40:41.927+08:00,2026-06-17T21:48:50.022+08:00,0
True,released_plan,354,0002002162-000110,0002002162-000110,BR_00000006,BR_00000001,numeric-chain-000012,False,24.0,2026-05-29T13:03:55+08:00,2026-06-17T21:48:50.022+08:00,2026-06-17T22:21:35.989+08:00,0
True,released_plan,355,0030124683-000020,0030124683-000020,BR_00000006,BR_00000001,numeric-chain-000012,False,48.0,2026-06-05T22:03:47+08:00,2026-06-17T22:21:35.989+08:00,2026-06-17T23:22:27.071+08:00,0
True,released_plan,356,0030123654-000030,0030123654-000030,BR_00000006,BR_00000001,numeric-chain-000012,False,24.0,2026-06-07T06:34:21+08:00,2026-06-17T23:22:27.071+08:00,2026-06-17T23:49:14.779+08:00,0
True,released_plan,357,0030123653-000060,0030123653-000060,BR_00000006,BR_00000001,numeric-chain-000012,False,96.0,2026-06-02T08:35:07+08:00,2026-06-17T23:49:14.779+08:00,2026-06-18T01:39:32.365+08:00,0
True,released_plan,358,0030124871-000030,0030124871-000030,BR_00000006,BR_00000001,numeric-chain-000012,False,20.0,2026-06-07T06:34:18+08:00,2026-06-18T01:39:32.365+08:00,2026-06-18T01:59:02.633+08:00,0
True,released_plan,359,0030124735-000100,0030124735-000100,BR_00000006,BR_00000001,numeric-chain-000012,False,24.0,2026-06-05T22:03:49+08:00,2026-06-18T01:59:02.633+08:00,2026-06-18T02:21:16.738+08:00,0
True,released_plan,360,0030124871-000060,0030124871-000060,BR_00000006,BR_00000001,numeric-chain-000012,False,300.0,2026-06-07T06:34:20+08:00,2026-06-18T02:21:16.738+08:00,2026-06-18T06:22:57.883+08:00,0
True,released_plan,361,0010020206-000090,0010020206-000090,BR_00000006,BR_00000001,numeric-chain-000012,False,52.98,2026-06-02T12:05:20+08:00,2026-06-18T06:22:57.883+08:00,2026-06-18T07:07:57.501+08:00,0
True,released_plan,362,0030122488-000020,0030122488-000020,BR_00000006,BR_00000001,numeric-chain-000012,False,96.0,2026-05-22T10:03:13+08:00,2026-06-18T07:07:57.501+08:00,2026-06-18T08:26:13.552+08:00,0
True,released_plan,363,0002002202-000110,0002002202-000110,BR_00000006,BR_00000001,numeric-chain-000012,False,23.0,2026-06-03T21:35:46+08:00,2026-06-18T08:26:13.552+08:00,2026-06-18T08:46:16.317+08:00,0
True,released_plan,364,0002002185-000090,0002002185-000090,BR_00000006,BR_00000001,numeric-chain-000012,False,1.97,2026-06-03T21:35:46+08:00,2026-06-18T08:46:16.317+08:00,2026-06-18T08:47:59.591+08:00,0
True,released_plan,365,0030124440-000040,0030124440-000040,BR_00000006,BR_00000001,numeric-chain-000012,False,24.0,2026-06-05T10:03:16+08:00,2026-06-18T08:47:59.591+08:00,2026-06-18T09:07:29.635+08:00,0
True,released_plan,366,0030119597-000010,0030119597-000010,BR_00000001,BR_00000001,numeric-chain-000012,False,7.08,2026-05-07T20:53:19+08:00,2026-06-18T09:07:29.635+08:00,2026-06-18T09:14:00.073+08:00,0
True,released_plan,367,0030118261-000010,0030118261-000010,BR_00000001,BR_00000001,numeric-chain-000012,False,57.02,2026-05-04T15:25:43+08:00,2026-06-18T09:14:00.073+08:00,2026-06-18T10:11:40.348+08:00,0
True,released_plan,368,0030125147-000020,0030125147-000020,BR_00000006,BR_00000001,numeric-chain-000012,False,23.0,2026-06-07T06:34:20+08:00,2026-06-18T10:11:40.348+08:00,2026-06-18T10:34:56.110+08:00,0
True,released_plan,369,0030123508-000010,0030123508-000010,BR_00000006,BR_00000001,numeric-chain-000012,False,138.0,2026-06-01T15:33:38+08:00,2026-06-18T10:34:56.110+08:00,2026-06-18T12:54:30.680+08:00,0
True,released_plan,370,0030124170-000010,0030124170-000010,BR_00000006,BR_00000001,numeric-chain-000012,False,69.0,2026-06-03T21:35:49+08:00,2026-06-18T12:54:30.680+08:00,2026-06-18T14:04:17.965+08:00,0
True,released_plan,371,0005000571-000020,0005000571-000020,BR_00000006,BR_00000001,numeric-chain-000012,False,7.0,2026-06-09T06:34:23+08:00,2026-06-18T14:04:17.965+08:00,2026-06-18T14:10:50.793+08:00,0
True,released_plan,372,0002002184-000090,0002002184-000090,BR_00000006,BR_00000001,numeric-chain-000012,False,30.0,2026-06-05T21:35:48+08:00,2026-06-18T14:10:50.793+08:00,2026-06-18T14:41:29.011+08:00,0
True,released_plan,373,0005000547-000400,0005000547-000400,BR_00000001,BR_00000001,numeric-chain-000012,False,20.0,2026-05-06T10:25:56+08:00,2026-06-18T14:41:29.011+08:00,2026-06-18T15:06:39.547+08:00,0
True,released_plan,374,0005000563-000290,0005000563-000290,BR_00000006,BR_00000001,numeric-chain-000012,False,20.0,2026-05-27T16:03:27+08:00,2026-06-18T15:06:39.547+08:00,2026-06-18T15:31:50.083+08:00,0
True,released_plan,375,0030124574-000010,0030124574-000010,BR_00000006,BR_00000001,numeric-chain-000012,False,23.0,2026-06-07T06:34:24+08:00,2026-06-18T15:31:50.083+08:00,2026-06-18T15:56:02.944+08:00,0
True,released_plan,376,0030124824-000010,0030124824-000010,BR_00000006,BR_00000001,numeric-chain-000012,False,20.0,2026-06-06T07:33:37+08:00,2026-06-18T15:56:02.944+08:00,2026-06-18T16:19:02.977+08:00,0
True,released_plan,377,0002002185-000030,0002002185-000030,BR_00000006,BR_00000001,numeric-chain-000024,False,23.0,2026-06-03T21:35:48+08:00,2026-06-18T16:19:02.977+08:00,2026-06-18T16:34:44.433+08:00,0
True,released_plan,378,0002002170-000040,0002002170-000040,BR_00000006,BR_00000001,numeric-chain-000024,False,23.0,2026-06-03T21:35:41+08:00,2026-06-18T16:34:44.433+08:00,2026-06-18T16:50:02.894+08:00,0
True,released_plan,379,0030123653-000010,0030123653-000010,BR_00000006,BR_00000001,numeric-chain-000024,False,96.0,2026-06-02T08:35:06+08:00,2026-06-18T16:50:02.894+08:00,2026-06-18T17:56:36.135+08:00,0
True,released_plan,380,0030121432-000010,0030121432-000010,BR_00000002,BR_00000001,numeric-chain-000024,False,48.0,2026-05-15T15:43:36+08:00,2026-06-18T17:56:36.135+08:00,2026-06-18T18:29:56.593+08:00,0
True,released_plan,381,0010019881-000040,0010019881-000040,BR_00000006,BR_00000001,numeric-chain-000024,False,96.0,2026-05-29T10:04:29+08:00,2026-06-18T18:29:56.593+08:00,2026-06-18T19:37:24.913+08:00,0
True,released_plan,382,0002002195-000090,0002002195-000090,BR_00000006,BR_00000001,numeric-chain-000024,False,48.0,2026-06-02T12:05:18+08:00,2026-06-18T19:37:24.913+08:00,2026-06-18T20:09:15.741+08:00,0
True,released_plan,383,0002002185-000020,0002002185-000020,BR_00000006,BR_00000001,numeric-chain-000024,False,23.0,2026-06-03T21:35:42+08:00,2026-06-18T20:09:15.741+08:00,2026-06-18T20:27:21.975+08:00,0
True,released_plan,384,0002002185-000040,0002002185-000040,BR_00000006,BR_00000001,numeric-chain-000024,False,40.0,2026-06-03T21:35:44+08:00,2026-06-18T20:27:21.975+08:00,2026-06-18T20:59:31.617+08:00,0
True,released_plan,385,0002002202-000120,0002002202-000120,BR_00000006,BR_00000001,numeric-chain-000024,False,23.0,2026-06-03T21:35:52+08:00,2026-06-18T20:59:31.617+08:00,2026-06-18T21:17:31.313+08:00,0
True,released_plan,386,0002002006-000190,0002002006-000190,BR_00000001,BR_00000001,numeric-chain-000024,False,7.7,2026-05-01T06:01:13+08:00,2026-06-18T21:17:31.313+08:00,2026-06-18T21:24:37.047+08:00,0
True,released_plan,387,0030124683-000050,0030124683-000050,BR_00000006,BR_00000001,numeric-chain-000024,False,23.0,2026-06-05T22:03:47+08:00,2026-06-18T21:24:37.047+08:00,2026-06-18T21:43:14.490+08:00,0
True,released_plan,388,0030125170-000010,0030125170-000010,BR_00000006,BR_00000001,numeric-chain-000024,False,20.0,2026-06-07T21:33:55+08:00,2026-06-18T21:43:14.490+08:00,2026-06-18T22:00:29.748+08:00,0
True,released_plan,389,0030124207-000010,0030124207-000010,BR_00000006,BR_00000001,numeric-chain-000024,False,24.0,2026-06-04T12:33:10+08:00,2026-06-18T22:00:29.748+08:00,2026-06-18T22:25:58.410+08:00,0
True,released_plan,390,0030124826-000010,0030124826-000010,BR_00000006,BR_00000001,numeric-chain-000024,False,40.0,2026-06-06T07:33:36+08:00,2026-06-18T22:25:58.410+08:00,2026-06-18T23:06:15.268+08:00,0
True,released_plan,391,0030122898-000020,0030122898-000020,BR_00000006,BR_00000001,numeric-chain-000024,False,19.26,2026-05-27T13:03:51+08:00,2026-06-18T23:06:15.268+08:00,2026-06-18T23:26:42.020+08:00,0
True,released_plan,392,0005000563-000220,0005000563-000220,BR_00000006,BR_00000001,numeric-chain-000024,False,18.22,2026-05-27T16:03:26+08:00,2026-06-18T23:26:42.020+08:00,2026-06-18T23:47:32.569+08:00,0
True,released_plan,393,0030122760-000020,0030122760-000020,BR_00000006,BR_00000001,numeric-chain-000024,False,18.35,2026-05-27T17:03:35+08:00,2026-06-18T23:47:32.569+08:00,2026-06-19T00:04:35.580+08:00,0
True,released_plan,394,0005000563-000240,0005000563-000240,BR_00000006,BR_00000001,numeric-chain-000024,False,16.0,2026-05-27T17:03:33+08:00,2026-06-19T00:04:35.580+08:00,2026-06-19T00:23:27.923+08:00,0
True,released_plan,395,0030125097-000010,0030125097-000010,BR_00000006,BR_00000001,numeric-chain-000024,False,7.65,2026-06-07T06:34:17+08:00,2026-06-19T00:23:27.923+08:00,2026-06-19T00:32:47.993+08:00,0
True,released_plan,396,0002002184-000200,0002002184-000200,BR_00000006,BR_00000001,numeric-chain-000024,False,91.34,2026-06-05T21:35:44+08:00,2026-06-19T00:32:47.993+08:00,2026-06-19T02:40:14.654+08:00,0
True,released_plan,397,0030124871-000100,0030124871-000100,BR_00000006,BR_00000001,numeric-chain-000017,False,210.0,2026-06-08T08:35:19+08:00,2026-06-19T02:40:14.654+08:00,2026-06-19T06:04:49.546+08:00,0
True,released_plan,398,0030124871-000090,0030124871-000090,BR_00000006,BR_00000001,numeric-chain-000017,False,70.0,2026-06-07T06:34:20+08:00,2026-06-19T06:04:49.546+08:00,2026-06-19T07:14:33.568+08:00,0
True,released_plan,399,0030124871-000110,0030124871-000110,BR_00000006,BR_00000001,numeric-chain-000017,False,140.0,2026-06-07T06:34:21+08:00,2026-06-19T07:14:33.568+08:00,2026-06-19T10:19:38.422+08:00,0
True,released_plan,400,0010019718-000030,0010019718-000030,BR_00000006,BR_00000001,numeric-chain-000017,False,131.46,2026-05-26T10:34:07+08:00,2026-06-19T10:19:38.422+08:00,2026-06-19T13:57:07.640+08:00,0
True,released_plan,401,0002002176-000140,0002002176-000140,BR_00000006,BR_00000001,numeric-chain-000017,False,23.0,2026-05-31T11:33:36+08:00,2026-06-19T13:57:07.640+08:00,2026-06-19T14:29:17.769+08:00,0
True,released_plan,402,0002002180-000040,0002002180-000040,BR_00000006,BR_00000001,numeric-chain-000017,False,20.0,2026-06-01T10:03:59+08:00,2026-06-19T14:29:17.769+08:00,2026-06-19T14:57:37.076+08:00,0
True,released_plan,403,0002002195-000230,0002002195-000230,BR_00000006,BR_00000001,numeric-chain-000017,False,24.0,2026-06-02T12:05:18+08:00,2026-06-19T14:57:37.076+08:00,2026-06-19T15:29:10.498+08:00,0
True,released_plan,404,0002002185-000100,0002002185-000100,BR_00000006,BR_00000001,numeric-chain-000017,False,23.0,2026-06-03T21:35:41+08:00,2026-06-19T15:29:10.498+08:00,2026-06-19T15:59:52.212+08:00,0
True,released_plan,405,0002002195-000120,0002002195-000120,BR_00000006,BR_00000001,numeric-chain-000017,False,72.0,2026-06-02T12:05:15+08:00,2026-06-19T15:59:52.212+08:00,2026-06-19T17:37:25.263+08:00,0
True,released_plan,406,0002002170-000270,0002002170-000270,BR_00000006,BR_00000001,numeric-chain-000017,False,46.0,2026-06-03T21:35:45+08:00,2026-06-19T17:37:25.263+08:00,2026-06-19T18:40:57.182+08:00,0
True,released_plan,407,0030118006-000020,0030118006-000020,BR_00000001,BR_00000001,numeric-chain-000017,False,29.28,2026-05-03T06:15:18+08:00,2026-06-19T18:40:57.182+08:00,2026-06-19T19:26:31.739+08:00,0
True,released_plan,408,0002002170-000330,0002002170-000330,BR_00000006,BR_00000001,numeric-chain-000017,False,23.0,2026-06-03T21:35:46+08:00,2026-06-19T19:26:31.739+08:00,2026-06-19T19:59:03.079+08:00,0
True,released_plan,409,0030122897-000070,0030122897-000070,BR_00000006,BR_00000001,numeric-chain-000017,False,24.0,2026-05-27T13:03:50+08:00,2026-06-19T19:59:03.079+08:00,2026-06-19T20:28:41.886+08:00,0
True,released_plan,410,0030122086-000010,0030122086-000010,BR_00000003,BR_00000001,numeric-chain-000017,False,48.0,2026-05-26T10:34:08+08:00,2026-06-19T20:28:41.886+08:00,2026-06-19T21:38:47.767+08:00,0
True,released_plan,411,0002002176-000160,0002002176-000160,BR_00000006,BR_00000001,numeric-chain-000017,False,13.76,2026-06-02T11:33:38+08:00,2026-06-19T21:38:47.767+08:00,2026-06-19T21:58:53.453+08:00,0
True,released_plan,412,0002002184-000080,0002002184-000080,BR_00000006,BR_00000001,numeric-chain-000017,False,23.0,2026-06-05T21:35:43+08:00,2026-06-19T21:58:53.453+08:00,2026-06-19T22:26:10.899+08:00,0
True,released_plan,413,0002002170-000420,0002002170-000420,BR_00000006,BR_00000001,numeric-chain-000017,False,23.0,2026-06-05T21:35:51+08:00,2026-06-19T22:26:10.899+08:00,2026-06-19T22:59:49.526+08:00,0
True,released_plan,414,0030124772-000020,0030124772-000020,BR_00000006,BR_00000001,numeric-chain-000017,False,24.0,2026-06-05T22:33:34+08:00,2026-06-19T22:59:49.526+08:00,2026-06-19T23:35:27.515+08:00,0
True,released_plan,415,0002002195-000080,0002002195-000080,BR_00000006,BR_00000001,numeric-chain-000017,False,190.0,2026-06-04T12:05:21+08:00,2026-06-19T23:35:27.515+08:00,2026-06-20T04:18:44.083+08:00,0
True,released_plan,416,0002002162-000100,0002002162-000100,BR_00000006,BR_00000001,numeric-chain-000017,False,24.0,2026-05-29T13:03:54+08:00,2026-06-20T04:18:44.083+08:00,2026-06-20T04:54:58.310+08:00,0
True,released_plan,417,0030124772-000030,0030124772-000030,BR_00000006,BR_00000001,numeric-chain-000017,False,24.0,2026-06-05T22:33:35+08:00,2026-06-20T04:54:58.310+08:00,2026-06-20T05:28:37.235+08:00,0
True,released_plan,418,0030117110-000010,0030117110-000010,BR_00000001,BR_00000001,numeric-chain-000017,False,13.2,2026-04-27T13:03:09+08:00,2026-06-20T05:28:37.235+08:00,2026-06-20T05:47:17.134+08:00,0
True,released_plan,419,0030117932-000010,0030117932-000010,BR_00000001,BR_00000001,numeric-chain-000017,False,99.77,2026-05-02T06:09:07+08:00,2026-06-20T05:47:17.134+08:00,2026-06-20T08:33:00.456+08:00,0
True,released_plan,420,0030124800-000070,0030124800-000070,BR_00000006,BR_00000001,numeric-chain-000017,False,23.0,2026-06-07T06:34:17+08:00,2026-06-20T08:33:00.456+08:00,2026-06-20T09:15:37.119+08:00,0
True,released_plan,421,0002002176-000170,0002002176-000170,BR_00000006,BR_00000001,numeric-chain-000017,False,17.0,2026-05-31T11:33:38+08:00,2026-06-20T09:15:37.119+08:00,2026-06-20T09:44:16.536+08:00,0
True,released_plan,422,0002002202-000060,0002002202-000060,BR_00000006,BR_00000001,numeric-chain-000017,False,46.0,2026-06-03T21:35:47+08:00,2026-06-20T09:44:16.536+08:00,2026-06-20T10:50:44.426+08:00,0
True,released_plan,423,0002002170-000370,0002002170-000370,BR_00000006,BR_00000001,numeric-chain-000017,False,23.0,2026-06-03T21:35:49+08:00,2026-06-20T10:50:44.426+08:00,2026-06-20T11:24:24.839+08:00,0
True,released_plan,424,0002002176-000180,0002002176-000180,BR_00000006,BR_00000001,numeric-chain-000017,False,15.0,2026-05-31T11:33:37+08:00,2026-06-20T11:24:24.839+08:00,2026-06-20T11:48:13.976+08:00,0
True,released_plan,425,0002002185-000110,0002002185-000110,BR_00000006,BR_00000001,numeric-chain-000017,False,19.0,2026-06-03T21:35:41+08:00,2026-06-20T11:48:13.976+08:00,2026-06-20T12:19:05.471+08:00,0
True,released_plan,426,0002002195-000060,0002002195-000060,BR_00000006,BR_00000001,numeric-chain-000017,False,61.96,2026-06-02T12:05:17+08:00,2026-06-20T12:19:05.471+08:00,2026-06-20T13:59:54.321+08:00,0
True,released_plan,427,0002002202-000150,0002002202-000150,BR_00000006,BR_00000001,numeric-chain-000017,False,25.0,2026-06-03T21:35:52+08:00,2026-06-20T13:59:54.321+08:00,2026-06-20T14:37:40.618+08:00,0
True,released_plan,428,0002002195-000170,0002002195-000170,BR_00000006,BR_00000001,numeric-chain-000017,False,24.0,2026-06-02T12:05:21+08:00,2026-06-20T14:37:40.618+08:00,2026-06-20T15:16:58.695+08:00,0
True,released_plan,429,0030124800-000030,0030124800-000030,BR_00000006,BR_00000001,numeric-chain-000017,False,23.0,2026-06-07T06:34:22+08:00,2026-06-20T15:16:58.695+08:00,2026-06-20T15:47:41.577+08:00,0
True,released_plan,430,0002002176-000070,0002002176-000070,BR_00000006,BR_00000001,numeric-chain-000017,False,100.0,2026-05-31T11:33:36+08:00,2026-06-20T15:47:41.577+08:00,2026-06-20T17:36:38.233+08:00,0
True,released_plan,431,0030123143-000070,0030123143-000070,BR_00000006,BR_00000001,numeric-chain-000017,False,88.0,2026-05-31T10:04:26+08:00,2026-06-20T17:36:38.233+08:00,2026-06-20T19:12:46.770+08:00,0
True,released_plan,432,0002002202-000200,0002002202-000200,BR_00000006,BR_00000001,numeric-chain-000017,False,19.0,2026-06-03T21:35:40+08:00,2026-06-20T19:12:46.770+08:00,2026-06-20T19:33:38.152+08:00,0
True,released_plan,433,0002002202-000180,0002002202-000180,BR_00000006,BR_00000001,numeric-chain-000017,False,19.0,2026-06-03T21:35:50+08:00,2026-06-20T19:33:38.152+08:00,2026-06-20T19:55:18.850+08:00,0
True,released_plan,434,0002002202-000100,0002002202-000100,BR_00000006,BR_00000001,numeric-chain-000017,False,19.0,2026-06-03T21:35:50+08:00,2026-06-20T19:55:18.850+08:00,2026-06-20T20:15:27.832+08:00,0
True,released_plan,435,0002002180-000170,0002002180-000170,BR_00000006,BR_00000001,numeric-chain-000017,False,20.0,2026-06-01T10:04:02+08:00,2026-06-20T20:15:27.832+08:00,2026-06-20T20:40:22.126+08:00,0
True,released_plan,436,0030124731-000020,0030124731-000020,BR_00000006,BR_00000001,numeric-chain-000017,False,54.0,2026-06-05T22:03:48+08:00,2026-06-20T20:40:22.126+08:00,2026-06-20T21:55:53.734+08:00,0
True,released_plan,437,0002002170-000120,0002002170-000120,BR_00000006,BR_00000001,numeric-chain-000017,False,23.0,2026-06-03T21:35:40+08:00,2026-06-20T21:55:53.734+08:00,2026-06-20T22:27:45.393+08:00,0
True,released_plan,438,0002002193-000040,0002002193-000040,BR_00000006,BR_00000001,numeric-chain-000008,False,104.0,2026-06-04T14:35:04+08:00,2026-06-20T22:27:45.393+08:00,2026-06-21T00:11:05.654+08:00,0
True,released_plan,439,0030123647-000010,0030123647-000010,BR_00000006,BR_00000001,numeric-chain-000008,False,6.15,2026-06-04T15:05:18+08:00,2026-06-21T00:11:05.654+08:00,2026-06-21T00:17:38.151+08:00,0
True,released_plan,440,0002002193-000020,0002002193-000020,BR_00000006,BR_00000001,numeric-chain-000008,False,260.0,2026-06-04T15:05:17+08:00,2026-06-21T00:17:38.151+08:00,2026-06-21T04:07:07.976+08:00,0
True,released_plan,441,0030123646-000010,0030123646-000010,BR_00000006,BR_00000001,numeric-chain-000008,False,12.0,2026-06-04T15:05:17+08:00,2026-06-21T04:07:07.976+08:00,2026-06-21T04:19:23.263+08:00,0
True,released_plan,442,0002002170-000320,0002002170-000320,BR_00000006,BR_00000001,numeric-chain-000008,False,23.0,2026-06-05T21:35:43+08:00,2026-06-21T04:19:23.263+08:00,2026-06-21T04:44:30.238+08:00,0
True,released_plan,443,0030123936-000020,0030123936-000020,BR_00000006,BR_00000001,numeric-chain-000008,False,327.94,2026-06-04T20:33:16+08:00,2026-06-21T04:44:30.238+08:00,2026-06-21T10:38:44.326+08:00,0
True,released_plan,444,0030123143-000010,0030123143-000010,BR_00000006,BR_00000001,numeric-chain-000008,False,52.0,2026-05-31T10:04:28+08:00,2026-06-21T10:38:44.326+08:00,2026-06-21T11:35:17.656+08:00,0
True,released_plan,445,0030123936-000010,0030123936-000010,BR_00000006,BR_00000001,numeric-chain-000008,False,182.0,2026-06-04T20:33:15+08:00,2026-06-21T11:35:17.656+08:00,2026-06-21T15:04:23.497+08:00,0
True,released_plan,446,0030123142-000020,0030123142-000020,BR_00000006,BR_00000001,numeric-chain-000008,False,182.0,2026-05-31T10:04:27+08:00,2026-06-21T15:04:23.497+08:00,2026-06-21T18:33:29.338+08:00,0
True,released_plan,447,0030123143-000040,0030123143-000040,BR_00000006,BR_00000001,numeric-chain-000008,False,67.97,2026-05-31T10:04:31+08:00,2026-06-21T18:33:29.338+08:00,2026-06-21T19:58:10.427+08:00,0
True,released_plan,448,0002002180-000280,0002002180-000280,BR_00000006,BR_00000001,numeric-chain-000008,False,20.0,2026-06-03T10:03:59+08:00,2026-06-21T19:58:10.427+08:00,2026-06-21T20:23:48.549+08:00,0
True,released_plan,449,0030123425-000020,0030123425-000020,BR_00000006,BR_00000001,numeric-chain-000008,False,130.0,2026-06-03T10:03:58+08:00,2026-06-21T20:23:48.549+08:00,2026-06-21T23:14:06.881+08:00,0
True,released_plan,450,0030123143-000060,0030123143-000060,BR_00000006,BR_00000001,numeric-chain-000008,False,78.0,2026-05-31T10:04:27+08:00,2026-06-21T23:14:06.881+08:00,2026-06-22T00:51:51.315+08:00,0
True,released_plan,451,0030123142-000040,0030123142-000040,BR_00000006,BR_00000001,numeric-chain-000008,False,156.0,2026-05-31T10:04:30+08:00,2026-06-22T00:51:51.315+08:00,2026-06-22T04:16:13.313+08:00,0
True,released_plan,452,0030124735-000060,0030124735-000060,BR_00000006,BR_00000001,numeric-chain-000008,False,24.0,2026-06-05T22:03:47+08:00,2026-06-22T04:16:13.313+08:00,2026-06-22T04:41:46.063+08:00,0
True,released_plan,453,0030122476-000050,0030122476-000050,BR_00000006,BR_00000001,numeric-chain-000008,False,8.0,2026-05-22T08:03:31+08:00,2026-06-22T04:41:46.063+08:00,2026-06-22T04:48:45.593+08:00,0
True,released_plan,454,0002002054-000100,0002002054-000100,BR_00000001,BR_00000001,numeric-chain-000008,False,75.01,2026-05-07T17:51:30+08:00,2026-06-22T04:48:45.593+08:00,2026-06-22T05:55:34.858+08:00,0
True,released_plan,455,virtual-000003,,,BR_00000001,numeric-chain-000008,True,20.0,,2026-06-22T05:55:34.858+08:00,2026-06-22T06:21:03.520+08:00,0
True,released_plan,456,virtual-000004,,,BR_00000001,numeric-chain-000008,True,20.0,,2026-06-22T06:21:03.520+08:00,2026-06-22T06:55:01.737+08:00,0
True,released_plan,457,0030123425-000010,0030123425-000010,BR_00000006,BR_00000001,numeric-chain-000008,False,132.0,2026-06-03T10:04:05+08:00,2026-06-22T06:55:01.737+08:00,2026-06-22T10:58:55.921+08:00,0
True,released_plan,458,0002002170-000360,0002002170-000360,BR_00000006,BR_00000001,numeric-chain-000008,False,40.0,2026-06-05T21:35:47+08:00,2026-06-22T10:58:55.921+08:00,2026-06-22T12:13:53.310+08:00,0
True,released_plan,459,0030122066-000020,0030122066-000020,BR_00000003,BR_00000001,numeric-chain-000008,False,24.0,2026-05-20T08:33:44+08:00,2026-06-22T12:13:53.310+08:00,2026-06-22T13:00:12.696+08:00,0
True,released_plan,460,0030122480-000090,0030122480-000090,BR_00000006,BR_00000001,numeric-chain-000008,False,22.0,2026-05-22T08:03:33+08:00,2026-06-22T13:00:12.696+08:00,2026-06-22T13:36:58.558+08:00,0
True,released_plan,461,0030118632-000010,0030118632-000010,BR_00000001,BR_00000001,numeric-chain-000008,False,16.85,2026-05-06T08:24:26+08:00,2026-06-22T13:36:58.558+08:00,2026-06-22T14:02:57.153+08:00,0
True,released_plan,462,0030117110-000090,0030117110-000090,BR_00000001,BR_00000001,numeric-chain-000008,False,4.67,2026-04-27T13:03:08+08:00,2026-06-22T14:02:57.153+08:00,2026-06-22T14:08:36.937+08:00,0
True,released_plan,463,0002002187-000010,0002002187-000010,BR_00000006,BR_00000001,numeric-chain-000006,False,25.0,2026-06-04T13:03:09+08:00,2026-06-22T14:08:36.937+08:00,2026-06-22T14:38:10.657+08:00,0
True,released_plan,464,0010019718-000050,0010019718-000050,BR_00000006,BR_00000001,numeric-chain-000006,False,96.0,2026-05-26T10:34:08+08:00,2026-06-22T14:38:10.657+08:00,2026-06-22T17:01:37.789+08:00,0
True,released_plan,465,0010018206-000080,0010018206-000080,BR_00000001,BR_00000001,numeric-chain-000006,False,8.26,2026-04-29T05:46:10+08:00,2026-06-22T17:01:37.789+08:00,2026-06-22T17:14:23.047+08:00,0
True,released_plan,466,0010019718-000040,0010019718-000040,BR_00000006,BR_00000001,numeric-chain-000006,False,144.0,2026-05-26T10:34:06+08:00,2026-06-22T17:14:23.047+08:00,2026-06-22T20:56:44.101+08:00,0
True,released_plan,467,0010019618-000020,0010019618-000020,BR_00000006,BR_00000001,numeric-chain-000006,False,192.0,2026-05-22T10:03:13+08:00,2026-06-22T20:56:44.101+08:00,2026-06-23T01:53:12.173+08:00,0
True,released_plan,468,0002002170-000300,0002002170-000300,BR_00000006,BR_00000001,numeric-chain-000006,False,23.0,2026-06-03T21:35:40+08:00,2026-06-23T01:53:12.173+08:00,2026-06-23T02:24:12.450+08:00,0
True,released_plan,469,0030124457-000020,0030124457-000020,BR_00000006,BR_00000001,numeric-chain-000006,False,24.0,2026-06-05T15:03:10+08:00,2026-06-23T02:24:12.450+08:00,2026-06-23T02:55:26.615+08:00,0
True,released_plan,470,0002002184-000220,0002002184-000220,BR_00000006,BR_00000001,numeric-chain-000006,False,23.0,2026-06-05T21:35:40+08:00,2026-06-23T02:55:26.615+08:00,2026-06-23T03:25:57.253+08:00,0
True,released_plan,471,0002002184-000030,0002002184-000030,BR_00000006,BR_00000001,numeric-chain-000006,False,23.0,2026-06-05T21:35:48+08:00,2026-06-23T03:25:57.253+08:00,2026-06-23T03:54:24.675+08:00,0
True,released_plan,472,0002002170-000430,0002002170-000430,BR_00000006,BR_00000001,numeric-chain-000006,False,23.0,2026-06-05T21:35:48+08:00,2026-06-23T03:54:24.675+08:00,2026-06-23T04:22:52.097+08:00,0
True,released_plan,473,0002002055-000100,0002002055-000100,BR_00000001,BR_00000001,numeric-chain-000006,False,18.26,2026-05-07T20:53:35+08:00,2026-06-23T04:22:52.097+08:00,2026-06-23T04:47:48.664+08:00,0
True,released_plan,474,0030119866-000010,0030119866-000010,BR_00000001,BR_00000001,numeric-chain-000006,False,27.97,2026-05-07T20:53:34+08:00,2026-06-23T04:47:48.664+08:00,2026-06-23T05:26:47.395+08:00,0
True,released_plan,475,0030123143-000020,0030123143-000020,BR_00000006,BR_00000001,numeric-chain-000006,False,104.0,2026-05-31T10:04:28+08:00,2026-06-23T05:26:47.395+08:00,2026-06-23T07:30:34.326+08:00,0
True,released_plan,476,0030125157-000010,0030125157-000010,BR_00000006,BR_00000001,numeric-chain-000006,False,26.0,2026-06-07T06:34:24+08:00,2026-06-23T07:30:34.326+08:00,2026-06-23T08:06:48.334+08:00,0
True,released_plan,477,0030124199-000010,0030124199-000010,BR_00000006,BR_00000001,numeric-chain-000006,False,26.0,2026-06-04T12:33:10+08:00,2026-06-23T08:06:48.334+08:00,2026-06-23T08:43:02.342+08:00,0
True,released_plan,478,0030122759-000030,0030122759-000030,BR_00000006,BR_00000001,numeric-chain-000006,False,88.0,2026-05-27T17:03:33+08:00,2026-06-23T08:43:02.342+08:00,2026-06-23T10:21:56.015+08:00,0
True,released_plan,479,0005000563-000030,0005000563-000030,BR_00000006,BR_00000001,numeric-chain-000006,False,63.0,2026-05-27T17:03:36+08:00,2026-06-23T10:21:56.015+08:00,2026-06-23T11:25:50.453+08:00,0
True,released_plan,480,0002002020-000080,0002002020-000080,BR_00000001,BR_00000001,numeric-chain-000006,False,13.01,2026-05-09T20:53:22+08:00,2026-06-23T11:25:50.453+08:00,2026-06-23T11:36:53.206+08:00,0
True,released_plan,481,0005000563-000130,0005000563-000130,BR_00000006,BR_00000001,numeric-chain-000006,False,42.0,2026-05-27T16:03:27+08:00,2026-06-23T11:36:53.206+08:00,2026-06-23T12:19:57.901+08:00,0
True,released_plan,482,0002002053-000180,0002002053-000180,BR_00000001,BR_00000001,numeric-chain-000006,False,60.0,2026-05-07T17:51:42+08:00,2026-06-23T12:19:57.901+08:00,2026-06-23T13:13:24.885+08:00,0
True,released_plan,483,0030121196-000020,0030121196-000020,BR_00000002,BR_00000001,numeric-chain-000006,False,24.0,2026-05-15T09:09:47+08:00,2026-06-23T13:13:24.885+08:00,2026-06-23T13:35:55.194+08:00,0
True,released_plan,484,0030124567-000010,0030124567-000010,BR_00000006,BR_00000001,numeric-chain-000006,False,24.0,2026-06-05T13:33:09+08:00,2026-06-23T13:35:55.194+08:00,2026-06-23T13:57:08.195+08:00,0
True,released_plan,485,0002002195-000180,0002002195-000180,BR_00000006,BR_00000001,numeric-chain-000006,False,25.0,2026-06-04T12:05:19+08:00,2026-06-23T13:57:08.195+08:00,2026-06-23T14:25:54.265+08:00,0
True,released_plan,486,0030122897-000030,0030122897-000030,BR_00000006,BR_00000001,numeric-chain-000006,False,24.0,2026-05-27T13:03:53+08:00,2026-06-23T14:25:54.265+08:00,2026-06-23T14:55:33.072+08:00,0
True,released_plan,487,0030124871-000070,0030124871-000070,BR_00000006,BR_00000001,numeric-chain-000006,False,230.0,2026-06-07T06:34:24+08:00,2026-06-23T14:55:33.072+08:00,2026-06-23T19:39:39.974+08:00,0
True,released_plan,488,0030123653-000050,0030123653-000050,BR_00000006,BR_00000001,numeric-chain-000006,False,120.0,2026-06-02T08:35:06+08:00,2026-06-23T19:39:39.974+08:00,2026-06-23T21:59:45.376+08:00,0
True,released_plan,489,0030125207-000050,0030125207-000050,BR_00000006,BR_00000001,numeric-chain-000006,False,48.0,2026-06-08T08:30:30+08:00,2026-06-23T21:59:45.376+08:00,2026-06-23T23:04:09.660+08:00,0
True,released_plan,490,0002002184-000060,0002002184-000060,BR_00000006,BR_00000001,numeric-chain-000006,False,23.0,2026-06-03T21:35:43+08:00,2026-06-23T23:04:09.660+08:00,2026-06-23T23:42:06.223+08:00,0
True,released_plan,491,0002002148-000010,0002002148-000010,BR_00000006,BR_00000001,numeric-chain-000006,False,300.0,2026-05-19T08:56:36+08:00,2026-06-23T23:42:06.223+08:00,2026-06-24T07:27:41.625+08:00,0
True,released_plan,492,0030120727-000030,0030120727-000030,BR_00000001,BR_00000001,numeric-chain-000004,False,300.0,2026-05-18T16:03:35+08:00,2026-06-24T07:27:41.625+08:00,2026-06-24T16:00:23.443+08:00,0
True,released_plan,493,0030120882-000010,0030120882-000010,BR_00000002,BR_00000001,numeric-chain-000004,False,110.0,2026-05-13T15:29:28+08:00,2026-06-24T16:00:23.443+08:00,2026-06-24T20:43:28.581+08:00,0
True,released_plan,494,0010019618-000010,0010019618-000010,BR_00000006,BR_00000001,numeric-chain-000004,False,198.0,2026-05-22T10:03:13+08:00,2026-06-24T20:43:28.581+08:00,2026-06-25T04:22:04.505+08:00,0
True,released_plan,495,0030124078-000010,0030124078-000010,BR_00000006,BR_00000001,numeric-chain-000004,False,44.0,2026-06-05T14:03:12+08:00,2026-06-25T04:22:04.505+08:00,2026-06-25T05:47:00.046+08:00,0
True,released_plan,496,0030122898-000010,0030122898-000010,BR_00000006,BR_00000001,numeric-chain-000004,False,50.0,2026-05-27T13:03:51+08:00,2026-06-25T05:47:00.046+08:00,2026-06-25T06:59:22.837+08:00,0
True,released_plan,497,0030122480-000100,0030122480-000100,BR_00000006,BR_00000001,numeric-chain-000004,False,154.0,2026-05-22T08:03:32+08:00,2026-06-25T06:59:22.837+08:00,2026-06-25T11:15:26.278+08:00,0
True,released_plan,498,0002002162-000080,0002002162-000080,BR_00000006,BR_00000001,numeric-chain-000004,False,18.0,2026-05-29T13:03:52+08:00,2026-06-25T11:15:26.278+08:00,2026-06-25T11:42:51.967+08:00,0
True,released_plan,499,0002002184-000020,0002002184-000020,BR_00000006,BR_00000001,numeric-chain-000004,False,16.0,2026-06-05T21:35:47+08:00,2026-06-25T11:42:51.967+08:00,2026-06-25T12:15:08.990+08:00,0
True,released_plan,500,0002002184-000190,0002002184-000190,BR_00000006,BR_00000001,numeric-chain-000004,False,64.0,2026-06-05T21:35:48+08:00,2026-06-25T12:15:08.990+08:00,2026-06-25T14:42:12.438+08:00,0
True,released_plan,501,0030124871-000050,0030124871-000050,BR_00000006,BR_00000002,numeric-chain-000020,False,20.0,2026-06-07T06:34:19+08:00,2026-06-25T14:42:12.438+08:00,2026-06-25T14:55:17.132+08:00,0
True,released_plan,502,0030125207-000100,0030125207-000100,BR_00000006,BR_00000002,numeric-chain-000020,False,24.0,2026-06-08T08:30:30+08:00,2026-06-25T14:55:17.132+08:00,2026-06-25T15:12:16.240+08:00,0
True,released_plan,503,0010019881-000050,0010019881-000050,BR_00000006,BR_00000002,numeric-chain-000020,False,26.0,2026-05-29T10:04:29+08:00,2026-06-25T15:12:16.240+08:00,2026-06-25T15:27:29.923+08:00,0
True,released_plan,504,0005000571-000040,0005000571-000040,BR_00000006,BR_00000002,numeric-chain-000020,False,10.0,2026-06-09T06:34:23+08:00,2026-06-25T15:27:29.923+08:00,2026-06-25T15:33:19.411+08:00,0
True,released_plan,505,0005000562-000050,0005000562-000050,BR_00000006,BR_00000002,numeric-chain-000020,False,23.0,2026-05-26T06:33:37+08:00,2026-06-25T15:33:19.411+08:00,2026-06-25T15:47:34.867+08:00,0
True,released_plan,506,0030124207-000020,0030124207-000020,BR_00000006,BR_00000002,numeric-chain-000020,False,24.0,2026-06-04T12:33:10+08:00,2026-06-25T15:47:34.867+08:00,2026-06-25T16:07:57.797+08:00,0
True,released_plan,507,0030125168-000090,0030125168-000090,BR_00000006,BR_00000002,numeric-chain-000020,False,24.0,2026-06-07T21:33:52+08:00,2026-06-25T16:07:57.797+08:00,2026-06-25T16:26:29.551+08:00,0
True,released_plan,508,0002002202-000020,0002002202-000020,BR_00000006,BR_00000002,numeric-chain-000020,False,23.0,2026-06-03T21:35:41+08:00,2026-06-25T16:26:29.551+08:00,2026-06-25T16:46:06.232+08:00,0
True,released_plan,509,0002002202-000040,0002002202-000040,BR_00000006,BR_00000002,numeric-chain-000020,False,23.0,2026-06-03T21:35:50+08:00,2026-06-25T16:46:06.232+08:00,2026-06-25T17:07:48.715+08:00,0
True,released_plan,510,0002002202-000080,0002002202-000080,BR_00000006,BR_00000002,numeric-chain-000020,False,23.0,2026-06-03T21:35:42+08:00,2026-06-25T17:07:48.715+08:00,2026-06-25T17:29:57.183+08:00,0
True,released_plan,511,0030124800-000040,0030124800-000040,BR_00000006,BR_00000002,numeric-chain-000020,False,24.0,2026-06-07T06:34:20+08:00,2026-06-25T17:29:57.183+08:00,2026-06-25T17:59:48.025+08:00,0
True,released_plan,512,0030120939-000100,0030120939-000100,BR_00000002,BR_00000002,numeric-chain-000020,False,48.0,2026-05-14T08:24:51+08:00,2026-06-25T17:59:48.025+08:00,2026-06-25T19:00:02.596+08:00,0
True,released_plan,513,0030124824-000050,0030124824-000050,BR_00000006,BR_00000002,numeric-chain-000020,False,23.11,2026-06-06T07:33:38+08:00,2026-06-25T19:00:02.596+08:00,2026-06-25T19:34:33.066+08:00,0
True,released_plan,514,0030125207-000030,0030125207-000030,BR_00000006,BR_00000002,numeric-chain-000020,False,22.0,2026-06-08T08:30:30+08:00,2026-06-25T19:34:33.066+08:00,2026-06-25T20:05:15.585+08:00,0
True,released_plan,515,0030125207-000120,0030125207-000120,BR_00000006,BR_00000002,numeric-chain-000020,False,22.0,2026-06-08T08:30:29+08:00,2026-06-25T20:05:15.585+08:00,2026-06-25T20:40:17.417+08:00,0
True,released_plan,516,0030125207-000020,0030125207-000020,BR_00000006,BR_00000002,numeric-chain-000020,False,22.0,2026-06-08T08:30:28+08:00,2026-06-25T20:40:17.417+08:00,2026-06-25T21:11:17.772+08:00,0
True,released_plan,517,0002002195-000030,0002002195-000030,BR_00000006,BR_00000002,numeric-chain-000020,False,22.0,2026-06-02T12:05:21+08:00,2026-06-25T21:11:17.772+08:00,2026-06-25T21:46:54.566+08:00,0
True,released_plan,518,0030122488-000030,0030122488-000030,BR_00000006,BR_00000002,numeric-chain-000020,False,110.0,2026-05-22T10:03:13+08:00,2026-06-25T21:46:54.566+08:00,2026-06-26T00:08:27.135+08:00,0
True,released_plan,519,0030122899-000020,0030122899-000020,BR_00000006,BR_00000002,numeric-chain-000020,False,187.98,2026-05-27T13:03:53+08:00,2026-06-26T00:08:27.135+08:00,2026-06-26T03:46:08.861+08:00,0
True,released_plan,520,virtual-000008,,,BR_00000002,numeric-chain-000028,True,20.0,,2026-06-26T03:46:08.861+08:00,2026-06-26T04:00:18.118+08:00,0
True,released_plan,521,virtual-000007,,,BR_00000002,numeric-chain-000028,True,20.0,,2026-06-26T04:00:18.118+08:00,2026-06-26T04:11:37.524+08:00,0
True,released_plan,522,0030124734-000010,0030124734-000010,BR_00000006,BR_00000002,numeric-chain-000028,False,24.0,2026-06-05T22:03:48+08:00,2026-06-26T04:11:37.524+08:00,2026-06-26T04:23:36.895+08:00,0
True,released_plan,523,virtual-000010,,,BR_00000002,numeric-chain-000028,True,20.0,,2026-06-26T04:23:36.895+08:00,2026-06-26T04:34:56.301+08:00,0
True,released_plan,524,0010020206-000070,0010020206-000070,BR_00000006,BR_00000002,numeric-chain-000028,False,143.49,2026-06-02T12:05:16+08:00,2026-06-26T04:34:56.301+08:00,2026-06-26T05:46:37.238+08:00,0
True,released_plan,525,virtual-000009,,,BR_00000002,numeric-chain-000028,True,20.0,,2026-06-26T05:46:37.238+08:00,2026-06-26T05:55:06.792+08:00,0
True,released_plan,526,0030120865-000010,0030120865-000010,BR_00000002,BR_00000002,numeric-chain-000028,False,50.0,2026-05-13T14:29:23+08:00,2026-06-26T05:55:06.792+08:00,2026-06-26T06:20:42.519+08:00,0
True,released_plan,527,virtual-000012,,,BR_00000002,numeric-chain-000028,True,20.0,,2026-06-26T06:20:42.519+08:00,2026-06-26T06:30:53.984+08:00,0
True,released_plan,528,virtual-000011,,,BR_00000002,numeric-chain-000028,True,20.0,,2026-06-26T06:30:53.984+08:00,2026-06-26T06:41:05.449+08:00,0
True,released_plan,529,0030121327-000010,0030121327-000010,BR_00000002,BR_00000002,numeric-chain-000028,False,24.0,2026-05-15T13:43:25+08:00,2026-06-26T06:41:05.449+08:00,2026-06-26T06:55:46.148+08:00,0
True,released_plan,530,virtual-000014,,,BR_00000002,numeric-chain-000028,True,20.0,,2026-06-26T06:55:46.148+08:00,2026-06-26T07:05:57.613+08:00,0
True,released_plan,531,virtual-000013,,,BR_00000002,numeric-chain-000028,True,20.0,,2026-06-26T07:05:57.613+08:00,2026-06-26T07:16:09.078+08:00,0
True,released_plan,532,0002002202-000270,0002002202-000270,BR_00000006,BR_00000002,numeric-chain-000028,False,23.0,2026-06-03T21:35:46+08:00,2026-06-26T07:16:09.078+08:00,2026-06-26T07:30:41.732+08:00,0
True,released_plan,533,0002002202-000260,0002002202-000260,BR_00000006,BR_00000002,numeric-chain-000028,False,15.93,2026-06-03T21:35:43+08:00,2026-06-26T07:30:41.732+08:00,2026-06-26T07:43:23.672+08:00,0
True,released_plan,534,0030122476-000030,0030122476-000030,BR_00000006,BR_00000002,numeric-chain-000028,False,24.0,2026-05-22T08:03:33+08:00,2026-06-26T07:43:23.672+08:00,2026-06-26T07:59:35.640+08:00,0
True,released_plan,535,0030122476-000060,0030122476-000060,BR_00000006,BR_00000002,numeric-chain-000028,False,8.92,2026-05-22T08:03:31+08:00,2026-06-26T07:59:35.640+08:00,2026-06-26T08:07:05.247+08:00,0
True,released_plan,536,0002002185-000050,0002002185-000050,BR_00000006,BR_00000002,numeric-chain-000028,False,23.0,2026-06-03T21:35:45+08:00,2026-06-26T08:07:05.247+08:00,2026-06-26T08:24:38.234+08:00,0
True,released_plan,537,0030122476-000080,0030122476-000080,BR_00000006,BR_00000002,numeric-chain-000028,False,8.0,2026-05-22T08:03:32+08:00,2026-06-26T08:24:38.234+08:00,2026-06-26T08:30:02.275+08:00,0
True,released_plan,538,0030120940-000110,0030120940-000110,BR_00000002,BR_00000002,numeric-chain-000028,False,8.66,2026-05-14T08:24:52+08:00,2026-06-26T08:30:02.275+08:00,2026-06-26T08:35:58.505+08:00,0
True,released_plan,539,0002002202-000280,0002002202-000280,BR_00000006,BR_00000002,numeric-chain-000028,False,19.0,2026-06-03T21:35:46+08:00,2026-06-26T08:35:58.505+08:00,2026-06-26T08:49:05.835+08:00,0
True,released_plan,540,0030125207-000080,0030125207-000080,BR_00000006,BR_00000002,numeric-chain-000028,False,46.0,2026-06-08T08:30:30+08:00,2026-06-26T08:49:05.835+08:00,2026-06-26T09:18:05.315+08:00,0
True,released_plan,541,virtual-000016,,,BR_00000002,numeric-chain-000028,True,20.0,,2026-06-26T09:18:05.315+08:00,2026-06-26T09:30:49.646+08:00,0
True,released_plan,542,virtual-000015,,,BR_00000002,numeric-chain-000028,True,20.0,,2026-06-26T09:30:49.646+08:00,2026-06-26T09:43:33.977+08:00,0
True,released_plan,543,0002002202-000290,0002002202-000290,BR_00000006,BR_00000002,numeric-chain-000028,False,16.0,2026-06-03T21:35:39+08:00,2026-06-26T09:43:33.977+08:00,2026-06-26T09:59:39.834+08:00,0
True,released_plan,544,0002002180-000160,0002002180-000160,BR_00000006,BR_00000002,numeric-chain-000028,False,20.0,2026-06-01T10:04:01+08:00,2026-06-26T09:59:39.834+08:00,2026-06-26T10:20:13.621+08:00,0
True,released_plan,545,0002002170-000290,0002002170-000290,BR_00000006,BR_00000002,numeric-chain-000028,False,50.0,2026-06-03T21:35:42+08:00,2026-06-26T10:20:13.621+08:00,2026-06-26T11:11:45.075+08:00,0
True,released_plan,546,0030124800-000080,0030124800-000080,BR_00000006,BR_00000006,numeric-chain-000031,False,24.0,2026-06-07T06:34:18+08:00,2026-06-26T11:11:45.075+08:00,2026-06-26T11:52:58.639+08:00,0
True,released_plan,547,0030125168-000040,0030125168-000040,BR_00000006,BR_00000006,numeric-chain-000031,False,48.0,2026-06-07T21:33:54+08:00,2026-06-26T11:52:58.639+08:00,2026-06-26T13:46:58.802+08:00,0
True,released_plan,548,split-000002:piece:0001,0002002073-000010,BR_00000006,BR_00000006,numeric-chain-000031,False,500.0,2026-05-11T13:14:15+08:00,2026-06-26T13:46:58.802+08:00,2026-06-27T07:54:22.610+08:00,0
True,released_plan,549,virtual-000018,,,BR_00000006,numeric-chain-000031,True,20.0,,2026-06-27T07:54:22.610+08:00,2026-06-27T08:45:19.935+08:00,0
True,released_plan,550,split-000002:piece:0002,0002002073-000010,BR_00000006,BR_00000006,numeric-chain-000031,False,100.0,2026-05-11T13:14:15+08:00,2026-06-27T08:45:19.935+08:00,2026-06-27T12:22:48.697+08:00,0
True,released_plan,551,0030123916-000020,0030123916-000020,BR_00000006,BR_00000006,numeric-chain-000031,False,23.0,2026-06-02T20:33:15+08:00,2026-06-27T12:22:48.697+08:00,2026-06-27T13:29:24.065+08:00,0
