artifact_kind,publishable,node_id,source_order_id,source_resource_id,source_period,assigned_period,chain_id,chain_sequence,node_sequence,weight,width,thickness,min_temperature,max_temperature,grade,grade_class,hot_roll_grade,soft_hard_class,material_role,split_lineage,virtual_lineage,width_warning,thickness_warning,temperature_warning,chain_warning,business_warning
diagnostic_candidate,True,0030108542-000140,0030108542-000140,0030108542-000140,BR_00000018,BR_00000003,numeric-chain-000090,1,1,48,1560,0.8,820,840,DX53D+Z-LG,IF钢,SPHETI-5,软钢,normal_real,,,,,,,
diagnostic_candidate,True,0005000547-000730,0005000547-000730,0005000547-000730,BR_00000030,BR_00000003,numeric-chain-000090,1,2,21,1565,0.8,830,850,CR3,IF钢,SPHETI-36,软钢,normal_real,,,,,,,
diagnostic_candidate,True,0002001750-000070,0002001750-000070,0002001750-000070,BR_00000018,BR_00000003,numeric-chain-000090,1,3,74,1535,0.65,830,850,DC53D+Z,IF钢,SPHETI-3,软钢,normal_real,,,,,,,
diagnostic_candidate,True,0002001617-000040,0002001617-000040,0002001617-000040,BR_00000012,BR_00000003,numeric-chain-000090,1,4,54,1535,0.65,830,850,DC53D+Z,IF钢,SPHETI-3,软钢,normal_real,,,,,,,
diagnostic_candidate,True,0030118809-000030,0030118809-000030,0030118809-000030,BR_00000030,BR_00000003,numeric-chain-000090,1,5,23,1535,0.65,820,840,HC180BD+Z,加磷高强、烘烤硬化钢,H180BH1,软钢,normal_real,,,,,,,
diagnostic_candidate,True,0002001750-000350,0002001750-000350,0002001750-000350,BR_00000018,BR_00000003,numeric-chain-000090,1,6,24,1540,0.8,830,850,DC56D+Z,IF钢,SPHETI-3,软钢,normal_real,,,,,,,
diagnostic_candidate,True,0002001603-000140,0002001603-000140,0002001603-000140,BR_00000012,BR_00000003,numeric-chain-000090,1,7,23,1530,0.65,830,850,DC54D+Z,IF钢,SPHETI-3,软钢,normal_real,,,,,,,
diagnostic_candidate,True,0030118809-000040,0030118809-000040,0030118809-000040,BR_00000030,BR_00000003,numeric-chain-000090,1,8,23,1500,0.65,820,840,HC180BD+Z,加磷高强、烘烤硬化钢,H180BH1,软钢,normal_real,,,,,,,
diagnostic_candidate,True,0030104028-000030,0030104028-000030,0030104028-000030,BR_00000012,BR_00000003,numeric-chain-000090,1,9,23,1500,0.65,820,840,HC180BD+Z,加磷高强、烘烤硬化钢,H180BH1,软钢,normal_real,,,,,,,
diagnostic_candidate,True,0030103543-000040,0030103543-000040,0030103543-000040,BR_00000012,BR_00000003,numeric-chain-000090,1,10,96,1500,0.6,820,840,DC53D+Z,IF钢,SPHETI-5,软钢,normal_real,,,,,,,
diagnostic_candidate,True,0002001906-000020,0002001906-000020,0002001906-000020,BR_00000025,BR_00000003,numeric-chain-000090,1,11,23,1495,0.7,830,850,DC53D+Z,IF钢,SPHETI-3,软钢,normal_real,,,,,,,
diagnostic_candidate,True,0030118966-000010,0030118966-000010,0030118966-000010,BR_00000030,BR_00000003,numeric-chain-000090,1,12,96,1488,0.65,830,850,DC56D+Z,IF钢,SPHETI-3,软钢,normal_real,,,,,,,
diagnostic_candidate,True,0030108542-000150,0030108542-000150,0030108542-000150,BR_00000018,BR_00000003,numeric-chain-000090,1,13,72,1473,0.8,820,840,DX53D+Z-LG,IF钢,SPHETI-5,软钢,normal_real,,,,,,,
diagnostic_candidate,True,0030098173-000010,0030098173-000010,0030098173-000010,BR_00000006,BR_00000003,numeric-chain-000090,1,14,26,1470,0.7,830,850,SCG4+Z,IF钢,SPHETI-3,软钢,normal_real,,,,,,,
diagnostic_candidate,True,0002002021-000030,0002002021-000030,0002002021-000030,BR_00000030,BR_00000003,numeric-chain-000090,1,15,23,1464,0.65,830,850,DC53D+Z,IF钢,SPHETI-3,软钢,normal_real,,,,,,,
diagnostic_candidate,True,0030112575-000010,0030112575-000010,0030112575-000010,BR_00000024,BR_00000003,numeric-chain-000090,1,16,208,1455,0.7,830,850,SCG4+Z,IF钢,SPHETI-3,软钢,normal_real,,,,,,,
diagnostic_candidate,True,0030108260-000010,0030108260-000010,0030108260-000010,BR_00000018,BR_00000003,numeric-chain-000090,1,17,182,1455,0.7,830,850,SCG4+Z,IF钢,SPHETI-3,软钢,normal_real,,,,,,,
diagnostic_candidate,True,0030102674-000010,0030102674-000010,0030102674-000010,BR_00000012,BR_00000003,numeric-chain-000090,1,18,260,1455,0.7,830,850,SCG4+Z,IF钢,SPHETI-3,软钢,normal_real,,,,,,,
diagnostic_candidate,True,0030118991-000010,0030118991-000010,0030118991-000010,BR_00000030,BR_00000003,numeric-chain-000090,1,19,208,1455,0.7,830,850,SCG4+Z,IF钢,SPHETI-3,软钢,normal_real,,,,,,,
diagnostic_candidate,True,0002001400-000050,0002001400-000050,0002001400-000050,BR_00000003,BR_00000003,numeric-chain-000090,1,20,30,1455,0.65,830,850,DC53D+Z,IF钢,SPHETI-3,软钢,normal_real,,,,,,,
diagnostic_candidate,True,0002001998-000310,0002001998-000310,0002001998-000310,BR_00000030,BR_00000003,numeric-chain-000090,1,21,24,1450,0.65,830,850,DC54D+Z,IF钢,SPHETI-3,软钢,normal_real,,,,,,,
diagnostic_candidate,True,0002001612-000660,0002001612-000660,0002001612-000660,BR_00000012,BR_00000003,numeric-chain-000090,1,22,23,1442,0.65,830,850,DC54D+Z,IF钢,SPHETI-3,软钢,normal_real,,,,,,,
diagnostic_candidate,True,0002002009-000260,0002002009-000260,0002002009-000260,BR_00000030,BR_00000003,numeric-chain-000090,1,23,46,1432,0.65,830,850,DC54D+Z,IF钢,SPHETI-3,软钢,normal_real,,,,,,,
diagnostic_candidate,True,0030123141-000020,0030123141-000020,0030123141-000020,BR_00000036,BR_00000003,numeric-chain-000090,1,24,100,1330,0.65,830,850,SCG4+Z,IF钢,SPHETI-3,软钢,normal_real,,,,,,,
diagnostic_candidate,True,0002002195-000110,0002002195-000110,0002002195-000110,BR_00000036,BR_00000003,numeric-chain-000090,1,25,110,1285,0.6,830,850,DC54D+Z,IF钢,SPHETI-3,软钢,normal_real,,,,,,,
diagnostic_candidate,True,0030124437-000020,0030124437-000020,0030124437-000020,BR_00000036,BR_00000003,numeric-chain-000090,1,26,22,1003,0.8,830,850,DC54D+Z,IF钢,SPHETI-5,软钢,normal_real,,,,,,,
diagnostic_candidate,True,0005000563-000270,0005000563-000270,0005000563-000270,BR_00000036,BR_00000003,numeric-chain-000090,1,27,18,968,0.8,830,850,CR180BH,加磷高强、烘烤硬化钢,H180BH,软钢,normal_real,,,,,,,
diagnostic_candidate,True,0005000547-000380,0005000547-000380,0005000547-000380,BR_00000030,BR_00000003,numeric-chain-000090,1,28,18,968,0.8,830,850,CR180BH,加磷高强、烘烤硬化钢,H180BH,软钢,normal_real,,,,,,,
diagnostic_candidate,True,0030123256-000020,0030123256-000020,0030123256-000020,BR_00000036,BR_00000003,numeric-chain-000090,1,29,102,930,0.65,820,840,HC180BD+Z,加磷高强、烘烤硬化钢,H180BH1,软钢,normal_real,,,,,,,
diagnostic_candidate,True,0002002195-000200,0002002195-000200,0002002195-000200,BR_00000036,BR_00000006,numeric-chain-000080,1,1,24,1515,0.65,830,850,DC54D+Z,IF钢,SPHETI-3,软钢,normal_real,,,,,,,
diagnostic_candidate,True,0002002170-000320,0002002170-000320,0002002170-000320,BR_00000036,BR_00000006,numeric-chain-000080,1,2,23,1515,0.7,830,850,DC53D+Z,IF钢,SPHETI-3,软钢,normal_real,,,,,,,
diagnostic_candidate,True,0030108542-000060,0030108542-000060,0030108542-000060,BR_00000018,BR_00000006,numeric-chain-000080,1,3,96,1500,0.8,700,840,DC51D+Z,普碳,SPHC,软钢,normal_real,,,,,,,
diagnostic_candidate,True,0002002026-000010,0002002026-000010,0002002026-000010,BR_00000030,BR_00000006,numeric-chain-000080,1,4,23,1498,0.8,830,850,DC53D+Z,IF钢,SPHETI-3,软钢,normal_real,,,,,,,
diagnostic_candidate,True,0030121652-000080,0030121652-000080,0030121652-000080,BR_00000032,BR_00000006,numeric-chain-000080,1,5,24,1474,0.7,830,850,DC54D+Z,IF钢,SPHETI-5,软钢,normal_real,,,,,,,
diagnostic_candidate,True,0002001614-000100,0002001614-000100,0002001614-000100,BR_00000012,BR_00000006,numeric-chain-000080,1,6,23,1455,0.6,830,850,DC53D+Z,IF钢,SPHETI-3,软钢,normal_real,,,,,,,
diagnostic_candidate,True,0002002184-000220,0002002184-000220,0002002184-000220,BR_00000036,BR_00000006,numeric-chain-000080,1,7,23,1455,0.6,830,850,DC53D+Z,IF钢,SPHETI-3,软钢,normal_real,,,,,,,
diagnostic_candidate,True,0030112575-000050,0030112575-000050,0030112575-000050,BR_00000024,BR_00000006,numeric-chain-000080,1,8,96,1210,0.6,830,850,SCG4+Z,IF钢,SPHETI-3,软钢,normal_real,,,,,,,
diagnostic_candidate,True,0030108260-000050,0030108260-000050,0030108260-000050,BR_00000018,BR_00000006,numeric-chain-000080,1,9,48,1210,0.6,830,850,SCG4+Z,IF钢,SPHETI-3,软钢,normal_real,,,,,,,
diagnostic_candidate,True,0002002021-000060,0002002021-000060,0002002021-000060,BR_00000030,BR_00000006,numeric-chain-000080,1,10,69,1210,0.6,830,850,DC56D+Z,IF钢,SPHETI-3,软钢,normal_real,,,,,,,
diagnostic_candidate,True,0030106242-000110,0030106242-000110,0030106242-000110,BR_00000012,BR_00000006,numeric-chain-000080,1,11,48,1203,0.5,820,840,DX53D+Z-LG,IF钢,SPHETI-5,软钢,normal_real,,,,,,,
diagnostic_candidate,True,0030123916-000010,0030123916-000010,0030123916-000010,BR_00000036,BR_00000006,numeric-chain-000080,1,12,23,1200,0.4,700,840,DC51D+Z,普碳,SPHC,软钢,actual_transition,,,,,,,
diagnostic_candidate,True,0030118641-000010,0030118641-000010,0030118641-000010,BR_00000030,BR_00000006,numeric-chain-000080,1,13,46,1200,0.4,700,840,DC51D+Z,普碳,SPHC,软钢,actual_transition,,,,,,,
diagnostic_candidate,True,0002001647-000030,0002001647-000030,0002001647-000030,BR_00000012,BR_00000006,numeric-chain-000080,1,14,66,1200,0.45,815,835,DX51D+Z-MD,普碳,SPHC,软钢,normal_real,,,,,,,
diagnostic_candidate,True,0030106242-000090,0030106242-000090,0030106242-000090,BR_00000012,BR_00000006,numeric-chain-000080,1,15,48,1173,0.5,820,840,DX53D+Z-LG,IF钢,SPHETI-5,软钢,normal_real,,,,,,,
diagnostic_candidate,True,0030098660-000100,0030098660-000100,0030098660-000100,BR_00000006,BR_00000006,numeric-chain-000080,1,16,48,1173,0.5,820,840,DX53D+Z-LG,IF钢,SPHETI-5,软钢,normal_real,,,,,,,
diagnostic_candidate,True,0030108542-000030,0030108542-000030,0030108542-000030,BR_00000018,BR_00000006,numeric-chain-000080,1,17,48,1173,0.5,820,840,DX53D+Z-LG,IF钢,SPHETI-5,软钢,normal_real,,,,,,,
diagnostic_candidate,True,0030106720-000150,0030106720-000150,0030106720-000150,BR_00000018,BR_00000006,numeric-chain-000080,1,18,48,1170,0.45,820,840,DC53D+Z,IF钢,SPHETI-5,软钢,normal_real,,,,,,,
diagnostic_candidate,True,0002001757-000160,0002001757-000160,0002001757-000160,BR_00000018,BR_00000006,numeric-chain-000080,1,19,51,1165,0.4,815,835,DX51D+Z-MD,普碳,SPHC,软钢,normal_real,,,,,,,
diagnostic_candidate,True,0002001898-000040,0002001898-000040,0002001898-000040,BR_00000024,BR_00000006,numeric-chain-000080,1,20,44,1165,0.4,815,835,DX51D+Z-MD,普碳,SPHC,软钢,normal_real,,,,,,,
diagnostic_candidate,True,0002001648-000070,0002001648-000070,0002001648-000070,BR_00000012,BR_00000006,numeric-chain-000080,1,21,24,1165,0.4,815,835,DX51D+Z-MD,普碳,SPHC,软钢,normal_real,,,,,,,
diagnostic_candidate,True,0002002054-000220,0002002054-000220,0002002054-000220,BR_00000030,BR_00000006,numeric-chain-000080,1,22,21,1165,0.4,815,835,DX51D+Z-MD,普碳,SPHC,软钢,normal_real,,,,,,,
diagnostic_candidate,True,0030098660-000070,0030098660-000070,0030098660-000070,BR_00000006,BR_00000006,numeric-chain-000080,1,23,24,1160,0.4,820,840,DX53D+Z-LG,IF钢,SPHETI-5,软钢,normal_real,,,,,,,
diagnostic_candidate,True,0030108585-000050,0030108585-000050,0030108585-000050,BR_00000018,BR_00000006,numeric-chain-000080,1,24,48,1156,0.4,700,840,DC51D+Z-Q,深冲钢（PD）,SPHCQ,软钢,normal_real,,,,,,,
diagnostic_candidate,True,0030113258-000050,0030113258-000050,0030113258-000050,BR_00000024,BR_00000006,numeric-chain-000080,1,25,24,1156,0.4,700,840,DC51D+Z,普碳,SPHC,软钢,normal_real,,,,,,,
diagnostic_candidate,True,0002002055-000080,0002002055-000080,0002002055-000080,BR_00000030,BR_00000006,numeric-chain-000080,1,26,341,1150,0.5,815,835,DX51D+Z-MD,普碳,SPHC,软钢,normal_real,,,,,,,
diagnostic_candidate,True,0002002054-000040,0002002054-000040,0002002054-000040,BR_00000030,BR_00000006,numeric-chain-000080,1,27,191,1150,0.5,815,835,DX51D+Z-MD,普碳,SPHC,软钢,normal_real,,,,,,,
diagnostic_candidate,True,virtual-000027,,,,BR_00000006,numeric-chain-000080,1,28,20.00,1250,0.60,815,850,SPHC,,SPHC,,virtual_sphc,,"{""accepted_sequence"":27,""prototype_id"":""virtual_sphc:1250x0.6"",""purpose"":""edge_bridge"",""related_partition_id"":null}",,,,,
diagnostic_candidate,True,virtual-000028,,,,BR_00000006,numeric-chain-000080,1,29,20.00,1250,0.80,815,850,SPHC,,SPHC,,virtual_sphc,,"{""accepted_sequence"":28,""prototype_id"":""virtual_sphc:1250x0.8"",""purpose"":""edge_bridge"",""related_partition_id"":null}",,,,,
diagnostic_candidate,True,0030105044-000020,0030105044-000020,0030105044-000020,BR_00000012,BR_00000006,numeric-chain-000080,1,30,312,1145,1,830,850,HDX53D+Z-SN,IF钢,SPHETI-3,软钢,normal_real,,,,,,,
diagnostic_candidate,True,0030119985-000040,0030119985-000040,0030119985-000040,BR_00000030,BR_00000006,numeric-chain-000080,1,31,23,1140,0.8,820,840,DC53D+Z,IF钢,SPHETI-5,软钢,normal_real,,,,,,,
diagnostic_candidate,True,0002001901-000020,0002001901-000020,0002001901-000020,BR_00000024,BR_00000006,numeric-chain-000080,1,32,23,1133,0.7,830,850,DC53D+Z,IF钢,SPHETI-3,软钢,normal_real,,,,,,,
diagnostic_candidate,True,0030102674-000020,0030102674-000020,0030102674-000020,BR_00000012,BR_00000006,numeric-chain-000084,2,1,260,1390,0.7,830,850,SCG4+Z,IF钢,SPHETI-3,软钢,normal_real,,,,,,,
diagnostic_candidate,True,0030123143-000020,0030123143-000020,0030123143-000020,BR_00000036,BR_00000006,numeric-chain-000084,2,2,104,1390,0.7,830,850,SCG4+Z,IF钢,SPHETI-3,软钢,normal_real,,,,,,,
diagnostic_candidate,True,0030110865-000120,0030110865-000120,0030110865-000120,BR_00000019,BR_00000006,numeric-chain-000084,2,3,72,1380,0.65,830,850,DC56D+Z,IF钢,SPHETI-3,软钢,normal_real,,,,,,,
diagnostic_candidate,True,0002001860-000390,0002001860-000390,0002001860-000390,BR_00000024,BR_00000006,numeric-chain-000084,2,4,29,1390,0.65,830,850,DC53D+Z,IF钢,SPHETI-3,软钢,normal_real,,,,,,,
diagnostic_candidate,True,0030118802-000010,0030118802-000010,0030118802-000010,BR_00000030,BR_00000006,numeric-chain-000084,2,5,92,1350,0.6,820,840,HC180BD+Z,加磷高强、烘烤硬化钢,H180BH1,软钢,normal_real,,,,,,,
diagnostic_candidate,True,0010019718-000010,0010019718-000010,0010019718-000010,BR_00000036,BR_00000006,numeric-chain-000084,2,6,58,1350,0.5,700,840,DC51D+Z,普碳,SPHC,软钢,actual_transition,,,,,,,
diagnostic_candidate,True,0030106720-000140,0030106720-000140,0030106720-000140,BR_00000018,BR_00000006,numeric-chain-000084,2,7,48,1340,0.45,820,840,DC53D+Z,IF钢,SPHETI-5,软钢,normal_real,,,,,,,
diagnostic_candidate,True,0030106987-000030,0030106987-000030,0030106987-000030,BR_00000018,BR_00000006,numeric-chain-000084,2,8,48,1330,0.45,700,840,DX51D+Z,普碳,SPHC,软钢,actual_transition,,,,,,,
diagnostic_candidate,True,0030106720-000130,0030106720-000130,0030106720-000130,BR_00000018,BR_00000006,numeric-chain-000084,2,9,24,1320,0.45,820,840,DC53D+Z,IF钢,SPHETI-5,软钢,normal_real,,,,,,,
diagnostic_candidate,True,0030106720-000080,0030106720-000080,0030106720-000080,BR_00000018,BR_00000006,numeric-chain-000084,2,10,24,1320,0.45,820,840,DC53D+Z,IF钢,SPHETI-5,软钢,normal_real,,,,,,,
diagnostic_candidate,True,0030106987-000120,0030106987-000120,0030106987-000120,BR_00000018,BR_00000006,numeric-chain-000084,2,11,120,1315,0.45,700,840,DX51D+Z,普碳,SPHC,软钢,actual_transition,,,,,,,
diagnostic_candidate,True,0030098660-000020,0030098660-000020,0030098660-000020,BR_00000006,BR_00000006,numeric-chain-000084,2,12,72,1306,0.4,700,840,DC51D+Z,普碳,SPHC,软钢,normal_real,,,,,,,
diagnostic_candidate,True,0030119098-000010,0030119098-000010,0030119098-000010,BR_00000030,BR_00000006,numeric-chain-000084,2,13,48,1306,0.4,700,840,DC51D+Z,普碳,SPHC,软钢,normal_real,,,,,,,
diagnostic_candidate,True,0030108585-000020,0030108585-000020,0030108585-000020,BR_00000018,BR_00000006,numeric-chain-000084,2,14,48,1306,0.4,700,840,DC51D+Z,普碳,SPHC,软钢,normal_real,,,,,,,
diagnostic_candidate,True,0030106987-000070,0030106987-000070,0030106987-000070,BR_00000018,BR_00000006,numeric-chain-000084,2,15,168,1300,0.45,700,840,DX51D+Z,普碳,SPHC,软钢,actual_transition,,,,,,,
diagnostic_candidate,True,0002001647-000100,0002001647-000100,0002001647-000100,BR_00000012,BR_00000006,numeric-chain-000084,2,16,46,1300,0.45,815,835,DX51D+Z-MD,普碳,SPHC,软钢,normal_real,,,,,,,
diagnostic_candidate,True,0010019718-000020,0010019718-000020,0010019718-000020,BR_00000036,BR_00000006,numeric-chain-000084,2,17,58,1300,0.5,700,840,DC51D+Z,普碳,SPHC,软钢,actual_transition,,,,,,,
diagnostic_candidate,True,0030105927-000030,0030105927-000030,0030105927-000030,BR_00000012,BR_00000006,numeric-chain-000084,2,18,24,1300,0.6,700,720,DX51D+Z3,深冲钢（PD）,DD12BB,软钢,normal_real,,,,,,,
diagnostic_candidate,True,0030114755-000020,0030114755-000020,0030114755-000020,BR_00000024,BR_00000006,numeric-chain-000084,2,19,48,1295,0.6,700,840,DC51D+Z,普碳,SPHC,软钢,normal_real,,,,,,,
diagnostic_candidate,True,0030118006-000050,0030118006-000050,0030118006-000050,BR_00000030,BR_00000006,numeric-chain-000084,2,20,72,1290,0.8,700,840,DC51D+Z,普碳,SPHC,软钢,normal_real,,,,,,,
diagnostic_candidate,True,0030118006-000080,0030118006-000080,0030118006-000080,BR_00000030,BR_00000006,numeric-chain-000084,2,21,24,1290,0.8,820,840,DC53D+Z,IF钢,SPHETI-5,软钢,normal_real,,,,,,,
diagnostic_candidate,True,0002001998-000130,0002001998-000130,0002001998-000130,BR_00000030,BR_00000006,numeric-chain-000084,2,22,240,1285,0.6,830,850,DC54D+Z,IF钢,SPHETI-3,软钢,normal_real,,,,,,,
diagnostic_candidate,True,0030105927-000110,0030105927-000110,0030105927-000110,BR_00000012,BR_00000006,numeric-chain-000107,3,1,24,1340,0.6,680,700,DX51D+Z3,深冲钢（PD）,SPHCQ,软钢,normal_real,,,,,,,
diagnostic_candidate,True,0030105930-000040,0030105930-000040,0030105930-000040,BR_00000012,BR_00000006,numeric-chain-000107,3,2,216,1250,0.5,680,700,DX51D+Z3,深冲钢（PD）,SPHCQ,软钢,normal_real,,,,,,,
diagnostic_candidate,True,0030105927-000090,0030105927-000090,0030105927-000090,BR_00000012,BR_00000006,numeric-chain-000107,3,3,192,1250,0.5,680,700,DX51D+Z3,深冲钢（PD）,SPHCQ,软钢,normal_real,,,,,,,
diagnostic_candidate,True,0030108199-000030,0030108199-000030,0030108199-000030,BR_00000018,BR_00000006,numeric-chain-000107,3,4,192,1250,0.5,680,700,DX51D+Z3,深冲钢（PD）,SPHCQ,软钢,normal_real,,,,,,,
diagnostic_candidate,True,virtual-000018,,,,BR_00000006,numeric-chain-000107,3,5,20.00,1250,0.60,680,850,SPHC,,SPHC,,virtual_sphc,,"{""accepted_sequence"":18,""prototype_id"":""virtual_sphc:1250x0.6"",""purpose"":""edge_bridge"",""related_partition_id"":null}",,,,,
diagnostic_candidate,True,0002001854-000080,0002001854-000080,0002001854-000080,BR_00000024,BR_00000006,numeric-chain-000107,3,6,115,1160,0.7,830,850,DC53D+Z,IF钢,SPHETI-3,软钢,normal_real,,,,,,,
diagnostic_candidate,True,0002001603-000090,0002001603-000090,0002001603-000090,BR_00000012,BR_00000006,numeric-chain-000107,3,7,92,1160,0.7,830,850,DC53D+Z,IF钢,SPHETI-3,软钢,normal_real,,,,,,,
diagnostic_candidate,True,0002001880-000150,0002001880-000150,0002001880-000150,BR_00000024,BR_00000006,numeric-chain-000107,3,8,23,1158,0.65,830,850,DC53D+Z,IF钢,SPHETI-3,软钢,normal_real,,,,,,,
diagnostic_candidate,True,0002001420-000060,0002001420-000060,0002001420-000060,BR_00000006,BR_00000006,numeric-chain-000107,3,9,22,1155,0.65,830,850,DC54D+Z,IF钢,SPHETI-3,软钢,normal_real,,,,,,,
diagnostic_candidate,True,0002001628-000050,0002001628-000050,0002001628-000050,BR_00000012,BR_00000006,numeric-chain-000107,3,10,23,1155,0.65,830,850,DC54D+Z,IF钢,SPHETI-3,软钢,normal_real,,,,,,,
diagnostic_candidate,True,0002001612-000200,0002001612-000200,0002001612-000200,BR_00000012,BR_00000006,numeric-chain-000107,3,11,40,1155,0.7,830,850,DC54D+Z,IF钢,SPHETI-3,软钢,normal_real,,,,,,,
diagnostic_candidate,True,0030105931-000030,0030105931-000030,0030105931-000030,BR_00000012,BR_00000006,numeric-chain-000107,3,12,23,1150,0.6,820,840,DC53D+Z,IF钢,SPHETI-5,软钢,normal_real,,,,,,,
diagnostic_candidate,True,0030120757-000030,0030120757-000030,0030120757-000030,BR_00000031,BR_00000006,numeric-chain-000107,3,13,23,1150,0.7,830,850,DC54D+Z,IF钢,SPHETI-5,软钢,normal_real,,,,,,,
diagnostic_candidate,True,0002002053-000040,0002002053-000040,0002002053-000040,BR_00000030,BR_00000006,numeric-chain-000107,3,14,40,1150,0.8,820,840,DX53D+Z-MD,IF钢,SPHETI-5,软钢,normal_real,,,,,,,
diagnostic_candidate,True,0030113312-000020,0030113312-000020,0030113312-000020,BR_00000024,BR_00000006,numeric-chain-000107,3,15,46,1145,1,830,850,HDX53D+Z-SN,IF钢,SPHETI-3,软钢,normal_real,,,,,,,
diagnostic_candidate,True,0005000571-000020,0005000571-000020,0005000571-000020,BR_00000036,BR_00000006,numeric-chain-000107,3,16,7,1135,1.2,830,850,CR4,IF钢,SPHETI-36,软钢,normal_real,,,,,,,
diagnostic_candidate,True,virtual-000006,,,,BR_00000006,numeric-chain-000107,3,17,20.00,1000,1.00,830,850,SPHC,,SPHC,,virtual_sphc,,"{""accepted_sequence"":6,""prototype_id"":""virtual_sphc:1000x1"",""purpose"":""edge_bridge"",""related_partition_id"":null}",,,,,
diagnostic_candidate,True,virtual-000007,,,,BR_00000006,numeric-chain-000107,3,18,20.00,1000,0.80,830,850,SPHC,,SPHC,,virtual_sphc,,"{""accepted_sequence"":7,""prototype_id"":""virtual_sphc:1000x0.8"",""purpose"":""edge_bridge"",""related_partition_id"":null}",,,,,
diagnostic_candidate,True,0002001871-000230,0002001871-000230,0002001871-000230,BR_00000024,BR_00000006,numeric-chain-000107,3,19,80,971,0.7,830,850,DC54D+Z,IF钢,SPHETI-3,软钢,normal_real,,,,,,,
diagnostic_candidate,True,0002001890-000180,0002001890-000180,0002001890-000180,BR_00000024,BR_00000006,numeric-chain-000107,3,20,40,971,0.7,830,850,DC54D+Z,IF钢,SPHETI-3,软钢,normal_real,,,,,,,
diagnostic_candidate,True,virtual-000167,,,,BR_00000006,numeric-chain-000107,3,21,20.00,1000,0.80,830,850,SPHC,,SPHC,,virtual_sphc,,"{""accepted_sequence"":167,""prototype_id"":""virtual_sphc:1000x0.8"",""purpose"":""edge_bridge"",""related_partition_id"":null}",,,,,
diagnostic_candidate,True,0030117110-000090,0030117110-000090,0030117110-000090,BR_00000030,BR_00000006,numeric-chain-000107,3,22,22,955,1,830,850,CR3,IF钢,SPHETI-36,软钢,normal_real,,,,,,,
diagnostic_candidate,True,0030108875-000060,0030108875-000060,0030108875-000060,BR_00000018,BR_00000006,numeric-chain-000107,3,23,23,940,0.8,830,850,CR3,IF钢,SPHETI-36,软钢,normal_real,,,,,,,
diagnostic_candidate,True,0030115672-000010,0030115672-000010,0030115672-000010,BR_00000025,BR_00000006,numeric-chain-000107,3,24,36,939,0.8,830,850,DC56D+Z,IF钢,SPHETI-3,软钢,normal_real,,,,,,,
diagnostic_candidate,True,0002001425-000040,0002001425-000040,0002001425-000040,BR_00000006,BR_00000006,numeric-chain-000107,3,25,44,938,0.65,830,850,DC53D+Z,IF钢,SPHETI-3,软钢,normal_real,,,,,,,
diagnostic_candidate,True,0030118802-000030,0030118802-000030,0030118802-000030,BR_00000030,BR_00000006,numeric-chain-000107,3,26,36,935,0.65,820,840,DC56D+Z,IF钢,SPHETI-3,软钢,normal_real,,,,,,,
diagnostic_candidate,True,0002001612-000470,0002001612-000470,0002001612-000470,BR_00000012,BR_00000006,numeric-chain-000107,3,27,20,915,0.6,810,830,180YD+Z,加磷高强、烘烤硬化钢,H180YD,软钢,normal_real,,,,,,,
diagnostic_candidate,True,0002001890-000200,0002001890-000200,0002001890-000200,BR_00000024,BR_00000006,numeric-chain-000107,3,28,40,913,0.6,810,830,180YD+Z,加磷高强、烘烤硬化钢,H180YD,软钢,normal_real,,,,,,,
diagnostic_candidate,True,0005000501-000620,0005000501-000620,0005000501-000620,BR_00000024,BR_00000006,numeric-chain-000107,3,29,32,900,0.7,820,840,CR210BH,加磷高强、烘烤硬化钢,H220BH,软钢,normal_real,,,,,,,
diagnostic_candidate,True,0002002184-000020,0002002184-000020,0002002184-000020,BR_00000036,BR_00000006,numeric-chain-000107,3,30,16,883,0.65,830,850,DC53D+Z,IF钢,SPHETI-3,软钢,normal_real,,,,,,,
diagnostic_candidate,True,0002001890-000300,0002001890-000300,0002001890-000300,BR_00000024,BR_00000006,numeric-chain-000107,3,31,13,862,0.65,830,850,DC53D+Z,IF钢,SPHETI-3,软钢,normal_real,,,,,,,
diagnostic_candidate,True,0002001867-000310,0002001867-000310,0002001867-000310,BR_00000024,BR_00000006,numeric-chain-000107,3,32,16,840,0.6,830,850,DC56D+Z,IF钢,SPHETI-3,软钢,normal_real,,,,,,,
diagnostic_candidate,True,0002001423-000170,0002001423-000170,0002001423-000170,BR_00000006,BR_00000006,numeric-chain-000015,4,1,770,1343,1,830,850,DC54D+Z,IF钢,SPHETI-3,软钢,normal_real,,,,,,,
diagnostic_candidate,True,0002001463-000030,0002001463-000030,0002001463-000030,BR_00000006,BR_00000006,numeric-chain-000015,4,2,648,1165,1.2,820,840,DX53D+Z-CD,IF钢,SPHETI-5,软钢,normal_real,,,,,,,
diagnostic_candidate,True,0030105044-000010,0030105044-000010,0030105044-000010,BR_00000012,BR_00000006,numeric-chain-000015,4,3,418,1020,1,830,850,HDX53D+Z-SN,IF钢,SPHETI-3,软钢,normal_real,,,,,,,
diagnostic_candidate,True,0002002054-000260,0002002054-000260,0002002054-000260,BR_00000030,BR_00000006,numeric-chain-000050,5,1,312,1150,0.6,820,840,DX53D+Z-MD,IF钢,SPHETI-5,软钢,normal_real,,,,,,,
diagnostic_candidate,True,0002002053-000060,0002002053-000060,0002002053-000060,BR_00000030,BR_00000006,numeric-chain-000050,5,2,21,1150,0.8,815,835,DX51D+Z-MD,普碳,SPHC,软钢,normal_real,,,,,,,
diagnostic_candidate,True,0002001899-000120,0002001899-000120,0002001899-000120,BR_00000024,BR_00000006,numeric-chain-000050,5,3,176,1150,0.8,820,840,DX53D+Z-MD,IF钢,SPHETI-5,软钢,normal_real,,,,,,,
diagnostic_candidate,True,0030123508-000010,0030123508-000010,0030123508-000010,BR_00000036,BR_00000006,numeric-chain-000050,5,4,138,1145,1,830,850,HDX53D+Z-SN,IF钢,SPHETI-3,软钢,normal_real,,,,,,,
diagnostic_candidate,True,virtual-000050,,,,BR_00000006,numeric-chain-000050,5,5,20.00,1250,0.80,820,850,SPHC,,SPHC,,virtual_sphc,,"{""accepted_sequence"":50,""prototype_id"":""virtual_sphc:1250x0.8"",""purpose"":""edge_bridge"",""related_partition_id"":null}",,,,,
diagnostic_candidate,True,0030117932-000020,0030117932-000020,0030117932-000020,BR_00000030,BR_00000006,numeric-chain-000050,5,6,161,1135,0.6,820,840,DC53D+Z,IF钢,SPHETI-5,软钢,normal_real,,,,,,,
diagnostic_candidate,True,0030118962-000010,0030118962-000010,0030118962-000010,BR_00000030,BR_00000006,numeric-chain-000050,5,7,23,1135,0.6,820,840,DX53D+Z,IF钢,SPHETI-5,软钢,normal_real,,,,,,,
diagnostic_candidate,True,0030114756-000030,0030114756-000030,0030114756-000030,BR_00000024,BR_00000006,numeric-chain-000050,5,8,23,1134,0.7,820,840,DC53D+Z,IF钢,SPHETI-5,软钢,normal_real,,,,,,,
diagnostic_candidate,True,0002002170-000180,0002002170-000180,0002002170-000180,BR_00000036,BR_00000006,numeric-chain-000050,5,9,46,1133,0.7,830,850,DC53D+Z,IF钢,SPHETI-3,软钢,normal_real,,,,,,,
diagnostic_candidate,True,0005000453-000020,0005000453-000020,0005000453-000020,BR_00000006,BR_00000006,numeric-chain-000050,5,10,21,1130,0.7,820,840,CR210BH,加磷高强、烘烤硬化钢,H220BH,软钢,normal_real,,,,,,,
diagnostic_candidate,True,0030118934-000060,0030118934-000060,0030118934-000060,BR_00000030,BR_00000006,numeric-chain-000050,5,11,483,1120,0.7,830,850,DX54D+Z,IF钢,SPHETI-5,软钢,normal_real,,,,,,,
diagnostic_candidate,True,virtual-000158,,,,BR_00000006,numeric-chain-000050,5,12,20.00,1000,0.80,820,850,SPHC,,SPHC,,virtual_sphc,,"{""accepted_sequence"":158,""prototype_id"":""virtual_sphc:1000x0.8"",""purpose"":""edge_bridge"",""related_partition_id"":null}",,,,,
diagnostic_candidate,True,0030119031-000020,0030119031-000020,0030119031-000020,BR_00000030,BR_00000006,numeric-chain-000050,5,13,450,1055,0.95,820,840,DX53D+Z,IF钢,SPHETI-5,软钢,normal_real,,,,,,,
diagnostic_candidate,True,0030103527-000020,0030103527-000020,0030103527-000020,BR_00000012,BR_00000006,numeric-chain-000054,6,1,72,1250,2.5,585,615,S350GD+Z,结构钢,S350X-1,软钢,normal_real,,,,,,,
diagnostic_candidate,True,0030103527-000010,0030103527-000010,0030103527-000010,BR_00000012,BR_00000006,numeric-chain-000054,6,2,24,1250,2,585,615,S350GD+Z,结构钢,S350X-1,软钢,normal_real,,,,,,,
diagnostic_candidate,True,virtual-000156,,,,BR_00000006,numeric-chain-000054,6,3,20.00,1250,2.00,585,840,SPHC,,SPHC,,virtual_sphc,,"{""accepted_sequence"":156,""prototype_id"":""virtual_sphc:1250x2"",""purpose"":""edge_bridge"",""related_partition_id"":null}",,,,,
diagnostic_candidate,True,virtual-000154,,,,BR_00000006,numeric-chain-000054,6,4,20.00,1250,1.50,585,840,SPHC,,SPHC,,virtual_sphc,,"{""accepted_sequence"":154,""prototype_id"":""virtual_sphc:1250x1.5"",""purpose"":""edge_bridge"",""related_partition_id"":null}",,,,,
diagnostic_candidate,True,0030103543-000150,0030103543-000150,0030103543-000150,BR_00000012,BR_00000006,numeric-chain-000054,6,5,92,1125,1.5,820,840,DC53D+Z,IF钢,SPHETI-5,软钢,normal_real,,,,,,,
diagnostic_candidate,True,0005000514-000120,0005000514-000120,0005000514-000120,BR_00000024,BR_00000006,numeric-chain-000054,6,6,23,1105,1.2,830,850,CR3,IF钢,SPHETI-36,软钢,normal_real,,,,,,,
diagnostic_candidate,True,0005000575-000020,0005000575-000020,0005000575-000020,BR_00000036,BR_00000006,numeric-chain-000054,6,7,20,1105,1.5,830,850,CR3,IF钢,SPHETI-36,软钢,normal_real,,,,,,,
diagnostic_candidate,True,0030119862-000020,0030119862-000020,0030119862-000020,BR_00000030,BR_00000006,numeric-chain-000054,6,8,23,1082,1.6,830,850,DC56D+Z,IF钢,SPHETI-3,软钢,normal_real,,,,,,,
diagnostic_candidate,True,0002001757-000100,0002001757-000100,0002001757-000100,BR_00000018,BR_00000006,numeric-chain-000054,6,9,22,1060,1.5,820,840,DX53D+Z-CD,IF钢,SPHETI-5,软钢,normal_real,,,,,,,
diagnostic_candidate,True,0002001459-000020,0002001459-000020,0002001459-000020,BR_00000006,BR_00000006,numeric-chain-000054,6,10,46,1060,1.5,820,840,DX53D+Z-CD,IF钢,SPHETI-5,软钢,normal_real,,,,,,,
diagnostic_candidate,True,0002001648-000040,0002001648-000040,0002001648-000040,BR_00000012,BR_00000006,numeric-chain-000054,6,11,108,1060,1.5,820,840,DX53D+Z-CD,IF钢,SPHETI-5,软钢,normal_real,,,,,,,
diagnostic_candidate,True,0030120940-000120,0030120940-000120,0030120940-000120,BR_00000032,BR_00000006,numeric-chain-000054,6,12,46,1055,1.2,830,850,DC56D+Z,IF钢,SPHETI-3,软钢,normal_real,,,,,,,
diagnostic_candidate,True,0030115673-000220,0030115673-000220,0030115673-000220,BR_00000025,BR_00000006,numeric-chain-000054,6,13,46,1055,1.2,830,850,DC56D+Z,IF钢,SPHETI-3,软钢,normal_real,,,,,,,
diagnostic_candidate,True,virtual-000009,,,,BR_00000006,numeric-chain-000054,6,14,20.00,1000,1.00,820,850,SPHC,,SPHC,,virtual_sphc,,"{""accepted_sequence"":9,""prototype_id"":""virtual_sphc:1000x1"",""purpose"":""edge_bridge"",""related_partition_id"":null}",,,,,
diagnostic_candidate,True,virtual-000010,,,,BR_00000006,numeric-chain-000054,6,15,20.00,1000,0.80,820,850,SPHC,,SPHC,,virtual_sphc,,"{""accepted_sequence"":10,""prototype_id"":""virtual_sphc:1000x0.8"",""purpose"":""edge_bridge"",""related_partition_id"":null}",,,,,
diagnostic_candidate,True,0030108129-000010,0030108129-000010,0030108129-000010,BR_00000018,BR_00000006,numeric-chain-000054,6,16,440,1036,0.7,820,840,DC53D+Z,IF钢,SPHETI-5,软钢,normal_real,,,,,,,
diagnostic_candidate,True,virtual-000037,,,,BR_00000006,numeric-chain-000054,6,17,20.00,1000,0.80,820,840,SPHC,,SPHC,,virtual_sphc,,"{""accepted_sequence"":37,""prototype_id"":""virtual_sphc:1000x0.8"",""purpose"":""edge_bridge"",""related_partition_id"":null}",,,,,
diagnostic_candidate,True,0030107632-000010,0030107632-000010,0030107632-000010,BR_00000018,BR_00000006,numeric-chain-000054,6,18,540,1055,0.95,820,840,DX53D+Z,IF钢,SPHETI-5,软钢,normal_real,,,,,,,
diagnostic_candidate,True,0030099810-000040,0030099810-000040,0030099810-000040,BR_00000006,BR_00000006,numeric-chain-000097,7,1,52,1371,0.7,815,835,DX51D+Z,普碳,SPHC,软钢,normal_real,,,,,,,
diagnostic_candidate,True,0030105876-000060,0030105876-000060,0030105876-000060,BR_00000012,BR_00000006,numeric-chain-000097,7,2,900,1374,0.6,820,840,DX53D+Z-MD,IF钢,SPHETI-5,软钢,normal_real,,,,,,,
diagnostic_candidate,True,0030110381-000110,0030110381-000110,0030110381-000110,BR_00000018,BR_00000006,numeric-chain-000097,7,3,10,1370,0.8,810,830,HC180YD+Z,加磷高强、烘烤硬化钢,H180YD,软钢,normal_real,,,,,,,
diagnostic_candidate,True,0030119098-000050,0030119098-000050,0030119098-000050,BR_00000030,BR_00000006,numeric-chain-000097,7,4,24,1365,0.6,700,840,DX51D+Z,普碳,SPHC,软钢,normal_real,,,,,,,
diagnostic_candidate,True,0030118957-000010,0030118957-000010,0030118957-000010,BR_00000030,BR_00000006,numeric-chain-000097,7,5,48,1360,0.7,700,720,DX51D+Z3,深冲钢（PD）,DD12BB,软钢,normal_real,,,,,,,
diagnostic_candidate,True,0030105871-000010,0030105871-000010,0030105871-000010,BR_00000012,BR_00000006,numeric-chain-000097,7,6,48,1355,0.6,700,840,DX51D+Z,普碳,SPHC,软钢,normal_real,,,,,,,
diagnostic_candidate,True,0002002026-000100,0002002026-000100,0002002026-000100,BR_00000030,BR_00000006,numeric-chain-000097,7,7,23,1355,0.65,830,850,DC53D+Z,IF钢,SPHETI-3,软钢,normal_real,,,,,,,
diagnostic_candidate,True,0002002184-000010,0002002184-000010,0002002184-000010,BR_00000036,BR_00000006,numeric-chain-000097,7,8,23,1354,0.65,830,850,DC56D+Z,IF钢,SPHETI-3,软钢,normal_real,,,,,,,
diagnostic_candidate,True,0030119862-000140,0030119862-000140,0030119862-000140,BR_00000030,BR_00000006,numeric-chain-000097,7,9,24,1353,0.7,830,850,DC53D+Z,IF钢,SPHETI-3,软钢,normal_real,,,,,,,
diagnostic_candidate,True,0005000547-000170,0005000547-000170,0005000547-000170,BR_00000030,BR_00000006,numeric-chain-000097,7,10,105,1350,0.8,830,850,CR180BH,加磷高强、烘烤硬化钢,H180BH,软钢,normal_real,,,,,,,
diagnostic_candidate,True,0005000464-000130,0005000464-000130,0005000464-000130,BR_00000012,BR_00000006,numeric-chain-000097,7,11,42,1350,0.8,830,850,CR180BH,加磷高强、烘烤硬化钢,H180BH,软钢,normal_real,,,,,,,
diagnostic_candidate,True,0030108542-000080,0030108542-000080,0030108542-000080,BR_00000018,BR_00000006,numeric-chain-000097,7,12,24,1350,0.8,700,840,DC51D+Z,普碳,SPHC,软钢,normal_real,,,,,,,
diagnostic_candidate,True,0030106963-000010,0030106963-000010,0030106963-000010,BR_00000013,BR_00000006,numeric-chain-000097,7,13,24,1341,0.8,700,720,DX51D+Z3,深冲钢（PD）,DD12BB,软钢,normal_real,,,,,,,
diagnostic_candidate,True,0030119098-000060,0030119098-000060,0030119098-000060,BR_00000030,BR_00000006,numeric-chain-000097,7,14,24,1333,0.6,700,840,DX51D+Z,普碳,SPHC,软钢,normal_real,,,,,,,
diagnostic_candidate,True,0030105927-000040,0030105927-000040,0030105927-000040,BR_00000012,BR_00000006,numeric-chain-000097,7,15,72,1330,0.8,700,720,DX51D+Z3,深冲钢（PD）,DD12BB,软钢,normal_real,,,,,,,
diagnostic_candidate,True,0030114755-000040,0030114755-000040,0030114755-000040,BR_00000024,BR_00000006,numeric-chain-000097,7,16,72,1325,0.8,700,840,DC51D+Z,普碳,SPHC,软钢,normal_real,,,,,,,
diagnostic_candidate,True,virtual-000038,,,,BR_00000006,numeric-chain-000097,7,17,20.00,1250,0.60,700,850,SPHC,,SPHC,,virtual_sphc,,"{""accepted_sequence"":38,""prototype_id"":""virtual_sphc:1250x0.6"",""purpose"":""edge_bridge"",""related_partition_id"":null}",,,,,
diagnostic_candidate,True,0030123142-000030,0030123142-000030,0030123142-000030,BR_00000036,BR_00000006,numeric-chain-000097,7,18,132,1090,0.55,830,850,SCG4+Z,IF钢,SPHETI-3,软钢,normal_real,,,,,,,
diagnostic_candidate,True,0030123425-000010,0030123425-000010,0030123425-000010,BR_00000036,BR_00000006,numeric-chain-000097,7,19,132,1090,0.55,830,850,SCG4+Z,IF钢,SPHETI-3,软钢,normal_real,,,,,,,
diagnostic_candidate,True,0030117284-000030,0030117284-000030,0030117284-000030,BR_00000030,BR_00000006,numeric-chain-000097,7,20,88,1090,0.55,830,850,SCG4+Z,IF钢,SPHETI-3,软钢,normal_real,,,,,,,
diagnostic_candidate,True,0030106720-000060,0030106720-000060,0030106720-000060,BR_00000018,BR_00000006,numeric-chain-000097,7,21,23,1065,0.45,820,840,DC53D+Z,IF钢,SPHETI-5,软钢,normal_real,,,,,,,
diagnostic_candidate,True,0030106720-000090,0030106720-000090,0030106720-000090,BR_00000018,BR_00000006,numeric-chain-000097,7,22,23,1065,0.45,820,840,DC53D+Z,IF钢,SPHETI-5,软钢,normal_real,,,,,,,
diagnostic_candidate,True,0030107381-000030,0030107381-000030,0030107381-000030,BR_00000018,BR_00000006,numeric-chain-000027,8,1,132,1374,0.75,830,850,CR3,IF钢,SPHETI-36,软钢,normal_real,,,,,,,
diagnostic_candidate,True,0005000501-000030,0005000501-000030,0005000501-000030,BR_00000024,BR_00000006,numeric-chain-000027,8,2,42,1365,0.8,830,850,CR180BH,加磷高强、烘烤硬化钢,H180BH,软钢,normal_real,,,,,,,
diagnostic_candidate,True,0002002053-000030,0002002053-000030,0002002053-000030,BR_00000030,BR_00000006,numeric-chain-000027,8,3,24,1365,1,820,840,DX53D+Z-MD,IF钢,SPHETI-5,软钢,normal_real,,,,,,,
diagnostic_candidate,True,0005000486-000130,0005000486-000130,0005000486-000130,BR_00000018,BR_00000006,numeric-chain-000027,8,4,63,1350,0.8,830,850,CR180BH,加磷高强、烘烤硬化钢,H180BH,软钢,normal_real,,,,,,,
diagnostic_candidate,True,0005000547-000360,0005000547-000360,0005000547-000360,BR_00000030,BR_00000006,numeric-chain-000027,8,5,21,1341,0.7,830,850,CR3,IF钢,SPHETI-36,软钢,normal_real,,,,,,,
diagnostic_candidate,True,0005000501-000310,0005000501-000310,0005000501-000310,BR_00000024,BR_00000006,numeric-chain-000027,8,6,21,1341,0.7,830,850,CR3,IF钢,SPHETI-36,软钢,normal_real,,,,,,,
diagnostic_candidate,True,0002002176-000240,0002002176-000240,0002002176-000240,BR_00000036,BR_00000006,numeric-chain-000027,8,7,69,1335,0.65,820,840,DC53D+Z,IF钢,SPHETI-3,软钢,normal_real,,,,,,,
diagnostic_candidate,True,0002001890-000310,0002001890-000310,0002001890-000310,BR_00000024,BR_00000006,numeric-chain-000027,8,8,23,1335,0.65,820,840,DC53D+Z,IF钢,SPHETI-3,软钢,normal_real,,,,,,,
diagnostic_candidate,True,0002001871-000520,0002001871-000520,0002001871-000520,BR_00000024,BR_00000006,numeric-chain-000027,8,9,20,1335,0.65,820,840,DC53D+Z,IF钢,SPHETI-3,软钢,normal_real,,,,,,,
diagnostic_candidate,True,0002002026-000070,0002002026-000070,0002002026-000070,BR_00000030,BR_00000006,numeric-chain-000027,8,10,23,1330,0.8,810,830,180YD+Z,加磷高强、烘烤硬化钢,H180YD,软钢,normal_real,,,,,,,
diagnostic_candidate,True,0002002170-000410,0002002170-000410,0002002170-000410,BR_00000036,BR_00000006,numeric-chain-000027,8,11,23,1330,0.8,810,830,180YD+Z,加磷高强、烘烤硬化钢,H180YD,软钢,normal_real,,,,,,,
diagnostic_candidate,True,0010017872-000020,0010017872-000020,0010017872-000020,BR_00000030,BR_00000006,numeric-chain-000027,8,12,48,1325,0.6,820,840,DC53D+Z,IF钢,SPHETI-5,软钢,normal_real,,,,,,,
diagnostic_candidate,True,0030119945-000100,0030119945-000100,0030119945-000100,BR_00000030,BR_00000006,numeric-chain-000027,8,13,24,1324,0.8,830,850,DC54D+Z,IF钢,SPHETI-5,软钢,normal_real,,,,,,,
diagnostic_candidate,True,0030104498-000030,0030104498-000030,0030104498-000030,BR_00000012,BR_00000006,numeric-chain-000027,8,14,96,1320,0.6,700,840,DC51D+Z,普碳,SPHC,软钢,normal_real,,,,,,,
diagnostic_candidate,True,0030098172-000030,0030098172-000030,0030098172-000030,BR_00000006,BR_00000006,numeric-chain-000027,8,15,275,1315,0.6,830,850,SCG4+Z,IF钢,SPHETI-3,软钢,normal_real,,,,,,,
diagnostic_candidate,True,0030117285-000030,0030117285-000030,0030117285-000030,BR_00000030,BR_00000006,numeric-chain-000027,8,16,150,1315,0.6,830,850,SCG4+Z,IF钢,SPHETI-3,软钢,normal_real,,,,,,,
diagnostic_candidate,True,virtual-000021,,,,BR_00000006,numeric-chain-000027,8,17,20.00,1250,0.80,820,850,SPHC,,SPHC,,virtual_sphc,,"{""accepted_sequence"":21,""prototype_id"":""virtual_sphc:1250x0.8"",""purpose"":""edge_bridge"",""related_partition_id"":null}",,,,,
diagnostic_candidate,True,0002001622-000020,0002001622-000020,0002001622-000020,BR_00000012,BR_00000006,numeric-chain-000027,8,18,308,1236,1,820,840,DX53D+Z-CD,IF钢,SPHETI-5,软钢,normal_real,,,,,,,
diagnostic_candidate,True,0002002054-000230,0002002054-000230,0002002054-000230,BR_00000030,BR_00000006,numeric-chain-000027,8,19,50,1236,1,820,840,DX53D+Z-CD,IF钢,SPHETI-5,软钢,normal_real,,,,,,,
diagnostic_candidate,True,virtual-000001,,,,BR_00000006,numeric-chain-000027,8,20,20.00,1250,0.80,820,850,SPHC,,SPHC,,virtual_sphc,,"{""accepted_sequence"":1,""prototype_id"":""virtual_sphc:1250x0.8"",""purpose"":""edge_bridge"",""related_partition_id"":null}",,,,,
diagnostic_candidate,True,virtual-000002,,,,BR_00000006,numeric-chain-000027,8,21,20.00,1250,1.00,820,850,SPHC,,SPHC,,virtual_sphc,,"{""accepted_sequence"":2,""prototype_id"":""virtual_sphc:1250x1"",""purpose"":""edge_bridge"",""related_partition_id"":null}",,,,,
diagnostic_candidate,True,0002001457-000050,0002001457-000050,0002001457-000050,BR_00000006,BR_00000006,numeric-chain-000027,8,22,396,1050,1.2,820,840,DX53D+Z-CD,IF钢,SPHETI-5,软钢,normal_real,,,,,,,
diagnostic_candidate,True,0030117285-000020,0030117285-000020,0030117285-000020,BR_00000030,BR_00000006,numeric-chain-000077,9,1,208,1390,0.7,830,850,SCG4+Z,IF钢,SPHETI-3,软钢,normal_real,,,,,,,
diagnostic_candidate,True,0002002006-000210,0002002006-000210,0002002006-000210,BR_00000030,BR_00000006,numeric-chain-000077,9,2,49,1390,0.65,830,850,DC53D+Z,IF钢,SPHETI-3,软钢,normal_real,,,,,,,
diagnostic_candidate,True,0002002180-000280,0002002180-000280,0002002180-000280,BR_00000036,BR_00000006,numeric-chain-000077,9,3,20,1390,0.65,830,850,DC53D+Z,IF钢,SPHETI-3,软钢,normal_real,,,,,,,
diagnostic_candidate,True,0030119520-000010,0030119520-000010,0030119520-000010,BR_00000030,BR_00000006,numeric-chain-000077,9,4,26,1385,0.6,830,850,DC54D+Z,IF钢,SPHETI-5,软钢,normal_real,,,,,,,
diagnostic_candidate,True,0030125157-000010,0030125157-000010,0030125157-000010,BR_00000036,BR_00000006,numeric-chain-000077,9,5,26,1385,0.6,830,850,DC54D+Z,IF钢,SPHETI-5,软钢,normal_real,,,,,,,
diagnostic_candidate,True,0030112686-000020,0030112686-000020,0030112686-000020,BR_00000024,BR_00000006,numeric-chain-000077,9,6,66,1374,0.75,830,850,CR3,IF钢,SPHETI-36,软钢,normal_real,,,,,,,
diagnostic_candidate,True,virtual-000048,,,,BR_00000006,numeric-chain-000077,9,7,20.00,1250,0.80,820,850,SPHC,,SPHC,,virtual_sphc,,"{""accepted_sequence"":48,""prototype_id"":""virtual_sphc:1250x0.8"",""purpose"":""edge_bridge"",""related_partition_id"":null}",,,,,
diagnostic_candidate,True,0002001480-000020,0002001480-000020,0002001480-000020,BR_00000012,BR_00000006,numeric-chain-000077,9,8,392,1236,1,820,840,DX53D+Z-CD,IF钢,SPHETI-5,软钢,normal_real,,,,,,,
diagnostic_candidate,True,virtual-000003,,,,BR_00000006,numeric-chain-000077,9,9,20.00,1250,1.20,820,840,SPHC,,SPHC,,virtual_sphc,,"{""accepted_sequence"":3,""prototype_id"":""virtual_sphc:1250x1.2"",""purpose"":""edge_bridge"",""related_partition_id"":null}",,,,,
diagnostic_candidate,True,0002001648-000010,0002001648-000010,0002001648-000010,BR_00000012,BR_00000006,numeric-chain-000077,9,10,448,1236,1,820,840,DX53D+Z-CD,IF钢,SPHETI-5,软钢,normal_real,,,,,,,
diagnostic_candidate,True,virtual-000014,,,,BR_00000006,numeric-chain-000077,9,11,20.00,1250,1.20,820,840,SPHC,,SPHC,,virtual_sphc,,"{""accepted_sequence"":14,""prototype_id"":""virtual_sphc:1250x1.2"",""purpose"":""edge_bridge"",""related_partition_id"":null}",,,,,
diagnostic_candidate,True,0002001457-000020,0002001457-000020,0002001457-000020,BR_00000006,BR_00000006,numeric-chain-000077,9,12,198,1050,1.5,820,840,DX53D+Z-CD,IF钢,SPHETI-5,软钢,normal_real,,,,,,,
diagnostic_candidate,True,0030110597-000020,0030110597-000020,0030110597-000020,BR_00000018,BR_00000006,numeric-chain-000077,9,13,23,1050,1.5,820,840,DC53D+Z,IF钢,SPHETI-5,软钢,normal_real,,,,,,,
diagnostic_candidate,True,0005000546-000010,0005000546-000010,0005000546-000010,BR_00000030,BR_00000006,numeric-chain-000077,9,14,7,1015,1.4,830,850,CR3,IF钢,SPHETI-36,软钢,normal_real,,,,,,,
diagnostic_candidate,True,0030112291-000040,0030112291-000040,0030112291-000040,BR_00000024,BR_00000006,numeric-chain-000077,9,15,66,1000,1.4,700,840,DC51D+Z,普碳,SPHC,软钢,actual_transition,,,,,,,
diagnostic_candidate,True,0005000466-000050,0005000466-000050,0005000466-000050,BR_00000012,BR_00000006,numeric-chain-000077,9,16,36,995,1.3,730,770,CR420LA,低合金高强,H420LAD-3,硬钢,normal_real,,,,,,,
diagnostic_candidate,True,0005000501-000630,0005000501-000630,0005000501-000630,BR_00000024,BR_00000006,numeric-chain-000077,9,17,126,995,1.3,730,770,CR420LA,低合金高强,H420LAD-3,硬钢,normal_real,,,,,,,
diagnostic_candidate,True,0005000547-000550,0005000547-000550,0005000547-000550,BR_00000030,BR_00000006,numeric-chain-000077,9,18,18,980,1.3,725,745,CR380LA,低合金高强,H380LA-3,硬钢,normal_real,,,,,,,
diagnostic_candidate,True,0005000547-000490,0005000547-000490,0005000547-000490,BR_00000030,BR_00000006,numeric-chain-000077,9,19,16,900,1.5,715,735,CR380LA,低合金高强,H380LA-3,硬钢,normal_real,,,,,,,
diagnostic_candidate,True,0005000501-000440,0005000501-000440,0005000501-000440,BR_00000024,BR_00000006,numeric-chain-000077,9,20,48,900,1.5,715,735,CR380LA,低合金高强,H380LA-3,硬钢,normal_real,,,,,,,
diagnostic_candidate,True,0005000464-000430,0005000464-000430,0005000464-000430,BR_00000012,BR_00000006,numeric-chain-000077,9,21,16,900,1.5,715,735,CR380LA,低合金高强,H380LA-3,硬钢,normal_real,,,,,,,
diagnostic_candidate,True,0030118093-000010,0030118093-000010,0030118093-000010,BR_00000030,BR_00000006,numeric-chain-000067,10,1,168,1165,0.6,700,840,DC51D+Z,普碳,SPHC,软钢,normal_real,,,,,,,
diagnostic_candidate,True,0010019680-000030,0010019680-000030,0010019680-000030,BR_00000036,BR_00000006,numeric-chain-000067,10,2,48,1160,0.6,700,840,DC51D+Z-D,普碳,SPHC,软钢,normal_real,,,,,,,
diagnostic_candidate,True,0030108199-000010,0030108199-000010,0030108199-000010,BR_00000018,BR_00000006,numeric-chain-000067,10,3,138,1120,0.6,700,720,DX51D+Z3,深冲钢（PD）,DD12BB,软钢,normal_real,,,,,,,
diagnostic_candidate,True,0030105931-000010,0030105931-000010,0030105931-000010,BR_00000012,BR_00000006,numeric-chain-000067,10,4,46,1110,0.6,700,840,DC51D+Z,普碳,SPHC,软钢,normal_real,,,,,,,
diagnostic_candidate,True,0030124827-000020,0030124827-000020,0030124827-000020,BR_00000036,BR_00000006,numeric-chain-000067,10,5,50,1100,0.75,730,750,DX51D+Z,普碳,SPHC,软钢,normal_real,,,,,,,
diagnostic_candidate,True,0030124871-000130,0030124871-000130,0030124871-000130,BR_00000036,BR_00000006,numeric-chain-000067,10,6,180,1100,0.75,730,750,DX51D+Z,普碳,SPHC,软钢,normal_real,,,,,,,
diagnostic_candidate,True,0030112291-000020,0030112291-000020,0030112291-000020,BR_00000024,BR_00000006,numeric-chain-000067,10,7,46,1100,0.8,700,840,DC51D+Z,普碳,SPHC,软钢,actual_transition,,,,,,,
diagnostic_candidate,True,0030119650-000010,0030119650-000010,0030119650-000010,BR_00000030,BR_00000006,numeric-chain-000067,10,8,20,1085,0.8,780,800,HC220YD+Z-GL,加磷高强、烘烤硬化钢,H220Y,,normal_real,,,,,,,
diagnostic_candidate,True,0030108326-000050,0030108326-000050,0030108326-000050,BR_00000018,BR_00000006,numeric-chain-000067,10,9,23,1079,1,700,840,DC51D+Z,普碳,SPHC,软钢,actual_transition,,,,,,,
diagnostic_candidate,True,0030124824-000010,0030124824-000010,0030124824-000010,BR_00000036,BR_00000006,numeric-chain-000067,10,10,20,1060,0.95,710,730,DX51D+Z,普碳,SPHC,软钢,normal_real,,,,,,,
diagnostic_candidate,True,0030119031-000010,0030119031-000010,0030119031-000010,BR_00000030,BR_00000006,numeric-chain-000067,10,11,20,1060,0.95,710,730,DX51D+Z,普碳,SPHC,软钢,normal_real,,,,,,,
diagnostic_candidate,True,0030103543-000050,0030103543-000050,0030103543-000050,BR_00000012,BR_00000006,numeric-chain-000067,10,12,44,1010,0.8,700,840,DC51D+Z,普碳,SPHC,软钢,normal_real,,,,,,,
diagnostic_candidate,True,0005000547-000670,0005000547-000670,0005000547-000670,BR_00000030,BR_00000006,numeric-chain-000067,10,13,40,1005,0.8,830,850,CR3,IF钢,SPHETI-36,软钢,normal_real,,,,,,,
diagnostic_candidate,True,0030119215-000010,0030119215-000010,0030119215-000010,BR_00000030,BR_00000006,numeric-chain-000067,10,14,22,1001,0.6,820,840,DC53D+Z,IF钢,SPHETI-5,软钢,normal_real,,,,,,,
diagnostic_candidate,True,0030105110-000050,0030105110-000050,0030105110-000050,BR_00000012,BR_00000006,numeric-chain-000067,10,15,44,1001,0.6,820,840,DC53D+Z,IF钢,SPHETI-5,软钢,normal_real,,,,,,,
diagnostic_candidate,True,0010018206-000010,0010018206-000010,0010018206-000010,BR_00000030,BR_00000006,numeric-chain-000067,10,16,110,1000,0.5,700,840,DC51D+Z,普碳,SPHC,软钢,actual_transition,,,,,,,
diagnostic_candidate,True,0030124078-000010,0030124078-000010,0030124078-000010,BR_00000036,BR_00000006,numeric-chain-000067,10,17,44,1000,0.6,830,850,DC56D+Z,IF钢,SPHETI-3,软钢,normal_real,,,,,,,
diagnostic_candidate,True,0030110337-000010,0030110337-000010,0030110337-000010,BR_00000018,BR_00000006,numeric-chain-000067,10,18,24,1000,0.6,830,850,DC54D+Z,IF钢,SPHETI-5,软钢,normal_real,,,,,,,
diagnostic_candidate,True,0002001749-000040,0002001749-000040,0002001749-000040,BR_00000018,BR_00000006,numeric-chain-000067,10,19,22,980,0.6,830,850,DC54D+Z,IF钢,SPHETI-3,软钢,normal_real,,,,,,,
diagnostic_candidate,True,0005000501-000330,0005000501-000330,0005000501-000330,BR_00000024,BR_00000006,numeric-chain-000067,10,20,36,968,0.8,830,850,CR180BH,加磷高强、烘烤硬化钢,H180BH,软钢,normal_real,,,,,,,
diagnostic_candidate,True,virtual-000104,,,,BR_00000006,numeric-chain-000067,10,21,20.00,1000,0.80,830,850,SPHC,,SPHC,,virtual_sphc,,"{""accepted_sequence"":104,""prototype_id"":""virtual_sphc:1000x0.8"",""purpose"":""edge_bridge"",""related_partition_id"":null}",,,,,
diagnostic_candidate,True,0030107381-000100,0030107381-000100,0030107381-000100,BR_00000018,BR_00000006,numeric-chain-000067,10,22,18,955,1,830,850,CR3,IF钢,SPHETI-36,软钢,normal_real,,,,,,,
diagnostic_candidate,True,0005000486-000260,0005000486-000260,0005000486-000260,BR_00000018,BR_00000006,numeric-chain-000067,10,23,18,928,1.2,820,840,CR210BH,加磷高强、烘烤硬化钢,H220BH,软钢,normal_real,,,,,,,
diagnostic_candidate,True,0005000464-000210,0005000464-000210,0005000464-000210,BR_00000012,BR_00000006,numeric-chain-000067,10,24,18,928,1.2,820,840,CR210BH,加磷高强、烘烤硬化钢,H220BH,软钢,normal_real,,,,,,,
diagnostic_candidate,True,0030107409-000010,0030107409-000010,0030107409-000010,BR_00000018,BR_00000006,numeric-chain-000067,10,25,36,914,1.5,830,850,CR180BH,加磷高强、烘烤硬化钢,H180BH,软钢,normal_real,,,,,,,
diagnostic_candidate,True,0030122760-000020,0030122760-000020,0030122760-000020,BR_00000036,BR_00000006,numeric-chain-000067,10,26,72,914,1.5,830,850,CR180BH,加磷高强、烘烤硬化钢,H180BH,软钢,normal_real,,,,,,,
diagnostic_candidate,True,0030122480-000070,0030122480-000070,0030122480-000070,BR_00000036,BR_00000006,numeric-chain-000067,10,27,108,905,1.2,820,840,DX53D+Z,IF钢,SPHETI-5,软钢,normal_real,,,,,,,
diagnostic_candidate,True,0005000563-000170,0005000563-000170,0005000563-000170,BR_00000036,BR_00000006,numeric-chain-000067,10,28,48,900,1.2,830,850,CR180BH,加磷高强、烘烤硬化钢,H180BH,软钢,normal_real,,,,,,,
diagnostic_candidate,True,0005000501-000190,0005000501-000190,0005000501-000190,BR_00000024,BR_00000006,numeric-chain-000067,10,29,48,900,1.2,830,850,CR180BH,加磷高强、烘烤硬化钢,H180BH,软钢,normal_real,,,,,,,
diagnostic_candidate,True,0005000547-000320,0005000547-000320,0005000547-000320,BR_00000030,BR_00000006,numeric-chain-000067,10,30,16,900,1.2,830,850,CR3,IF钢,SPHETI-36,软钢,normal_real,,,,,,,
diagnostic_candidate,True,0002001612-000080,0002001612-000080,0002001612-000080,BR_00000012,BR_00000006,numeric-chain-000067,10,31,88,900,1,830,850,DC53D+Z,IF钢,SPHETI-3,软钢,normal_real,,,,,,,
diagnostic_candidate,True,0002001890-000040,0002001890-000040,0002001890-000040,BR_00000024,BR_00000006,numeric-chain-000067,10,32,30,898,1,830,850,DC53D+Z,IF钢,SPHETI-3,软钢,normal_real,,,,,,,
diagnostic_candidate,True,0002001981-000070,0002001981-000070,0002001981-000070,BR_00000030,BR_00000006,numeric-chain-000067,10,33,84,895,0.8,830,850,DC53D+Z,IF钢,SPHETI-3,软钢,normal_real,,,,,,,
diagnostic_candidate,True,0002001438-000110,0002001438-000110,0002001438-000110,BR_00000006,BR_00000006,numeric-chain-000067,10,34,154,895,0.8,830,850,DC53D+Z,IF钢,SPHETI-3,软钢,normal_real,,,,,,,
diagnostic_candidate,True,0002001750-000150,0002001750-000150,0002001750-000150,BR_00000018,BR_00000006,numeric-chain-000067,10,35,30,895,0.8,830,850,DC53D+Z,IF钢,SPHETI-3,软钢,normal_real,,,,,,,
diagnostic_candidate,True,0002001750-000700,0002001750-000700,0002001750-000700,BR_00000018,BR_00000006,numeric-chain-000067,10,36,20,848,0.65,830,850,DC53D+Z,IF钢,SPHETI-3,软钢,normal_real,,,,,,,
diagnostic_candidate,True,0002001749-000010,0002001749-000010,0002001749-000010,BR_00000018,BR_00000006,numeric-chain-000067,10,37,18,820,0.6,830,850,DC54D+Z,IF钢,SPHETI-3,软钢,normal_real,,,,,,,
diagnostic_candidate,True,0002001412-000010,0002001412-000010,0002001412-000010,BR_00000006,BR_00000006,numeric-chain-000123,11,1,208,1260,2,830,850,DX53D+Z-CY,IF钢,SPHETI-5,软钢,normal_real,,,,,,,
diagnostic_candidate,True,0005000486-000200,0005000486-000200,0005000486-000200,BR_00000018,BR_00000006,numeric-chain-000123,11,2,21,1256,1.5,820,860,CR3,IF钢,SPHETI-36,软钢,normal_real,,,,,,,
diagnostic_candidate,True,0005000571-000030,0005000571-000030,0005000571-000030,BR_00000036,BR_00000006,numeric-chain-000123,11,3,7,1256,2,830,850,CR180BH,加磷高强、烘烤硬化钢,H180BH,软钢,normal_real,,,,,,,
diagnostic_candidate,True,virtual-000247,,,,BR_00000006,numeric-chain-000123,11,4,20.00,1250,2.00,820,860,SPHC,,SPHC,,virtual_sphc,,"{""accepted_sequence"":247,""prototype_id"":""virtual_sphc:1250x2"",""purpose"":""edge_bridge"",""related_partition_id"":null}",,,,,
diagnostic_candidate,True,0030121327-000030,0030121327-000030,0030121327-000030,BR_00000032,BR_00000006,numeric-chain-000123,11,5,25,1250,2.4,830,850,DC56D+Z,IF钢,SPHETI-3,软钢,normal_real,,,,,,,
diagnostic_candidate,True,virtual-000226,,,,BR_00000006,numeric-chain-000123,11,6,20.00,1250,2.00,820,860,SPHC,,SPHC,,virtual_sphc,,"{""accepted_sequence"":226,""prototype_id"":""virtual_sphc:1250x2"",""purpose"":""edge_bridge"",""related_partition_id"":null}",,,,,
diagnostic_candidate,True,virtual-000205,,,,BR_00000006,numeric-chain-000123,11,7,20.00,1250,2.00,820,860,SPHC,,SPHC,,virtual_sphc,,"{""accepted_sequence"":205,""prototype_id"":""virtual_sphc:1250x2"",""purpose"":""edge_bridge"",""related_partition_id"":null}",,,,,
diagnostic_candidate,True,0030122647-000560,0030122647-000560,0030122647-000560,BR_00000036,BR_00000006,numeric-chain-000123,11,8,72,1250,2.49,820,840,DC53D+Z,IF钢,SPHETI-5,软钢,normal_real,,,,,,,
diagnostic_candidate,True,virtual-000195,,,,BR_00000006,numeric-chain-000123,11,9,20.00,1250,2.00,820,860,SPHC,,SPHC,,virtual_sphc,,"{""accepted_sequence"":195,""prototype_id"":""virtual_sphc:1250x2"",""purpose"":""edge_bridge"",""related_partition_id"":null}",,,,,
diagnostic_candidate,True,virtual-000075,,,,BR_00000006,numeric-chain-000123,11,10,20.00,1250,2.00,820,860,SPHC,,SPHC,,virtual_sphc,,"{""accepted_sequence"":75,""prototype_id"":""virtual_sphc:1250x2"",""purpose"":""edge_bridge"",""related_partition_id"":null}",,,,,
diagnostic_candidate,True,0030119938-000320,0030119938-000320,0030119938-000320,BR_00000030,BR_00000006,numeric-chain-000123,11,11,48,1250,2.49,820,840,DC53D+Z,IF钢,SPHETI-5,软钢,normal_real,,,,,,,
diagnostic_candidate,True,virtual-000070,,,,BR_00000006,numeric-chain-000123,11,12,20.00,1250,2.00,820,860,SPHC,,SPHC,,virtual_sphc,,"{""accepted_sequence"":70,""prototype_id"":""virtual_sphc:1250x2"",""purpose"":""edge_bridge"",""related_partition_id"":null}",,,,,
diagnostic_candidate,True,virtual-000196,,,,BR_00000006,numeric-chain-000123,11,13,20.00,1250,2.50,815,850,SPHC,,SPHC,,virtual_sphc,,"{""accepted_sequence"":196,""prototype_id"":""virtual_sphc:1250x2.5"",""purpose"":""edge_bridge"",""related_partition_id"":null}",,,,,
diagnostic_candidate,True,0030113335-000040,0030113335-000040,0030113335-000040,BR_00000024,BR_00000006,numeric-chain-000123,11,14,15,1235,2.5,815,835,HC180YD+Z,加磷高强、烘烤硬化钢,H180YD,软钢,normal_real,,,,,,,
diagnostic_candidate,True,0030110381-000080,0030110381-000080,0030110381-000080,BR_00000018,BR_00000006,numeric-chain-000123,11,15,31,1235,2.5,815,835,HC180YD+Z,加磷高强、烘烤硬化钢,H180YD,软钢,normal_real,,,,,,,
diagnostic_candidate,True,0005000486-000540,0005000486-000540,0005000486-000540,BR_00000018,BR_00000006,numeric-chain-000123,11,16,20,1221,2.2,820,840,CR210BH,加磷高强、烘烤硬化钢,H220BH,软钢,normal_real,,,,,,,
diagnostic_candidate,True,0005000547-000590,0005000547-000590,0005000547-000590,BR_00000030,BR_00000006,numeric-chain-000123,11,17,20,1221,2.2,820,840,CR210BH,加磷高强、烘烤硬化钢,H220BH,软钢,normal_real,,,,,,,
diagnostic_candidate,True,0002001899-000130,0002001899-000130,0002001899-000130,BR_00000024,BR_00000006,numeric-chain-000123,11,18,24,1219,2,820,840,DX53D+Z-MD,IF钢,SPHETI-5,软钢,normal_real,,,,,,,
diagnostic_candidate,True,0030116618-000010,0030116618-000010,0030116618-000010,BR_00000030,BR_00000006,numeric-chain-000123,11,19,48,1204,1.5,820,840,DC53D+Z,IF钢,SPHETI-5,软钢,normal_real,,,,,,,
diagnostic_candidate,True,0030119945-000140,0030119945-000140,0030119945-000140,BR_00000030,BR_00000006,numeric-chain-000123,11,20,24,1195,1.3,830,850,DC54D+Z,IF钢,SPHETI-5,软钢,normal_real,,,,,,,
diagnostic_candidate,True,0005000501-000520,0005000501-000520,0005000501-000520,BR_00000024,BR_00000006,numeric-chain-000123,11,21,20,1185,1.2,820,840,CR210BH,加磷高强、烘烤硬化钢,H220BH,软钢,normal_real,,,,,,,
diagnostic_candidate,True,0002002021-000080,0002002021-000080,0002002021-000080,BR_00000030,BR_00000006,numeric-chain-000123,11,22,23,1180,1,830,850,DC56D+Z,IF钢,SPHETI-3,软钢,normal_real,,,,,,,
diagnostic_candidate,True,0002001895-000070,0002001895-000070,0002001895-000070,BR_00000024,BR_00000006,numeric-chain-000123,11,23,252,1165,1,820,840,DX53D+Z-CD,IF钢,SPHETI-5,软钢,normal_real,,,,,,,
diagnostic_candidate,True,0030114680-000010,0030114680-000010,0030114680-000010,BR_00000024,BR_00000006,numeric-chain-000123,11,24,72,1155,1.2,830,850,DC54D+Z,IF钢,SPHETI-5,软钢,normal_real,,,,,,,
diagnostic_candidate,True,0030119597-000010,0030119597-000010,0030119597-000010,BR_00000030,BR_00000006,numeric-chain-000123,11,25,48,1155,1.2,830,850,DC54D+Z,IF钢,SPHETI-5,软钢,normal_real,,,,,,,
diagnostic_candidate,True,0030124170-000010,0030124170-000010,0030124170-000010,BR_00000036,BR_00000006,numeric-chain-000123,11,26,69,1145,1,830,850,HDX53D+Z-SN,IF钢,SPHETI-3,软钢,normal_real,,,,,,,
diagnostic_candidate,True,virtual-000032,,,,BR_00000006,numeric-chain-000123,11,27,20.00,1250,0.80,770,850,SPHC,,SPHC,,virtual_sphc,,"{""accepted_sequence"":32,""prototype_id"":""virtual_sphc:1250x0.8"",""purpose"":""edge_bridge"",""related_partition_id"":null}",,,,,
diagnostic_candidate,True,0002002202-000060,0002002202-000060,0002002202-000060,BR_00000036,BR_00000006,numeric-chain-000123,11,28,46,1145,0.7,770,810,DC51D+Z,IF钢,SPHETI-3,软钢,normal_real,,,,,,,
diagnostic_candidate,True,0002002024-000030,0002002024-000030,0002002024-000030,BR_00000030,BR_00000006,numeric-chain-000123,11,29,23,1145,0.7,770,810,DC51D+Z,普碳,SPHC,软钢,normal_real,,,,,,,
diagnostic_candidate,True,0030120817-000030,0030120817-000030,0030120817-000030,BR_00000030,BR_00000006,numeric-chain-000123,11,30,23,1140,0.7,790,810,HC260YD+Z,加磷高强、烘烤硬化钢,H260Y,软钢,normal_real,,,,,,,
diagnostic_candidate,True,0030117283-000020,0030117283-000020,0030117283-000020,BR_00000030,BR_00000006,numeric-chain-000123,11,31,24,1130,0.65,790,810,SCG260Y+Z,加磷高强、烘烤硬化钢,H260Y,软钢,normal_real,,,,,,,
diagnostic_candidate,True,0002002020-000090,0002002020-000090,0002002020-000090,BR_00000030,BR_00000006,numeric-chain-000123,11,32,23,1127,0.6,770,810,DC51D+Z,普碳,SPHC,软钢,normal_real,,,,,,,
diagnostic_candidate,True,0030125206-000010,0030125206-000010,0030125206-000010,BR_00000036,BR_00000006,numeric-chain-000123,11,33,23,1120,0.6,770,810,DC51D+Z,深冲钢（PD）,SPHCQ,软钢,normal_real,,,,,,,
diagnostic_candidate,True,0030124800-000060,0030124800-000060,0030124800-000060,BR_00000036,BR_00000006,numeric-chain-000123,11,34,23,1116,0.5,770,810,DX52D+Z,深冲钢（PD）,SPHCQ,软钢,normal_real,,,,,,,
diagnostic_candidate,True,0030106987-000090,0030106987-000090,0030106987-000090,BR_00000018,BR_00000006,numeric-chain-000123,11,35,46,1100,0.45,700,840,DX51D+Z,普碳,SPHC,软钢,actual_transition,,,,,,,
diagnostic_candidate,True,0002002054-000310,0002002054-000310,0002002054-000310,BR_00000030,BR_00000006,numeric-chain-000123,11,36,72,1100,0.5,820,840,DX53D+Z-CD,IF钢,SPHETI-5,软钢,normal_real,,,,,,,
diagnostic_candidate,True,0002001648-000100,0002001648-000100,0002001648-000100,BR_00000012,BR_00000006,numeric-chain-000123,11,37,356,1100,0.5,820,840,DX53D+Z-CD,IF钢,SPHETI-5,软钢,normal_real,,,,,,,
diagnostic_candidate,True,0030121703-000030,0030121703-000030,0030121703-000030,BR_00000032,BR_00000006,numeric-chain-000083,12,1,24,1568,1.45,830,850,DC54D+Z,IF钢,SPHETI-5,软钢,normal_real,,,,,,,
diagnostic_candidate,True,0030124871-000050,0030124871-000050,0030124871-000050,BR_00000036,BR_00000006,numeric-chain-000083,12,2,20,1540,1.15,820,840,DX53D+Z,IF钢,SPHETI-5,软钢,normal_real,,,,,,,
diagnostic_candidate,True,0005000450-000310,0005000450-000310,0005000450-000310,BR_00000006,BR_00000006,numeric-chain-000083,12,3,21,1535,1,820,840,CR210BH,加磷高强、烘烤硬化钢,H220BH,软钢,normal_real,,,,,,,
diagnostic_candidate,True,0030105462-000050,0030105462-000050,0030105462-000050,BR_00000012,BR_00000006,numeric-chain-000083,12,4,120,1500,1.2,700,840,DC51D+Z,普碳,SPHC,软钢,actual_transition,,,,,,,
diagnostic_candidate,True,0030107935-000010,0030107935-000010,0030107935-000010,BR_00000018,BR_00000006,numeric-chain-000083,12,5,120,1500,1.15,700,840,DC51D+Z,普碳,SPHC,软钢,actual_transition,,,,,,,
diagnostic_candidate,True,0030105931-000080,0030105931-000080,0030105931-000080,BR_00000012,BR_00000006,numeric-chain-000083,12,6,48,1510,1,820,840,DC53D+Z,IF钢,SPHETI-5,软钢,normal_real,,,,,,,
diagnostic_candidate,True,0005000547-000630,0005000547-000630,0005000547-000630,BR_00000030,BR_00000006,numeric-chain-000083,12,7,42,1525,1,830,850,CR3,IF钢,SPHETI-36,软钢,normal_real,,,,,,,
diagnostic_candidate,True,0030105071-000020,0030105071-000020,0030105071-000020,BR_00000012,BR_00000006,numeric-chain-000083,12,8,72,1500,1,700,840,DX51D+Z,普碳,SPHC,软钢,normal_real,,,,,,,
diagnostic_candidate,True,0002002006-000270,0002002006-000270,0002002006-000270,BR_00000030,BR_00000006,numeric-chain-000083,12,9,14,1500,1,770,810,DC51D+Z,IF钢,SPHETI-3,软钢,normal_real,,,,,,,
diagnostic_candidate,True,0030115673-000120,0030115673-000120,0030115673-000120,BR_00000025,BR_00000006,numeric-chain-000083,12,10,8,1495,1.2,770,810,DC51D+Z,深冲钢（PD）,SPHCQ,软钢,normal_real,,,,,,,
diagnostic_candidate,True,0002002009-000100,0002002009-000100,0002002009-000100,BR_00000030,BR_00000006,numeric-chain-000083,12,11,69,1482,1.2,770,810,DC51D+Z,普碳,SPHC,软钢,normal_real,,,,,,,
diagnostic_candidate,True,0002002024-000020,0002002024-000020,0002002024-000020,BR_00000030,BR_00000006,numeric-chain-000083,12,12,23,1480,1,770,810,DC51D+Z,普碳,SPHC,软钢,normal_real,,,,,,,
diagnostic_candidate,True,0030120974-000040,0030120974-000040,0030120974-000040,BR_00000032,BR_00000006,numeric-chain-000083,12,13,24,1475,1,790,810,HC220YD+Z,加磷高强、烘烤硬化钢,H220Y,软钢,normal_real,,,,,,,
diagnostic_candidate,True,0002001906-000070,0002001906-000070,0002001906-000070,BR_00000025,BR_00000006,numeric-chain-000083,12,14,46,1445,1,770,810,DC51D+Z,普碳,SPHC,软钢,normal_real,,,,,,,
diagnostic_candidate,True,0030106228-000060,0030106228-000060,0030106228-000060,BR_00000012,BR_00000006,numeric-chain-000083,12,15,48,1430,1,700,840,DC51D+Z,普碳,SPHC,软钢,actual_transition,,,,,,,
diagnostic_candidate,True,0005000509-000190,0005000509-000190,0005000509-000190,BR_00000024,BR_00000006,numeric-chain-000083,12,16,20,1398,1.2,760,780,CR240LA,低合金高强,H260LAD-3,硬钢,normal_real,,,,,,,
diagnostic_candidate,True,0030117111-000030,0030117111-000030,0030117111-000030,BR_00000030,BR_00000006,numeric-chain-000083,12,17,374,1390,1.3,750,770,CR290Y490T-DP,双相钢,W500X,硬钢,normal_real,,,,,,,
diagnostic_candidate,True,0030107409-000020,0030107409-000020,0030107409-000020,BR_00000018,BR_00000006,numeric-chain-000083,12,18,110,1390,1.3,750,770,CR290Y490T-DP,双相钢,W500X,硬钢,normal_real,,,,,,,
diagnostic_candidate,True,0005000501-000210,0005000501-000210,0005000501-000210,BR_00000024,BR_00000006,numeric-chain-000083,12,19,21,1385,1.4,730,770,CR420LA,低合金高强,H420LAD-3,硬钢,normal_real,,,,,,,
diagnostic_candidate,True,0030110864-000050,0030110864-000050,0030110864-000050,BR_00000019,BR_00000006,numeric-chain-000083,12,20,24,1375,1.13,700,840,DC51D+Z,普碳,SPHC,软钢,actual_transition,,,,,,,
diagnostic_candidate,True,0030106626-000030,0030106626-000030,0030106626-000030,BR_00000018,BR_00000006,numeric-chain-000083,12,21,96,1370,1,830,850,DC56D+Z,IF钢,SPHETI-3,软钢,normal_real,,,,,,,
diagnostic_candidate,True,0005000501-000560,0005000501-000560,0005000501-000560,BR_00000024,BR_00000006,numeric-chain-000083,12,22,21,1365,1,830,850,CR180BH,加磷高强、烘烤硬化钢,H180BH,软钢,normal_real,,,,,,,
diagnostic_candidate,True,0002001614-000120,0002001614-000120,0002001614-000120,BR_00000012,BR_00000006,numeric-chain-000083,12,23,115,1364,1,830,850,DC54D+Z,IF钢,SPHETI-3,软钢,normal_real,,,,,,,
diagnostic_candidate,True,0005000547-000760,0005000547-000760,0005000547-000760,BR_00000030,BR_00000006,numeric-chain-000083,12,24,21,1360,0.9,820,840,CR210BH,加磷高强、烘烤硬化钢,H220BH,软钢,normal_real,,,,,,,
diagnostic_candidate,True,0005000464-000700,0005000464-000700,0005000464-000700,BR_00000012,BR_00000006,numeric-chain-000083,12,25,42,1360,0.9,820,840,CR210BH,加磷高强、烘烤硬化钢,H220BH,软钢,normal_real,,,,,,,
diagnostic_candidate,True,0030125150-000030,0030125150-000030,0030125150-000030,BR_00000036,BR_00000006,numeric-chain-000083,12,26,96,1360,0.7,810,830,HC180YD+Z,加磷高强、烘烤硬化钢,H180YD,软钢,normal_real,,,,,,,
diagnostic_candidate,True,0030124683-000040,0030124683-000040,0030124683-000040,BR_00000036,BR_00000006,numeric-chain-000083,12,27,192,1360,0.7,810,830,HC180YD+Z,加磷高强、烘烤硬化钢,H180YD,软钢,normal_real,,,,,,,
diagnostic_candidate,True,0030105830-000040,0030105830-000040,0030105830-000040,BR_00000012,BR_00000006,numeric-chain-000083,12,28,120,1359,0.7,810,830,HC180YD+Z,加磷高强、烘烤硬化钢,H180YD,软钢,normal_real,,,,,,,
diagnostic_candidate,True,0030104028-000010,0030104028-000010,0030104028-000010,BR_00000012,BR_00000006,numeric-chain-000083,12,29,46,1350,0.6,820,840,HC180BD+Z,加磷高强、烘烤硬化钢,H180BH1,软钢,normal_real,,,,,,,
diagnostic_candidate,True,0030123142-000040,0030123142-000040,0030123142-000040,BR_00000036,BR_00000006,numeric-chain-000070,13,1,156,1360,0.65,830,850,SCG4+Z,IF钢,SPHETI-3,软钢,normal_real,,,,,,,
diagnostic_candidate,True,0030108260-000060,0030108260-000060,0030108260-000060,BR_00000018,BR_00000006,numeric-chain-000070,13,2,78,1360,0.65,830,850,SCG4+Z,IF钢,SPHETI-3,软钢,normal_real,,,,,,,
diagnostic_candidate,True,0030125207-000110,0030125207-000110,0030125207-000110,BR_00000036,BR_00000006,numeric-chain-000070,13,3,24,1353,0.7,830,850,DC53D+Z,IF钢,SPHETI-3,软钢,normal_real,,,,,,,
diagnostic_candidate,True,0030110865-000110,0030110865-000110,0030110865-000110,BR_00000019,BR_00000006,numeric-chain-000070,13,4,24,1350,0.62,830,850,DC56D+Z,IF钢,SPHETI-3,软钢,normal_real,,,,,,,
diagnostic_candidate,True,0030125150-000010,0030125150-000010,0030125150-000010,BR_00000036,BR_00000006,numeric-chain-000070,13,5,24,1360,0.7,820,840,DC53D+Z,IF钢,SPHETI-5,软钢,normal_real,,,,,,,
diagnostic_candidate,True,0030103224-000070,0030103224-000070,0030103224-000070,BR_00000012,BR_00000006,numeric-chain-000070,13,6,48,1345,0.6,820,840,DC53D+Z,IF钢,SPHETI-5,软钢,normal_real,,,,,,,
diagnostic_candidate,True,0002001860-000540,0002001860-000540,0002001860-000540,BR_00000024,BR_00000006,numeric-chain-000070,13,7,20,1343,0.65,810,830,180YD+Z,加磷高强、烘烤硬化钢,H180YD,软钢,normal_real,,,,,,,
diagnostic_candidate,True,0030111910-000010,0030111910-000010,0030111910-000010,BR_00000024,BR_00000006,numeric-chain-000070,13,8,24,1340,0.6,820,840,DX53D+Z,IF钢,SPHETI-5,软钢,normal_real,,,,,,,
diagnostic_candidate,True,0002002009-000280,0002002009-000280,0002002009-000280,BR_00000030,BR_00000006,numeric-chain-000070,13,9,80,1335,0.65,820,840,DC53D+Z,IF钢,SPHETI-3,软钢,normal_real,,,,,,,
diagnostic_candidate,True,0002001750-000170,0002001750-000170,0002001750-000170,BR_00000018,BR_00000006,numeric-chain-000070,13,10,20,1335,0.7,830,850,DC53D+Z,IF钢,SPHETI-3,软钢,normal_real,,,,,,,
diagnostic_candidate,True,0030107381-000110,0030107381-000110,0030107381-000110,BR_00000018,BR_00000006,numeric-chain-000070,13,11,66,1332,0.75,830,850,CR3,IF钢,SPHETI-36,软钢,normal_real,,,,,,,
diagnostic_candidate,True,0030112686-000070,0030112686-000070,0030112686-000070,BR_00000024,BR_00000006,numeric-chain-000070,13,12,22,1332,0.75,830,850,CR3,IF钢,SPHETI-36,软钢,normal_real,,,,,,,
diagnostic_candidate,True,0030117110-000100,0030117110-000100,0030117110-000100,BR_00000030,BR_00000006,numeric-chain-000070,13,13,44,1332,0.75,830,850,CR3,IF钢,SPHETI-36,软钢,normal_real,,,,,,,
diagnostic_candidate,True,0030102084-000080,0030102084-000080,0030102084-000080,BR_00000009,BR_00000006,numeric-chain-000070,13,14,132,1332,0.75,830,850,CR3,IF钢,SPHETI-36,软钢,normal_real,,,,,,,
diagnostic_candidate,True,virtual-000072,,,,BR_00000006,numeric-chain-000070,13,15,20.00,1250,0.80,770,850,SPHC,,SPHC,,virtual_sphc,,"{""accepted_sequence"":72,""prototype_id"":""virtual_sphc:1250x0.8"",""purpose"":""edge_bridge"",""related_partition_id"":null}",,,,,
diagnostic_candidate,True,0030107934-000020,0030107934-000020,0030107934-000020,BR_00000018,BR_00000006,numeric-chain-000070,13,16,96,1219,1,770,810,DX51D+Z,深冲钢（PD）,SPHCQ,软钢,normal_real,,,,,,,
diagnostic_candidate,True,0030106245-000040,0030106245-000040,0030106245-000040,BR_00000012,BR_00000006,numeric-chain-000070,13,17,24,1210,0.8,700,840,DC51D+Z,普碳,SPHC,软钢,normal_real,,,,,,,
diagnostic_candidate,True,0030105876-000040,0030105876-000040,0030105876-000040,BR_00000012,BR_00000006,numeric-chain-000070,13,18,144,1204,0.75,815,835,DX51D+Z,普碳,SPHC,软钢,normal_real,,,,,,,
diagnostic_candidate,True,0030124772-000020,0030124772-000020,0030124772-000020,BR_00000036,BR_00000006,numeric-chain-000070,13,19,24,1200,0.65,820,840,DC53D+Z,IF钢,SPHETI-5,软钢,normal_real,,,,,,,
diagnostic_candidate,True,0002001423-000380,0002001423-000380,0002001423-000380,BR_00000006,BR_00000006,numeric-chain-000070,13,20,352,1200,0.65,830,850,DC53D+Z,IF钢,SPHETI-3,软钢,normal_real,,,,,,,
diagnostic_candidate,True,virtual-000026,,,,BR_00000006,numeric-chain-000070,13,21,20.00,1250,0.80,820,850,SPHC,,SPHC,,virtual_sphc,,"{""accepted_sequence"":26,""prototype_id"":""virtual_sphc:1250x0.8"",""purpose"":""edge_bridge"",""related_partition_id"":null}",,,,,
diagnostic_candidate,True,0002001479-000010,0002001479-000010,0002001479-000010,BR_00000012,BR_00000006,numeric-chain-000070,13,22,253,1060,1,820,840,DX53D+Z-CD,IF钢,SPHETI-5,软钢,normal_real,,,,,,,
diagnostic_candidate,True,0002001757-000010,0002001757-000010,0002001757-000010,BR_00000018,BR_00000006,numeric-chain-000070,13,23,96,1060,1,820,840,DX53D+Z-CD,IF钢,SPHETI-5,软钢,normal_real,,,,,,,
diagnostic_candidate,True,0030111511-000030,0030111511-000030,0030111511-000030,BR_00000020,BR_00000006,numeric-chain-000070,13,24,8,1055,1.2,830,850,DC56D+Z,IF钢,SPHETI-3,软钢,normal_real,,,,,,,
diagnostic_candidate,True,0030121724-000020,0030121724-000020,0030121724-000020,BR_00000032,BR_00000006,numeric-chain-000102,14,1,264,1250,2.5,700,720,DC51D+Z,普碳,SPHC,软钢,actual_transition,,,,,,,
diagnostic_candidate,True,virtual-000263,,,,BR_00000006,numeric-chain-000102,14,2,20.00,1250,2.00,700,825,SPHC,,SPHC,,virtual_sphc,,"{""accepted_sequence"":263,""prototype_id"":""virtual_sphc:1250x2"",""purpose"":""edge_bridge"",""related_partition_id"":null}",,,,,
diagnostic_candidate,True,0030107311-000280,0030107311-000280,0030107311-000280,BR_00000018,BR_00000006,numeric-chain-000102,14,3,48,1250,2.5,700,720,DC51D+Z,普碳,SPHC,软钢,actual_transition,,,,,,,
diagnostic_candidate,True,virtual-000265,,,,BR_00000006,numeric-chain-000102,14,4,20.00,1250,2.00,700,825,SPHC,,SPHC,,virtual_sphc,,"{""accepted_sequence"":265,""prototype_id"":""virtual_sphc:1250x2"",""purpose"":""edge_bridge"",""related_partition_id"":null}",,,,,
diagnostic_candidate,True,0030124735-000080,0030124735-000080,0030124735-000080,BR_00000036,BR_00000006,numeric-chain-000102,14,5,24,1250,1.8,805,825,HC260YD+Z,加磷高强、烘烤硬化钢,H260Y,软钢,normal_real,,,,,,,
diagnostic_candidate,True,virtual-000264,,,,BR_00000006,numeric-chain-000102,14,6,20.00,1250,2.00,700,825,SPHC,,SPHC,,virtual_sphc,,"{""accepted_sequence"":264,""prototype_id"":""virtual_sphc:1250x2"",""purpose"":""edge_bridge"",""related_partition_id"":null}",,,,,
diagnostic_candidate,True,0030107311-000400,0030107311-000400,0030107311-000400,BR_00000018,BR_00000006,numeric-chain-000102,14,7,24,1250,2,700,720,DC51D+Z,普碳,SPHC,软钢,actual_transition,,,,,,,
diagnostic_candidate,True,virtual-000258,,,,BR_00000006,numeric-chain-000102,14,8,20.00,1250,2.00,700,825,SPHC,,SPHC,,virtual_sphc,,"{""accepted_sequence"":258,""prototype_id"":""virtual_sphc:1250x2"",""purpose"":""edge_bridge"",""related_partition_id"":null}",,,,,
diagnostic_candidate,True,virtual-000257,,,,BR_00000006,numeric-chain-000102,14,9,20.00,1250,2.00,700,825,SPHC,,SPHC,,virtual_sphc,,"{""accepted_sequence"":257,""prototype_id"":""virtual_sphc:1250x2"",""purpose"":""edge_bridge"",""related_partition_id"":null}",,,,,
diagnostic_candidate,True,0010018679-000060,0010018679-000060,0010018679-000060,BR_00000030,BR_00000006,numeric-chain-000102,14,10,200,1250,2.5,700,720,DC51D+Z,普碳,SPHC,软钢,actual_transition,,,,,,,
diagnostic_candidate,True,virtual-000250,,,,BR_00000006,numeric-chain-000102,14,11,20.00,1250,2.00,700,825,SPHC,,SPHC,,virtual_sphc,,"{""accepted_sequence"":250,""prototype_id"":""virtual_sphc:1250x2"",""purpose"":""edge_bridge"",""related_partition_id"":null}",,,,,
diagnostic_candidate,True,virtual-000248,,,,BR_00000006,numeric-chain-000102,14,12,20.00,1250,2.00,700,825,SPHC,,SPHC,,virtual_sphc,,"{""accepted_sequence"":248,""prototype_id"":""virtual_sphc:1250x2"",""purpose"":""edge_bridge"",""related_partition_id"":null}",,,,,
diagnostic_candidate,True,0030108873-000030,0030108873-000030,0030108873-000030,BR_00000018,BR_00000006,numeric-chain-000102,14,13,360,1250,2.5,700,720,DC51D+Z,普碳,SPHC,软钢,actual_transition,,,,,,,
diagnostic_candidate,True,virtual-000227,,,,BR_00000006,numeric-chain-000102,14,14,20.00,1250,2.00,700,825,SPHC,,SPHC,,virtual_sphc,,"{""accepted_sequence"":227,""prototype_id"":""virtual_sphc:1250x2"",""purpose"":""edge_bridge"",""related_partition_id"":null}",,,,,
diagnostic_candidate,True,virtual-000230,,,,BR_00000006,numeric-chain-000102,14,15,20.00,1250,1.50,805,850,SPHC,,SPHC,,virtual_sphc,,"{""accepted_sequence"":230,""prototype_id"":""virtual_sphc:1250x1.5"",""purpose"":""edge_bridge"",""related_partition_id"":null}",,,,,
diagnostic_candidate,True,0005000547-000370,0005000547-000370,0005000547-000370,BR_00000030,BR_00000006,numeric-chain-000102,14,16,20,1265,1.5,830,850,CR3,IF钢,SPHETI-36,软钢,normal_real,,,,,,,
diagnostic_candidate,True,virtual-000231,,,,BR_00000006,numeric-chain-000102,14,17,20.00,1250,2.00,700,850,SPHC,,SPHC,,virtual_sphc,,"{""accepted_sequence"":231,""prototype_id"":""virtual_sphc:1250x2"",""purpose"":""edge_bridge"",""related_partition_id"":null}",,,,,
diagnostic_candidate,True,0030124735-000130,0030124735-000130,0030124735-000130,BR_00000036,BR_00000006,numeric-chain-000102,14,18,24,1250,2.45,700,720,DC51D+Z,普碳,SPHC,软钢,actual_transition,,,,,,,
diagnostic_candidate,True,virtual-000193,,,,BR_00000006,numeric-chain-000102,14,19,20.00,1250,2.00,700,825,SPHC,,SPHC,,virtual_sphc,,"{""accepted_sequence"":193,""prototype_id"":""virtual_sphc:1250x2"",""purpose"":""edge_bridge"",""related_partition_id"":null}",,,,,
diagnostic_candidate,True,virtual-000192,,,,BR_00000006,numeric-chain-000102,14,20,20.00,1250,2.00,700,825,SPHC,,SPHC,,virtual_sphc,,"{""accepted_sequence"":192,""prototype_id"":""virtual_sphc:1250x2"",""purpose"":""edge_bridge"",""related_partition_id"":null}",,,,,
diagnostic_candidate,True,0030107561-000080,0030107561-000080,0030107561-000080,BR_00000018,BR_00000006,numeric-chain-000102,14,21,96,1250,2.5,700,720,DC51D+Z,普碳,SPHC,软钢,actual_transition,,,,,,,
diagnostic_candidate,True,virtual-000077,,,,BR_00000006,numeric-chain-000102,14,22,20.00,1250,2.00,700,825,SPHC,,SPHC,,virtual_sphc,,"{""accepted_sequence"":77,""prototype_id"":""virtual_sphc:1250x2"",""purpose"":""edge_bridge"",""related_partition_id"":null}",,,,,
diagnostic_candidate,True,virtual-000157,,,,BR_00000006,numeric-chain-000102,14,23,20.00,1250,2.00,700,825,SPHC,,SPHC,,virtual_sphc,,"{""accepted_sequence"":157,""prototype_id"":""virtual_sphc:1250x2"",""purpose"":""edge_bridge"",""related_partition_id"":null}",,,,,
diagnostic_candidate,True,0030105113-000010,0030105113-000010,0030105113-000010,BR_00000012,BR_00000006,numeric-chain-000102,14,24,24,1250,2.45,700,720,DC51D+Z,普碳,SPHC,软钢,actual_transition,,,,,,,
diagnostic_candidate,True,0030099052-000030,0030099052-000030,0030099052-000030,BR_00000006,BR_00000006,numeric-chain-000102,14,25,72,1219,2.5,700,720,DC51D+Z,普碳,SPHC,软钢,actual_transition,,,,,,,
diagnostic_candidate,True,0030102614-000010,0030102614-000010,0030102614-000010,BR_00000012,BR_00000006,numeric-chain-000102,14,26,100,1219,2.5,700,720,DC51D+Z,普碳,SPHC,软钢,actual_transition,,,,,,,
diagnostic_candidate,True,0030121540-000040,0030121540-000040,0030121540-000040,BR_00000032,BR_00000006,numeric-chain-000102,14,27,24,1185,2.4,700,720,DC51D+Z,普碳,SPHC,软钢,actual_transition,,,,,,,
diagnostic_candidate,True,0030117931-000010,0030117931-000010,0030117931-000010,BR_00000030,BR_00000006,numeric-chain-000102,14,28,24,1176,2.5,700,720,DC51D+Z,普碳,SPHC,软钢,normal_real,,,,,,,
diagnostic_candidate,True,0030118921-000020,0030118921-000020,0030118921-000020,BR_00000030,BR_00000006,numeric-chain-000102,14,29,23,1110,2.49,700,720,DC51D+Z,普碳,SPHC,软钢,actual_transition,,,,,,,
diagnostic_candidate,True,0010017445-000020,0010017445-000020,0010017445-000020,BR_00000025,BR_00000006,numeric-chain-000102,14,30,110,1000,2,700,720,DC51D+Z,普碳,SPHC,软钢,actual_transition,,,,,,,
diagnostic_candidate,True,0010018679-000040,0010018679-000040,0010018679-000040,BR_00000030,BR_00000006,numeric-chain-000102,14,31,110,1000,2,700,720,DC51D+Z,普碳,SPHC,软钢,actual_transition,,,,,,,
diagnostic_candidate,True,0002001854-000300,0002001854-000300,0002001854-000300,BR_00000024,BR_00000006,numeric-chain-000062,15,1,23,1147,0.6,770,810,DC51D+Z,普碳,SPHC,软钢,normal_real,,,,,,,
diagnostic_candidate,True,0002001867-000100,0002001867-000100,0002001867-000100,BR_00000024,BR_00000006,numeric-chain-000062,15,2,69,1130,0.6,770,790,220YD+Z,加磷高强、烘烤硬化钢,H220Y,软钢,normal_real,,,,,,,
diagnostic_candidate,True,0030124800-000070,0030124800-000070,0030124800-000070,BR_00000036,BR_00000006,numeric-chain-000062,15,3,23,1146,0.5,770,810,DX52D+Z,深冲钢（PD）,SPHCQ,软钢,normal_real,,,,,,,
diagnostic_candidate,True,virtual-000204,,,,BR_00000006,numeric-chain-000062,15,4,20.00,1250,0.60,770,810,SPHC,,SPHC,,virtual_sphc,,"{""accepted_sequence"":204,""prototype_id"":""virtual_sphc:1250x0.6"",""purpose"":""edge_bridge"",""related_partition_id"":null}",,,,,
diagnostic_candidate,True,0002002170-000370,0002002170-000370,0002002170-000370,BR_00000036,BR_00000006,numeric-chain-000062,15,5,23,1130,0.7,770,810,DC51D+Z,IF钢,SPHETI-3,软钢,normal_real,,,,,,,
diagnostic_candidate,True,0030105394-000030,0030105394-000030,0030105394-000030,BR_00000012,BR_00000006,numeric-chain-000062,15,6,23,1130,0.8,790,810,HC260YD+Z,加磷高强、烘烤硬化钢,H260Y,软钢,normal_real,,,,,,,
diagnostic_candidate,True,0030120974-000030,0030120974-000030,0030120974-000030,BR_00000032,BR_00000006,numeric-chain-000062,15,7,23,1130,0.8,790,810,HC260YD+Z,加磷高强、烘烤硬化钢,H260Y,软钢,normal_real,,,,,,,
diagnostic_candidate,True,0002001414-000060,0002001414-000060,0002001414-000060,BR_00000006,BR_00000006,numeric-chain-000062,15,8,44,1124,0.6,770,810,DC51D+Z,普碳,SPHC,软钢,normal_real,,,,,,,
diagnostic_candidate,True,0002001867-000110,0002001867-000110,0002001867-000110,BR_00000024,BR_00000006,numeric-chain-000062,15,9,30,1120,0.6,780,800,220YD+Z,加磷高强、烘烤硬化钢,H220Y,软钢,normal_real,,,,,,,
diagnostic_candidate,True,0002001744-000070,0002001744-000070,0002001744-000070,BR_00000018,BR_00000006,numeric-chain-000062,15,10,23,1110,0.65,770,810,DC51D+Z,普碳,SPHC,软钢,normal_real,,,,,,,
diagnostic_candidate,True,0002001871-000040,0002001871-000040,0002001871-000040,BR_00000024,BR_00000006,numeric-chain-000062,15,11,15,1108,0.65,770,810,DC51D+Z,普碳,SPHC,软钢,normal_real,,,,,,,
diagnostic_candidate,True,0002001767-000010,0002001767-000010,0002001767-000010,BR_00000018,BR_00000006,numeric-chain-000062,15,12,96,1105,0.6,770,810,DC51D+Z,普碳,SPHC,软钢,normal_real,,,,,,,
diagnostic_candidate,True,0002001635-000030,0002001635-000030,0002001635-000030,BR_00000012,BR_00000006,numeric-chain-000062,15,13,21,1105,0.6,770,810,DC51D+Z,普碳,SPHC,软钢,normal_real,,,,,,,
diagnostic_candidate,True,0002001890-000140,0002001890-000140,0002001890-000140,BR_00000024,BR_00000006,numeric-chain-000062,15,14,13,1105,0.7,770,810,DC51D+Z,普碳,SPHC,软钢,normal_real,,,,,,,
diagnostic_candidate,True,0002001612-000190,0002001612-000190,0002001612-000190,BR_00000012,BR_00000006,numeric-chain-000062,15,15,13,1098,0.65,770,810,DC51D+Z,普碳,SPHC,软钢,normal_real,,,,,,,
diagnostic_candidate,True,0002002185-000110,0002002185-000110,0002002185-000110,BR_00000036,BR_00000006,numeric-chain-000062,15,16,19,1097,0.65,770,810,DC51D+Z,IF钢,SPHETI-3,软钢,normal_real,,,,,,,
diagnostic_candidate,True,0002001880-000120,0002001880-000120,0002001880-000120,BR_00000024,BR_00000006,numeric-chain-000062,15,17,70,1095,0.65,770,810,DC51D+Z,普碳,SPHC,软钢,normal_real,,,,,,,
diagnostic_candidate,True,0002001873-000020,0002001873-000020,0002001873-000020,BR_00000024,BR_00000006,numeric-chain-000062,15,18,19,1095,0.7,770,810,DC51D+Z,IF钢,SPHETI-3,软钢,normal_real,,,,,,,
diagnostic_candidate,True,0002002035-000080,0002002035-000080,0002002035-000080,BR_00000030,BR_00000006,numeric-chain-000062,15,19,24,1090,0.65,770,810,DC51D+Z,普碳,SPHC,软钢,normal_real,,,,,,,
diagnostic_candidate,True,0002002044-000040,0002002044-000040,0002002044-000040,BR_00000030,BR_00000006,numeric-chain-000062,15,20,23,1090,0.65,770,810,DC51D+Z,普碳,SPHC,软钢,normal_real,,,,,,,
diagnostic_candidate,True,0030108542-000090,0030108542-000090,0030108542-000090,BR_00000018,BR_00000006,numeric-chain-000062,15,21,24,1090,0.8,770,810,DX52D+Z-LG,深冲钢（PD）,SPHCQ,软钢,normal_real,,,,,,,
diagnostic_candidate,True,0002002176-000200,0002002176-000200,0002002176-000200,BR_00000036,BR_00000006,numeric-chain-000062,15,22,15,1080,0.6,770,810,DC51D+Z,普碳,SPHC,软钢,normal_real,,,,,,,
diagnostic_candidate,True,0002001890-000280,0002001890-000280,0002001890-000280,BR_00000024,BR_00000006,numeric-chain-000062,15,23,20,1078,0.6,770,810,DC51D+Z,普碳,SPHC,软钢,normal_real,,,,,,,
diagnostic_candidate,True,0002001871-000480,0002001871-000480,0002001871-000480,BR_00000024,BR_00000006,numeric-chain-000062,15,24,30,1078,0.6,770,810,DC51D+Z,普碳,SPHC,软钢,normal_real,,,,,,,
diagnostic_candidate,True,0030117933-000010,0030117933-000010,0030117933-000010,BR_00000030,BR_00000006,numeric-chain-000062,15,25,138,1075,0.7,700,840,DX51D+Z,普碳,SPHC,软钢,normal_real,,,,,,,
diagnostic_candidate,True,0010019680-000020,0010019680-000020,0010019680-000020,BR_00000036,BR_00000006,numeric-chain-000062,15,26,69,1072,0.75,730,750,DC51D+Z-D,普碳,SPHC,软钢,normal_real,,,,,,,
diagnostic_candidate,True,0030114159-000030,0030114159-000030,0030114159-000030,BR_00000024,BR_00000006,numeric-chain-000062,15,27,30,1055,0.6,730,750,DX51D+Z,普碳,SPHC,软钢,normal_real,,,,,,,
diagnostic_candidate,True,0030107598-000020,0030107598-000020,0030107598-000020,BR_00000018,BR_00000006,numeric-chain-000062,15,28,100,1055,0.6,730,750,DX51D+Z,普碳,SPHC,软钢,normal_real,,,,,,,
diagnostic_candidate,True,0030124826-000040,0030124826-000040,0030124826-000040,BR_00000036,BR_00000006,numeric-chain-000062,15,29,50,1055,0.6,730,750,DX51D+Z,普碳,SPHC,软钢,normal_real,,,,,,,
diagnostic_candidate,True,0030119031-000040,0030119031-000040,0030119031-000040,BR_00000030,BR_00000006,numeric-chain-000062,15,30,30,1055,0.6,730,750,DX51D+Z,普碳,SPHC,软钢,normal_real,,,,,,,
diagnostic_candidate,True,0030124824-000040,0030124824-000040,0030124824-000040,BR_00000036,BR_00000006,numeric-chain-000062,15,31,100,1055,0.6,730,750,DX51D+Z,普碳,SPHC,软钢,normal_real,,,,,,,
diagnostic_candidate,True,0030114160-000020,0030114160-000020,0030114160-000020,BR_00000024,BR_00000006,numeric-chain-000062,15,32,20,1055,0.6,730,750,DX51D+Z,普碳,SPHC,软钢,normal_real,,,,,,,
diagnostic_candidate,True,0030107632-000040,0030107632-000040,0030107632-000040,BR_00000018,BR_00000006,numeric-chain-000062,15,33,40,1055,0.6,730,750,DX51D+Z,普碳,SPHC,软钢,normal_real,,,,,,,
diagnostic_candidate,True,0030113777-000010,0030113777-000010,0030113777-000010,BR_00000024,BR_00000006,numeric-chain-000062,15,34,110,1050,0.7,700,840,DX51D+Z,普碳,SPHC,软钢,normal_real,,,,,,,
diagnostic_candidate,True,0030107632-000030,0030107632-000030,0030107632-000030,BR_00000018,BR_00000006,numeric-chain-000062,15,35,20,1050,0.75,730,750,DX51D+Z,普碳,SPHC,软钢,normal_real,,,,,,,
diagnostic_candidate,True,0030114159-000020,0030114159-000020,0030114159-000020,BR_00000024,BR_00000006,numeric-chain-000062,15,36,20,1050,0.75,730,750,DX51D+Z,普碳,SPHC,软钢,normal_real,,,,,,,
diagnostic_candidate,True,0030114160-000010,0030114160-000010,0030114160-000010,BR_00000024,BR_00000006,numeric-chain-000062,15,37,20,1050,0.75,730,750,DX51D+Z,普碳,SPHC,软钢,normal_real,,,,,,,
diagnostic_candidate,True,0030105404-000060,0030105404-000060,0030105404-000060,BR_00000012,BR_00000006,numeric-chain-000062,15,38,22,1034,0.95,700,840,DC51D+Z,普碳,SPHC,软钢,normal_real,,,,,,,
diagnostic_candidate,True,0030118632-000040,0030118632-000040,0030118632-000040,BR_00000030,BR_00000006,numeric-chain-000062,15,39,63,1029,0.8,830,850,DC56D+Z,IF钢,SPHETI-3,软钢,normal_real,,,,,,,
diagnostic_candidate,True,0030113311-000010,0030113311-000010,0030113311-000010,BR_00000024,BR_00000006,numeric-chain-000062,15,40,242,1020,1,830,850,HDX53D+Z-SN,IF钢,SPHETI-3,软钢,normal_real,,,,,,,
diagnostic_candidate,True,0030113525-000030,0030113525-000030,0030113525-000030,BR_00000024,BR_00000006,numeric-chain-000062,15,41,21,1010,1.1,830,850,DC56D+Z,IF钢,SPHETI-3,软钢,normal_real,,,,,,,
diagnostic_candidate,True,0005000514-000030,0005000514-000030,0005000514-000030,BR_00000024,BR_00000006,numeric-chain-000062,15,42,24,1005,1,830,850,CR3,IF钢,SPHETI-36,软钢,normal_real,,,,,,,
diagnostic_candidate,True,0030115673-000080,0030115673-000080,0030115673-000080,BR_00000025,BR_00000006,numeric-chain-000062,15,43,22,1005,1,830,850,DC56D+Z,IF钢,SPHETI-3,软钢,normal_real,,,,,,,
diagnostic_candidate,True,virtual-000068,,,,BR_00000006,numeric-chain-000062,15,44,20.00,1000,0.80,830,850,SPHC,,SPHC,,virtual_sphc,,"{""accepted_sequence"":68,""prototype_id"":""virtual_sphc:1000x0.8"",""purpose"":""edge_bridge"",""related_partition_id"":null}",,,,,
diagnostic_candidate,True,0030122480-000090,0030122480-000090,0030122480-000090,BR_00000036,BR_00000006,numeric-chain-000062,15,45,22,990,0.7,830,850,DX53D+Z,IF钢,SPHETI-5,软钢,normal_real,,,,,,,
diagnostic_candidate,True,0030113335-000020,0030113335-000020,0030113335-000020,BR_00000024,BR_00000006,numeric-chain-000062,15,46,20,980,0.7,830,850,DC56D+Z,IF钢,SPHETI-3,软钢,normal_real,,,,,,,
diagnostic_candidate,True,0005000486-000330,0005000486-000330,0005000486-000330,BR_00000018,BR_00000006,numeric-chain-000062,15,47,18,968,0.8,830,850,CR180BH,加磷高强、烘烤硬化钢,H180BH,软钢,normal_real,,,,,,,
diagnostic_candidate,True,0002001612-000730,0002001612-000730,0002001612-000730,BR_00000012,BR_00000006,numeric-chain-000062,15,48,72,950,0.7,830,850,DC53D+Z,IF钢,SPHETI-3,软钢,normal_real,,,,,,,
diagnostic_candidate,True,0002001880-000210,0002001880-000210,0002001880-000210,BR_00000024,BR_00000006,numeric-chain-000031,16,1,220,1285,0.6,830,850,DC54D+Z,IF钢,SPHETI-3,软钢,normal_real,,,,,,,
diagnostic_candidate,True,0002001633-000130,0002001633-000130,0002001633-000130,BR_00000012,BR_00000006,numeric-chain-000031,16,2,96,1285,0.6,830,850,DC54D+Z,IF钢,SPHETI-3,软钢,normal_real,,,,,,,
diagnostic_candidate,True,virtual-000086,,,,BR_00000006,numeric-chain-000031,16,3,20.00,1250,0.80,830,850,SPHC,,SPHC,,virtual_sphc,,"{""accepted_sequence"":86,""prototype_id"":""virtual_sphc:1250x0.8"",""purpose"":""edge_bridge"",""related_partition_id"":null}",,,,,
diagnostic_candidate,True,0005000547-000650,0005000547-000650,0005000547-000650,BR_00000030,BR_00000006,numeric-chain-000031,16,4,63,1205,1,830,850,CR3,IF钢,SPHETI-36,软钢,normal_real,,,,,,,
diagnostic_candidate,True,virtual-000031,,,,BR_00000006,numeric-chain-000031,16,5,20.00,1250,0.80,830,850,SPHC,,SPHC,,virtual_sphc,,"{""accepted_sequence"":31,""prototype_id"":""virtual_sphc:1250x0.8"",""purpose"":""edge_bridge"",""related_partition_id"":null}",,,,,
diagnostic_candidate,True,0005000501-000590,0005000501-000590,0005000501-000590,BR_00000024,BR_00000006,numeric-chain-000031,16,6,63,1205,1,830,850,CR3,IF钢,SPHETI-36,软钢,normal_real,,,,,,,
diagnostic_candidate,True,0005000486-000600,0005000486-000600,0005000486-000600,BR_00000018,BR_00000006,numeric-chain-000031,16,7,21,1205,1,830,850,CR3,IF钢,SPHETI-36,软钢,normal_real,,,,,,,
diagnostic_candidate,True,0030125147-000010,0030125147-000010,0030125147-000010,BR_00000036,BR_00000006,numeric-chain-000031,16,8,24,1200,1,820,840,DC53D+Z,IF钢,SPHETI-5,软钢,normal_real,,,,,,,
diagnostic_candidate,True,0002002058-000010,0002002058-000010,0002002058-000010,BR_00000030,BR_00000006,numeric-chain-000031,16,9,69,1200,1,820,840,DX53D+Z-CD,IF钢,SPHETI-5,软钢,normal_real,,,,,,,
diagnostic_candidate,True,0002001897-000020,0002001897-000020,0002001897-000020,BR_00000024,BR_00000006,numeric-chain-000031,16,10,72,1200,1,820,840,DX53D+Z-CD,IF钢,SPHETI-5,软钢,normal_real,,,,,,,
diagnostic_candidate,True,0002001627-000080,0002001627-000080,0002001627-000080,BR_00000012,BR_00000006,numeric-chain-000031,16,11,23,1200,1.2,830,850,DC54D+Z,IF钢,SPHETI-3,软钢,normal_real,,,,,,,
diagnostic_candidate,True,0030108517-000020,0030108517-000020,0030108517-000020,BR_00000018,BR_00000006,numeric-chain-000031,16,12,24,1194,1.3,830,850,DC54D+Z,IF钢,SPHETI-5,软钢,normal_real,,,,,,,
diagnostic_candidate,True,0030107688-000040,0030107688-000040,0030107688-000040,BR_00000018,BR_00000006,numeric-chain-000031,16,13,20,1193,1.4,820,840,CR210BH,加磷高强、烘烤硬化钢,H220BH,软钢,normal_real,,,,,,,
diagnostic_candidate,True,0030117286-000040,0030117286-000040,0030117286-000040,BR_00000030,BR_00000006,numeric-chain-000031,16,14,20,1193,1.4,820,840,CR210BH,加磷高强、烘烤硬化钢,H220BH,软钢,normal_real,,,,,,,
diagnostic_candidate,True,0030098082-000020,0030098082-000020,0030098082-000020,BR_00000006,BR_00000006,numeric-chain-000031,16,15,24,1190,1.2,830,850,CR2,IF钢,SPHETI-3,软钢,normal_real,,,,,,,
diagnostic_candidate,True,0002001756-000010,0002001756-000010,0002001756-000010,BR_00000018,BR_00000006,numeric-chain-000031,16,16,200,1185,1.2,820,840,DX53D+Z-CD,IF钢,SPHETI-5,软钢,normal_real,,,,,,,
diagnostic_candidate,True,virtual-000005,,,,BR_00000006,numeric-chain-000031,16,17,20.00,1250,1.50,700,840,SPHC,,SPHC,,virtual_sphc,,"{""accepted_sequence"":5,""prototype_id"":""virtual_sphc:1250x1.5"",""purpose"":""edge_bridge"",""related_partition_id"":null}",,,,,
diagnostic_candidate,True,0030113466-000050,0030113466-000050,0030113466-000050,BR_00000024,BR_00000006,numeric-chain-000031,16,18,23,1150,2,700,840,DC51D+Z,普碳,SPHC,软钢,normal_real,,,,,,,
diagnostic_candidate,True,0030110554-000010,0030110554-000010,0030110554-000010,BR_00000018,BR_00000006,numeric-chain-000031,16,19,24,1145,2.45,795,815,HC220YD+Z,加磷高强、烘烤硬化钢,H220Y,软钢,normal_real,,,,,,,
diagnostic_candidate,True,0030115673-000070,0030115673-000070,0030115673-000070,BR_00000025,BR_00000006,numeric-chain-000031,16,20,8,1131,2,795,815,HC220YD+Z,加磷高强、烘烤硬化钢,H220Y,软钢,normal_real,,,,,,,
diagnostic_candidate,True,0002001751-000070,0002001751-000070,0002001751-000070,BR_00000018,BR_00000006,numeric-chain-000031,16,21,23,1125,1.6,770,810,DC51D+Z,普碳,SPHC,软钢,normal_real,,,,,,,
diagnostic_candidate,True,0002002023-000160,0002002023-000160,0002002023-000160,BR_00000030,BR_00000006,numeric-chain-000031,16,22,23,1125,1.6,770,810,DC51D+Z,普碳,SPHC,软钢,normal_real,,,,,,,
diagnostic_candidate,True,0030122476-000060,0030122476-000060,0030122476-000060,BR_00000036,BR_00000006,numeric-chain-000031,16,23,23,1115,1.6,770,810,DC51D+Z,深冲钢（PD）,SPHCQ,软钢,normal_real,,,,,,,
diagnostic_candidate,True,0002002185-000050,0002002185-000050,0002002185-000050,BR_00000036,BR_00000006,numeric-chain-000031,16,24,23,1113,1.5,770,810,DC51D+Z,IF钢,SPHETI-3,软钢,normal_real,,,,,,,
diagnostic_candidate,True,0002001461-000020,0002001461-000020,0002001461-000020,BR_00000006,BR_00000006,numeric-chain-000031,16,25,147,1100,1.5,770,810,DX51D+Z-WL,深冲钢（PD）,SPHCQ,软钢,normal_real,,,,,,,
diagnostic_candidate,True,0002002053-000160,0002002053-000160,0002002053-000160,BR_00000030,BR_00000006,numeric-chain-000031,16,26,60,1100,2,800,820,DX51D+Z-MD,普碳,SPHC,软钢,normal_real,,,,,,,
diagnostic_candidate,True,0030119726-000020,0030119726-000020,0030119726-000020,BR_00000030,BR_00000006,numeric-chain-000031,16,27,23,1099,2,805,825,HC260YD+Z,加磷高强、烘烤硬化钢,H260Y,软钢,normal_real,,,,,,,
diagnostic_candidate,True,0030120940-000110,0030120940-000110,0030120940-000110,BR_00000032,BR_00000006,numeric-chain-000031,16,28,23,1093,2,795,815,HC220YD+Z,加磷高强、烘烤硬化钢,H220Y,软钢,normal_real,,,,,,,
diagnostic_candidate,True,0030115673-000210,0030115673-000210,0030115673-000210,BR_00000025,BR_00000006,numeric-chain-000031,16,29,23,1093,2,795,815,HC220YD+Z,加磷高强、烘烤硬化钢,H220Y,软钢,normal_real,,,,,,,
diagnostic_candidate,True,0030111511-000040,0030111511-000040,0030111511-000040,BR_00000020,BR_00000006,numeric-chain-000031,16,30,8,1093,2,795,815,HC220YD+Z,加磷高强、烘烤硬化钢,H220Y,软钢,normal_real,,,,,,,
diagnostic_candidate,True,0002001873-000080,0002001873-000080,0002001873-000080,BR_00000024,BR_00000006,numeric-chain-000031,16,31,19,1085,2,770,810,DC51D+Z,普碳,SPHC,软钢,normal_real,,,,,,,
diagnostic_candidate,True,0002002202-000280,0002002202-000280,0002002202-000280,BR_00000036,BR_00000006,numeric-chain-000031,16,32,19,1085,2,770,810,DC51D+Z,IF钢,SPHETI-3,软钢,normal_real,,,,,,,
diagnostic_candidate,True,0030125207-000080,0030125207-000080,0030125207-000080,BR_00000036,BR_00000006,numeric-chain-000031,16,33,46,1078,2.5,770,810,DC51D+Z,深冲钢（PD）,SPHCQ,软钢,normal_real,,,,,,,
diagnostic_candidate,True,0002001780-000040,0002001780-000040,0002001780-000040,BR_00000024,BR_00000006,numeric-chain-000031,16,34,19,1040,2,770,810,DC51D+Z,普碳,SPHC,软钢,normal_real,,,,,,,
diagnostic_candidate,True,0002001454-000020,0002001454-000020,0002001454-000020,BR_00000006,BR_00000006,numeric-chain-000031,16,35,19,1040,2,770,810,DC51D+Z,普碳,SPHC,软钢,normal_real,,,,,,,
diagnostic_candidate,True,0030119862-000040,0030119862-000040,0030119862-000040,BR_00000030,BR_00000006,numeric-chain-000031,16,36,22,1036,2,795,815,HC220YD+Z,加磷高强、烘烤硬化钢,H220Y,软钢,normal_real,,,,,,,
diagnostic_candidate,True,0030105849-000030,0030105849-000030,0030105849-000030,BR_00000012,BR_00000006,numeric-chain-000031,16,37,88,1020,1.5,805,825,HC220YD+Z,加磷高强、烘烤硬化钢,H220Y,软钢,normal_real,,,,,,,
diagnostic_candidate,True,0030113466-000040,0030113466-000040,0030113466-000040,BR_00000024,BR_00000006,numeric-chain-000031,16,38,22,1010,2,700,840,DC51D+Z,普碳,SPHC,软钢,normal_real,,,,,,,
diagnostic_candidate,True,0030108214-000030,0030108214-000030,0030108214-000030,BR_00000018,BR_00000006,numeric-chain-000031,16,39,44,1000,1.5,805,825,HC220YD+Z,加磷高强、烘烤硬化钢,H220Y,软钢,normal_real,,,,,,,
diagnostic_candidate,True,0005000450-000320,0005000450-000320,0005000450-000320,BR_00000006,BR_00000006,numeric-chain-000117,17,1,21,1530,0.7,720,740,CR270LA,低合金高强,H260LAD-3,硬钢,normal_real,,,,,,,
diagnostic_candidate,True,0005000501-000670,0005000501-000670,0005000501-000670,BR_00000024,BR_00000006,numeric-chain-000117,17,2,42,1530,0.7,720,740,CR270LA,低合金高强,H260LAD-3,硬钢,normal_real,,,,,,,
diagnostic_candidate,True,0005000464-000650,0005000464-000650,0005000464-000650,BR_00000012,BR_00000006,numeric-chain-000117,17,3,21,1530,0.7,720,740,CR270LA,低合金高强,H260LAD-3,硬钢,normal_real,,,,,,,
diagnostic_candidate,True,0030107311-000300,0030107311-000300,0030107311-000300,BR_00000018,BR_00000006,numeric-chain-000117,17,4,48,1500,0.7,700,840,DC51D+Z,普碳,SPHC,软钢,actual_transition,,,,,,,
diagnostic_candidate,True,virtual-000063,,,,BR_00000006,numeric-chain-000117,17,5,20.00,1500,0.80,700,840,SPHC,,SPHC,,virtual_sphc,,"{""accepted_sequence"":63,""prototype_id"":""virtual_sphc:1500x0.8"",""purpose"":""edge_bridge"",""related_partition_id"":null}",,,,,
diagnostic_candidate,True,0030125168-000080,0030125168-000080,0030125168-000080,BR_00000036,BR_00000006,numeric-chain-000117,17,6,24,1500,0.8,700,840,DX51D+Z,普碳,SPHC,软钢,normal_real,,,,,,,
diagnostic_candidate,True,virtual-000064,,,,BR_00000006,numeric-chain-000117,17,7,20.00,1500,0.80,700,840,SPHC,,SPHC,,virtual_sphc,,"{""accepted_sequence"":64,""prototype_id"":""virtual_sphc:1500x0.8"",""purpose"":""edge_bridge"",""related_partition_id"":null}",,,,,
diagnostic_candidate,True,0030112954-000050,0030112954-000050,0030112954-000050,BR_00000024,BR_00000006,numeric-chain-000117,17,8,24,1500,1,700,840,DC51D+Z,普碳,SPHC,软钢,actual_transition,,,,,,,
diagnostic_candidate,True,0030107311-000310,0030107311-000310,0030107311-000310,BR_00000018,BR_00000006,numeric-chain-000117,17,9,24,1500,1,700,840,DC51D+Z,普碳,SPHC,软钢,actual_transition,,,,,,,
diagnostic_candidate,True,0030107311-000210,0030107311-000210,0030107311-000210,BR_00000018,BR_00000006,numeric-chain-000117,17,10,24,1500,1,700,840,DC51D+Z,普碳,SPHC,软钢,actual_transition,,,,,,,
diagnostic_candidate,True,0030104596-000010,0030104596-000010,0030104596-000010,BR_00000012,BR_00000006,numeric-chain-000117,17,11,48,1500,1.2,700,840,DX51D+Z,普碳,SPHC,软钢,normal_real,,,,,,,
diagnostic_candidate,True,0030107311-000330,0030107311-000330,0030107311-000330,BR_00000018,BR_00000006,numeric-chain-000117,17,12,72,1500,1.2,700,840,DC51D+Z,普碳,SPHC,软钢,actual_transition,,,,,,,
diagnostic_candidate,True,0030107934-000040,0030107934-000040,0030107934-000040,BR_00000018,BR_00000006,numeric-chain-000117,17,13,96,1500,1.2,770,810,DX51D+Z,深冲钢（PD）,SPHCQ,软钢,normal_real,,,,,,,
diagnostic_candidate,True,0030109817-000030,0030109817-000030,0030109817-000030,BR_00000018,BR_00000006,numeric-chain-000117,17,14,48,1500,1.45,700,840,DX51D+Z,普碳,SPHC,软钢,normal_real,,,,,,,
diagnostic_candidate,True,0030107311-000390,0030107311-000390,0030107311-000390,BR_00000018,BR_00000006,numeric-chain-000117,17,15,24,1500,1.5,700,840,DC51D+Z,普碳,SPHC,软钢,actual_transition,,,,,,,
diagnostic_candidate,True,0005000509-000110,0005000509-000110,0005000509-000110,BR_00000024,BR_00000006,numeric-chain-000117,17,16,7,1453,1.5,720,760,HC260LAD+Z,低合金高强,H260LAD-3,硬钢,normal_real,,,,,,,
diagnostic_candidate,True,0005000532-000010,0005000532-000010,0005000532-000010,BR_00000024,BR_00000006,numeric-chain-000117,17,17,24,1429,1.5,740,760,CR340LA,低合金高强,H340LA-3,硬钢,normal_real,,,,,,,
diagnostic_candidate,True,0030112686-000060,0030112686-000060,0030112686-000060,BR_00000024,BR_00000006,numeric-chain-000117,17,18,44,1418,1.3,730,770,CR420LA,低合金高强,H420LAD-3,硬钢,normal_real,,,,,,,
diagnostic_candidate,True,0030107381-000080,0030107381-000080,0030107381-000080,BR_00000018,BR_00000006,numeric-chain-000117,17,19,88,1418,1.3,730,770,CR420LA,低合金高强,H420LAD-3,硬钢,normal_real,,,,,,,
diagnostic_candidate,True,0005000469-000070,0005000469-000070,0005000469-000070,BR_00000012,BR_00000006,numeric-chain-000117,17,20,7,1404,1.6,760,780,CR240LA,低合金高强,H260LAD-3,硬钢,normal_real,,,,,,,
diagnostic_candidate,True,0005000547-000820,0005000547-000820,0005000547-000820,BR_00000030,BR_00000006,numeric-chain-000117,17,21,21,1384,1.5,760,780,CR240LA,低合金高强,H260LAD-3,硬钢,normal_real,,,,,,,
diagnostic_candidate,True,0005000511-000020,0005000511-000020,0005000511-000020,BR_00000024,BR_00000006,numeric-chain-000117,17,22,7,1323,1.2,760,780,CR240LA,低合金高强,H260LAD-3,硬钢,normal_real,,,,,,,
diagnostic_candidate,True,0005000547-000160,0005000547-000160,0005000547-000160,BR_00000030,BR_00000006,numeric-chain-000117,17,23,42,1291,1.4,730,770,CR420LA,低合金高强,H420LAD-3,硬钢,normal_real,,,,,,,
diagnostic_candidate,True,0005000464-000120,0005000464-000120,0005000464-000120,BR_00000012,BR_00000006,numeric-chain-000117,17,24,21,1291,1.4,730,770,CR420LA,低合金高强,H420LAD-3,硬钢,normal_real,,,,,,,
diagnostic_candidate,True,0005000563-000120,0005000563-000120,0005000563-000120,BR_00000036,BR_00000006,numeric-chain-000117,17,25,21,1291,1.4,730,770,CR420LA,低合金高强,H420LAD-3,硬钢,normal_real,,,,,,,
diagnostic_candidate,True,0005000501-000220,0005000501-000220,0005000501-000220,BR_00000024,BR_00000006,numeric-chain-000117,17,26,21,1270,1.5,740,780,CR420LA,低合金高强,H420LAD-3,硬钢,normal_real,,,,,,,
diagnostic_candidate,True,0005000489-000070,0005000489-000070,0005000489-000070,BR_00000018,BR_00000006,numeric-chain-000117,17,27,23,1262,1.5,740,780,CR420LA,低合金高强,H420LAD-3,硬钢,normal_real,,,,,,,
diagnostic_candidate,True,0005000562-000040,0005000562-000040,0005000562-000040,BR_00000036,BR_00000006,numeric-chain-000117,17,28,46,1262,1.5,740,780,CR420LA,低合金高强,H420LAD-3,硬钢,normal_real,,,,,,,
diagnostic_candidate,True,0005000556-000010,0005000556-000010,0005000556-000010,BR_00000030,BR_00000006,numeric-chain-000117,17,29,10,1249,1.5,740,780,CR420LA,低合金高强,H420LAD-3,硬钢,normal_real,,,,,,,
diagnostic_candidate,True,0005000546-000140,0005000546-000140,0005000546-000140,BR_00000030,BR_00000006,numeric-chain-000117,17,30,20,1242,1.6,730,770,HC260LAD+Z,低合金高强,H260LAD-3,硬钢,normal_real,,,,,,,
diagnostic_candidate,True,0005000513-000010,0005000513-000010,0005000513-000010,BR_00000024,BR_00000006,numeric-chain-000117,17,31,7,1211,1.5,760,780,CR240LA,低合金高强,H260LAD-3,硬钢,normal_real,,,,,,,
diagnostic_candidate,True,0005000530-000010,0005000530-000010,0005000530-000010,BR_00000024,BR_00000006,numeric-chain-000117,17,32,10,1205,2,740,780,CR460LA,低合金高强,H420LAD-3,硬钢,normal_real,,,,,,,
diagnostic_candidate,True,0030118780-000010,0030118780-000010,0030118780-000010,BR_00000030,BR_00000006,numeric-chain-000117,17,33,48,1205,1.5,735,755,HC500LAD+Z,低合金高强,H500LAD-3,硬钢,normal_real,,,,,,,
diagnostic_candidate,True,0030118780-000020,0030118780-000020,0030118780-000020,BR_00000030,BR_00000006,numeric-chain-000117,17,34,72,1200,1.5,735,755,HC500LAD+Z,低合金高强,H500LAD-3,硬钢,normal_real,,,,,,,
diagnostic_candidate,True,0005000549-000050,0005000549-000050,0005000549-000050,BR_00000030,BR_00000006,numeric-chain-000117,17,35,23,1197,1.5,740,780,CR420LA,低合金高强,H420LAD-3,硬钢,normal_real,,,,,,,
diagnostic_candidate,True,0005000463-000040,0005000463-000040,0005000463-000040,BR_00000012,BR_00000006,numeric-chain-000117,17,36,23,1195,1.4,730,770,CR420LA,低合金高强,H420LAD-3,硬钢,normal_real,,,,,,,
diagnostic_candidate,True,0005000575-000030,0005000575-000030,0005000575-000030,BR_00000036,BR_00000006,numeric-chain-000117,17,37,20,1195,1.4,730,770,CR420LA,低合金高强,H420LAD-3,硬钢,normal_real,,,,,,,
diagnostic_candidate,True,0005000462-000050,0005000462-000050,0005000462-000050,BR_00000012,BR_00000006,numeric-chain-000117,17,38,23,1174,1.5,740,760,CR340LA,低合金高强,H340LA-3,硬钢,normal_real,,,,,,,
diagnostic_candidate,True,0005000511-000040,0005000511-000040,0005000511-000040,BR_00000024,BR_00000006,numeric-chain-000117,17,39,23,1174,1.5,740,760,CR340LA,低合金高强,H340LA-3,硬钢,normal_real,,,,,,,
diagnostic_candidate,True,0005000547-000570,0005000547-000570,0005000547-000570,BR_00000030,BR_00000006,numeric-chain-000117,17,40,20,1166,1.2,730,770,CR420LA,低合金高强,H420LAD-3,硬钢,normal_real,,,,,,,
diagnostic_candidate,True,0005000501-000490,0005000501-000490,0005000501-000490,BR_00000024,BR_00000006,numeric-chain-000117,17,41,20,1166,1.2,730,770,CR420LA,低合金高强,H420LAD-3,硬钢,normal_real,,,,,,,
diagnostic_candidate,True,0005000464-000490,0005000464-000490,0005000464-000490,BR_00000012,BR_00000006,numeric-chain-000117,17,42,20,1166,1.2,730,770,CR420LA,低合金高强,H420LAD-3,硬钢,normal_real,,,,,,,
diagnostic_candidate,True,0005000547-000800,0005000547-000800,0005000547-000800,BR_00000030,BR_00000006,numeric-chain-000117,17,43,120,1115,1.2,725,745,CR380LA,低合金高强,H380LA-3,硬钢,normal_real,,,,,,,
diagnostic_candidate,True,0005000501-000760,0005000501-000760,0005000501-000760,BR_00000024,BR_00000006,numeric-chain-000117,17,44,120,1115,1.2,725,745,CR380LA,低合金高强,H380LA-3,硬钢,normal_real,,,,,,,
diagnostic_candidate,True,0005000547-000520,0005000547-000520,0005000547-000520,BR_00000030,BR_00000006,numeric-chain-000117,17,45,21,1100,1.4,715,735,CR380LA,低合金高强,H380LA-3,硬钢,normal_real,,,,,,,
diagnostic_candidate,True,0030099161-000010,0030099161-000010,0030099161-000010,BR_00000006,BR_00000006,numeric-chain-000117,17,46,44,1092,1.6,715,735,CR380LA,低合金高强,H380LA-3,硬钢,normal_real,,,,,,,
diagnostic_candidate,True,0005000509-000060,0005000509-000060,0005000509-000060,BR_00000024,BR_00000006,numeric-chain-000117,17,47,7,1087,1.5,715,735,CR380LA,低合金高强,H380LA-3,硬钢,normal_real,,,,,,,
diagnostic_candidate,True,0005000547-000460,0005000547-000460,0005000547-000460,BR_00000030,BR_00000006,numeric-chain-000117,17,48,20,1053,1.2,725,745,CR380LA,低合金高强,H380LA-3,硬钢,normal_real,,,,,,,
diagnostic_candidate,True,0005000547-000560,0005000547-000560,0005000547-000560,BR_00000030,BR_00000006,numeric-chain-000117,17,49,20,1015,1.3,725,745,CR380LA,低合金高强,H380LA-3,硬钢,normal_real,,,,,,,
diagnostic_candidate,True,0005000466-000020,0005000466-000020,0005000466-000020,BR_00000012,BR_00000006,numeric-chain-000117,17,50,20,1015,1.3,725,745,CR380LA,低合金高强,H380LA-3,硬钢,normal_real,,,,,,,
diagnostic_candidate,True,0005000501-000480,0005000501-000480,0005000501-000480,BR_00000024,BR_00000006,numeric-chain-000117,17,51,20,1015,1.3,725,745,CR380LA,低合金高强,H380LA-3,硬钢,normal_real,,,,,,,
diagnostic_candidate,True,0010018679-000020,0010018679-000020,0010018679-000020,BR_00000030,BR_00000006,numeric-chain-000117,17,52,220,1000,1.2,700,840,DC51D+Z,普碳,SPHC,软钢,actual_transition,,,,,,,
diagnostic_candidate,True,0030122488-000010,0030122488-000010,0030122488-000010,BR_00000036,BR_00000006,numeric-chain-000117,17,53,110,1000,1.25,820,840,DC53D+Z,IF钢,SPHETI-5,软钢,normal_real,,,,,,,
diagnostic_candidate,True,0030114745-000010,0030114745-000010,0030114745-000010,BR_00000024,BR_00000006,numeric-chain-000056,18,1,23,1580,0.8,820,840,HC180BD+Z,加磷高强、烘烤硬化钢,H180BH1,软钢,normal_real,,,,,,,
diagnostic_candidate,True,0005000450-000090,0005000450-000090,0005000450-000090,BR_00000006,BR_00000006,numeric-chain-000056,18,2,21,1565,0.9,830,850,CR3,IF钢,SPHETI-36,软钢,normal_real,,,,,,,
diagnostic_candidate,True,0030108589-000020,0030108589-000020,0030108589-000020,BR_00000018,BR_00000006,numeric-chain-000056,18,3,23,1580,0.8,820,840,HC180BD+Z,加磷高强、烘烤硬化钢,H180BH1,软钢,normal_real,,,,,,,
diagnostic_candidate,True,0030121690-000010,0030121690-000010,0030121690-000010,BR_00000032,BR_00000006,numeric-chain-000056,18,4,23,1580,0.8,820,840,HC180BD+Z,加磷高强、烘烤硬化钢,H180BH1,软钢,normal_real,,,,,,,
diagnostic_candidate,True,0005000501-000680,0005000501-000680,0005000501-000680,BR_00000024,BR_00000006,numeric-chain-000056,18,5,21,1565,0.8,830,850,CR3,IF钢,SPHETI-36,软钢,normal_real,,,,,,,
diagnostic_candidate,True,0005000501-000360,0005000501-000360,0005000501-000360,BR_00000024,BR_00000006,numeric-chain-000056,18,6,21,1565,0.9,830,850,CR3,IF钢,SPHETI-36,软钢,normal_real,,,,,,,
diagnostic_candidate,True,0030102088-000110,0030102088-000110,0030102088-000110,BR_00000009,BR_00000006,numeric-chain-000056,18,7,132,1549,0.8,830,850,CR3,IF钢,SPHETI-36,软钢,normal_real,,,,,,,
diagnostic_candidate,True,0030104328-000030,0030104328-000030,0030104328-000030,BR_00000012,BR_00000006,numeric-chain-000056,18,8,66,1549,0.8,830,850,CR3,IF钢,SPHETI-36,软钢,normal_real,,,,,,,
diagnostic_candidate,True,0005000547-000720,0005000547-000720,0005000547-000720,BR_00000030,BR_00000006,numeric-chain-000056,18,9,21,1535,1,820,840,CR210BH,加磷高强、烘烤硬化钢,H220BH,软钢,normal_real,,,,,,,
diagnostic_candidate,True,0030121690-000020,0030121690-000020,0030121690-000020,BR_00000032,BR_00000006,numeric-chain-000056,18,10,24,1530,1,830,850,DC56D+Z,IF钢,SPHETI-3,软钢,normal_real,,,,,,,
diagnostic_candidate,True,0005000486-000580,0005000486-000580,0005000486-000580,BR_00000018,BR_00000006,numeric-chain-000056,18,11,42,1525,1,830,850,CR3,IF钢,SPHETI-36,软钢,normal_real,,,,,,,
diagnostic_candidate,True,0030114040-000010,0030114040-000010,0030114040-000010,BR_00000024,BR_00000006,numeric-chain-000056,18,12,24,1500,1.2,830,850,DC51D+Z,IF钢,SPHETI-3,软钢,normal_real,,,,,,,
diagnostic_candidate,True,0030107311-000340,0030107311-000340,0030107311-000340,BR_00000018,BR_00000006,numeric-chain-000056,18,13,48,1500,1.5,700,840,DC51D+Z,普碳,SPHC,软钢,actual_transition,,,,,,,
diagnostic_candidate,True,0030101703-000060,0030101703-000060,0030101703-000060,BR_00000008,BR_00000006,numeric-chain-000056,18,14,50,1500,1.5,700,840,DC51D+Z,普碳,SPHC,软钢,actual_transition,,,,,,,
diagnostic_candidate,True,0030101704-000050,0030101704-000050,0030101704-000050,BR_00000008,BR_00000006,numeric-chain-000056,18,15,52,1500,1.5,700,840,DC51D+Z,普碳,SPHC,软钢,actual_transition,,,,,,,
diagnostic_candidate,True,0002001757-000060,0002001757-000060,0002001757-000060,BR_00000018,BR_00000006,numeric-chain-000056,18,16,161,1460,1.2,815,835,DX51D+Z-MD,普碳,SPHC,软钢,normal_real,,,,,,,
diagnostic_candidate,True,0030103543-000100,0030103543-000100,0030103543-000100,BR_00000012,BR_00000006,numeric-chain-000056,18,17,48,1450,1,700,840,DC51D+Z,普碳,SPHC,软钢,normal_real,,,,,,,
diagnostic_candidate,True,0030105927-000050,0030105927-000050,0030105927-000050,BR_00000012,BR_00000006,numeric-chain-000056,18,18,96,1390,1.2,700,720,DX51D+Z3,深冲钢（PD）,DD12BB,软钢,normal_real,,,,,,,
diagnostic_candidate,True,0030108198-000030,0030108198-000030,0030108198-000030,BR_00000018,BR_00000006,numeric-chain-000056,18,19,48,1390,1.2,700,720,DX51D+Z3,深冲钢（PD）,DD12BB,软钢,normal_real,,,,,,,
diagnostic_candidate,True,0030106803-000020,0030106803-000020,0030106803-000020,BR_00000018,BR_00000006,numeric-chain-000056,18,20,24,1375,1.13,700,840,DC51D+Z,普碳,SPHC,软钢,actual_transition,,,,,,,
diagnostic_candidate,True,0005000547-000770,0005000547-000770,0005000547-000770,BR_00000030,BR_00000006,numeric-chain-000056,18,21,21,1365,1,730,750,CR380LA,低合金高强,H380LA-3,硬钢,normal_real,,,,,,,
diagnostic_candidate,True,0005000501-000730,0005000501-000730,0005000501-000730,BR_00000024,BR_00000006,numeric-chain-000056,18,22,21,1365,1,730,750,CR380LA,低合金高强,H380LA-3,硬钢,normal_real,,,,,,,
diagnostic_candidate,True,0005000464-000710,0005000464-000710,0005000464-000710,BR_00000012,BR_00000006,numeric-chain-000056,18,23,21,1365,1,730,750,CR380LA,低合金高强,H380LA-3,硬钢,normal_real,,,,,,,
diagnostic_candidate,True,0030103224-000030,0030103224-000030,0030103224-000030,BR_00000012,BR_00000006,numeric-chain-000056,18,24,72,1345,1,700,840,DC51D+Z,普碳,SPHC,软钢,actual_transition,,,,,,,
diagnostic_candidate,True,0005000464-000510,0005000464-000510,0005000464-000510,BR_00000012,BR_00000006,numeric-chain-000056,18,25,20,1325,1,790,810,CR240LA,低合金高强,H260LAD-3,硬钢,normal_real,,,,,,,
diagnostic_candidate,True,0030104329-000010,0030104329-000010,0030104329-000010,BR_00000012,BR_00000006,numeric-chain-000056,18,26,22,1320,0.8,780,820,CR270LA,低合金高强,H260LAD-3,硬钢,normal_real,,,,,,,
diagnostic_candidate,True,0005000547-000220,0005000547-000220,0005000547-000220,BR_00000030,BR_00000006,numeric-chain-000056,18,27,21,1308,0.8,810,830,CR240LA,低合金高强,H260LAD-3,硬钢,normal_real,,,,,,,
diagnostic_candidate,True,0030102943-000010,0030102943-000010,0030102943-000010,BR_00000012,BR_00000006,numeric-chain-000056,18,28,72,1290,0.8,700,840,DC51D+Z,普碳,SPHC,软钢,actual_transition,,,,,,,
diagnostic_candidate,True,0005000468-000010,0005000468-000010,0005000468-000010,BR_00000012,BR_00000006,numeric-chain-000056,18,29,22,1260,0.7,730,750,CR380LA,低合金高强,H380LA-3,硬钢,normal_real,,,,,,,
diagnostic_candidate,True,0005000545-000010,0005000545-000010,0005000545-000010,BR_00000030,BR_00000006,numeric-chain-000056,18,30,22,1260,0.7,730,750,CR380LA,低合金高强,H380LA-3,硬钢,normal_real,,,,,,,
diagnostic_candidate,True,0005000500-000020,0005000500-000020,0005000500-000020,BR_00000024,BR_00000006,numeric-chain-000056,18,31,22,1260,0.7,730,750,CR380LA,低合金高强,H380LA-3,硬钢,normal_real,,,,,,,
diagnostic_candidate,True,virtual-000200,,,,BR_00000006,numeric-chain-000056,18,32,20.00,1250,0.80,730,850,SPHC,,SPHC,,virtual_sphc,,"{""accepted_sequence"":200,""prototype_id"":""virtual_sphc:1250x0.8"",""purpose"":""edge_bridge"",""related_partition_id"":null}",,,,,
diagnostic_candidate,True,0002002006-000220,0002002006-000220,0002002006-000220,BR_00000030,BR_00000006,numeric-chain-000056,18,33,20,1250,1,830,850,DC53D+Z,IF钢,SPHETI-3,软钢,normal_real,,,,,,,
diagnostic_candidate,True,virtual-000201,,,,BR_00000006,numeric-chain-000056,18,34,20.00,1250,0.80,700,850,SPHC,,SPHC,,virtual_sphc,,"{""accepted_sequence"":201,""prototype_id"":""virtual_sphc:1250x0.8"",""purpose"":""edge_bridge"",""related_partition_id"":null}",,,,,
diagnostic_candidate,True,0030117991-000010,0030117991-000010,0030117991-000010,BR_00000030,BR_00000006,numeric-chain-000056,18,35,72,1250,0.75,700,840,DC51D+Z,普碳,SPHC,软钢,actual_transition,,,,,,,
diagnostic_candidate,True,0030124871-000070,0030124871-000070,0030124871-000070,BR_00000036,BR_00000006,numeric-chain-000056,18,36,230,1250,0.75,820,840,DX53D+Z,IF钢,SPHETI-5,软钢,normal_real,,,,,,,
diagnostic_candidate,True,0002001899-000110,0002001899-000110,0002001899-000110,BR_00000024,BR_00000006,numeric-chain-000056,18,37,184,1250,0.8,820,840,DX53D+Z-MD,IF钢,SPHETI-5,软钢,normal_real,,,,,,,
diagnostic_candidate,True,0030107853-000020,0030107853-000020,0030107853-000020,BR_00000018,BR_00000006,numeric-chain-000033,19,1,120,1270,0.85,820,840,DC53D+Z,IF钢,SPHETI-5,软钢,normal_real,,,,,,,
diagnostic_candidate,True,0030105508-000020,0030105508-000020,0030105508-000020,BR_00000012,BR_00000006,numeric-chain-000033,19,2,48,1270,0.85,820,840,DC53D+Z,IF钢,SPHETI-5,软钢,normal_real,,,,,,,
diagnostic_candidate,True,0030102084-000060,0030102084-000060,0030102084-000060,BR_00000009,BR_00000006,numeric-chain-000033,19,3,22,1260,0.8,830,850,CR3,IF钢,SPHETI-36,软钢,normal_real,,,,,,,
diagnostic_candidate,True,0030123653-000060,0030123653-000060,0030123653-000060,BR_00000036,BR_00000006,numeric-chain-000033,19,4,96,1260,0.8,700,840,DC51D+Z,普碳,SPHC,软钢,normal_real,,,,,,,
diagnostic_candidate,True,0002001780-000060,0002001780-000060,0002001780-000060,BR_00000024,BR_00000006,numeric-chain-000033,19,5,23,1255,0.6,770,810,DC51D+Z,普碳,SPHC,软钢,normal_real,,,,,,,
diagnostic_candidate,True,0002001854-000250,0002001854-000250,0002001854-000250,BR_00000024,BR_00000006,numeric-chain-000033,19,6,23,1255,0.6,770,810,DC51D+Z,普碳,SPHC,软钢,normal_real,,,,,,,
diagnostic_candidate,True,0030103526-000010,0030103526-000010,0030103526-000010,BR_00000012,BR_00000006,numeric-chain-000033,19,7,48,1250,0.6,700,840,DC51D+Z,普碳,SPHC,软钢,actual_transition,,,,,,,
diagnostic_candidate,True,0002002053-000130,0002002053-000130,0002002053-000130,BR_00000030,BR_00000006,numeric-chain-000033,19,8,23,1250,0.6,820,840,DX53D+Z-MD,IF钢,SPHETI-5,软钢,normal_real,,,,,,,
diagnostic_candidate,True,0010013515-000020,0010013515-000020,0010013515-000020,BR_00000006,BR_00000006,numeric-chain-000033,19,9,48,1250,0.75,700,840,DC51D+Z,普碳,SPHC,软钢,actual_transition,,,,,,,
diagnostic_candidate,True,0002001899-000090,0002001899-000090,0002001899-000090,BR_00000024,BR_00000006,numeric-chain-000033,19,10,24,1250,0.6,820,840,DX53D+Z-MD,IF钢,SPHETI-5,软钢,normal_real,,,,,,,
diagnostic_candidate,True,0002002053-000140,0002002053-000140,0002002053-000140,BR_00000030,BR_00000006,numeric-chain-000033,19,11,46,1250,0.8,820,840,DX53D+Z-MD,IF钢,SPHETI-5,软钢,normal_real,,,,,,,
diagnostic_candidate,True,0030117991-000030,0030117991-000030,0030117991-000030,BR_00000030,BR_00000006,numeric-chain-000033,19,12,24,1250,0.75,700,840,DC51D+Z,普碳,SPHC,软钢,actual_transition,,,,,,,
diagnostic_candidate,True,virtual-000198,,,,BR_00000006,numeric-chain-000033,19,13,20.00,1250,0.80,700,840,SPHC,,SPHC,,virtual_sphc,,"{""accepted_sequence"":198,""prototype_id"":""virtual_sphc:1250x0.8"",""purpose"":""edge_bridge"",""related_partition_id"":null}",,,,,
diagnostic_candidate,True,virtual-000199,,,,BR_00000006,numeric-chain-000033,19,14,20.00,1250,1.00,700,840,SPHC,,SPHC,,virtual_sphc,,"{""accepted_sequence"":199,""prototype_id"":""virtual_sphc:1250x1"",""purpose"":""edge_bridge"",""related_partition_id"":null}",,,,,
diagnostic_candidate,True,0030107311-000220,0030107311-000220,0030107311-000220,BR_00000018,BR_00000006,numeric-chain-000033,19,15,48,1250,1.2,700,840,DC51D+Z,普碳,SPHC,软钢,actual_transition,,,,,,,
diagnostic_candidate,True,0030106897-000050,0030106897-000050,0030106897-000050,BR_00000018,BR_00000006,numeric-chain-000033,19,16,72,1250,1.2,700,840,DC51D+Z,普碳,SPHC,软钢,actual_transition,,,,,,,
diagnostic_candidate,True,0030106242-000030,0030106242-000030,0030106242-000030,BR_00000012,BR_00000006,numeric-chain-000033,19,17,48,1250,1.2,770,810,DX52D+Z-LG,深冲钢（PD）,SPHCQ,软钢,normal_real,,,,,,,
diagnostic_candidate,True,0002001647-000050,0002001647-000050,0002001647-000050,BR_00000012,BR_00000006,numeric-chain-000033,19,18,292,1250,1.2,770,810,DX51D+Z-WL,深冲钢（PD）,SPHCQ,软钢,normal_real,,,,,,,
diagnostic_candidate,True,0030125168-000090,0030125168-000090,0030125168-000090,BR_00000036,BR_00000006,numeric-chain-000033,19,19,24,1250,1.2,770,810,DX52D+Z-LG,深冲钢（PD）,SPHCQ,软钢,normal_real,,,,,,,
diagnostic_candidate,True,0030103526-000060,0030103526-000060,0030103526-000060,BR_00000012,BR_00000006,numeric-chain-000033,19,20,48,1250,1.5,700,840,DC51D+Z,普碳,SPHC,软钢,actual_transition,,,,,,,
diagnostic_candidate,True,0030112554-000040,0030112554-000040,0030112554-000040,BR_00000024,BR_00000006,numeric-chain-000033,19,21,24,1250,1.5,700,840,DC51D+Z,普碳,SPHC,软钢,actual_transition,,,,,,,
diagnostic_candidate,True,0005000509-000140,0005000509-000140,0005000509-000140,BR_00000024,BR_00000006,numeric-chain-000033,19,22,7,1244,1.7,715,735,CR380LA,低合金高强,H380LA-3,硬钢,normal_real,,,,,,,
diagnostic_candidate,True,0030125101-000030,0030125101-000030,0030125101-000030,BR_00000036,BR_00000006,numeric-chain-000033,19,23,48,1242,1.5,700,840,DC51D+Z,普碳,SPHC,软钢,actual_transition,,,,,,,
diagnostic_candidate,True,0030121432-000010,0030121432-000010,0030121432-000010,BR_00000032,BR_00000006,numeric-chain-000033,19,24,48,1235,1.35,795,815,HC220YD+Z,加磷高强、烘烤硬化钢,H220Y,软钢,normal_real,,,,,,,
diagnostic_candidate,True,0005000501-000240,0005000501-000240,0005000501-000240,BR_00000024,BR_00000006,numeric-chain-000033,19,25,21,1225,1.2,800,820,CR210LA,普碳,SPHC,软钢,normal_real,,,,,,,
diagnostic_candidate,True,0005000547-000270,0005000547-000270,0005000547-000270,BR_00000030,BR_00000006,numeric-chain-000033,19,26,21,1225,1.2,800,820,CR210LA,普碳,SPHC,软钢,normal_real,,,,,,,
diagnostic_candidate,True,0002002024-000050,0002002024-000050,0002002024-000050,BR_00000030,BR_00000006,numeric-chain-000033,19,27,23,1218,1.2,770,810,DC51D+Z,普碳,SPHC,软钢,normal_real,,,,,,,
diagnostic_candidate,True,0002002202-000110,0002002202-000110,0002002202-000110,BR_00000036,BR_00000006,numeric-chain-000033,19,28,23,1218,1.2,770,810,DC51D+Z,普碳,SPHC,软钢,normal_real,,,,,,,
diagnostic_candidate,True,0002001874-000040,0002001874-000040,0002001874-000040,BR_00000024,BR_00000006,numeric-chain-000033,19,29,23,1215,1.2,770,810,DC51D+Z,普碳,SPHC,软钢,normal_real,,,,,,,
diagnostic_candidate,True,0002001612-000350,0002001612-000350,0002001612-000350,BR_00000012,BR_00000006,numeric-chain-000033,19,30,23,1201,1.2,770,810,DC51D+Z,普碳,SPHC,软钢,normal_real,,,,,,,
diagnostic_candidate,True,0002001756-000020,0002001756-000020,0002001756-000020,BR_00000018,BR_00000006,numeric-chain-000033,19,31,192,1195,1.2,770,810,DX51D+Z-WL,深冲钢（PD）,SPHCQ,软钢,normal_real,,,,,,,
diagnostic_candidate,True,0002001896-000010,0002001896-000010,0002001896-000010,BR_00000024,BR_00000006,numeric-chain-000033,19,32,110,1195,1.2,770,810,DX51D+Z-WL,深冲钢（PD）,SPHCQ,软钢,normal_real,,,,,,,
diagnostic_candidate,True,virtual-000015,,,,BR_00000006,numeric-chain-000033,19,33,20.00,1000,1.00,770,840,SPHC,,SPHC,,virtual_sphc,,"{""accepted_sequence"":15,""prototype_id"":""virtual_sphc:1000x1"",""purpose"":""edge_bridge"",""related_partition_id"":null}",,,,,
diagnostic_candidate,True,0002001756-000040,0002001756-000040,0002001756-000040,BR_00000018,BR_00000006,numeric-chain-000033,19,34,200,1050,1,820,840,DX53D+Z-CD,IF钢,SPHETI-5,软钢,normal_real,,,,,,,
diagnostic_candidate,True,0002001623-000010,0002001623-000010,0002001623-000010,BR_00000012,BR_00000006,numeric-chain-000033,19,35,96,1050,1.2,820,840,DX53D+Z-CD,IF钢,SPHETI-5,软钢,normal_real,,,,,,,
diagnostic_candidate,True,0005000548-000030,0005000548-000030,0005000548-000030,BR_00000030,BR_00000006,numeric-chain-000124,20,1,7,1445,2,660,680,CR270LA,低合金高强,H260LAD-3,硬钢,normal_real,,,,,,,
diagnostic_candidate,True,0005000546-000150,0005000546-000150,0005000546-000150,BR_00000030,BR_00000006,numeric-chain-000124,20,2,20,1203,1.8,660,680,CR270LA,低合金高强,H260LAD-3,硬钢,normal_real,,,,,,,
diagnostic_candidate,True,virtual-000124,,,,BR_00000006,numeric-chain-000124,20,3,20.00,1250,1.50,660,850,SPHC,,SPHC,,virtual_sphc,,"{""accepted_sequence"":124,""prototype_id"":""virtual_sphc:1250x1.5"",""purpose"":""edge_bridge"",""related_partition_id"":null}",,,,,
diagnostic_candidate,True,virtual-000125,,,,BR_00000006,numeric-chain-000124,20,4,20.00,1250,1.20,660,850,SPHC,,SPHC,,virtual_sphc,,"{""accepted_sequence"":125,""prototype_id"":""virtual_sphc:1250x1.2"",""purpose"":""edge_bridge"",""related_partition_id"":null}",,,,,
diagnostic_candidate,True,0030113311-000020,0030113311-000020,0030113311-000020,BR_00000024,BR_00000006,numeric-chain-000124,20,5,138,1145,1,830,850,HDX53D+Z-SN,IF钢,SPHETI-3,软钢,normal_real,,,,,,,
diagnostic_candidate,True,0030118261-000010,0030118261-000010,0030118261-000010,BR_00000030,BR_00000006,numeric-chain-000124,20,6,69,1145,1,830,850,HDX53D+Z-SN,IF钢,SPHETI-3,软钢,normal_real,,,,,,,
diagnostic_candidate,True,0005000509-000040,0005000509-000040,0005000509-000040,BR_00000024,BR_00000006,numeric-chain-000124,20,7,7,1143,1.2,830,850,CR4,IF钢,SPHETI-36,软钢,normal_real,,,,,,,
diagnostic_candidate,True,0002001744-000050,0002001744-000050,0002001744-000050,BR_00000018,BR_00000006,numeric-chain-000124,20,8,23,1135,1,830,850,DC53D+Z,IF钢,SPHETI-3,软钢,normal_real,,,,,,,
diagnostic_candidate,True,0002001867-000180,0002001867-000180,0002001867-000180,BR_00000024,BR_00000006,numeric-chain-000124,20,9,23,1134,1,830,850,DC56D+Z,IF钢,SPHETI-3,软钢,normal_real,,,,,,,
diagnostic_candidate,True,0002002184-000090,0002002184-000090,0002002184-000090,BR_00000036,BR_00000006,numeric-chain-000124,20,10,30,1134,1,830,850,DC56D+Z,IF钢,SPHETI-3,软钢,normal_real,,,,,,,
diagnostic_candidate,True,0030117931-000050,0030117931-000050,0030117931-000050,BR_00000030,BR_00000006,numeric-chain-000124,20,11,96,1125,0.8,820,840,DC53D+Z,IF钢,SPHETI-5,软钢,normal_real,,,,,,,
diagnostic_candidate,True,0002002170-000310,0002002170-000310,0002002170-000310,BR_00000036,BR_00000006,numeric-chain-000124,20,12,23,1120,0.6,810,830,180YD+Z,加磷高强、烘烤硬化钢,H180YD,软钢,normal_real,,,,,,,
diagnostic_candidate,True,0030119041-000020,0030119041-000020,0030119041-000020,BR_00000030,BR_00000006,numeric-chain-000124,20,13,69,1120,0.6,820,840,HC180BD+Z,加磷高强、烘烤硬化钢,H180BH1,软钢,normal_real,,,,,,,
diagnostic_candidate,True,0030111485-000020,0030111485-000020,0030111485-000020,BR_00000024,BR_00000006,numeric-chain-000124,20,14,69,1120,0.6,820,840,HC180BD+Z,加磷高强、烘烤硬化钢,H180BH1,软钢,normal_real,,,,,,,
diagnostic_candidate,True,0030118764-000030,0030118764-000030,0030118764-000030,BR_00000030,BR_00000006,numeric-chain-000124,20,15,23,1120,0.65,820,840,HC180BD+Z,加磷高强、烘烤硬化钢,H180BH1,软钢,normal_real,,,,,,,
diagnostic_candidate,True,0030124772-000060,0030124772-000060,0030124772-000060,BR_00000036,BR_00000006,numeric-chain-000124,20,16,23,1120,0.65,830,850,DC54D+Z,IF钢,SPHETI-5,软钢,normal_real,,,,,,,
diagnostic_candidate,True,0030119959-000010,0030119959-000010,0030119959-000010,BR_00000030,BR_00000006,numeric-chain-000124,20,17,23,1120,0.65,830,850,DC54D+Z,IF钢,SPHETI-5,软钢,normal_real,,,,,,,
diagnostic_candidate,True,0005000501-000350,0005000501-000350,0005000501-000350,BR_00000024,BR_00000006,numeric-chain-000124,20,18,20,1100,0.8,830,850,CR180BH,加磷高强、烘烤硬化钢,H180BH,软钢,normal_real,,,,,,,
diagnostic_candidate,True,0002001438-000600,0002001438-000600,0002001438-000600,BR_00000006,BR_00000006,numeric-chain-000124,20,19,20,1100,0.65,830,850,DC53D+Z,IF钢,SPHETI-3,软钢,normal_real,,,,,,,
diagnostic_candidate,True,0002002180-000270,0002002180-000270,0002002180-000270,BR_00000036,BR_00000006,numeric-chain-000124,20,20,20,1100,0.65,830,850,DC53D+Z,IF钢,SPHETI-3,软钢,normal_real,,,,,,,
diagnostic_candidate,True,0002001768-000070,0002001768-000070,0002001768-000070,BR_00000018,BR_00000006,numeric-chain-000124,20,21,40,1095,0.7,830,850,DC53D+Z,IF钢,SPHETI-3,软钢,normal_real,,,,,,,
diagnostic_candidate,True,0002002170-000210,0002002170-000210,0002002170-000210,BR_00000036,BR_00000006,numeric-chain-000124,20,22,50,1095,0.7,830,850,DC53D+Z,IF钢,SPHETI-3,软钢,normal_real,,,,,,,
diagnostic_candidate,True,0002001854-000090,0002001854-000090,0002001854-000090,BR_00000024,BR_00000006,numeric-chain-000124,20,23,57,1095,0.7,830,850,DC53D+Z,IF钢,SPHETI-3,软钢,normal_real,,,,,,,
diagnostic_candidate,True,0030102862-000020,0030102862-000020,0030102862-000020,BR_00000012,BR_00000006,numeric-chain-000124,20,24,23,1094,0.8,820,840,DC53D+Z,IF钢,SPHETI-5,软钢,normal_real,,,,,,,
diagnostic_candidate,True,0030107415-000030,0030107415-000030,0030107415-000030,BR_00000018,BR_00000006,numeric-chain-000124,20,25,23,1094,0.8,820,840,DC53D+Z,IF钢,SPHETI-5,软钢,normal_real,,,,,,,
diagnostic_candidate,True,0030124438-000010,0030124438-000010,0030124438-000010,BR_00000036,BR_00000006,numeric-chain-000124,20,26,23,1083,0.8,830,850,DC54D+Z,IF钢,SPHETI-5,软钢,normal_real,,,,,,,
diagnostic_candidate,True,0030119011-000010,0030119011-000010,0030119011-000010,BR_00000030,BR_00000006,numeric-chain-000124,20,27,23,1083,0.8,830,850,DC54D+Z,IF钢,SPHETI-5,软钢,normal_real,,,,,,,
diagnostic_candidate,True,0030114490-000010,0030114490-000010,0030114490-000010,BR_00000024,BR_00000006,numeric-chain-000124,20,28,23,1083,0.8,830,850,DC54D+Z,IF钢,SPHETI-5,软钢,normal_real,,,,,,,
diagnostic_candidate,True,0030110865-000100,0030110865-000100,0030110865-000100,BR_00000019,BR_00000006,numeric-chain-000124,20,29,23,1070,0.65,830,850,DC54D+Z,IF钢,SPHETI-5,软钢,normal_real,,,,,,,
diagnostic_candidate,True,0030112161-000020,0030112161-000020,0030112161-000020,BR_00000024,BR_00000006,numeric-chain-000124,20,30,40,1070,0.67,820,840,HC220BD+Z,加磷高强、烘烤硬化钢,H220BH,软钢,normal_real,,,,,,,
diagnostic_candidate,True,0030121690-000040,0030121690-000040,0030121690-000040,BR_00000032,BR_00000006,numeric-chain-000124,20,31,20,1070,0.67,820,840,HC220BD+Z,加磷高强、烘烤硬化钢,H220BH4,软钢,normal_real,,,,,,,
diagnostic_candidate,True,0030122480-000080,0030122480-000080,0030122480-000080,BR_00000036,BR_00000006,numeric-chain-000124,20,32,69,1060,0.65,830,850,DX53D+Z,IF钢,SPHETI-5,软钢,normal_real,,,,,,,
diagnostic_candidate,True,0002001461-000010,0002001461-000010,0002001461-000010,BR_00000006,BR_00000006,numeric-chain-000124,20,33,92,1060,0.8,820,840,DX53D+Z-CD,IF钢,SPHETI-5,软钢,normal_real,,,,,,,
diagnostic_candidate,True,0002001622-000050,0002001622-000050,0002001622-000050,BR_00000012,BR_00000006,numeric-chain-000124,20,34,48,1060,0.8,820,840,DX53D+Z-CD,IF钢,SPHETI-5,软钢,normal_real,,,,,,,
diagnostic_candidate,True,0030118934-000020,0030118934-000020,0030118934-000020,BR_00000030,BR_00000006,numeric-chain-000124,20,35,460,1060,0.95,820,840,HX220BD+Z,加磷高强、烘烤硬化钢,H220BH4,软钢,normal_real,,,,,,,
diagnostic_candidate,True,0030100952-000080,0030100952-000080,0030100952-000080,BR_00000008,BR_00000006,numeric-chain-000022,21,1,52,1500,1.2,770,810,DX51D+Z,深冲钢（PD）,SPHCQ,软钢,normal_real,,,,,,,
diagnostic_candidate,True,0002001612-000630,0002001612-000630,0002001612-000630,BR_00000012,BR_00000006,numeric-chain-000022,21,2,30,1444,1.4,770,810,DC51D+Z,普碳,SPHC,软钢,normal_real,,,,,,,
diagnostic_candidate,True,0002002009-000240,0002002009-000240,0002002009-000240,BR_00000030,BR_00000006,numeric-chain-000022,21,3,46,1442,1.4,770,810,DC51D+Z,普碳,SPHC,软钢,normal_real,,,,,,,
diagnostic_candidate,True,0002001889-000090,0002001889-000090,0002001889-000090,BR_00000024,BR_00000006,numeric-chain-000022,21,4,13,1442,1.4,770,810,DC51D+Z,普碳,SPHC,软钢,normal_real,,,,,,,
diagnostic_candidate,True,0002001751-000060,0002001751-000060,0002001751-000060,BR_00000018,BR_00000006,numeric-chain-000022,21,5,23,1420,1.6,770,810,DC51D+Z,普碳,SPHC,软钢,normal_real,,,,,,,
diagnostic_candidate,True,0002002024-000170,0002002024-000170,0002002024-000170,BR_00000030,BR_00000006,numeric-chain-000022,21,6,23,1420,1.6,770,810,DC51D+Z,普碳,SPHC,软钢,normal_real,,,,,,,
diagnostic_candidate,True,0030112972-000010,0030112972-000010,0030112972-000010,BR_00000024,BR_00000006,numeric-chain-000022,21,7,21,1402,2,770,810,DX52D+Z,深冲钢（PD）,SPHCQ,软钢,normal_real,,,,,,,
diagnostic_candidate,True,0002001455-000030,0002001455-000030,0002001455-000030,BR_00000006,BR_00000006,numeric-chain-000022,21,8,22,1395,2,770,810,DC51D+Z,普碳,SPHC,软钢,normal_real,,,,,,,
diagnostic_candidate,True,0002002185-000030,0002002185-000030,0002002185-000030,BR_00000036,BR_00000006,numeric-chain-000022,21,9,23,1373,1.6,770,810,DC51D+Z,IF钢,SPHETI-3,软钢,normal_real,,,,,,,
diagnostic_candidate,True,0030125101-000020,0030125101-000020,0030125101-000020,BR_00000036,BR_00000006,numeric-chain-000022,21,10,120,1360,1.5,700,840,DC51D+Z-Q,深冲钢（PD）,SPHCQ,软钢,normal_real,,,,,,,
diagnostic_candidate,True,0030116618-000050,0030116618-000050,0030116618-000050,BR_00000030,BR_00000006,numeric-chain-000022,21,11,72,1360,1.5,700,720,DC51D+Z-Q,深冲钢（PD）,SPHCQ,软钢,normal_real,,,,,,,
diagnostic_candidate,True,0010015684-000030,0010015684-000030,0010015684-000030,BR_00000018,BR_00000006,numeric-chain-000022,21,12,52,1355,1.95,700,840,DC51D+Z,普碳,SPHC,软钢,actual_transition,,,,,,,
diagnostic_candidate,True,0005000489-000030,0005000489-000030,0005000489-000030,BR_00000018,BR_00000006,numeric-chain-000022,21,13,23,1337,1.8,740,780,CR420LA,低合金高强,H420LAD-3,硬钢,normal_real,,,,,,,
diagnostic_candidate,True,0005000549-000080,0005000549-000080,0005000549-000080,BR_00000030,BR_00000006,numeric-chain-000022,21,14,23,1337,1.8,740,780,CR420LA,低合金高强,H420LAD-3,硬钢,normal_real,,,,,,,
diagnostic_candidate,True,0005000501-000070,0005000501-000070,0005000501-000070,BR_00000024,BR_00000006,numeric-chain-000022,21,15,21,1335,1.7,740,780,CR420LA,低合金高强,H420LAD-3,硬钢,normal_real,,,,,,,
diagnostic_candidate,True,0005000547-000090,0005000547-000090,0005000547-000090,BR_00000030,BR_00000006,numeric-chain-000022,21,16,42,1335,1.7,740,780,CR420LA,低合金高强,H420LAD-3,硬钢,normal_real,,,,,,,
diagnostic_candidate,True,0005000501-000140,0005000501-000140,0005000501-000140,BR_00000024,BR_00000006,numeric-chain-000022,21,17,42,1291,1.4,730,770,CR420LA,低合金高强,H420LAD-3,硬钢,normal_real,,,,,,,
diagnostic_candidate,True,0005000563-000180,0005000563-000180,0005000563-000180,BR_00000036,BR_00000006,numeric-chain-000022,21,18,21,1270,1.5,740,780,CR420LA,低合金高强,H420LAD-3,硬钢,normal_real,,,,,,,
diagnostic_candidate,True,0005000547-000240,0005000547-000240,0005000547-000240,BR_00000030,BR_00000006,numeric-chain-000022,21,19,42,1270,1.5,740,780,CR420LA,低合金高强,H420LAD-3,硬钢,normal_real,,,,,,,
diagnostic_candidate,True,0005000464-000180,0005000464-000180,0005000464-000180,BR_00000012,BR_00000006,numeric-chain-000022,21,20,21,1270,1.5,740,780,CR420LA,低合金高强,H420LAD-3,硬钢,normal_real,,,,,,,
diagnostic_candidate,True,0005000514-000020,0005000514-000020,0005000514-000020,BR_00000024,BR_00000006,numeric-chain-000022,21,21,23,1262,1.5,740,780,CR420LA,低合金高强,H420LAD-3,硬钢,normal_real,,,,,,,
diagnostic_candidate,True,virtual-000084,,,,BR_00000006,numeric-chain-000022,21,22,20.00,1250,1.20,700,840,SPHC,,SPHC,,virtual_sphc,,"{""accepted_sequence"":84,""prototype_id"":""virtual_sphc:1250x1.2"",""purpose"":""edge_bridge"",""related_partition_id"":null}",,,,,
diagnostic_candidate,True,0010020206-000080,0010020206-000080,0010020206-000080,BR_00000036,BR_00000006,numeric-chain-000022,21,23,168,1250,1,700,840,DC51D+Z,普碳,SPHC,软钢,actual_transition,,,,,,,
diagnostic_candidate,True,virtual-000085,,,,BR_00000006,numeric-chain-000022,21,24,20.00,1250,1.20,700,840,SPHC,,SPHC,,virtual_sphc,,"{""accepted_sequence"":85,""prototype_id"":""virtual_sphc:1250x1.2"",""purpose"":""edge_bridge"",""related_partition_id"":null}",,,,,
diagnostic_candidate,True,0030120939-000090,0030120939-000090,0030120939-000090,BR_00000032,BR_00000006,numeric-chain-000022,21,25,24,1250,1.5,810,830,HC180YD+Z,加磷高强、烘烤硬化钢,H180YD,软钢,normal_real,,,,,,,
diagnostic_candidate,True,virtual-000079,,,,BR_00000006,numeric-chain-000022,21,26,20.00,1250,2.00,700,830,SPHC,,SPHC,,virtual_sphc,,"{""accepted_sequence"":79,""prototype_id"":""virtual_sphc:1250x2"",""purpose"":""edge_bridge"",""related_partition_id"":null}",,,,,
diagnostic_candidate,True,0030122898-000040,0030122898-000040,0030122898-000040,BR_00000036,BR_00000006,numeric-chain-000022,21,27,240,1250,2.5,700,720,DC51D+Z,普碳,SPHC,软钢,actual_transition,,,,,,,
diagnostic_candidate,True,virtual-000080,,,,BR_00000006,numeric-chain-000022,21,28,20.00,1250,2.50,700,825,SPHC,,SPHC,,virtual_sphc,,"{""accepted_sequence"":80,""prototype_id"":""virtual_sphc:1250x2.5"",""purpose"":""edge_bridge"",""related_partition_id"":null}",,,,,
diagnostic_candidate,True,0030118415-000010,0030118415-000010,0030118415-000010,BR_00000030,BR_00000006,numeric-chain-000022,21,29,48,1240,2.25,805,825,HC260YD+Z,加磷高强、烘烤硬化钢,H260Y,软钢,normal_real,,,,,,,
diagnostic_candidate,True,0002002054-000290,0002002054-000290,0002002054-000290,BR_00000030,BR_00000006,numeric-chain-000022,21,30,141,1219,2,800,820,DX51D+Z-MD,普碳,SPHC,软钢,normal_real,,,,,,,
diagnostic_candidate,True,0002001899-000080,0002001899-000080,0002001899-000080,BR_00000024,BR_00000006,numeric-chain-000022,21,31,22,1219,2,800,820,DX51D+Z-MD,普碳,SPHC,软钢,normal_real,,,,,,,
diagnostic_candidate,True,0002002054-000180,0002002054-000180,0002002054-000180,BR_00000030,BR_00000006,numeric-chain-000022,21,32,166,1219,2.5,800,820,DX51D+Z-MD,普碳,SPHC,软钢,normal_real,,,,,,,
diagnostic_candidate,True,0002002054-000070,0002002054-000070,0002002054-000070,BR_00000030,BR_00000006,numeric-chain-000022,21,33,51,1219,2.5,800,820,DX51D+Z-MD,普碳,SPHC,软钢,normal_real,,,,,,,
diagnostic_candidate,True,0030121327-000010,0030121327-000010,0030121327-000010,BR_00000032,BR_00000006,numeric-chain-000022,21,34,24,1195,2.49,795,815,HC220YD+Z,加磷高强、烘烤硬化钢,H220Y,软钢,normal_real,,,,,,,
diagnostic_candidate,True,0002002202-000270,0002002202-000270,0002002202-000270,BR_00000036,BR_00000006,numeric-chain-000022,21,35,23,1185,2,770,810,DC51D+Z,IF钢,SPHETI-3,软钢,normal_real,,,,,,,
diagnostic_candidate,True,0030103224-000060,0030103224-000060,0030103224-000060,BR_00000012,BR_00000006,numeric-chain-000022,21,36,72,1180,2.5,700,840,DC51D+Z,普碳,SPHC,软钢,actual_transition,,,,,,,
diagnostic_candidate,True,0030102943-000040,0030102943-000040,0030102943-000040,BR_00000012,BR_00000006,numeric-chain-000022,21,37,72,1180,2.5,700,840,DC51D+Z,普碳,SPHC,软钢,actual_transition,,,,,,,
diagnostic_candidate,True,0030114668-000050,0030114668-000050,0030114668-000050,BR_00000024,BR_00000006,numeric-chain-000022,21,38,20,1065,2.4,715,735,CR380LA,低合金高强,H380LA-3,硬钢,normal_real,,,,,,,
diagnostic_candidate,True,0005000547-000450,0005000547-000450,0005000547-000450,BR_00000030,BR_00000006,numeric-chain-000022,21,39,40,1025,2.2,715,735,CR380LA,低合金高强,H380LA-3,硬钢,normal_real,,,,,,,
diagnostic_candidate,True,0005000501-000410,0005000501-000410,0005000501-000410,BR_00000024,BR_00000006,numeric-chain-000022,21,40,40,1025,2.2,715,735,CR380LA,低合金高强,H380LA-3,硬钢,normal_real,,,,,,,
diagnostic_candidate,True,0002002195-000120,0002002195-000120,0002002195-000120,BR_00000036,BR_00000006,numeric-chain-000105,22,1,72,1315,0.65,770,810,DC51D+Z,普碳,SPHC,软钢,normal_real,,,,,,,
diagnostic_candidate,True,0030112161-000030,0030112161-000030,0030112161-000030,BR_00000024,BR_00000006,numeric-chain-000105,22,2,48,1315,0.65,790,810,HC260YD+Z,加磷高强、烘烤硬化钢,H260Y,软钢,normal_real,,,,,,,
diagnostic_candidate,True,0002001635-000070,0002001635-000070,0002001635-000070,BR_00000012,BR_00000006,numeric-chain-000105,22,3,24,1307,0.65,770,810,DC51D+Z,普碳,SPHC,软钢,normal_real,,,,,,,
diagnostic_candidate,True,0002001614-000150,0002001614-000150,0002001614-000150,BR_00000012,BR_00000006,numeric-chain-000105,22,4,23,1298,0.6,770,810,DC51D+Z,普碳,SPHC,软钢,normal_real,,,,,,,
diagnostic_candidate,True,0002001906-000150,0002001906-000150,0002001906-000150,BR_00000025,BR_00000006,numeric-chain-000105,22,5,23,1310,0.6,770,810,DC51D+Z,普碳,SPHC,软钢,normal_real,,,,,,,
diagnostic_candidate,True,0002001780-000070,0002001780-000070,0002001780-000070,BR_00000024,BR_00000006,numeric-chain-000105,22,6,23,1310,0.6,770,810,DC51D+Z,普碳,SPHC,软钢,normal_real,,,,,,,
diagnostic_candidate,True,0030108220-000030,0030108220-000030,0030108220-000030,BR_00000018,BR_00000006,numeric-chain-000105,22,7,96,1295,0.8,780,800,HC220YD+Z,加磷高强、烘烤硬化钢,H220Y,软钢,normal_real,,,,,,,
diagnostic_candidate,True,0002001744-000260,0002001744-000260,0002001744-000260,BR_00000018,BR_00000006,numeric-chain-000105,22,8,13,1290,0.65,770,810,DC51D+Z,普碳,SPHC,软钢,normal_real,,,,,,,
diagnostic_candidate,True,0002001854-000150,0002001854-000150,0002001854-000150,BR_00000024,BR_00000006,numeric-chain-000105,22,9,46,1290,0.65,770,810,DC51D+Z,普碳,SPHC,软钢,normal_real,,,,,,,
diagnostic_candidate,True,0030114754-000020,0030114754-000020,0030114754-000020,BR_00000024,BR_00000006,numeric-chain-000105,22,10,24,1290,0.8,700,840,DC51D+Z,普碳,SPHC,软钢,normal_real,,,,,,,
diagnostic_candidate,True,0005000464-000620,0005000464-000620,0005000464-000620,BR_00000012,BR_00000006,numeric-chain-000105,22,11,84,1285,0.9,830,850,CR4,IF钢,SPHETI-36,软钢,normal_real,,,,,,,
diagnostic_candidate,True,0005000547-000700,0005000547-000700,0005000547-000700,BR_00000030,BR_00000006,numeric-chain-000105,22,12,126,1285,0.9,830,850,CR4,IF钢,SPHETI-36,软钢,normal_real,,,,,,,
diagnostic_candidate,True,0030113335-000060,0030113335-000060,0030113335-000060,BR_00000024,BR_00000006,numeric-chain-000105,22,13,8,1285,0.8,830,850,DC54D+Z,IF钢,SPHETI-5,软钢,normal_real,,,,,,,
diagnostic_candidate,True,0002002170-000340,0002002170-000340,0002002170-000340,BR_00000036,BR_00000006,numeric-chain-000105,22,14,23,1280,0.65,830,850,DC54D+Z,IF钢,SPHETI-3,软钢,normal_real,,,,,,,
diagnostic_candidate,True,0002001780-000130,0002001780-000130,0002001780-000130,BR_00000024,BR_00000006,numeric-chain-000105,22,15,23,1280,0.65,830,850,DC54D+Z,IF钢,SPHETI-3,软钢,normal_real,,,,,,,
diagnostic_candidate,True,0002001780-000050,0002001780-000050,0002001780-000050,BR_00000024,BR_00000006,numeric-chain-000105,22,16,23,1250,0.65,830,850,DC53D+Z,IF钢,SPHETI-3,软钢,normal_real,,,,,,,
diagnostic_candidate,True,0030107311-000290,0030107311-000290,0030107311-000290,BR_00000018,BR_00000006,numeric-chain-000105,22,17,24,1250,0.7,700,840,DC51D+Z,普碳,SPHC,软钢,actual_transition,,,,,,,
diagnostic_candidate,True,0030125207-000050,0030125207-000050,0030125207-000050,BR_00000036,BR_00000006,numeric-chain-000105,22,18,48,1233,0.7,770,810,DC51D+Z,深冲钢（PD）,SPHCQ,软钢,normal_real,,,,,,,
diagnostic_candidate,True,0002001750-000480,0002001750-000480,0002001750-000480,BR_00000018,BR_00000006,numeric-chain-000105,22,19,20,1230,0.6,770,810,DC51D+Z,普碳,SPHC,软钢,normal_real,,,,,,,
diagnostic_candidate,True,0002001420-000030,0002001420-000030,0002001420-000030,BR_00000006,BR_00000006,numeric-chain-000105,22,20,22,1230,0.65,770,810,DC51D+Z,普碳,SPHC,软钢,normal_real,,,,,,,
diagnostic_candidate,True,0030106245-000030,0030106245-000030,0030106245-000030,BR_00000012,BR_00000006,numeric-chain-000105,22,21,72,1230,0.8,700,840,DC51D+Z,普碳,SPHC,软钢,normal_real,,,,,,,
diagnostic_candidate,True,0030103545-000030,0030103545-000030,0030103545-000030,BR_00000012,BR_00000006,numeric-chain-000105,22,22,144,1230,0.8,820,840,DC53D+Z,IF钢,SPHETI-5,软钢,normal_real,,,,,,,
diagnostic_candidate,True,0002001899-000050,0002001899-000050,0002001899-000050,BR_00000024,BR_00000006,numeric-chain-000105,22,23,22,1219,0.8,815,835,DX51D+Z-MD,普碳,SPHC,软钢,normal_real,,,,,,,
diagnostic_candidate,True,0002002054-000170,0002002054-000170,0002002054-000170,BR_00000030,BR_00000006,numeric-chain-000105,22,24,92,1219,0.8,815,835,DX51D+Z-MD,普碳,SPHC,软钢,normal_real,,,,,,,
diagnostic_candidate,True,0002002053-000090,0002002053-000090,0002002053-000090,BR_00000030,BR_00000006,numeric-chain-000105,22,25,81,1219,0.8,815,835,DX51D+Z-MD,普碳,SPHC,软钢,normal_real,,,,,,,
diagnostic_candidate,True,0002001899-000010,0002001899-000010,0002001899-000010,BR_00000024,BR_00000006,numeric-chain-000105,22,26,128,1219,0.8,815,835,DX51D+Z-MD,普碳,SPHC,软钢,normal_real,,,,,,,
diagnostic_candidate,True,0002002054-000250,0002002054-000250,0002002054-000250,BR_00000030,BR_00000006,numeric-chain-000105,22,27,191,1219,0.8,815,835,DX51D+Z-MD,普碳,SPHC,软钢,normal_real,,,,,,,
diagnostic_candidate,True,0002001648-000020,0002001648-000020,0002001648-000020,BR_00000012,BR_00000006,numeric-chain-000105,22,28,348,1219,1,815,835,DX51D+Z-MD,普碳,SPHC,软钢,normal_real,,,,,,,
diagnostic_candidate,True,0002001755-000010,0002001755-000010,0002001755-000010,BR_00000018,BR_00000006,numeric-chain-000105,22,29,92,1219,1,815,835,DX51D+Z-MD,普碳,SPHC,软钢,normal_real,,,,,,,
diagnostic_candidate,True,0030109975-000020,0030109975-000020,0030109975-000020,BR_00000018,BR_00000006,numeric-chain-000105,22,30,24,1210,1,700,840,DX51D+Z-TG20,普碳,TG20SPHC,软钢,normal_real,,,,,,,
diagnostic_candidate,True,0030117110-000020,0030117110-000020,0030117110-000020,BR_00000030,BR_00000006,numeric-chain-000072,23,1,66,1312,0.75,830,850,CR3,IF钢,SPHETI-36,软钢,normal_real,,,,,,,
diagnostic_candidate,True,0030124683-000020,0030124683-000020,0030124683-000020,BR_00000036,BR_00000006,numeric-chain-000072,23,2,48,1305,0.7,820,840,DC53D+Z,IF钢,SPHETI-5,软钢,normal_real,,,,,,,
diagnostic_candidate,True,0030107381-000020,0030107381-000020,0030107381-000020,BR_00000018,BR_00000006,numeric-chain-000072,23,3,44,1312,0.75,830,850,CR3,IF钢,SPHETI-36,软钢,normal_real,,,,,,,
diagnostic_candidate,True,0030125150-000020,0030125150-000020,0030125150-000020,BR_00000036,BR_00000006,numeric-chain-000072,23,4,24,1305,0.7,820,840,DC53D+Z,IF钢,SPHETI-5,软钢,normal_real,,,,,,,
diagnostic_candidate,True,0030119860-000020,0030119860-000020,0030119860-000020,BR_00000030,BR_00000006,numeric-chain-000072,23,5,24,1305,0.7,820,840,DC53D+Z,IF钢,SPHETI-5,软钢,normal_real,,,,,,,
diagnostic_candidate,True,0030109893-000010,0030109893-000010,0030109893-000010,BR_00000018,BR_00000006,numeric-chain-000072,23,6,72,1300,0.7,810,830,HC180YD+Z,加磷高强、烘烤硬化钢,H180YD,软钢,normal_real,,,,,,,
diagnostic_candidate,True,0030104498-000020,0030104498-000020,0030104498-000020,BR_00000012,BR_00000006,numeric-chain-000072,23,7,144,1295,0.6,700,840,DC51D+Z,普碳,SPHC,软钢,normal_real,,,,,,,
diagnostic_candidate,True,0002001780-000090,0002001780-000090,0002001780-000090,BR_00000024,BR_00000006,numeric-chain-000072,23,8,23,1280,0.6,770,810,DC51D+Z,普碳,SPHC,软钢,normal_real,,,,,,,
diagnostic_candidate,True,0030118941-000010,0030118941-000010,0030118941-000010,BR_00000030,BR_00000006,numeric-chain-000072,23,9,100,1270,0.5,700,840,DX51D+Z,普碳,SPHC,软钢,actual_transition,,,,,,,
diagnostic_candidate,True,0002001648-000080,0002001648-000080,0002001648-000080,BR_00000012,BR_00000006,numeric-chain-000072,23,10,108,1258,0.4,815,835,DX51D+Z-MD,普碳,SPHC,软钢,normal_real,,,,,,,
diagnostic_candidate,True,0002001462-000010,0002001462-000010,0002001462-000010,BR_00000006,BR_00000006,numeric-chain-000072,23,11,52,1258,0.4,815,835,DX51D+Z-MD,普碳,SPHC,软钢,normal_real,,,,,,,
diagnostic_candidate,True,0030107561-000010,0030107561-000010,0030107561-000010,BR_00000018,BR_00000006,numeric-chain-000072,23,12,24,1250,0.5,700,840,DC51D+Z,普碳,SPHC,软钢,actual_transition,,,,,,,
diagnostic_candidate,True,0030104290-000040,0030104290-000040,0030104290-000040,BR_00000012,BR_00000006,numeric-chain-000072,23,13,48,1250,0.5,700,840,DC51D+Z,普碳,SPHC,软钢,actual_transition,,,,,,,
diagnostic_candidate,True,0030104291-000010,0030104291-000010,0030104291-000010,BR_00000012,BR_00000006,numeric-chain-000072,23,14,48,1250,0.5,700,840,DC51D+Z,普碳,SPHC,软钢,actual_transition,,,,,,,
diagnostic_candidate,True,0030112554-000060,0030112554-000060,0030112554-000060,BR_00000024,BR_00000006,numeric-chain-000072,23,15,24,1250,0.6,700,840,DC51D+Z,普碳,SPHC,软钢,actual_transition,,,,,,,
diagnostic_candidate,True,0030112554-000020,0030112554-000020,0030112554-000020,BR_00000024,BR_00000006,numeric-chain-000072,23,16,24,1250,0.75,700,840,DC51D+Z,普碳,SPHC,软钢,actual_transition,,,,,,,
diagnostic_candidate,True,0030104291-000020,0030104291-000020,0030104291-000020,BR_00000012,BR_00000006,numeric-chain-000072,23,17,72,1250,0.75,700,840,DC51D+Z,普碳,SPHC,软钢,actual_transition,,,,,,,
diagnostic_candidate,True,0030119031-000030,0030119031-000030,0030119031-000030,BR_00000030,BR_00000006,numeric-chain-000072,23,18,20,1250,0.75,730,750,DX51D+Z,普碳,SPHC,软钢,normal_real,,,,,,,
diagnostic_candidate,True,0010019881-000020,0010019881-000020,0010019881-000020,BR_00000036,BR_00000006,numeric-chain-000072,23,19,24,1250,0.95,700,840,DC51D+Z,普碳,SPHC,软钢,actual_transition,,,,,,,
diagnostic_candidate,True,0030107311-000040,0030107311-000040,0030107311-000040,BR_00000018,BR_00000006,numeric-chain-000072,23,20,48,1250,0.95,700,840,DC51D+Z,普碳,SPHC,软钢,actual_transition,,,,,,,
diagnostic_candidate,True,0030124871-000030,0030124871-000030,0030124871-000030,BR_00000036,BR_00000006,numeric-chain-000072,23,21,20,1250,0.95,710,730,DX51D+Z,普碳,SPHC,软钢,normal_real,,,,,,,
diagnostic_candidate,True,0030108198-000010,0030108198-000010,0030108198-000010,BR_00000018,BR_00000006,numeric-chain-000072,23,22,309,1250,1,700,720,DX51D+Z3,深冲钢（PD）,DD12BB,软钢,normal_real,,,,,,,
diagnostic_candidate,True,0030123916-000030,0030123916-000030,0030123916-000030,BR_00000036,BR_00000006,numeric-chain-000072,23,23,69,1250,1,700,840,DC51D+Z,普碳,SPHC,软钢,actual_transition,,,,,,,
diagnostic_candidate,True,0010015684-000010,0010015684-000010,0010015684-000010,BR_00000018,BR_00000006,numeric-chain-000072,23,24,72,1250,1.15,700,840,DC51D+Z,普碳,SPHC,软钢,actual_transition,,,,,,,
diagnostic_candidate,True,0010018614-000030,0010018614-000030,0010018614-000030,BR_00000030,BR_00000006,numeric-chain-000072,23,25,144,1250,1.15,700,840,DC51D+Z,普碳,SPHC,软钢,actual_transition,,,,,,,
diagnostic_candidate,True,0030124871-000020,0030124871-000020,0030124871-000020,BR_00000036,BR_00000006,numeric-chain-000072,23,26,20,1250,1.15,710,730,DX51D+Z,普碳,SPHC,软钢,normal_real,,,,,,,
diagnostic_candidate,True,0030122897-000050,0030122897-000050,0030122897-000050,BR_00000036,BR_00000006,numeric-chain-000072,23,27,24,1250,1.2,700,840,DC51D+Z,普碳,SPHC,软钢,actual_transition,,,,,,,
diagnostic_candidate,True,virtual-000151,,,,BR_00000006,numeric-chain-000072,23,28,20.00,1250,1.50,700,840,SPHC,,SPHC,,virtual_sphc,,"{""accepted_sequence"":151,""prototype_id"":""virtual_sphc:1250x1.5"",""purpose"":""edge_bridge"",""related_partition_id"":null}",,,,,
diagnostic_candidate,True,0002001623-000030,0002001623-000030,0002001623-000030,BR_00000012,BR_00000006,numeric-chain-000072,23,29,96,1250,1.2,770,810,DX51D+Z-WL,深冲钢（PD）,SPHCQ,软钢,normal_real,,,,,,,
diagnostic_candidate,True,virtual-000144,,,,BR_00000006,numeric-chain-000072,23,30,20.00,1250,1.50,700,840,SPHC,,SPHC,,virtual_sphc,,"{""accepted_sequence"":144,""prototype_id"":""virtual_sphc:1250x1.5"",""purpose"":""edge_bridge"",""related_partition_id"":null}",,,,,
diagnostic_candidate,True,virtual-000145,,,,BR_00000006,numeric-chain-000072,23,31,20.00,1250,1.50,700,840,SPHC,,SPHC,,virtual_sphc,,"{""accepted_sequence"":145,""prototype_id"":""virtual_sphc:1250x1.5"",""purpose"":""edge_bridge"",""related_partition_id"":null}",,,,,
diagnostic_candidate,True,0030107561-000060,0030107561-000060,0030107561-000060,BR_00000018,BR_00000006,numeric-chain-000072,23,32,48,1250,1.4,700,840,DC51D+Z,普碳,SPHC,软钢,actual_transition,,,,,,,
diagnostic_candidate,True,0030102517-000060,0030102517-000060,0030102517-000060,BR_00000009,BR_00000006,numeric-chain-000072,23,33,75,1250,1.4,700,840,DC51D+Z,普碳,SPHC,软钢,actual_transition,,,,,,,
diagnostic_candidate,True,0030103526-000050,0030103526-000050,0030103526-000050,BR_00000012,BR_00000006,numeric-chain-000057,24,1,48,1250,1.2,700,840,DC51D+Z,普碳,SPHC,软钢,actual_transition,,,,,,,
diagnostic_candidate,True,0030098178-000020,0030098178-000020,0030098178-000020,BR_00000006,BR_00000006,numeric-chain-000057,24,2,48,1250,1.4,700,840,DC51D+Z,普碳,SPHC,软钢,actual_transition,,,,,,,
diagnostic_candidate,True,0030102517-000100,0030102517-000100,0030102517-000100,BR_00000009,BR_00000006,numeric-chain-000057,24,3,75,1250,1.6,700,720,DC51D+Z,普碳,SPHC,软钢,actual_transition,,,,,,,
diagnostic_candidate,True,0010019881-000040,0010019881-000040,0010019881-000040,BR_00000036,BR_00000006,numeric-chain-000057,24,4,96,1250,1.45,700,840,DC51D+Z,普碳,SPHC,软钢,actual_transition,,,,,,,
diagnostic_candidate,True,virtual-000163,,,,BR_00000006,numeric-chain-000057,24,5,20.00,1250,1.50,700,840,SPHC,,SPHC,,virtual_sphc,,"{""accepted_sequence"":163,""prototype_id"":""virtual_sphc:1250x1.5"",""purpose"":""edge_bridge"",""related_partition_id"":null}",,,,,
diagnostic_candidate,True,0030103526-000180,0030103526-000180,0030103526-000180,BR_00000012,BR_00000006,numeric-chain-000057,24,6,72,1250,2,700,720,DC51D+Z,普碳,SPHC,软钢,actual_transition,,,,,,,
diagnostic_candidate,True,virtual-000143,,,,BR_00000006,numeric-chain-000057,24,7,20.00,1250,1.50,700,810,SPHC,,SPHC,,virtual_sphc,,"{""accepted_sequence"":143,""prototype_id"":""virtual_sphc:1250x1.5"",""purpose"":""edge_bridge"",""related_partition_id"":null}",,,,,
diagnostic_candidate,True,virtual-000107,,,,BR_00000006,numeric-chain-000057,24,8,20.00,1250,1.50,700,840,SPHC,,SPHC,,virtual_sphc,,"{""accepted_sequence"":107,""prototype_id"":""virtual_sphc:1250x1.5"",""purpose"":""edge_bridge"",""related_partition_id"":null}",,,,,
diagnostic_candidate,True,0030123653-000010,0030123653-000010,0030123653-000010,BR_00000036,BR_00000006,numeric-chain-000057,24,9,96,1225,1.5,700,840,DC51D+Z,普碳,SPHC,软钢,normal_real,,,,,,,
diagnostic_candidate,True,0030113335-000100,0030113335-000100,0030113335-000100,BR_00000024,BR_00000006,numeric-chain-000057,24,10,8,1220,1.2,810,830,HC180YD+Z,加磷高强、烘烤硬化钢,H180YD,软钢,normal_real,,,,,,,
diagnostic_candidate,True,0002001899-000020,0002001899-000020,0002001899-000020,BR_00000024,BR_00000006,numeric-chain-000057,24,11,22,1219,1,815,835,DX51D+Z-MD,普碳,SPHC,软钢,normal_real,,,,,,,
diagnostic_candidate,True,0002002054-000020,0002002054-000020,0002002054-000020,BR_00000030,BR_00000006,numeric-chain-000057,24,12,141,1219,1.2,815,835,DX51D+Z-MD,普碳,SPHC,软钢,normal_real,,,,,,,
diagnostic_candidate,True,0002001899-000100,0002001899-000100,0002001899-000100,BR_00000024,BR_00000006,numeric-chain-000057,24,13,44,1219,1.2,815,835,DX51D+Z-MD,普碳,SPHC,软钢,normal_real,,,,,,,
diagnostic_candidate,True,0030124440-000040,0030124440-000040,0030124440-000040,BR_00000036,BR_00000006,numeric-chain-000057,24,14,24,1206,1.3,700,840,DC51D+Z,普碳,SPHC,软钢,normal_real,,,,,,,
diagnostic_candidate,True,0002001871-000180,0002001871-000180,0002001871-000180,BR_00000024,BR_00000006,numeric-chain-000057,24,15,13,1199,1.2,770,810,DC51D+Z,普碳,SPHC,软钢,normal_real,,,,,,,
diagnostic_candidate,True,0002001647-000080,0002001647-000080,0002001647-000080,BR_00000012,BR_00000006,numeric-chain-000057,24,16,92,1195,1.2,770,810,DX51D+Z-WL,深冲钢（PD）,SPHCQ,软钢,normal_real,,,,,,,
diagnostic_candidate,True,0002001457-000030,0002001457-000030,0002001457-000030,BR_00000006,BR_00000006,numeric-chain-000057,24,17,291,1195,1.2,770,810,DX51D+Z-WL,深冲钢（PD）,SPHCQ,软钢,normal_real,,,,,,,
diagnostic_candidate,True,0002001756-000070,0002001756-000070,0002001756-000070,BR_00000018,BR_00000006,numeric-chain-000057,24,18,242,1195,1.2,770,810,DX51D+Z-WL,深冲钢（PD）,SPHCQ,软钢,normal_real,,,,,,,
diagnostic_candidate,True,0002001896-000020,0002001896-000020,0002001896-000020,BR_00000024,BR_00000006,numeric-chain-000057,24,19,66,1180,1.2,770,810,DX51D+Z-WL,深冲钢（PD）,SPHCQ,软钢,normal_real,,,,,,,
diagnostic_candidate,True,0002002170-000050,0002002170-000050,0002002170-000050,BR_00000036,BR_00000006,numeric-chain-000057,24,20,23,1175,1.2,770,810,DC51D+Z,普碳,SPHC,软钢,normal_real,,,,,,,
diagnostic_candidate,True,0030108565-000010,0030108565-000010,0030108565-000010,BR_00000018,BR_00000006,numeric-chain-000057,24,21,24,1160,1,800,820,HC260YD+Z,加磷高强、烘烤硬化钢,H260Y,软钢,normal_real,,,,,,,
diagnostic_candidate,True,0030115408-000050,0030115408-000050,0030115408-000050,BR_00000024,BR_00000006,numeric-chain-000057,24,22,24,1160,1,800,820,HC260YD+Z,加磷高强、烘烤硬化钢,H260Y,软钢,normal_real,,,,,,,
diagnostic_candidate,True,0030100152-000010,0030100152-000010,0030100152-000010,BR_00000006,BR_00000006,numeric-chain-000057,24,23,24,1160,1,800,820,HC260YD+Z,加磷高强、烘烤硬化钢,H260Y,软钢,normal_real,,,,,,,
diagnostic_candidate,True,0030124440-000030,0030124440-000030,0030124440-000030,BR_00000036,BR_00000006,numeric-chain-000057,24,24,24,1155,0.9,770,810,DX52D+Z,深冲钢（PD）,SPHCQ,软钢,normal_real,,,,,,,
diagnostic_candidate,True,0002002202-000210,0002002202-000210,0002002202-000210,BR_00000036,BR_00000006,numeric-chain-000057,24,25,23,1155,1,770,810,DC51D+Z,普碳,SPHC,软钢,normal_real,,,,,,,
diagnostic_candidate,True,0002002023-000030,0002002023-000030,0002002023-000030,BR_00000030,BR_00000006,numeric-chain-000057,24,26,23,1155,1,770,810,DC51D+Z,普碳,SPHC,软钢,normal_real,,,,,,,
diagnostic_candidate,True,0002001873-000090,0002001873-000090,0002001873-000090,BR_00000024,BR_00000006,numeric-chain-000057,24,27,30,1155,1,770,810,DC51D+Z,普碳,SPHC,软钢,normal_real,,,,,,,
diagnostic_candidate,True,0002001612-000180,0002001612-000180,0002001612-000180,BR_00000012,BR_00000006,numeric-chain-000057,24,28,35,1155,1.2,770,810,DC51D+Z,普碳,SPHC,软钢,normal_real,,,,,,,
diagnostic_candidate,True,0002002024-000040,0002002024-000040,0002002024-000040,BR_00000030,BR_00000006,numeric-chain-000057,24,29,23,1153,1.2,770,810,DC51D+Z,普碳,SPHC,软钢,normal_real,,,,,,,
diagnostic_candidate,True,0002001890-000120,0002001890-000120,0002001890-000120,BR_00000024,BR_00000006,numeric-chain-000057,24,30,13,1153,1.2,770,810,DC51D+Z,普碳,SPHC,软钢,normal_real,,,,,,,
diagnostic_candidate,True,0002001871-000130,0002001871-000130,0002001871-000130,BR_00000024,BR_00000006,numeric-chain-000057,24,31,13,1153,1.2,770,810,DC51D+Z,普碳,SPHC,软钢,normal_real,,,,,,,
diagnostic_candidate,True,0030120939-000040,0030120939-000040,0030120939-000040,BR_00000032,BR_00000006,numeric-chain-000057,24,32,69,1150,1.2,770,810,DC52D+Z,深冲钢（PD）,SPHCQ,软钢,normal_real,,,,,,,
diagnostic_candidate,True,0005000511-000010,0005000511-000010,0005000511-000010,BR_00000024,BR_00000006,numeric-chain-000057,24,33,7,1133,1.2,800,820,CR210LA,普碳,SPHC,软钢,normal_real,,,,,,,
diagnostic_candidate,True,0030119862-000100,0030119862-000100,0030119862-000100,BR_00000030,BR_00000006,numeric-chain-000057,24,34,23,1133,1,770,810,DC51D+Z,深冲钢（PD）,SPHCQ,软钢,normal_real,,,,,,,
diagnostic_candidate,True,0030106995-000060,0030106995-000060,0030106995-000060,BR_00000013,BR_00000006,numeric-chain-000057,24,35,46,1120,1.2,795,815,HC220YD+Z,加磷高强、烘烤硬化钢,H220Y,软钢,normal_real,,,,,,,
diagnostic_candidate,True,0002002023-000120,0002002023-000120,0002002023-000120,BR_00000030,BR_00000006,numeric-chain-000057,24,36,23,1115,1.2,770,810,DC51D+Z,普碳,SPHC,软钢,normal_real,,,,,,,
diagnostic_candidate,True,0002002202-000220,0002002202-000220,0002002202-000220,BR_00000036,BR_00000006,numeric-chain-000057,24,37,23,1115,1.2,770,810,DC51D+Z,普碳,SPHC,软钢,normal_real,,,,,,,
diagnostic_candidate,True,0002001873-000100,0002001873-000100,0002001873-000100,BR_00000024,BR_00000006,numeric-chain-000057,24,38,23,1115,1.4,770,810,DC51D+Z,普碳,SPHC,软钢,normal_real,,,,,,,
diagnostic_candidate,True,0002001612-000120,0002001612-000120,0002001612-000120,BR_00000012,BR_00000006,numeric-chain-000057,24,39,30,1105,1.2,770,810,DC51D+Z,普碳,SPHC,软钢,normal_real,,,,,,,
diagnostic_candidate,True,0030120939-000030,0030120939-000030,0030120939-000030,BR_00000032,BR_00000006,numeric-chain-000057,24,40,23,1100,1.2,770,810,DC52D+Z,深冲钢（PD）,SPHCQ,软钢,normal_real,,,,,,,
diagnostic_candidate,True,0002002055-000040,0002002055-000040,0002002055-000040,BR_00000030,BR_00000007,numeric-chain-000081,1,1,591,1150,0.5,815,835,DX51D+Z-MD,普碳,SPHC,软钢,normal_real,,,,,,,
diagnostic_candidate,True,0030125168-000050,0030125168-000050,0030125168-000050,BR_00000036,BR_00000007,numeric-chain-000081,1,2,24,1145,0.4,700,840,DC51D+Z,普碳,SPHC,软钢,normal_real,,,,,,,
diagnostic_candidate,True,0002001647-000070,0002001647-000070,0002001647-000070,BR_00000012,BR_00000007,numeric-chain-000081,1,3,22,1130,0.45,815,835,DX51D+Z-MD,普碳,SPHC,软钢,normal_real,,,,,,,
diagnostic_candidate,True,0002002054-000330,0002002054-000330,0002002054-000330,BR_00000030,BR_00000007,numeric-chain-000081,1,4,42,1130,0.5,820,840,DX53D+Z-CD,IF钢,SPHETI-5,软钢,normal_real,,,,,,,
diagnostic_candidate,True,0030119098-000020,0030119098-000020,0030119098-000020,BR_00000030,BR_00000007,numeric-chain-000081,1,5,24,1145,0.4,700,840,DC51D+Z-Q,深冲钢（PD）,SPHCQ,软钢,normal_real,,,,,,,
diagnostic_candidate,True,0030106987-000100,0030106987-000100,0030106987-000100,BR_00000018,BR_00000007,numeric-chain-000081,1,6,24,1135,0.45,700,840,DX51D+Z,普碳,SPHC,软钢,actual_transition,,,,,,,
diagnostic_candidate,True,0002002054-000130,0002002054-000130,0002002054-000130,BR_00000030,BR_00000007,numeric-chain-000081,1,7,42,1110,0.4,815,835,DX51D+Z-MD,普碳,SPHC,软钢,normal_real,,,,,,,
diagnostic_candidate,True,0002001898-000060,0002001898-000060,0002001898-000060,BR_00000024,BR_00000007,numeric-chain-000081,1,8,22,1110,0.4,815,835,DX51D+Z-MD,普碳,SPHC,软钢,normal_real,,,,,,,
diagnostic_candidate,True,0030100474-000040,0030100474-000040,0030100474-000040,BR_00000007,BR_00000007,numeric-chain-000081,1,9,46,1100,0.45,700,840,DX51D+Z,普碳,SPHC,软钢,actual_transition,,,,,,,
diagnostic_candidate,True,0030123654-000010,0030123654-000010,0030123654-000010,BR_00000036,BR_00000007,numeric-chain-000081,1,10,48,1066,0.5,715,735,DX51D+Z1,普碳,SPHC,软钢,normal_real,,,,,,,
diagnostic_candidate,True,0030113865-000020,0030113865-000020,0030113865-000020,BR_00000024,BR_00000007,numeric-chain-000081,1,11,23,1000,0.4,700,840,DC51D+Z,普碳,SPHC,软钢,actual_transition,,,,,,,
diagnostic_candidate,True,0030111117-000010,0030111117-000010,0030111117-000010,BR_00000019,BR_00000007,numeric-chain-000081,1,12,66,1000,0.4,830,850,DC56D+Z,IF钢,SPHETI-3,软钢,normal_real,,,,,,,
diagnostic_candidate,True,0030114951-000010,0030114951-000010,0030114951-000010,BR_00000025,BR_00000007,numeric-chain-000081,1,13,110,1000,0.45,700,840,DX51D+Z,普碳,SPHC,软钢,actual_transition,,,,,,,
diagnostic_candidate,True,0030120882-000010,0030120882-000010,0030120882-000010,BR_00000032,BR_00000007,numeric-chain-000081,1,14,110,1000,0.45,700,840,DX51D+Z,普碳,SPHC,软钢,actual_transition,,,,,,,
diagnostic_candidate,True,0030106987-000140,0030106987-000140,0030106987-000140,BR_00000018,BR_00000007,numeric-chain-000081,1,15,88,1000,0.5,700,840,DX51D+Z,普碳,SPHC,软钢,actual_transition,,,,,,,
diagnostic_candidate,True,0010019618-000010,0010019618-000010,0010019618-000010,BR_00000036,BR_00000007,numeric-chain-000081,1,16,198,1000,0.5,700,840,DC51D+Z,普碳,SPHC,软钢,actual_transition,,,,,,,
diagnostic_candidate,True,0030116392-000010,0030116392-000010,0030116392-000010,BR_00000030,BR_00000007,numeric-chain-000081,1,17,44,1000,0.6,830,850,DC56D+Z,IF钢,SPHETI-3,软钢,normal_real,,,,,,,
diagnostic_candidate,True,0030112554-000010,0030112554-000010,0030112554-000010,BR_00000024,BR_00000007,numeric-chain-000081,1,18,110,1000,0.8,700,840,DC51D+Z,普碳,SPHC,软钢,actual_transition,,,,,,,
diagnostic_candidate,True,0030122488-000030,0030122488-000030,0030122488-000030,BR_00000036,BR_00000007,numeric-chain-000081,1,19,110,1000,0.9,770,810,DC52D+Z,深冲钢（PD）,SPHCQ,软钢,normal_real,,,,,,,
diagnostic_candidate,True,0010018679-000010,0010018679-000010,0010018679-000010,BR_00000030,BR_00000007,numeric-chain-000081,1,20,100,1000,1,700,840,DC51D+Z,普碳,SPHC,软钢,actual_transition,,,,,,,
diagnostic_candidate,True,0002001871-000380,0002001871-000380,0002001871-000380,BR_00000024,BR_00000007,numeric-chain-000081,1,21,20,1000,1,770,810,DC51D+Z,普碳,SPHC,软钢,normal_real,,,,,,,
diagnostic_candidate,True,0030113505-000020,0030113505-000020,0030113505-000020,BR_00000024,BR_00000007,numeric-chain-000081,1,22,22,1000,1,800,820,HC260YD+Z,加磷高强、烘烤硬化钢,H260Y,软钢,normal_real,,,,,,,
diagnostic_candidate,True,0030125207-000140,0030125207-000140,0030125207-000140,BR_00000036,BR_00000007,numeric-chain-000081,1,23,44,993,1,800,820,HC260YD+Z,加磷高强、烘烤硬化钢,H260Y,软钢,normal_real,,,,,,,
diagnostic_candidate,True,0002001751-000020,0002001751-000020,0002001751-000020,BR_00000018,BR_00000007,numeric-chain-000081,1,24,20,980,1,770,810,DC51D+Z,普碳,SPHC,软钢,normal_real,,,,,,,
diagnostic_candidate,True,0002002023-000090,0002002023-000090,0002002023-000090,BR_00000030,BR_00000007,numeric-chain-000081,1,25,16,980,1,770,810,DC51D+Z,普碳,SPHC,软钢,normal_real,,,,,,,
diagnostic_candidate,True,0030105416-000060,0030105416-000060,0030105416-000060,BR_00000012,BR_00000007,numeric-chain-000081,1,26,22,960,1,800,820,HC260YD+Z,加磷高强、烘烤硬化钢,H260Y,软钢,normal_real,,,,,,,
diagnostic_candidate,True,0030124871-000120,0030124871-000120,0030124871-000120,BR_00000036,BR_00000007,numeric-chain-000051,2,1,220,1360,0.6,820,840,DX53D+Z,IF钢,SPHETI-5,软钢,normal_real,,,,,,,
diagnostic_candidate,True,0030117284-000040,0030117284-000040,0030117284-000040,BR_00000030,BR_00000007,numeric-chain-000051,2,2,130,1360,0.65,830,850,SCG4+Z,IF钢,SPHETI-3,软钢,normal_real,,,,,,,
diagnostic_candidate,True,0030124683-000010,0030124683-000010,0030124683-000010,BR_00000036,BR_00000007,numeric-chain-000051,2,3,96,1360,0.7,820,840,DC53D+Z,IF钢,SPHETI-5,软钢,normal_real,,,,,,,
diagnostic_candidate,True,0002001780-000020,0002001780-000020,0002001780-000020,BR_00000024,BR_00000007,numeric-chain-000051,2,4,23,1360,0.65,830,850,DC53D+Z,IF钢,SPHETI-3,软钢,normal_real,,,,,,,
diagnostic_candidate,True,0002001854-000330,0002001854-000330,0002001854-000330,BR_00000024,BR_00000007,numeric-chain-000051,2,5,23,1360,0.65,830,850,DC53D+Z,IF钢,SPHETI-3,软钢,normal_real,,,,,,,
diagnostic_candidate,True,virtual-000111,,,,BR_00000007,numeric-chain-000051,2,6,20.00,1250,0.80,830,850,SPHC,,SPHC,,virtual_sphc,,"{""accepted_sequence"":111,""prototype_id"":""virtual_sphc:1250x0.8"",""purpose"":""edge_bridge"",""related_partition_id"":null}",,,,,
diagnostic_candidate,True,0030105970-000010,0030105970-000010,0030105970-000010,BR_00000012,BR_00000007,numeric-chain-000051,2,7,240,1226,1,830,850,DC54D+Z,IF钢,SPHETI-3,软钢,normal_real,,,,,,,
diagnostic_candidate,True,virtual-000081,,,,BR_00000007,numeric-chain-000051,2,8,20.00,1250,0.80,830,850,SPHC,,SPHC,,virtual_sphc,,"{""accepted_sequence"":81,""prototype_id"":""virtual_sphc:1250x0.8"",""purpose"":""edge_bridge"",""related_partition_id"":null}",,,,,
diagnostic_candidate,True,virtual-000071,,,,BR_00000007,numeric-chain-000051,2,9,20.00,1250,0.80,830,850,SPHC,,SPHC,,virtual_sphc,,"{""accepted_sequence"":71,""prototype_id"":""virtual_sphc:1250x0.8"",""purpose"":""edge_bridge"",""related_partition_id"":null}",,,,,
diagnostic_candidate,True,0002002021-000110,0002002021-000110,0002002021-000110,BR_00000030,BR_00000007,numeric-chain-000051,2,10,23,1220,0.8,830,850,DC56D+Z,IF钢,SPHETI-3,软钢,normal_real,,,,,,,
diagnostic_candidate,True,0002001740-000040,0002001740-000040,0002001740-000040,BR_00000018,BR_00000007,numeric-chain-000051,2,11,23,1218,0.65,830,850,DC54D+Z,IF钢,SPHETI-3,软钢,normal_real,,,,,,,
diagnostic_candidate,True,0002001854-000320,0002001854-000320,0002001854-000320,BR_00000024,BR_00000007,numeric-chain-000051,2,12,23,1218,0.65,830,850,DC54D+Z,IF钢,SPHETI-3,软钢,normal_real,,,,,,,
diagnostic_candidate,True,0030117285-000050,0030117285-000050,0030117285-000050,BR_00000030,BR_00000007,numeric-chain-000051,2,13,96,1210,0.6,830,850,SCG4+Z,IF钢,SPHETI-3,软钢,normal_real,,,,,,,
diagnostic_candidate,True,0030106188-000030,0030106188-000030,0030106188-000030,BR_00000012,BR_00000007,numeric-chain-000051,2,14,23,1110,0.7,830,850,DC57D+Z,IF钢,SPHETI-3,软钢,normal_real,,,,,,,
diagnostic_candidate,True,0005000547-000400,0005000547-000400,0005000547-000400,BR_00000030,BR_00000007,numeric-chain-000051,2,15,20,1100,0.8,830,850,CR180BH,加磷高强、烘烤硬化钢,H180BH,软钢,normal_real,,,,,,,
diagnostic_candidate,True,0005000563-000290,0005000563-000290,0005000563-000290,BR_00000036,BR_00000007,numeric-chain-000051,2,16,20,1100,0.8,830,850,CR180BH,加磷高强、烘烤硬化钢,H180BH,软钢,normal_real,,,,,,,
diagnostic_candidate,True,0005000464-000300,0005000464-000300,0005000464-000300,BR_00000012,BR_00000007,numeric-chain-000051,2,17,40,1100,0.8,830,850,CR180BH,加磷高强、烘烤硬化钢,H180BH,软钢,normal_real,,,,,,,
diagnostic_candidate,True,0005000486-000350,0005000486-000350,0005000486-000350,BR_00000018,BR_00000007,numeric-chain-000051,2,18,20,1100,0.8,830,850,CR180BH,加磷高强、烘烤硬化钢,H180BH,软钢,normal_real,,,,,,,
diagnostic_candidate,True,0005000464-000150,0005000464-000150,0005000464-000150,BR_00000012,BR_00000007,numeric-chain-000051,2,19,20,1100,1,830,850,CR3,IF钢,SPHETI-36,软钢,normal_real,,,,,,,
diagnostic_candidate,True,0005000486-000150,0005000486-000150,0005000486-000150,BR_00000018,BR_00000007,numeric-chain-000051,2,20,20,1100,1,830,850,CR3,IF钢,SPHETI-36,软钢,normal_real,,,,,,,
diagnostic_candidate,True,0005000501-000170,0005000501-000170,0005000501-000170,BR_00000024,BR_00000007,numeric-chain-000051,2,21,20,1100,1,830,850,CR3,IF钢,SPHETI-36,软钢,normal_real,,,,,,,
diagnostic_candidate,True,0002002053-000020,0002002053-000020,0002002053-000020,BR_00000030,BR_00000007,numeric-chain-000051,2,22,23,1100,0.8,820,840,DX53D+Z-MD,IF钢,SPHETI-5,软钢,normal_real,,,,,,,
diagnostic_candidate,True,0030113466-000070,0030113466-000070,0030113466-000070,BR_00000024,BR_00000007,numeric-chain-000051,2,23,23,1100,0.8,820,840,DC53D+Z,IF钢,SPHETI-5,软钢,normal_real,,,,,,,
diagnostic_candidate,True,0030105862-000070,0030105862-000070,0030105862-000070,BR_00000012,BR_00000007,numeric-chain-000051,2,24,46,1095,0.7,810,830,HC180YD+Z,加磷高强、烘烤硬化钢,H180YD,软钢,normal_real,,,,,,,
diagnostic_candidate,True,0030118809-000020,0030118809-000020,0030118809-000020,BR_00000030,BR_00000007,numeric-chain-000051,2,25,40,1085,0.6,820,840,HC180BD+Z,加磷高强、烘烤硬化钢,H180BH1,软钢,normal_real,,,,,,,
diagnostic_candidate,True,0002001890-000270,0002001890-000270,0002001890-000270,BR_00000024,BR_00000007,numeric-chain-000051,2,26,13,1083,0.65,810,830,180YD+Z,加磷高强、烘烤硬化钢,H180YD,软钢,normal_real,,,,,,,
diagnostic_candidate,True,0002001871-000440,0002001871-000440,0002001871-000440,BR_00000024,BR_00000007,numeric-chain-000051,2,27,33,1083,0.65,810,830,180YD+Z,加磷高强、烘烤硬化钢,H180YD,软钢,normal_real,,,,,,,
diagnostic_candidate,True,0030119032-000020,0030119032-000020,0030119032-000020,BR_00000030,BR_00000007,numeric-chain-000051,2,28,300,1080,0.75,820,840,DX53D+Z,IF钢,SPHETI-5,软钢,normal_real,,,,,,,
diagnostic_candidate,True,0030117931-000060,0030117931-000060,0030117931-000060,BR_00000030,BR_00000007,numeric-chain-000051,2,29,23,1080,0.8,820,840,DC53D+Z,IF钢,SPHETI-5,软钢,normal_real,,,,,,,
diagnostic_candidate,True,0030105424-000010,0030105424-000010,0030105424-000010,BR_00000012,BR_00000007,numeric-chain-000051,2,30,40,1070,0.6,820,840,HC180BD+Z,加磷高强、烘烤硬化钢,H180BH1,软钢,normal_real,,,,,,,
diagnostic_candidate,True,0030114761-000010,0030114761-000010,0030114761-000010,BR_00000024,BR_00000007,numeric-chain-000051,2,31,40,1070,0.6,820,840,HC180BD+Z,加磷高强、烘烤硬化钢,H180BH1,软钢,normal_real,,,,,,,
diagnostic_candidate,True,0030111485-000010,0030111485-000010,0030111485-000010,BR_00000024,BR_00000007,numeric-chain-000051,2,32,60,1070,0.6,820,840,HC180BD+Z,加磷高强、烘烤硬化钢,H180BH1,软钢,normal_real,,,,,,,
diagnostic_candidate,True,0030100802-000010,0030100802-000010,0030100802-000010,BR_00000007,BR_00000007,numeric-chain-000051,2,33,23,1070,0.65,830,850,DC54D+Z,IF钢,SPHETI-3,软钢,normal_real,,,,,,,
diagnostic_candidate,True,0002001648-000090,0002001648-000090,0002001648-000090,BR_00000012,BR_00000007,numeric-chain-000051,2,34,48,1060,0.8,820,840,DX53D+Z-CD,IF钢,SPHETI-5,软钢,normal_real,,,,,,,
diagnostic_candidate,True,0002001757-000050,0002001757-000050,0002001757-000050,BR_00000018,BR_00000007,numeric-chain-000051,2,35,44,1060,0.8,820,840,DX53D+Z-CD,IF钢,SPHETI-5,软钢,normal_real,,,,,,,
diagnostic_candidate,True,0030115562-000010,0030115562-000010,0030115562-000010,BR_00000025,BR_00000007,numeric-chain-000051,2,36,69,1060,0.95,820,840,DC53D+Z,IF钢,SPHETI-5,软钢,normal_real,,,,,,,
diagnostic_candidate,True,0030118093-000060,0030118093-000060,0030118093-000060,BR_00000030,BR_00000008,numeric-chain-000126,1,1,44,1048,0.8,820,840,DC53D+Z,IF钢,SPHETI-5,软钢,normal_real,,,,,,,
diagnostic_candidate,True,0030114676-000020,0030114676-000020,0030114676-000020,BR_00000024,BR_00000008,numeric-chain-000126,1,2,88,1040,0.7,820,840,DC53D+Z,IF钢,SPHETI-5,软钢,normal_real,,,,,,,
diagnostic_candidate,True,0002001750-000190,0002001750-000190,0002001750-000190,BR_00000018,BR_00000008,numeric-chain-000126,1,3,24,1025,0.6,810,830,180YD+Z,加磷高强、烘烤硬化钢,H180YD,软钢,normal_real,,,,,,,
diagnostic_candidate,True,0002002180-000350,0002002180-000350,0002002180-000350,BR_00000036,BR_00000008,numeric-chain-000126,1,4,20,1025,0.6,810,830,180YD+Z,加磷高强、烘烤硬化钢,H180YD,软钢,normal_real,,,,,,,
diagnostic_candidate,True,0002002006-000230,0002002006-000230,0002002006-000230,BR_00000030,BR_00000008,numeric-chain-000126,1,5,84,1020,0.6,810,830,180YD+Z,加磷高强、烘烤硬化钢,H180YD,软钢,normal_real,,,,,,,
diagnostic_candidate,True,0002001750-000640,0002001750-000640,0002001750-000640,BR_00000018,BR_00000008,numeric-chain-000126,1,6,20,1020,0.6,810,830,180YD+Z,加磷高强、烘烤硬化钢,H180YD,软钢,normal_real,,,,,,,
diagnostic_candidate,True,0002001895-000050,0002001895-000050,0002001895-000050,BR_00000024,BR_00000008,numeric-chain-000126,1,7,22,1020,0.6,815,835,DX51D+Z-MD,普碳,SPHC,软钢,normal_real,,,,,,,
diagnostic_candidate,True,0002002054-000300,0002002054-000300,0002002054-000300,BR_00000030,BR_00000008,numeric-chain-000126,1,8,112,1020,0.6,815,835,DX51D+Z-MD,普碳,SPHC,软钢,normal_real,,,,,,,
diagnostic_candidate,True,0002002009-000250,0002002009-000250,0002002009-000250,BR_00000030,BR_00000008,numeric-chain-000126,1,9,23,1014,0.65,810,830,180YD+Z,加磷高强、烘烤硬化钢,H180YD,软钢,normal_real,,,,,,,
diagnostic_candidate,True,0030123256-000010,0030123256-000010,0030123256-000010,BR_00000036,BR_00000008,numeric-chain-000126,1,10,100,1010,0.65,820,840,HC180BD+Z,加磷高强、烘烤硬化钢,H180BH1,软钢,normal_real,,,,,,,
diagnostic_candidate,True,0030118799-000010,0030118799-000010,0030118799-000010,BR_00000030,BR_00000008,numeric-chain-000126,1,11,76,1010,0.65,820,840,HC180BD+Z,加磷高强、烘烤硬化钢,H180BH1,软钢,normal_real,,,,,,,
diagnostic_candidate,True,0030109100-000020,0030109100-000020,0030109100-000020,BR_00000018,BR_00000008,numeric-chain-000126,1,12,160,1010,0.8,810,830,HC180YD+Z,加磷高强、烘烤硬化钢,H180YD,软钢,normal_real,,,,,,,
diagnostic_candidate,True,0030114487-000020,0030114487-000020,0030114487-000020,BR_00000024,BR_00000008,numeric-chain-000126,1,13,160,1010,0.8,810,830,HC180YD+Z,加磷高强、烘烤硬化钢,H180YD,软钢,normal_real,,,,,,,
diagnostic_candidate,True,0002001898-000020,0002001898-000020,0002001898-000020,BR_00000024,BR_00000008,numeric-chain-000126,1,14,22,1005,0.8,815,835,DX51D+Z-MD,普碳,SPHC,软钢,normal_real,,,,,,,
diagnostic_candidate,True,0030120875-000010,0030120875-000010,0030120875-000010,BR_00000032,BR_00000008,numeric-chain-000126,1,15,48,1000,0.8,700,840,DC51D+Z,普碳,SPHC,软钢,actual_transition,,,,,,,
diagnostic_candidate,True,0030101956-000010,0030101956-000010,0030101956-000010,BR_00000008,BR_00000008,numeric-chain-000126,1,16,44,1000,0.8,820,840,DC53D+Z,IF钢,SPHETI-5,软钢,normal_real,,,,,,,
diagnostic_candidate,True,0030119047-000010,0030119047-000010,0030119047-000010,BR_00000030,BR_00000008,numeric-chain-000126,1,17,22,1000,1,830,850,DC54D+Z,IF钢,SPHETI-5,软钢,normal_real,,,,,,,
diagnostic_candidate,True,virtual-000076,,,,BR_00000008,numeric-chain-000126,1,18,20.00,1000,1.20,730,850,SPHC,,SPHC,,virtual_sphc,,"{""accepted_sequence"":76,""prototype_id"":""virtual_sphc:1000x1.2"",""purpose"":""edge_bridge"",""related_partition_id"":null}",,,,,
diagnostic_candidate,True,0005000464-000610,0005000464-000610,0005000464-000610,BR_00000012,BR_00000008,numeric-chain-000126,1,19,36,995,1.3,730,770,CR420LA,低合金高强,H420LAD-3,硬钢,normal_real,,,,,,,
diagnostic_candidate,True,0030104604-000030,0030104604-000030,0030104604-000030,BR_00000012,BR_00000008,numeric-chain-000126,1,20,88,1000,1.2,700,840,DC51D+Z,普碳,SPHC,软钢,actual_transition,,,,,,,
diagnostic_candidate,True,0030101704-000070,0030101704-000070,0030101704-000070,BR_00000008,BR_00000008,numeric-chain-000126,1,21,63,1000,1.2,700,840,DC51D+Z,普碳,SPHC,软钢,actual_transition,,,,,,,
diagnostic_candidate,True,0005000547-000690,0005000547-000690,0005000547-000690,BR_00000030,BR_00000008,numeric-chain-000126,1,22,108,995,1.3,730,770,CR420LA,低合金高强,H420LAD-3,硬钢,normal_real,,,,,,,
diagnostic_candidate,True,0005000464-000110,0005000464-000110,0005000464-000110,BR_00000012,BR_00000008,numeric-chain-000126,1,23,18,975,1.2,730,770,CR420LA,低合金高强,H420LAD-3,硬钢,normal_real,,,,,,,
diagnostic_candidate,True,0005000501-000290,0005000501-000290,0005000501-000290,BR_00000024,BR_00000008,numeric-chain-000126,1,24,54,940,1.4,730,770,CR420LA,低合金高强,H420LAD-3,硬钢,normal_real,,,,,,,
diagnostic_candidate,True,0005000547-000340,0005000547-000340,0005000547-000340,BR_00000030,BR_00000008,numeric-chain-000126,1,25,72,940,1.4,730,770,CR420LA,低合金高强,H420LAD-3,硬钢,normal_real,,,,,,,
diagnostic_candidate,True,0005000464-000220,0005000464-000220,0005000464-000220,BR_00000012,BR_00000008,numeric-chain-000126,1,26,16,900,1.5,740,780,CR420LA,低合金高强,H420LAD-3,硬钢,normal_real,,,,,,,
diagnostic_candidate,True,0005000501-000010,0005000501-000010,0005000501-000010,BR_00000024,BR_00000008,numeric-chain-000126,1,27,90,897,1.8,740,780,CR420LA,低合金高强,H420LAD-3,硬钢,normal_real,,,,,,,
diagnostic_candidate,True,0005000563-000010,0005000563-000010,0005000563-000010,BR_00000036,BR_00000008,numeric-chain-000126,1,28,72,897,1.8,740,780,CR420LA,低合金高强,H420LAD-3,硬钢,normal_real,,,,,,,
diagnostic_candidate,True,0030124800-000030,0030124800-000030,0030124800-000030,BR_00000036,BR_00000008,numeric-chain-000058,2,1,23,1084,0.8,770,810,DX52D+Z,深冲钢（PD）,SPHCQ,软钢,normal_real,,,,,,,
diagnostic_candidate,True,0002001871-000320,0002001871-000320,0002001871-000320,BR_00000024,BR_00000008,numeric-chain-000058,2,2,13,1098,1,770,810,DC51D+Z,普碳,SPHC,软钢,normal_real,,,,,,,
diagnostic_candidate,True,0030113525-000010,0030113525-000010,0030113525-000010,BR_00000024,BR_00000008,numeric-chain-000058,2,3,23,1085,0.9,700,840,DC51D+Z,普碳,SPHC,软钢,normal_real,,,,,,,
diagnostic_candidate,True,0002002024-000090,0002002024-000090,0002002024-000090,BR_00000030,BR_00000008,numeric-chain-000058,2,4,19,1080,0.7,770,810,DC51D+Z,普碳,SPHC,软钢,normal_real,,,,,,,
diagnostic_candidate,True,0002001633-000170,0002001633-000170,0002001633-000170,BR_00000012,BR_00000008,numeric-chain-000058,2,5,22,1078,0.7,770,810,DC51D+Z,普碳,SPHC,软钢,normal_real,,,,,,,
diagnostic_candidate,True,0002001867-000220,0002001867-000220,0002001867-000220,BR_00000024,BR_00000008,numeric-chain-000058,2,6,19,1064,0.6,770,810,DC51D+Z,普碳,SPHC,软钢,normal_real,,,,,,,
diagnostic_candidate,True,0002002021-000150,0002002021-000150,0002002021-000150,BR_00000030,BR_00000008,numeric-chain-000058,2,7,19,1063,0.6,770,810,DC51D+Z,普碳,SPHC,软钢,normal_real,,,,,,,
diagnostic_candidate,True,0002001633-000160,0002001633-000160,0002001633-000160,BR_00000012,BR_00000008,numeric-chain-000058,2,8,23,1063,0.65,770,810,DC51D+Z,普碳,SPHC,软钢,normal_real,,,,,,,
diagnostic_candidate,True,0002001880-000100,0002001880-000100,0002001880-000100,BR_00000024,BR_00000008,numeric-chain-000058,2,9,69,1063,0.65,770,810,DC51D+Z,普碳,SPHC,软钢,normal_real,,,,,,,
diagnostic_candidate,True,0002001986-000040,0002001986-000040,0002001986-000040,BR_00000030,BR_00000008,numeric-chain-000058,2,10,20,1063,0.65,770,810,DC51D+Z,普碳,SPHC,软钢,normal_real,,,,,,,
diagnostic_candidate,True,0002001627-000010,0002001627-000010,0002001627-000010,BR_00000012,BR_00000008,numeric-chain-000058,2,11,20,1060,0.7,770,810,DC51D+Z,普碳,SPHC,软钢,normal_real,,,,,,,
diagnostic_candidate,True,0030119862-000170,0030119862-000170,0030119862-000170,BR_00000030,BR_00000008,numeric-chain-000058,2,12,92,1060,0.7,790,810,HC260YD+Z,加磷高强、烘烤硬化钢,H260Y,软钢,normal_real,,,,,,,
diagnostic_candidate,True,0002001998-000060,0002001998-000060,0002001998-000060,BR_00000030,BR_00000008,numeric-chain-000058,2,13,92,1051,0.65,770,810,DC51D+Z,普碳,SPHC,软钢,normal_real,,,,,,,
diagnostic_candidate,True,0002002195-000040,0002002195-000040,0002002195-000040,BR_00000036,BR_00000008,numeric-chain-000058,2,14,72,1051,0.65,770,810,DC51D+Z,普碳,SPHC,软钢,normal_real,,,,,,,
diagnostic_candidate,True,0002001880-000090,0002001880-000090,0002001880-000090,BR_00000024,BR_00000008,numeric-chain-000058,2,15,70,1051,0.65,770,810,DC51D+Z,普碳,SPHC,软钢,normal_real,,,,,,,
diagnostic_candidate,True,0030120951-000010,0030120951-000010,0030120951-000010,BR_00000032,BR_00000008,numeric-chain-000058,2,16,96,1050,0.7,700,840,DX51D+Z,普碳,SPHC,软钢,normal_real,,,,,,,
diagnostic_candidate,True,0002001750-000470,0002001750-000470,0002001750-000470,BR_00000018,BR_00000008,numeric-chain-000058,2,17,20,1045,0.6,770,810,DC51D+Z,普碳,SPHC,软钢,normal_real,,,,,,,
diagnostic_candidate,True,0002001765-000060,0002001765-000060,0002001765-000060,BR_00000018,BR_00000008,numeric-chain-000058,2,18,22,1040,0.65,770,810,DC51D+Z,普碳,SPHC,软钢,normal_real,,,,,,,
diagnostic_candidate,True,0002002195-000220,0002002195-000220,0002002195-000220,BR_00000036,BR_00000008,numeric-chain-000058,2,19,80,1040,0.65,770,810,DC51D+Z,普碳,SPHC,软钢,normal_real,,,,,,,
diagnostic_candidate,True,0002001880-000080,0002001880-000080,0002001880-000080,BR_00000024,BR_00000008,numeric-chain-000058,2,20,66,1040,0.65,770,810,DC51D+Z,普碳,SPHC,软钢,normal_real,,,,,,,
diagnostic_candidate,True,0030125207-000120,0030125207-000120,0030125207-000120,BR_00000036,BR_00000008,numeric-chain-000058,2,21,22,1039,0.7,790,810,HC260YD+Z,加磷高强、烘烤硬化钢,H260Y,软钢,normal_real,,,,,,,
diagnostic_candidate,True,0002001744-000170,0002001744-000170,0002001744-000170,BR_00000018,BR_00000008,numeric-chain-000058,2,22,13,1034,0.65,770,810,DC51D+Z,普碳,SPHC,软钢,normal_real,,,,,,,
diagnostic_candidate,True,0002002021-000230,0002002021-000230,0002002021-000230,BR_00000030,BR_00000008,numeric-chain-000058,2,23,19,1030,0.6,770,810,DC51D+Z,IF钢,SPHETI-3,软钢,normal_real,,,,,,,
diagnostic_candidate,True,0002002184-000210,0002002184-000210,0002002184-000210,BR_00000036,BR_00000008,numeric-chain-000058,2,24,25,1030,0.6,770,810,DC51D+Z,IF钢,SPHETI-3,软钢,normal_real,,,,,,,
diagnostic_candidate,True,0002001744-000100,0002001744-000100,0002001744-000100,BR_00000018,BR_00000008,numeric-chain-000058,2,25,13,1022,0.65,770,810,DC51D+Z,普碳,SPHC,软钢,normal_real,,,,,,,
diagnostic_candidate,True,0002001750-000110,0002001750-000110,0002001750-000110,BR_00000018,BR_00000008,numeric-chain-000058,2,26,40,1020,0.6,770,810,DC51D+Z,普碳,SPHC,软钢,normal_real,,,,,,,
diagnostic_candidate,True,0002002180-000030,0002002180-000030,0002002180-000030,BR_00000036,BR_00000008,numeric-chain-000058,2,27,89,1020,0.6,770,810,DC51D+Z,IF钢,SPHETI-3,软钢,normal_real,,,,,,,
diagnostic_candidate,True,0002002006-000030,0002002006-000030,0002002006-000030,BR_00000030,BR_00000008,numeric-chain-000058,2,28,39,1020,0.6,770,810,DC51D+Z,IF钢,SPHETI-3,软钢,normal_real,,,,,,,
diagnostic_candidate,True,0002001981-000030,0002001981-000030,0002001981-000030,BR_00000030,BR_00000008,numeric-chain-000058,2,29,49,1020,0.6,770,810,DC51D+Z,普碳,SPHC,软钢,normal_real,,,,,,,
diagnostic_candidate,True,0002001871-000090,0002001871-000090,0002001871-000090,BR_00000024,BR_00000008,numeric-chain-000058,2,30,20,1020,0.65,770,810,DC51D+Z,普碳,SPHC,软钢,normal_real,,,,,,,
diagnostic_candidate,True,0002001890-000080,0002001890-000080,0002001890-000080,BR_00000024,BR_00000008,numeric-chain-000058,2,31,15,1020,0.65,770,810,DC51D+Z,普碳,SPHC,软钢,normal_real,,,,,,,
diagnostic_candidate,True,0030114040-000060,0030114040-000060,0030114040-000060,BR_00000024,BR_00000008,numeric-chain-000058,2,32,44,1017,0.7,780,800,HC220YD+Z,加磷高强、烘烤硬化钢,H220Y,软钢,normal_real,,,,,,,
diagnostic_candidate,True,0002001880-000060,0002001880-000060,0002001880-000060,BR_00000024,BR_00000008,numeric-chain-000058,2,33,22,1013,0.7,770,810,DC51D+Z,普碳,SPHC,软钢,normal_real,,,,,,,
diagnostic_candidate,True,0030118029-000050,0030118029-000050,0030118029-000050,BR_00000030,BR_00000008,numeric-chain-000058,2,34,22,1010,0.7,780,800,HC220YD+Z,加磷高强、烘烤硬化钢,H220Y,软钢,normal_real,,,,,,,
diagnostic_candidate,True,0030115673-000050,0030115673-000050,0030115673-000050,BR_00000025,BR_00000008,numeric-chain-000058,2,35,22,1010,0.7,780,800,HC220YD+Z,加磷高强、烘烤硬化钢,H220Y,软钢,normal_real,,,,,,,
diagnostic_candidate,True,0030122898-000010,0030122898-000010,0030122898-000010,BR_00000036,BR_00000008,numeric-chain-000058,2,36,50,1000,0.8,700,840,DC51D+Z,普碳,SPHC,软钢,actual_transition,,,,,,,
diagnostic_candidate,True,0002001750-000250,0002001750-000250,0002001750-000250,BR_00000018,BR_00000008,numeric-chain-000058,2,37,24,990,0.65,810,830,180YD+Z,加磷高强、烘烤硬化钢,H180YD,软钢,normal_real,,,,,,,
diagnostic_candidate,True,0002002180-000010,0002002180-000010,0002002180-000010,BR_00000036,BR_00000008,numeric-chain-000058,2,38,39,985,0.6,810,830,180YD+Z,加磷高强、烘烤硬化钢,H180YD,软钢,normal_real,,,,,,,
diagnostic_candidate,True,0030109100-000010,0030109100-000010,0030109100-000010,BR_00000018,BR_00000008,numeric-chain-000058,2,39,140,975,0.65,810,830,HC180YD+Z,加磷高强、烘烤硬化钢,H180YD,软钢,normal_real,,,,,,,
diagnostic_candidate,True,0030105189-000010,0030105189-000010,0030105189-000010,BR_00000012,BR_00000008,numeric-chain-000058,2,40,40,975,0.65,810,830,HC180YD+Z,加磷高强、烘烤硬化钢,H180YD,软钢,normal_real,,,,,,,
diagnostic_candidate,True,0030123145-000010,0030123145-000010,0030123145-000010,BR_00000036,BR_00000008,numeric-chain-000058,2,41,60,975,0.65,810,830,HC180YD+Z,加磷高强、烘烤硬化钢,H180YD,软钢,normal_real,,,,,,,
diagnostic_candidate,True,0002001744-000210,0002001744-000210,0002001744-000210,BR_00000018,BR_00000008,numeric-chain-000058,2,42,17,915,0.6,810,830,180YD+Z,加磷高强、烘烤硬化钢,H180YD,软钢,normal_real,,,,,,,
diagnostic_candidate,True,0002002009-000160,0002002009-000160,0002002009-000160,BR_00000030,BR_00000008,numeric-chain-000058,2,43,30,913,0.6,810,830,180YD+Z,加磷高强、烘烤硬化钢,H180YD,软钢,normal_real,,,,,,,
diagnostic_candidate,True,0005000464-000600,0005000464-000600,0005000464-000600,BR_00000012,BR_00000008,numeric-chain-000058,2,44,32,900,0.7,820,840,CR210BH,加磷高强、烘烤硬化钢,H220BH,软钢,normal_real,,,,,,,
diagnostic_candidate,True,0030122080-000010,0030122080-000010,0030122080-000010,BR_00000033,BR_00000008,numeric-chain-000058,2,45,54,865,0.8,830,850,DX53D+Z,IF钢,SPHETI-5,软钢,normal_real,,,,,,,
diagnostic_candidate,True,0002001578-000010,0002001578-000010,0002001578-000010,BR_00000008,BR_00000008,numeric-chain-000058,2,46,64,840,1,830,850,DC54D+Z,IF钢,SPHETI-3,软钢,normal_real,,,,,,,
diagnostic_candidate,True,0002001867-000320,0002001867-000320,0002001867-000320,BR_00000024,BR_00000008,numeric-chain-000058,2,47,16,830,1,830,850,DC56D+Z,IF钢,SPHETI-3,软钢,normal_real,,,,,,,
diagnostic_candidate,True,0002001750-000240,0002001750-000240,0002001750-000240,BR_00000018,BR_00000008,numeric-chain-000058,2,48,54,830,1.2,830,850,DC54D+Z,IF钢,SPHETI-3,软钢,normal_real,,,,,,,
diagnostic_candidate,True,0030105830-000010,0030105830-000010,0030105830-000010,BR_00000012,BR_00000008,numeric-chain-000075,3,1,48,1560,0.65,830,850,DC54D+Z,IF钢,SPHETI-3,软钢,normal_real,,,,,,,
diagnostic_candidate,True,0030108542-000120,0030108542-000120,0030108542-000120,BR_00000018,BR_00000008,numeric-chain-000075,3,2,24,1568,0.7,820,840,DX53D+Z-LG,IF钢,SPHETI-5,软钢,normal_real,,,,,,,
diagnostic_candidate,True,0002001578-000020,0002001578-000020,0002001578-000020,BR_00000008,BR_00000008,numeric-chain-000075,3,3,161,1530,0.6,830,850,DC53D+Z,IF钢,SPHETI-3,软钢,normal_real,,,,,,,
diagnostic_candidate,True,0030108589-000010,0030108589-000010,0030108589-000010,BR_00000018,BR_00000008,numeric-chain-000075,3,4,24,1546,0.6,830,850,DC56D+Z,IF钢,SPHETI-3,软钢,normal_real,,,,,,,
diagnostic_candidate,True,0030110599-000010,0030110599-000010,0030110599-000010,BR_00000018,BR_00000008,numeric-chain-000075,3,5,48,1503,0.6,830,850,DC54D+Z,IF钢,SPHETI-5,软钢,normal_real,,,,,,,
diagnostic_candidate,True,0030105848-000010,0030105848-000010,0030105848-000010,BR_00000012,BR_00000008,numeric-chain-000075,3,6,72,1503,0.6,830,850,DC54D+Z,IF钢,SPHETI-3,软钢,normal_real,,,,,,,
diagnostic_candidate,True,0030123255-000020,0030123255-000020,0030123255-000020,BR_00000036,BR_00000008,numeric-chain-000075,3,7,46,1500,0.65,820,840,HC180BD+Z,加磷高强、烘烤硬化钢,H180BH1,软钢,normal_real,,,,,,,
diagnostic_candidate,True,0002001889-000080,0002001889-000080,0002001889-000080,BR_00000024,BR_00000008,numeric-chain-000075,3,8,13,1500,0.65,830,850,DC53D+Z,IF钢,SPHETI-3,软钢,normal_real,,,,,,,
diagnostic_candidate,True,0002001768-000110,0002001768-000110,0002001768-000110,BR_00000018,BR_00000008,numeric-chain-000075,3,9,23,1495,0.7,830,850,DC53D+Z,IF钢,SPHETI-3,软钢,normal_real,,,,,,,
diagnostic_candidate,True,0030107313-000020,0030107313-000020,0030107313-000020,BR_00000018,BR_00000008,numeric-chain-000075,3,10,72,1490,0.65,830,850,DC56D+Z,IF钢,SPHETI-3,软钢,normal_real,,,,,,,
diagnostic_candidate,True,0030118006-000070,0030118006-000070,0030118006-000070,BR_00000030,BR_00000008,numeric-chain-000075,3,11,216,1480,0.8,700,840,DC51D+Z,普碳,SPHC,软钢,normal_real,,,,,,,
diagnostic_candidate,True,0030124871-000110,0030124871-000110,0030124871-000110,BR_00000036,BR_00000008,numeric-chain-000075,3,12,140,1460,0.6,730,750,DX51D+Z,普碳,SPHC,软钢,normal_real,,,,,,,
diagnostic_candidate,True,0030102066-000020,0030102066-000020,0030102066-000020,BR_00000008,BR_00000008,numeric-chain-000075,3,13,72,1440,0.6,700,840,DX51D+Z,普碳,SPHC,软钢,actual_transition,,,,,,,
diagnostic_candidate,True,0002001767-000090,0002001767-000090,0002001767-000090,BR_00000018,BR_00000008,numeric-chain-000075,3,14,26,1425,0.65,770,810,DC51D+Z,普碳,SPHC,软钢,normal_real,,,,,,,
diagnostic_candidate,True,0002001617-000220,0002001617-000220,0002001617-000220,BR_00000012,BR_00000008,numeric-chain-000075,3,15,154,1420,0.6,770,810,DC51D+Z,普碳,SPHC,软钢,normal_real,,,,,,,
diagnostic_candidate,True,0030119985-000020,0030119985-000020,0030119985-000020,BR_00000030,BR_00000008,numeric-chain-000075,3,16,24,1400,0.8,700,840,DC51D+Z,普碳,SPHC,软钢,actual_transition,,,,,,,
diagnostic_candidate,True,0005000501-000020,0005000501-000020,0005000501-000020,BR_00000024,BR_00000008,numeric-chain-000075,3,17,21,1385,1,720,760,CR420LA,低合金高强,H420LAD-3,硬钢,normal_real,,,,,,,
diagnostic_candidate,True,0005000464-000020,0005000464-000020,0005000464-000020,BR_00000012,BR_00000008,numeric-chain-000075,3,18,21,1385,1,720,760,CR420LA,低合金高强,H420LAD-3,硬钢,normal_real,,,,,,,
diagnostic_candidate,True,0005000547-000020,0005000547-000020,0005000547-000020,BR_00000030,BR_00000008,numeric-chain-000075,3,19,42,1385,1,720,760,CR420LA,低合金高强,H420LAD-3,硬钢,normal_real,,,,,,,
diagnostic_candidate,True,0005000489-000040,0005000489-000040,0005000489-000040,BR_00000018,BR_00000008,numeric-chain-000075,3,20,23,1350,0.8,715,735,CR270LA,低合金高强,H260LAD-3,硬钢,normal_real,,,,,,,
diagnostic_candidate,True,0005000499-000010,0005000499-000010,0005000499-000010,BR_00000019,BR_00000008,numeric-chain-000075,3,21,7,1344,1,720,760,CR460LA,低合金高强,H420LAD-3,硬钢,normal_real,,,,,,,
diagnostic_candidate,True,0030117111-000010,0030117111-000010,0030117111-000010,BR_00000030,BR_00000008,numeric-chain-000075,3,22,66,1320,0.8,715,735,CR270LA,低合金高强,H260LAD-3,硬钢,normal_real,,,,,,,
diagnostic_candidate,True,0030122760-000010,0030122760-000010,0030122760-000010,BR_00000036,BR_00000008,numeric-chain-000075,3,23,110,1320,0.8,715,735,CR270LA,低合金高强,H260LAD-3,硬钢,normal_real,,,,,,,
diagnostic_candidate,True,0030103224-000020,0030103224-000020,0030103224-000020,BR_00000012,BR_00000008,numeric-chain-000075,3,24,144,1290,0.8,700,840,DC51D+Z,普碳,SPHC,软钢,actual_transition,,,,,,,
diagnostic_candidate,True,0030124731-000010,0030124731-000010,0030124731-000010,BR_00000036,BR_00000008,numeric-chain-000075,3,25,48,1290,0.9,830,850,DC54D+Z,IF钢,SPHETI-5,软钢,normal_real,,,,,,,
diagnostic_candidate,True,0005000486-000650,0005000486-000650,0005000486-000650,BR_00000018,BR_00000008,numeric-chain-000075,3,26,147,1285,0.9,830,850,CR4,IF钢,SPHETI-36,软钢,normal_real,,,,,,,
diagnostic_candidate,True,0030115673-000160,0030115673-000160,0030115673-000160,BR_00000025,BR_00000008,numeric-chain-000075,3,27,48,1285,1,830,850,DC56D+Z,IF钢,SPHETI-3,软钢,normal_real,,,,,,,
diagnostic_candidate,True,0030108855-000010,0030108855-000010,0030108855-000010,BR_00000018,BR_00000008,numeric-chain-000075,3,28,24,1265,1,820,840,DC53D+Z,IF钢,SPHETI-5,软钢,normal_real,,,,,,,
diagnostic_candidate,True,0030102088-000080,0030102088-000080,0030102088-000080,BR_00000009,BR_00000008,numeric-chain-000075,3,29,66,1260,0.8,830,850,CR3,IF钢,SPHETI-36,软钢,normal_real,,,,,,,
diagnostic_candidate,True,0002001867-000060,0002001867-000060,0002001867-000060,BR_00000024,BR_00000008,numeric-chain-000075,3,30,46,1260,0.6,830,850,DC53D+Z,IF钢,SPHETI-3,软钢,normal_real,,,,,,,
diagnostic_candidate,True,0030104290-000050,0030104290-000050,0030104290-000050,BR_00000012,BR_00000008,numeric-chain-000075,3,31,24,1250,0.6,700,840,DC51D+Z,普碳,SPHC,软钢,actual_transition,,,,,,,
diagnostic_candidate,True,0030112459-000020,0030112459-000020,0030112459-000020,BR_00000024,BR_00000008,numeric-chain-000113,4,1,48,1525,1.38,810,830,HC180YD+Z,加磷高强、烘烤硬化钢,H180YD,软钢,normal_real,,,,,,,
diagnostic_candidate,True,0030108212-000010,0030108212-000010,0030108212-000010,BR_00000018,BR_00000008,numeric-chain-000113,4,2,24,1543,1.4,805,825,HC260YD+Z,加磷高强、烘烤硬化钢,H260Y,软钢,normal_real,,,,,,,
diagnostic_candidate,True,virtual-000267,,,,BR_00000008,numeric-chain-000113,4,3,20.00,1500,1.50,700,825,SPHC,,SPHC,,virtual_sphc,,"{""accepted_sequence"":267,""prototype_id"":""virtual_sphc:1500x1.5"",""purpose"":""edge_bridge"",""related_partition_id"":null}",,,,,
diagnostic_candidate,True,0030100868-000060,0030100868-000060,0030100868-000060,BR_00000008,BR_00000008,numeric-chain-000113,4,4,24,1500,1.78,700,720,DC51D+Z,普碳,SPHC,软钢,actual_transition,,,,,,,
diagnostic_candidate,True,0030107311-000350,0030107311-000350,0030107311-000350,BR_00000018,BR_00000008,numeric-chain-000113,4,5,24,1500,2,700,720,DC51D+Z,普碳,SPHC,软钢,actual_transition,,,,,,,
diagnostic_candidate,True,0030107311-000110,0030107311-000110,0030107311-000110,BR_00000018,BR_00000008,numeric-chain-000113,4,6,48,1500,2,700,720,DC51D+Z,普碳,SPHC,软钢,actual_transition,,,,,,,
diagnostic_candidate,True,0030107311-000270,0030107311-000270,0030107311-000270,BR_00000018,BR_00000008,numeric-chain-000113,4,7,48,1500,2,700,720,DC51D+Z,普碳,SPHC,软钢,actual_transition,,,,,,,
diagnostic_candidate,True,0030107311-000410,0030107311-000410,0030107311-000410,BR_00000018,BR_00000008,numeric-chain-000113,4,8,24,1500,2,700,720,DC51D+Z,普碳,SPHC,软钢,actual_transition,,,,,,,
diagnostic_candidate,True,0030102517-000110,0030102517-000110,0030102517-000110,BR_00000009,BR_00000008,numeric-chain-000113,4,9,50,1500,1.6,700,720,DC51D+Z,普碳,SPHC,软钢,actual_transition,,,,,,,
diagnostic_candidate,True,0010018614-000070,0010018614-000070,0010018614-000070,BR_00000030,BR_00000008,numeric-chain-000113,4,10,24,1500,1.45,700,840,DC51D+Z,普碳,SPHC,软钢,actual_transition,,,,,,,
diagnostic_candidate,True,virtual-000190,,,,BR_00000008,numeric-chain-000113,4,11,20.00,1500,1.50,700,840,SPHC,,SPHC,,virtual_sphc,,"{""accepted_sequence"":190,""prototype_id"":""virtual_sphc:1500x1.5"",""purpose"":""edge_bridge"",""related_partition_id"":null}",,,,,
diagnostic_candidate,True,0030107311-000090,0030107311-000090,0030107311-000090,BR_00000018,BR_00000008,numeric-chain-000113,4,12,48,1500,1.95,700,720,DC51D+Z,普碳,SPHC,软钢,actual_transition,,,,,,,
diagnostic_candidate,True,virtual-000242,,,,BR_00000008,numeric-chain-000113,4,13,20.00,1500,2.00,700,720,SPHC,,SPHC,,virtual_sphc,,"{""accepted_sequence"":242,""prototype_id"":""virtual_sphc:1500x2"",""purpose"":""edge_bridge"",""related_partition_id"":null}",,,,,
diagnostic_candidate,True,0030101768-000150,0030101768-000150,0030101768-000150,BR_00000008,BR_00000008,numeric-chain-000113,4,14,96,1500,2.5,700,720,DC51D+Z,普碳,SPHC,软钢,actual_transition,,,,,,,
diagnostic_candidate,True,0010018679-000130,0010018679-000130,0010018679-000130,BR_00000030,BR_00000008,numeric-chain-000113,4,15,96,1500,2.5,700,720,DC51D+Z,普碳,SPHC,软钢,actual_transition,,,,,,,
diagnostic_candidate,True,0030112954-000070,0030112954-000070,0030112954-000070,BR_00000024,BR_00000008,numeric-chain-000113,4,16,24,1500,2,700,720,DC51D+Z,普碳,SPHC,软钢,actual_transition,,,,,,,
diagnostic_candidate,True,0010017424-000020,0010017424-000020,0010017424-000020,BR_00000024,BR_00000008,numeric-chain-000113,4,17,96,1500,2,700,720,DC51D+Z-D,普碳,SPHC,软钢,normal_real,,,,,,,
diagnostic_candidate,True,0030104603-000110,0030104603-000110,0030104603-000110,BR_00000012,BR_00000008,numeric-chain-000113,4,18,24,1500,2.49,700,720,DC51D+Z,普碳,SPHC,软钢,actual_transition,,,,,,,
diagnostic_candidate,True,0030102943-000070,0030102943-000070,0030102943-000070,BR_00000012,BR_00000008,numeric-chain-000113,4,19,144,1500,2.5,700,720,DC51D+Z,普碳,SPHC,软钢,actual_transition,,,,,,,
diagnostic_candidate,True,0030108873-000040,0030108873-000040,0030108873-000040,BR_00000018,BR_00000008,numeric-chain-000113,4,20,72,1500,2.5,700,720,DC51D+Z,普碳,SPHC,软钢,actual_transition,,,,,,,
diagnostic_candidate,True,0030108872-000080,0030108872-000080,0030108872-000080,BR_00000018,BR_00000008,numeric-chain-000113,4,21,24,1500,2.5,700,720,DC51D+Z,普碳,SPHC,软钢,actual_transition,,,,,,,
diagnostic_candidate,True,0030107311-000130,0030107311-000130,0030107311-000130,BR_00000018,BR_00000008,numeric-chain-000113,4,22,24,1500,2.5,700,720,DC51D+Z,普碳,SPHC,软钢,actual_transition,,,,,,,
diagnostic_candidate,True,0010017445-000080,0010017445-000080,0010017445-000080,BR_00000025,BR_00000008,numeric-chain-000113,4,23,96,1500,2.5,700,720,DC51D+Z,普碳,SPHC,软钢,actual_transition,,,,,,,
diagnostic_candidate,True,0030103545-000050,0030103545-000050,0030103545-000050,BR_00000012,BR_00000008,numeric-chain-000113,4,24,48,1420,2.5,700,840,DC51D+Z,普碳,SPHC,软钢,normal_real,,,,,,,
diagnostic_candidate,True,0030119916-000060,0030119916-000060,0030119916-000060,BR_00000030,BR_00000008,numeric-chain-000113,4,25,24,1400,2,820,840,DC53D+Z,IF钢,SPHETI-5,软钢,normal_real,,,,,,,
diagnostic_candidate,True,0005000463-000030,0005000463-000030,0005000463-000030,BR_00000012,BR_00000008,numeric-chain-000113,4,26,23,1398,1.8,830,850,CR3,IF钢,SPHETI-36,软钢,normal_real,,,,,,,
diagnostic_candidate,True,0030105416-000240,0030105416-000240,0030105416-000240,BR_00000012,BR_00000008,numeric-chain-000113,4,27,24,1380,1.5,830,850,DC54D+Z,IF钢,SPHETI-3,软钢,normal_real,,,,,,,
diagnostic_candidate,True,0005000562-000050,0005000562-000050,0005000562-000050,BR_00000036,BR_00000008,numeric-chain-000113,4,28,23,1370,1.5,830,850,CR3,IF钢,SPHETI-36,软钢,normal_real,,,,,,,
diagnostic_candidate,True,0005000486-000070,0005000486-000070,0005000486-000070,BR_00000018,BR_00000008,numeric-chain-000113,4,29,20,1349,1.6,820,860,CR3,IF钢,SPHETI-36,软钢,normal_real,,,,,,,
diagnostic_candidate,True,0005000547-000070,0005000547-000070,0005000547-000070,BR_00000030,BR_00000008,numeric-chain-000113,4,30,20,1349,1.6,830,850,CR3,IF钢,SPHETI-36,软钢,normal_real,,,,,,,
diagnostic_candidate,True,0005000486-000750,0005000486-000750,0005000486-000750,BR_00000018,BR_00000008,numeric-chain-000113,4,31,42,1345,1.5,830,850,CR180BH,加磷高强、烘烤硬化钢,H180BH,软钢,normal_real,,,,,,,
diagnostic_candidate,True,0005000464-000730,0005000464-000730,0005000464-000730,BR_00000012,BR_00000008,numeric-chain-000113,4,32,42,1345,1.5,830,850,CR180BH,加磷高强、烘烤硬化钢,H180BH,软钢,normal_real,,,,,,,
diagnostic_candidate,True,0005000501-000750,0005000501-000750,0005000501-000750,BR_00000024,BR_00000008,numeric-chain-000113,4,33,63,1345,1.5,830,850,CR180BH,加磷高强、烘烤硬化钢,H180BH,软钢,normal_real,,,,,,,
diagnostic_candidate,True,0030113335-000030,0030113335-000030,0030113335-000030,BR_00000024,BR_00000008,numeric-chain-000113,4,34,15,1295,1.4,830,850,DC56D+Z,IF钢,SPHETI-3,软钢,normal_real,,,,,,,
diagnostic_candidate,True,0030110602-000010,0030110602-000010,0030110602-000010,BR_00000018,BR_00000008,numeric-chain-000113,4,35,72,1293,1.2,830,850,DC54D+Z,IF钢,SPHETI-5,软钢,normal_real,,,,,,,
diagnostic_candidate,True,0030120940-000060,0030120940-000060,0030120940-000060,BR_00000032,BR_00000008,numeric-chain-000113,4,36,24,1285,1,830,850,DC56D+Z,IF钢,SPHETI-3,软钢,normal_real,,,,,,,
diagnostic_candidate,True,0030117110-000080,0030117110-000080,0030117110-000080,BR_00000030,BR_00000008,numeric-chain-000113,4,37,44,1260,0.8,830,850,CR3,IF钢,SPHETI-36,软钢,normal_real,,,,,,,
diagnostic_candidate,True,0030106799-000010,0030106799-000010,0030106799-000010,BR_00000013,BR_00000008,numeric-chain-000113,4,38,72,1260,0.7,830,850,DC56D+Z,IF钢,SPHETI-3,软钢,normal_real,,,,,,,
diagnostic_candidate,True,0002002195-000180,0002002195-000180,0002002195-000180,BR_00000036,BR_00000008,numeric-chain-000113,4,39,25,1258,0.8,830,850,DC53D+Z,IF钢,SPHETI-3,软钢,normal_real,,,,,,,
diagnostic_candidate,True,0010018206-000040,0010018206-000040,0010018206-000040,BR_00000030,BR_00000008,numeric-chain-000113,4,40,96,1250,0.6,700,840,DC51D+Z,普碳,SPHC,软钢,actual_transition,,,,,,,
diagnostic_candidate,True,0030102456-000030,0030102456-000030,0030102456-000030,BR_00000009,BR_00000008,numeric-chain-000113,4,41,120,1250,0.75,700,840,DC51D+Z,普碳,SPHC,软钢,actual_transition,,,,,,,
diagnostic_candidate,True,0030104290-000060,0030104290-000060,0030104290-000060,BR_00000012,BR_00000008,numeric-chain-000113,4,42,24,1250,0.75,700,840,DC51D+Z,普碳,SPHC,软钢,actual_transition,,,,,,,
diagnostic_candidate,True,0002002035-000110,0002002035-000110,0002002035-000110,BR_00000030,BR_00000008,numeric-chain-000113,4,43,48,1245,0.65,770,810,DC51D+Z,普碳,SPHC,软钢,normal_real,,,,,,,
diagnostic_candidate,True,0030110545-000010,0030110545-000010,0030110545-000010,BR_00000018,BR_00000008,numeric-chain-000045,5,1,48,1581,1,700,840,DC51D+Z,普碳,SPHC,软钢,actual_transition,,,,,,,
diagnostic_candidate,True,0002001627-000060,0002001627-000060,0002001627-000060,BR_00000012,BR_00000008,numeric-chain-000045,5,2,23,1555,1,770,810,DC51D+Z,普碳,SPHC,软钢,normal_real,,,,,,,
diagnostic_candidate,True,0002001750-000030,0002001750-000030,0002001750-000030,BR_00000018,BR_00000008,numeric-chain-000045,5,3,24,1575,1,770,810,DC51D+Z,普碳,SPHC,软钢,normal_real,,,,,,,
diagnostic_candidate,True,0002002202-000190,0002002202-000190,0002002202-000190,BR_00000036,BR_00000008,numeric-chain-000045,5,4,23,1555,1,770,810,DC51D+Z,IF钢,SPHETI-3,软钢,normal_real,,,,,,,
diagnostic_candidate,True,0002002024-000110,0002002024-000110,0002002024-000110,BR_00000030,BR_00000008,numeric-chain-000045,5,5,23,1555,1,770,810,DC51D+Z,普碳,SPHC,软钢,normal_real,,,,,,,
diagnostic_candidate,True,0030103543-000110,0030103543-000110,0030103543-000110,BR_00000012,BR_00000008,numeric-chain-000045,5,6,72,1522,1,770,810,DC52D+Z,深冲钢（PD）,SPHCQ,软钢,normal_real,,,,,,,
diagnostic_candidate,True,0002002184-000170,0002002184-000170,0002002184-000170,BR_00000036,BR_00000008,numeric-chain-000045,5,7,23,1512,1.2,770,810,DC51D+Z,普碳,SPHC,软钢,normal_real,,,,,,,
diagnostic_candidate,True,0030109817-000020,0030109817-000020,0030109817-000020,BR_00000018,BR_00000008,numeric-chain-000045,5,8,144,1500,1.2,700,840,DX51D+Z,普碳,SPHC,软钢,normal_real,,,,,,,
diagnostic_candidate,True,0030109817-000010,0030109817-000010,0030109817-000010,BR_00000018,BR_00000008,numeric-chain-000045,5,9,144,1500,1.2,700,840,DX51D+Z,普碳,SPHC,软钢,normal_real,,,,,,,
diagnostic_candidate,True,0030101703-000050,0030101703-000050,0030101703-000050,BR_00000008,BR_00000008,numeric-chain-000045,5,10,25,1500,1.47,700,840,DC51D+Z,普碳,SPHC,软钢,actual_transition,,,,,,,
diagnostic_candidate,True,0030110864-000030,0030110864-000030,0030110864-000030,BR_00000019,BR_00000008,numeric-chain-000045,5,11,24,1500,1.6,830,850,DC54D+Z,IF钢,SPHETI-5,软钢,normal_real,,,,,,,
diagnostic_candidate,True,0030110866-000020,0030110866-000020,0030110866-000020,BR_00000019,BR_00000008,numeric-chain-000045,5,12,24,1500,1.6,830,850,DC54D+Z,IF钢,SPHETI-5,软钢,normal_real,,,,,,,
diagnostic_candidate,True,0030121192-000010,0030121192-000010,0030121192-000010,BR_00000032,BR_00000008,numeric-chain-000045,5,13,24,1500,1.6,830,850,DC54D+Z,IF钢,SPHETI-5,软钢,normal_real,,,,,,,
diagnostic_candidate,True,0030106850-000010,0030106850-000010,0030106850-000010,BR_00000013,BR_00000008,numeric-chain-000045,5,14,25,1495,1.55,830,850,DC54D+Z,IF钢,SPHETI-3,软钢,normal_real,,,,,,,
diagnostic_candidate,True,0005000509-000050,0005000509-000050,0005000509-000050,BR_00000024,BR_00000008,numeric-chain-000045,5,15,7,1468,1.5,830,850,CR180BH,加磷高强、烘烤硬化钢,H180BH,软钢,normal_real,,,,,,,
diagnostic_candidate,True,0030110867-000030,0030110867-000030,0030110867-000030,BR_00000019,BR_00000008,numeric-chain-000045,5,16,72,1440,1.5,820,840,HC220BD+Z,加磷高强、烘烤硬化钢,H220BH,软钢,normal_real,,,,,,,
diagnostic_candidate,True,0030106804-000040,0030106804-000040,0030106804-000040,BR_00000018,BR_00000008,numeric-chain-000045,5,17,72,1440,1.5,820,840,HC220BD+Z,加磷高强、烘烤硬化钢,H220BH,软钢,normal_real,,,,,,,
diagnostic_candidate,True,0030110865-000030,0030110865-000030,0030110865-000030,BR_00000019,BR_00000008,numeric-chain-000045,5,18,72,1440,1.5,820,840,HC220BD+Z,加磷高强、烘烤硬化钢,H220BH,软钢,normal_real,,,,,,,
diagnostic_candidate,True,0010017875-000040,0010017875-000040,0010017875-000040,BR_00000030,BR_00000008,numeric-chain-000045,5,19,72,1435,1.5,700,840,DC51D+Z-D,普碳,SPHC,软钢,normal_real,,,,,,,
diagnostic_candidate,True,0010017875-000030,0010017875-000030,0010017875-000030,BR_00000030,BR_00000008,numeric-chain-000045,5,20,144,1430,1.5,700,720,DC51D+Z-D,普碳,SPHC,软钢,normal_real,,,,,,,
diagnostic_candidate,True,0030105927-000070,0030105927-000070,0030105927-000070,BR_00000012,BR_00000008,numeric-chain-000045,5,21,96,1420,1.5,700,720,DX51D+Z3,深冲钢（PD）,DD12BB,软钢,normal_real,,,,,,,
diagnostic_candidate,True,0030124583-000010,0030124583-000010,0030124583-000010,BR_00000036,BR_00000008,numeric-chain-000045,5,22,24,1388,1.6,700,720,DC51D+Z,普碳,SPHC,软钢,actual_transition,,,,,,,
diagnostic_candidate,True,0030124735-000110,0030124735-000110,0030124735-000110,BR_00000036,BR_00000008,numeric-chain-000045,5,23,24,1350,1.4,700,840,DX51D+Z,普碳,SPHC,软钢,actual_transition,,,,,,,
diagnostic_candidate,True,0030124735-000070,0030124735-000070,0030124735-000070,BR_00000036,BR_00000008,numeric-chain-000045,5,24,24,1350,1.4,805,825,HC260YD+Z,加磷高强、烘烤硬化钢,H260Y,软钢,normal_real,,,,,,,
diagnostic_candidate,True,0030115672-000030,0030115672-000030,0030115672-000030,BR_00000025,BR_00000008,numeric-chain-000045,5,25,48,1325,1.6,795,815,HC220YD+Z,加磷高强、烘烤硬化钢,H220Y,软钢,normal_real,,,,,,,
diagnostic_candidate,True,0030105416-000110,0030105416-000110,0030105416-000110,BR_00000012,BR_00000008,numeric-chain-000045,5,26,24,1317,1.8,805,825,HC260YD+Z,加磷高强、烘烤硬化钢,H260Y,软钢,normal_real,,,,,,,
diagnostic_candidate,True,0030105416-000100,0030105416-000100,0030105416-000100,BR_00000012,BR_00000008,numeric-chain-000045,5,27,24,1278,1.6,805,825,HC260YD+Z,加磷高强、烘烤硬化钢,H260Y,软钢,normal_real,,,,,,,
diagnostic_candidate,True,0030106626-000010,0030106626-000010,0030106626-000010,BR_00000018,BR_00000008,numeric-chain-000045,5,28,24,1257,1.6,805,825,HC260YD+Z,加磷高强、烘烤硬化钢,H260Y,软钢,normal_real,,,,,,,
diagnostic_candidate,True,0030112291-000050,0030112291-000050,0030112291-000050,BR_00000024,BR_00000008,numeric-chain-000045,5,29,24,1250,1.4,700,840,DC51D+Z,普碳,SPHC,软钢,actual_transition,,,,,,,
diagnostic_candidate,True,0030108320-000050,0030108320-000050,0030108320-000050,BR_00000018,BR_00000008,numeric-chain-000045,5,30,24,1250,1.4,700,840,DC51D+Z,普碳,SPHC,软钢,actual_transition,,,,,,,
diagnostic_candidate,True,0030105930-000020,0030105930-000020,0030105930-000020,BR_00000012,BR_00000008,numeric-chain-000045,5,31,168,1250,1.5,700,720,DX51D+Z3,深冲钢（PD）,DD12BB,软钢,normal_real,,,,,,,
diagnostic_candidate,True,0030104290-000030,0030104290-000030,0030104290-000030,BR_00000012,BR_00000008,numeric-chain-000045,5,32,24,1250,1.5,700,840,DC51D+Z,普碳,SPHC,软钢,actual_transition,,,,,,,
diagnostic_candidate,True,0030120939-000050,0030120939-000050,0030120939-000050,BR_00000032,BR_00000008,numeric-chain-000045,5,33,24,1250,1.5,770,810,DC52D+Z,深冲钢（PD）,SPHCQ,软钢,normal_real,,,,,,,
diagnostic_candidate,True,0002002202-000020,0002002202-000020,0002002202-000020,BR_00000036,BR_00000008,numeric-chain-000045,5,34,23,1245,1.2,770,810,DC51D+Z,普碳,SPHC,软钢,normal_real,,,,,,,
diagnostic_candidate,True,0030105605-000080,0030105605-000080,0030105605-000080,BR_00000012,BR_00000008,numeric-chain-000045,5,35,192,1233,1,790,810,HC220YD+Z,加磷高强、烘烤硬化钢,H220Y,软钢,normal_real,,,,,,,
diagnostic_candidate,True,0030119865-000010,0030119865-000010,0030119865-000010,BR_00000030,BR_00000008,numeric-chain-000045,5,36,24,1229,1.2,795,815,HC220YD+Z,加磷高强、烘烤硬化钢,H220Y,软钢,normal_real,,,,,,,
diagnostic_candidate,True,0002002202-000040,0002002202-000040,0002002202-000040,BR_00000036,BR_00000008,numeric-chain-000045,5,37,23,1227,1,770,810,DC51D+Z,IF钢,SPHETI-3,软钢,normal_real,,,,,,,
diagnostic_candidate,True,0002001906-000130,0002001906-000130,0002001906-000130,BR_00000025,BR_00000008,numeric-chain-000045,5,38,46,1225,0.8,770,810,DC51D+Z,普碳,SPHC,软钢,normal_real,,,,,,,
diagnostic_candidate,True,0002001854-000240,0002001854-000240,0002001854-000240,BR_00000024,BR_00000008,numeric-chain-000045,5,39,23,1225,0.8,770,810,DC51D+Z,普碳,SPHC,软钢,normal_real,,,,,,,
diagnostic_candidate,True,0002002006-000010,0002002006-000010,0002002006-000010,BR_00000030,BR_00000008,numeric-chain-000045,5,40,20,1220,1,770,810,DC51D+Z,IF钢,SPHETI-3,软钢,normal_real,,,,,,,
diagnostic_candidate,True,0005000514-000110,0005000514-000110,0005000514-000110,BR_00000024,BR_00000008,numeric-chain-000127,6,1,23,1496,2.2,735,755,CR240LA,低合金高强,H260LAD-3,硬钢,normal_real,,,,,,,
diagnostic_candidate,True,0030114668-000040,0030114668-000040,0030114668-000040,BR_00000024,BR_00000008,numeric-chain-000127,6,2,23,1397,2,740,780,CR420LA,低合金高强,H420LAD-3,硬钢,normal_real,,,,,,,
diagnostic_candidate,True,0005000555-000050,0005000555-000050,0005000555-000050,BR_00000030,BR_00000008,numeric-chain-000127,6,3,23,1366,2.5,760,780,CR340LA,低合金高强,H340LA-3,硬钢,normal_real,,,,,,,
diagnostic_candidate,True,0005000548-000020,0005000548-000020,0005000548-000020,BR_00000030,BR_00000008,numeric-chain-000127,6,4,7,1361,2,755,775,CR240LA,低合金高强,H260LAD-3,硬钢,normal_real,,,,,,,
diagnostic_candidate,True,0005000463-000070,0005000463-000070,0005000463-000070,BR_00000012,BR_00000008,numeric-chain-000127,6,5,23,1339,2.5,760,780,CR340LA,低合金高强,H340LA-3,硬钢,normal_real,,,,,,,
diagnostic_candidate,True,0005000563-000100,0005000563-000100,0005000563-000100,BR_00000036,BR_00000008,numeric-chain-000127,6,6,21,1325,2,755,775,CR240LA,低合金高强,H260LAD-3,硬钢,normal_real,,,,,,,
diagnostic_candidate,True,0030107881-000010,0030107881-000010,0030107881-000010,BR_00000018,BR_00000008,numeric-chain-000127,6,7,23,1307,1.5,700,840,DC51D+Z,普碳,SPHC,软钢,actual_transition,,,,,,,
diagnostic_candidate,True,0002001780-000150,0002001780-000150,0002001780-000150,BR_00000024,BR_00000008,numeric-chain-000127,6,8,23,1300,1.2,770,810,DC51D+Z,普碳,SPHC,软钢,normal_real,,,,,,,
diagnostic_candidate,True,0002001906-000160,0002001906-000160,0002001906-000160,BR_00000025,BR_00000008,numeric-chain-000127,6,9,16,1295,1.4,770,810,DC51D+Z,普碳,SPHC,软钢,normal_real,,,,,,,
diagnostic_candidate,True,0002001854-000260,0002001854-000260,0002001854-000260,BR_00000024,BR_00000008,numeric-chain-000127,6,10,46,1295,1.4,770,810,DC51D+Z,普碳,SPHC,软钢,normal_real,,,,,,,
diagnostic_candidate,True,0002002024-000190,0002002024-000190,0002002024-000190,BR_00000030,BR_00000008,numeric-chain-000127,6,11,23,1285,1.6,770,810,DC51D+Z,普碳,SPHC,软钢,normal_real,,,,,,,
diagnostic_candidate,True,0002002024-000200,0002002024-000200,0002002024-000200,BR_00000030,BR_00000008,numeric-chain-000127,6,12,23,1283,2,770,810,DC51D+Z,普碳,SPHC,软钢,normal_real,,,,,,,
diagnostic_candidate,True,0002001873-000070,0002001873-000070,0002001873-000070,BR_00000024,BR_00000008,numeric-chain-000127,6,13,23,1283,2,770,810,DC51D+Z,普碳,SPHC,软钢,normal_real,,,,,,,
diagnostic_candidate,True,0002002170-000040,0002002170-000040,0002002170-000040,BR_00000036,BR_00000008,numeric-chain-000127,6,14,23,1251,1.8,770,810,DC51D+Z,普碳,SPHC,软钢,normal_real,,,,,,,
diagnostic_candidate,True,0002001860-000510,0002001860-000510,0002001860-000510,BR_00000024,BR_00000008,numeric-chain-000127,6,15,24,1251,1.8,770,810,DC51D+Z,普碳,SPHC,软钢,normal_real,,,,,,,
diagnostic_candidate,True,0030102732-000240,0030102732-000240,0030102732-000240,BR_00000009,BR_00000008,numeric-chain-000127,6,16,48,1250,1.5,700,840,DC51D+Z,普碳,SPHC,软钢,actual_transition,,,,,,,
diagnostic_candidate,True,0030102517-000120,0030102517-000120,0030102517-000120,BR_00000009,BR_00000008,numeric-chain-000127,6,17,75,1250,1.8,700,720,DC51D+Z,普碳,SPHC,软钢,actual_transition,,,,,,,
diagnostic_candidate,True,0030105930-000030,0030105930-000030,0030105930-000030,BR_00000012,BR_00000008,numeric-chain-000127,6,18,144,1250,2,700,720,DX51D+Z3,深冲钢（PD）,DD12BB,软钢,normal_real,,,,,,,
diagnostic_candidate,True,0030103526-000160,0030103526-000160,0030103526-000160,BR_00000012,BR_00000008,numeric-chain-000127,6,19,48,1250,2,700,720,DC51D+Z,普碳,SPHC,软钢,actual_transition,,,,,,,
diagnostic_candidate,True,0030112954-000040,0030112954-000040,0030112954-000040,BR_00000024,BR_00000008,numeric-chain-000127,6,20,24,1250,2.5,700,720,DC51D+Z,普碳,SPHC,软钢,actual_transition,,,,,,,
diagnostic_candidate,True,0030120875-000020,0030120875-000020,0030120875-000020,BR_00000032,BR_00000008,numeric-chain-000127,6,21,48,1250,2.5,700,720,DC51D+Z,普碳,SPHC,软钢,actual_transition,,,,,,,
diagnostic_candidate,True,0030122899-000050,0030122899-000050,0030122899-000050,BR_00000036,BR_00000008,numeric-chain-000127,6,22,240,1250,2.5,700,720,DC51D+Z,普碳,SPHC,软钢,actual_transition,,,,,,,
diagnostic_candidate,True,0010017445-000050,0010017445-000050,0010017445-000050,BR_00000025,BR_00000008,numeric-chain-000127,6,23,216,1250,2.5,700,720,DC51D+Z,普碳,SPHC,软钢,actual_transition,,,,,,,
diagnostic_candidate,True,0030101768-000140,0030101768-000140,0030101768-000140,BR_00000008,BR_00000008,numeric-chain-000127,6,24,96,1250,2.5,700,720,DC51D+Z,普碳,SPHC,软钢,actual_transition,,,,,,,
diagnostic_candidate,True,0030107311-000120,0030107311-000120,0030107311-000120,BR_00000018,BR_00000008,numeric-chain-000127,6,25,48,1250,2.5,700,720,DC51D+Z,普碳,SPHC,软钢,actual_transition,,,,,,,
diagnostic_candidate,True,0030102943-000050,0030102943-000050,0030102943-000050,BR_00000012,BR_00000008,numeric-chain-000127,6,26,72,1250,2.5,700,840,DC51D+Z,普碳,SPHC,软钢,actual_transition,,,,,,,
diagnostic_candidate,True,0030119862-000110,0030119862-000110,0030119862-000110,BR_00000030,BR_00000008,numeric-chain-000127,6,27,24,1243,2,770,810,DC51D+Z,深冲钢（PD）,SPHCQ,软钢,normal_real,,,,,,,
diagnostic_candidate,True,0030106199-000050,0030106199-000050,0030106199-000050,BR_00000012,BR_00000008,numeric-chain-000127,6,28,24,1243,2,770,810,DC51D+Z,深冲钢（PD）,SPHCQ,软钢,normal_real,,,,,,,
diagnostic_candidate,True,0030114755-000050,0030114755-000050,0030114755-000050,BR_00000024,BR_00000008,numeric-chain-000127,6,29,24,1240,1.5,700,840,DC51D+Z,普碳,SPHC,软钢,normal_real,,,,,,,
diagnostic_candidate,True,0002002053-000010,0002002053-000010,0002002053-000010,BR_00000030,BR_00000008,numeric-chain-000127,6,30,21,1219,1.5,815,835,DX51D+Z-MD,普碳,SPHC,软钢,normal_real,,,,,,,
diagnostic_candidate,True,0005000548-000050,0005000548-000050,0005000548-000050,BR_00000030,BR_00000008,numeric-chain-000127,6,31,7,1214,1.5,820,840,CR240BH,加磷高强、烘烤硬化钢,H240BH,软钢,normal_real,,,,,,,
diagnostic_candidate,True,0002002074-000010,0002002074-000010,0002002074-000010,BR_00000036,BR_00000008,numeric-chain-000127,6,32,150,1200,2,820,840,DX53D+Z-MD,IF钢,SPHETI-5,软钢,normal_real,,,,,,,
diagnostic_candidate,True,0030119938-000310,0030119938-000310,0030119938-000310,BR_00000030,BR_00000008,numeric-chain-000127,6,33,96,1200,2.49,820,840,DC53D+Z,IF钢,SPHETI-5,软钢,normal_real,,,,,,,
diagnostic_candidate,True,0030122647-000550,0030122647-000550,0030122647-000550,BR_00000036,BR_00000008,numeric-chain-000127,6,34,72,1200,2.49,820,840,DC53D+Z,IF钢,SPHETI-5,软钢,normal_real,,,,,,,
diagnostic_candidate,True,0005000546-000050,0005000546-000050,0005000546-000050,BR_00000030,BR_00000008,numeric-chain-000127,6,35,7,1196,2,830,850,CR180BH,加磷高强、烘烤硬化钢,H180BH,软钢,normal_real,,,,,,,
diagnostic_candidate,True,0005000509-000020,0005000509-000020,0005000509-000020,BR_00000024,BR_00000008,numeric-chain-000127,6,36,7,1196,2,830,850,CR180BH,加磷高强、烘烤硬化钢,H180BH,软钢,normal_real,,,,,,,
diagnostic_candidate,True,0005000483-000060,0005000483-000060,0005000483-000060,BR_00000014,BR_00000008,numeric-chain-000127,6,37,14,1188,2.1,830,850,CR180BH,加磷高强、烘烤硬化钢,H180BH,软钢,normal_real,,,,,,,
diagnostic_candidate,True,0030110551-000040,0030110551-000040,0030110551-000040,BR_00000018,BR_00000008,numeric-chain-000127,6,38,20,1185,1.8,820,860,CR3,IF钢,SPHETI-36,软钢,normal_real,,,,,,,
diagnostic_candidate,True,0030118981-000050,0030118981-000050,0030118981-000050,BR_00000030,BR_00000008,numeric-chain-000127,6,39,20,1185,1.8,820,860,CR3,IF钢,SPHETI-36,软钢,normal_real,,,,,,,
diagnostic_candidate,True,0030105923-000080,0030105923-000080,0030105923-000080,BR_00000012,BR_00000008,numeric-chain-000127,6,40,20,1185,1.8,820,860,CR3,IF钢,SPHETI-36,软钢,normal_real,,,,,,,
diagnostic_candidate,True,0030114755-000060,0030114755-000060,0030114755-000060,BR_00000024,BR_00000008,numeric-chain-000127,6,41,24,1170,1.5,820,840,DC53D+Z,IF钢,SPHETI-5,软钢,normal_real,,,,,,,
diagnostic_candidate,True,0030105931-000110,0030105931-000110,0030105931-000110,BR_00000012,BR_00000008,numeric-chain-000127,6,42,24,1170,1.5,820,840,DC53D+Z,IF钢,SPHETI-5,软钢,normal_real,,,,,,,
diagnostic_candidate,True,0030120757-000050,0030120757-000050,0030120757-000050,BR_00000031,BR_00000008,numeric-chain-000127,6,43,24,1164,2,830,850,DC54D+Z,IF钢,SPHETI-5,软钢,normal_real,,,,,,,
diagnostic_candidate,True,0002001648-000110,0002001648-000110,0002001648-000110,BR_00000012,BR_00000009,numeric-chain-000093,1,1,208,1365,0.5,820,840,DX53D+Z-CD,IF钢,SPHETI-5,软钢,normal_real,,,,,,,
diagnostic_candidate,True,0030106987-000080,0030106987-000080,0030106987-000080,BR_00000018,BR_00000009,numeric-chain-000093,1,2,96,1360,0.45,700,840,DX51D+Z,普碳,SPHC,软钢,actual_transition,,,,,,,
diagnostic_candidate,True,0002002054-000010,0002002054-000010,0002002054-000010,BR_00000030,BR_00000009,numeric-chain-000093,1,3,192,1365,0.5,820,840,DX53D+Z-CD,IF钢,SPHETI-5,软钢,normal_real,,,,,,,
diagnostic_candidate,True,0030108585-000030,0030108585-000030,0030108585-000030,BR_00000018,BR_00000009,numeric-chain-000093,1,4,48,1326,0.4,700,840,DC51D+Z-Q,深冲钢（PD）,SPHCQ,软钢,normal_real,,,,,,,
diagnostic_candidate,True,0030113258-000030,0030113258-000030,0030113258-000030,BR_00000024,BR_00000009,numeric-chain-000093,1,5,48,1326,0.4,700,840,DC51D+Z,普碳,SPHC,软钢,normal_real,,,,,,,
diagnostic_candidate,True,0030125168-000030,0030125168-000030,0030125168-000030,BR_00000036,BR_00000009,numeric-chain-000093,1,6,48,1326,0.4,700,840,DC51D+Z,普碳,SPHC,软钢,normal_real,,,,,,,
diagnostic_candidate,True,0030123654-000020,0030123654-000020,0030123654-000020,BR_00000036,BR_00000009,numeric-chain-000093,1,7,48,1346,0.5,715,735,DX51D+Z1,普碳,SPHC,软钢,normal_real,,,,,,,
diagnostic_candidate,True,0030125168-000020,0030125168-000020,0030125168-000020,BR_00000036,BR_00000009,numeric-chain-000093,1,8,48,1306,0.4,700,840,DC51D+Z,普碳,SPHC,软钢,normal_real,,,,,,,
diagnostic_candidate,True,0030113258-000020,0030113258-000020,0030113258-000020,BR_00000024,BR_00000009,numeric-chain-000093,1,9,72,1306,0.4,700,840,DC51D+Z,普碳,SPHC,软钢,normal_real,,,,,,,
diagnostic_candidate,True,0030106969-000010,0030106969-000010,0030106969-000010,BR_00000013,BR_00000009,numeric-chain-000093,1,10,48,1303,0.5,820,840,DX53D+Z-LG,IF钢,SPHETI-5,软钢,normal_real,,,,,,,
diagnostic_candidate,True,0030108542-000050,0030108542-000050,0030108542-000050,BR_00000018,BR_00000009,numeric-chain-000093,1,11,24,1295,0.5,820,840,DX53D+Z-LG,IF钢,SPHETI-5,软钢,normal_real,,,,,,,
diagnostic_candidate,True,0030113258-000060,0030113258-000060,0030113258-000060,BR_00000024,BR_00000009,numeric-chain-000093,1,12,24,1278,0.4,700,840,DC51D+Z,普碳,SPHC,软钢,normal_real,,,,,,,
diagnostic_candidate,True,0030106720-000070,0030106720-000070,0030106720-000070,BR_00000018,BR_00000009,numeric-chain-000093,1,13,48,1275,0.45,820,840,DC53D+Z,IF钢,SPHETI-5,软钢,normal_real,,,,,,,
diagnostic_candidate,True,0002002054-000270,0002002054-000270,0002002054-000270,BR_00000030,BR_00000009,numeric-chain-000093,1,14,21,1258,0.4,815,835,DX51D+Z-MD,普碳,SPHC,软钢,normal_real,,,,,,,
diagnostic_candidate,True,0002001757-000140,0002001757-000140,0002001757-000140,BR_00000018,BR_00000009,numeric-chain-000093,1,15,92,1258,0.4,815,835,DX51D+Z-MD,普碳,SPHC,软钢,normal_real,,,,,,,
diagnostic_candidate,True,0002001898-000010,0002001898-000010,0002001898-000010,BR_00000024,BR_00000009,numeric-chain-000093,1,16,22,1258,0.4,815,835,DX51D+Z-MD,普碳,SPHC,软钢,normal_real,,,,,,,
diagnostic_candidate,True,0030106987-000110,0030106987-000110,0030106987-000110,BR_00000018,BR_00000009,numeric-chain-000093,1,17,48,1255,0.45,700,840,DX51D+Z,普碳,SPHC,软钢,actual_transition,,,,,,,
diagnostic_candidate,True,0030106720-000100,0030106720-000100,0030106720-000100,BR_00000018,BR_00000009,numeric-chain-000093,1,18,24,1250,0.4,700,840,DC51D+Z,普碳,SPHC,软钢,actual_transition,,,,,,,
diagnostic_candidate,True,0030106720-000040,0030106720-000040,0030106720-000040,BR_00000018,BR_00000009,numeric-chain-000093,1,19,48,1250,0.4,700,840,DC51D+Z,普碳,SPHC,软钢,actual_transition,,,,,,,
diagnostic_candidate,True,0030107311-000140,0030107311-000140,0030107311-000140,BR_00000018,BR_00000009,numeric-chain-000093,1,20,48,1250,0.5,700,840,DC51D+Z,普碳,SPHC,软钢,actual_transition,,,,,,,
diagnostic_candidate,True,0030106897-000010,0030106897-000010,0030106897-000010,BR_00000018,BR_00000009,numeric-chain-000093,1,21,48,1250,0.5,700,840,DC51D+Z,普碳,SPHC,软钢,actual_transition,,,,,,,
diagnostic_candidate,True,0030102517-000010,0030102517-000010,0030102517-000010,BR_00000009,BR_00000009,numeric-chain-000093,1,22,50,1250,0.5,700,840,DC51D+Z,普碳,SPHC,软钢,actual_transition,,,,,,,
diagnostic_candidate,True,0030106242-000100,0030106242-000100,0030106242-000100,BR_00000012,BR_00000009,numeric-chain-000093,1,23,48,1250,0.5,820,840,DX53D+Z-LG,IF钢,SPHETI-5,软钢,normal_real,,,,,,,
diagnostic_candidate,True,0030107311-000160,0030107311-000160,0030107311-000160,BR_00000018,BR_00000009,numeric-chain-000093,1,24,24,1250,0.6,700,840,DC51D+Z,普碳,SPHC,软钢,actual_transition,,,,,,,
diagnostic_candidate,True,0030124081-000010,0030124081-000010,0030124081-000010,BR_00000036,BR_00000009,numeric-chain-000093,1,25,48,1250,0.75,700,840,DC51D+Z,普碳,SPHC,软钢,actual_transition,,,,,,,
diagnostic_candidate,True,0002002054-000150,0002002054-000150,0002002054-000150,BR_00000030,BR_00000009,numeric-chain-000093,1,26,42,1250,0.8,815,835,DX51D+Z-MD,普碳,SPHC,软钢,normal_real,,,,,,,
diagnostic_candidate,True,0010014822-000010,0010014822-000010,0010014822-000010,BR_00000012,BR_00000009,numeric-chain-000093,1,27,24,1250,1,700,840,DC51D+Z,普碳,SPHC,软钢,actual_transition,,,,,,,
diagnostic_candidate,True,0005000464-000410,0005000464-000410,0005000464-000410,BR_00000012,BR_00000009,numeric-chain-000093,1,28,40,1230,0.8,715,735,CR270LA,低合金高强,H260LAD-3,硬钢,normal_real,,,,,,,
diagnostic_candidate,True,0005000547-000470,0005000547-000470,0005000547-000470,BR_00000030,BR_00000009,numeric-chain-000093,1,29,80,1230,0.8,715,735,CR270LA,低合金高强,H260LAD-3,硬钢,normal_real,,,,,,,
diagnostic_candidate,True,0005000501-000420,0005000501-000420,0005000501-000420,BR_00000024,BR_00000009,numeric-chain-000093,1,30,40,1230,0.8,715,735,CR270LA,低合金高强,H260LAD-3,硬钢,normal_real,,,,,,,
diagnostic_candidate,True,0005000501-000200,0005000501-000200,0005000501-000200,BR_00000024,BR_00000009,numeric-chain-000093,1,31,21,1210,0.8,720,760,CR420LA,低合金高强,H420LAD-3,硬钢,normal_real,,,,,,,
diagnostic_candidate,True,0005000547-000230,0005000547-000230,0005000547-000230,BR_00000030,BR_00000009,numeric-chain-000093,1,32,21,1210,0.8,720,760,CR420LA,低合金高强,H420LAD-3,硬钢,normal_real,,,,,,,
diagnostic_candidate,True,0005000501-000390,0005000501-000390,0005000501-000390,BR_00000024,BR_00000009,numeric-chain-000093,1,33,20,1185,0.8,730,750,CR380LA,低合金高强,H380LA-3,硬钢,normal_real,,,,,,,
diagnostic_candidate,True,0030118429-000020,0030118429-000020,0030118429-000020,BR_00000030,BR_00000009,numeric-chain-000093,1,34,22,1120,0.6,700,840,DC51D+Z,普碳,SPHC,软钢,actual_transition,,,,,,,
diagnostic_candidate,True,0005000501-000740,0005000501-000740,0005000501-000740,BR_00000024,BR_00000009,numeric-chain-000093,1,35,40,1105,0.8,810,830,CR240LA,低合金高强,H260LAD-3,硬钢,normal_real,,,,,,,
diagnostic_candidate,True,0030108320-000020,0030108320-000020,0030108320-000020,BR_00000018,BR_00000009,numeric-chain-000093,1,36,46,1100,0.8,700,840,DC51D+Z,普碳,SPHC,软钢,actual_transition,,,,,,,
diagnostic_candidate,True,0005000464-000250,0005000464-000250,0005000464-000250,BR_00000012,BR_00000009,numeric-chain-000093,1,37,20,1085,1,720,760,CR420LA,低合金高强,H420LAD-3,硬钢,normal_real,,,,,,,
diagnostic_candidate,True,0005000501-000300,0005000501-000300,0005000501-000300,BR_00000024,BR_00000009,numeric-chain-000093,1,38,20,1085,1,720,760,CR420LA,低合金高强,H420LAD-3,硬钢,normal_real,,,,,,,
diagnostic_candidate,True,0005000547-000350,0005000547-000350,0005000547-000350,BR_00000030,BR_00000009,numeric-chain-000093,1,39,20,1085,1,720,760,CR420LA,低合金高强,H420LAD-3,硬钢,normal_real,,,,,,,
diagnostic_candidate,True,0005000501-000040,0005000501-000040,0005000501-000040,BR_00000024,BR_00000009,numeric-chain-000093,1,40,20,1085,1.2,730,770,CR420LA,低合金高强,H420LAD-3,硬钢,normal_real,,,,,,,
diagnostic_candidate,True,0005000547-000040,0005000547-000040,0005000547-000040,BR_00000030,BR_00000009,numeric-chain-000093,1,41,20,1085,1.2,730,770,CR420LA,低合金高强,H420LAD-3,硬钢,normal_real,,,,,,,
diagnostic_candidate,True,0030119797-000010,0030119797-000010,0030119797-000010,BR_00000030,BR_00000009,numeric-chain-000093,1,42,23,1079,1,700,840,DC51D+Z,普碳,SPHC,软钢,actual_transition,,,,,,,
diagnostic_candidate,True,0005000546-000030,0005000546-000030,0005000546-000030,BR_00000030,BR_00000009,numeric-chain-000093,1,43,7,1075,1,790,810,CR240LA,低合金高强,H260LAD-3,硬钢,normal_real,,,,,,,
diagnostic_candidate,True,0030123255-000010,0030123255-000010,0030123255-000010,BR_00000036,BR_00000009,numeric-chain-000040,2,1,92,1350,0.6,820,840,HC180BD+Z,加磷高强、烘烤硬化钢,H180BH1,软钢,normal_real,,,,,,,
diagnostic_candidate,True,0002002184-000040,0002002184-000040,0002002184-000040,BR_00000036,BR_00000009,numeric-chain-000040,2,2,92,1354,0.7,830,850,DC56D+Z,IF钢,SPHETI-3,软钢,normal_real,,,,,,,
diagnostic_candidate,True,0030119860-000010,0030119860-000010,0030119860-000010,BR_00000030,BR_00000009,numeric-chain-000040,2,3,72,1360,0.7,820,840,DC53D+Z,IF钢,SPHETI-5,软钢,normal_real,,,,,,,
diagnostic_candidate,True,0030114755-000010,0030114755-000010,0030114755-000010,BR_00000024,BR_00000009,numeric-chain-000040,2,4,72,1350,0.8,700,840,DC51D+Z,普碳,SPHC,软钢,normal_real,,,,,,,
diagnostic_candidate,True,0030125207-000070,0030125207-000070,0030125207-000070,BR_00000036,BR_00000009,numeric-chain-000040,2,5,24,1349,0.9,770,810,DC51D+Z,深冲钢（PD）,SPHCQ,软钢,normal_real,,,,,,,
diagnostic_candidate,True,0002002024-000060,0002002024-000060,0002002024-000060,BR_00000030,BR_00000009,numeric-chain-000040,2,6,23,1341,1,770,810,DC51D+Z,普碳,SPHC,软钢,normal_real,,,,,,,
diagnostic_candidate,True,0002001627-000030,0002001627-000030,0002001627-000030,BR_00000012,BR_00000009,numeric-chain-000040,2,7,23,1341,1,770,810,DC51D+Z,普碳,SPHC,软钢,normal_real,,,,,,,
diagnostic_candidate,True,0030108542-000100,0030108542-000100,0030108542-000100,BR_00000018,BR_00000009,numeric-chain-000040,2,8,48,1335,0.8,770,810,DX52D+Z-LG,深冲钢（PD）,SPHCQ,软钢,normal_real,,,,,,,
diagnostic_candidate,True,0002002185-000120,0002002185-000120,0002002185-000120,BR_00000036,BR_00000009,numeric-chain-000040,2,9,23,1333,0.8,770,810,DC51D+Z,IF钢,SPHETI-3,软钢,normal_real,,,,,,,
diagnostic_candidate,True,0002001874-000070,0002001874-000070,0002001874-000070,BR_00000024,BR_00000009,numeric-chain-000040,2,10,23,1333,0.8,770,810,DC51D+Z,普碳,SPHC,软钢,normal_real,,,,,,,
diagnostic_candidate,True,0030124800-000020,0030124800-000020,0030124800-000020,BR_00000036,BR_00000009,numeric-chain-000040,2,11,24,1332,1,770,810,DX52D+Z,深冲钢（PD）,SPHCQ,软钢,normal_real,,,,,,,
diagnostic_candidate,True,0002001906-000040,0002001906-000040,0002001906-000040,BR_00000025,BR_00000009,numeric-chain-000040,2,12,23,1330,1,770,810,DC51D+Z,普碳,SPHC,软钢,normal_real,,,,,,,
diagnostic_candidate,True,0002002024-000010,0002002024-000010,0002002024-000010,BR_00000030,BR_00000009,numeric-chain-000040,2,13,23,1323,1.2,770,810,DC51D+Z,普碳,SPHC,软钢,normal_real,,,,,,,
diagnostic_candidate,True,0002001854-000210,0002001854-000210,0002001854-000210,BR_00000024,BR_00000009,numeric-chain-000040,2,14,23,1300,1.2,770,810,DC51D+Z,普碳,SPHC,软钢,normal_real,,,,,,,
diagnostic_candidate,True,0030106995-000070,0030106995-000070,0030106995-000070,BR_00000013,BR_00000009,numeric-chain-000040,2,15,48,1300,1.2,795,815,HC220YD+Z,加磷高强、烘烤硬化钢,H220Y,软钢,normal_real,,,,,,,
diagnostic_candidate,True,0030105416-000070,0030105416-000070,0030105416-000070,BR_00000012,BR_00000009,numeric-chain-000040,2,16,24,1299,1.1,800,820,HC260YD+Z,加磷高强、烘烤硬化钢,H260Y,软钢,normal_real,,,,,,,
diagnostic_candidate,True,0030114354-000020,0030114354-000020,0030114354-000020,BR_00000024,BR_00000009,numeric-chain-000040,2,17,24,1292,1.2,810,830,HC180YD+Z,加磷高强、烘烤硬化钢,H180YD,软钢,normal_real,,,,,,,
diagnostic_candidate,True,0030114739-000020,0030114739-000020,0030114739-000020,BR_00000024,BR_00000009,numeric-chain-000040,2,18,24,1282,1.2,810,830,HC180YD+Z,加磷高强、烘烤硬化钢,H180YD,软钢,normal_real,,,,,,,
diagnostic_candidate,True,0030104503-000040,0030104503-000040,0030104503-000040,BR_00000012,BR_00000009,numeric-chain-000040,2,19,48,1280,1,800,820,HC260YD+Z,加磷高强、烘烤硬化钢,H260Y,软钢,normal_real,,,,,,,
diagnostic_candidate,True,0030115672-000040,0030115672-000040,0030115672-000040,BR_00000025,BR_00000009,numeric-chain-000040,2,20,24,1280,1,800,820,HC260YD+Z,加磷高强、烘烤硬化钢,H260Y,软钢,normal_real,,,,,,,
diagnostic_candidate,True,0002001750-000050,0002001750-000050,0002001750-000050,BR_00000018,BR_00000009,numeric-chain-000040,2,21,24,1278,1.2,770,810,DC51D+Z,普碳,SPHC,软钢,normal_real,,,,,,,
diagnostic_candidate,True,0030102943-000020,0030102943-000020,0030102943-000020,BR_00000012,BR_00000009,numeric-chain-000040,2,22,72,1265,1,700,840,DC51D+Z,普碳,SPHC,软钢,actual_transition,,,,,,,
diagnostic_candidate,True,0030116618-000060,0030116618-000060,0030116618-000060,BR_00000030,BR_00000009,numeric-chain-000040,2,23,48,1259,1.2,820,840,DC53D+Z,IF钢,SPHETI-5,软钢,normal_real,,,,,,,
diagnostic_candidate,True,0030105416-000170,0030105416-000170,0030105416-000170,BR_00000012,BR_00000009,numeric-chain-000040,2,24,24,1253,1,830,850,DC56D+Z,IF钢,SPHETI-3,软钢,normal_real,,,,,,,
diagnostic_candidate,True,0030103526-000020,0030103526-000020,0030103526-000020,BR_00000012,BR_00000009,numeric-chain-000040,2,25,48,1250,0.8,700,840,DC51D+Z,普碳,SPHC,软钢,actual_transition,,,,,,,
diagnostic_candidate,True,0002001899-000150,0002001899-000150,0002001899-000150,BR_00000024,BR_00000009,numeric-chain-000040,2,26,66,1250,0.8,815,835,DX51D+Z-MD,普碳,SPHC,软钢,normal_real,,,,,,,
diagnostic_candidate,True,0030118641-000030,0030118641-000030,0030118641-000030,BR_00000030,BR_00000009,numeric-chain-000040,2,27,230,1250,1,700,840,DC51D+Z,普碳,SPHC,软钢,actual_transition,,,,,,,
diagnostic_candidate,True,0030107311-000200,0030107311-000200,0030107311-000200,BR_00000018,BR_00000009,numeric-chain-000040,2,28,48,1250,1,700,840,DC51D+Z,普碳,SPHC,软钢,actual_transition,,,,,,,
diagnostic_candidate,True,0030124735-000100,0030124735-000100,0030124735-000100,BR_00000036,BR_00000009,numeric-chain-000040,2,29,24,1250,1,700,840,DX51D+Z,普碳,SPHC,软钢,actual_transition,,,,,,,
diagnostic_candidate,True,0030102732-000220,0030102732-000220,0030102732-000220,BR_00000009,BR_00000009,numeric-chain-000040,2,30,48,1250,1,700,840,DC51D+Z,普碳,SPHC,软钢,actual_transition,,,,,,,
diagnostic_candidate,True,0030105098-000020,0030105098-000020,0030105098-000020,BR_00000012,BR_00000009,numeric-chain-000040,2,31,115,1250,1,700,840,DC51D+Z,普碳,SPHC,软钢,actual_transition,,,,,,,
diagnostic_candidate,True,0030114668-000020,0030114668-000020,0030114668-000020,BR_00000024,BR_00000009,numeric-chain-000040,2,32,23,1235,0.9,730,750,CR380LA,低合金高强,H380LA-3,硬钢,normal_real,,,,,,,
diagnostic_candidate,True,0030114668-000010,0030114668-000010,0030114668-000010,BR_00000024,BR_00000009,numeric-chain-000040,2,33,23,1205,1.1,740,760,CR300LA,低合金高强,H300LA-3,硬钢,normal_real,,,,,,,
diagnostic_candidate,True,0030117976-000020,0030117976-000020,0030117976-000020,BR_00000030,BR_00000009,numeric-chain-000040,2,34,120,1201,1,700,840,DC51D+Z,普碳,SPHC,软钢,actual_transition,,,,,,,
diagnostic_candidate,True,0005000464-000370,0005000464-000370,0005000464-000370,BR_00000012,BR_00000009,numeric-chain-000040,2,35,20,1190,1,790,810,CR240LA,低合金高强,H260LAD-3,硬钢,normal_real,,,,,,,
diagnostic_candidate,True,0005000501-000400,0005000501-000400,0005000501-000400,BR_00000024,BR_00000009,numeric-chain-000040,2,36,20,1190,1,790,810,CR240LA,低合金高强,H260LAD-3,硬钢,normal_real,,,,,,,
diagnostic_candidate,True,0005000547-000250,0005000547-000250,0005000547-000250,BR_00000030,BR_00000009,numeric-chain-000040,2,37,21,1157,1,790,810,CR240LA,低合金高强,H260LAD-3,硬钢,normal_real,,,,,,,
diagnostic_candidate,True,0005000547-000430,0005000547-000430,0005000547-000430,BR_00000030,BR_00000009,numeric-chain-000040,2,38,21,1145,1,790,810,CR240LA,低合金高强,H260LAD-3,硬钢,normal_real,,,,,,,
diagnostic_candidate,True,0005000464-000330,0005000464-000330,0005000464-000330,BR_00000012,BR_00000009,numeric-chain-000040,2,39,42,1145,1,790,810,CR240LA,低合金高强,H260LAD-3,硬钢,normal_real,,,,,,,
diagnostic_candidate,True,0005000563-000300,0005000563-000300,0005000563-000300,BR_00000036,BR_00000009,numeric-chain-000040,2,40,21,1145,1,790,810,CR240LA,低合金高强,H260LAD-3,硬钢,normal_real,,,,,,,
diagnostic_candidate,True,0005000501-000380,0005000501-000380,0005000501-000380,BR_00000024,BR_00000009,numeric-chain-000040,2,41,42,1145,1,790,810,CR240LA,低合金高强,H260LAD-3,硬钢,normal_real,,,,,,,
diagnostic_candidate,True,0005000501-000690,0005000501-000690,0005000501-000690,BR_00000024,BR_00000009,numeric-chain-000040,2,42,20,1135,0.9,790,810,CR240LA,低合金高强,H260LAD-3,硬钢,normal_real,,,,,,,
diagnostic_candidate,True,0030124574-000010,0030124574-000010,0030124574-000010,BR_00000036,BR_00000009,numeric-chain-000040,2,43,23,1100,1,700,840,DC51D+Z,普碳,SPHC,软钢,actual_transition,,,,,,,
diagnostic_candidate,True,0030120939-000070,0030120939-000070,0030120939-000070,BR_00000032,BR_00000009,numeric-chain-000040,2,44,23,1100,1.2,810,830,HC180YD+Z,加磷高强、烘烤硬化钢,H180YD,软钢,normal_real,,,,,,,
diagnostic_candidate,True,0002002054-000140,0002002054-000140,0002002054-000140,BR_00000030,BR_00000009,numeric-chain-000040,2,45,21,1100,1.2,815,835,DX51D+Z-MD,普碳,SPHC,软钢,normal_real,,,,,,,
diagnostic_candidate,True,0002001757-000070,0002001757-000070,0002001757-000070,BR_00000018,BR_00000009,numeric-chain-000040,2,46,22,1100,1.2,815,835,DX51D+Z-MD,普碳,SPHC,软钢,normal_real,,,,,,,
diagnostic_candidate,True,0002001750-000140,0002001750-000140,0002001750-000140,BR_00000018,BR_00000009,numeric-chain-000041,3,1,64,1315,0.6,830,850,DC53D+Z,IF钢,SPHETI-3,软钢,normal_real,,,,,,,
diagnostic_candidate,True,0030103920-000030,0030103920-000030,0030103920-000030,BR_00000012,BR_00000009,numeric-chain-000041,3,2,100,1315,0.6,830,850,SCG4+Z,IF钢,SPHETI-3,软钢,normal_real,,,,,,,
diagnostic_candidate,True,0030123143-000030,0030123143-000030,0030123143-000030,BR_00000036,BR_00000009,numeric-chain-000041,3,3,175,1315,0.6,830,850,SCG4+Z,IF钢,SPHETI-3,软钢,normal_real,,,,,,,
diagnostic_candidate,True,0030102088-000020,0030102088-000020,0030102088-000020,BR_00000009,BR_00000009,numeric-chain-000041,3,4,88,1312,0.75,830,850,CR3,IF钢,SPHETI-36,软钢,normal_real,,,,,,,
diagnostic_candidate,True,0030122759-000020,0030122759-000020,0030122759-000020,BR_00000036,BR_00000009,numeric-chain-000041,3,5,22,1312,0.75,830,850,CR3,IF钢,SPHETI-36,软钢,normal_real,,,,,,,
diagnostic_candidate,True,0030112686-000010,0030112686-000010,0030112686-000010,BR_00000024,BR_00000009,numeric-chain-000041,3,6,44,1312,0.75,830,850,CR3,IF钢,SPHETI-36,软钢,normal_real,,,,,,,
diagnostic_candidate,True,virtual-000012,,,,BR_00000009,numeric-chain-000041,3,7,20.00,1250,0.80,820,850,SPHC,,SPHC,,virtual_sphc,,"{""accepted_sequence"":12,""prototype_id"":""virtual_sphc:1250x0.8"",""purpose"":""edge_bridge"",""related_partition_id"":null}",,,,,
diagnostic_candidate,True,0002001998-000100,0002001998-000100,0002001998-000100,BR_00000030,BR_00000009,numeric-chain-000041,3,8,160,1195,0.65,830,850,DC53D+Z,IF钢,SPHETI-3,软钢,normal_real,,,,,,,
diagnostic_candidate,True,0002001765-000070,0002001765-000070,0002001765-000070,BR_00000018,BR_00000009,numeric-chain-000041,3,9,216,1195,0.65,830,850,DC53D+Z,IF钢,SPHETI-3,软钢,normal_real,,,,,,,
diagnostic_candidate,True,0030106245-000010,0030106245-000010,0030106245-000010,BR_00000012,BR_00000009,numeric-chain-000041,3,10,24,1190,0.6,820,840,DC53D+Z,IF钢,SPHETI-5,软钢,normal_real,,,,,,,
diagnostic_candidate,True,0002001614-000160,0002001614-000160,0002001614-000160,BR_00000012,BR_00000009,numeric-chain-000041,3,11,46,1190,0.65,830,850,DC53D+Z,IF钢,SPHETI-3,软钢,normal_real,,,,,,,
diagnostic_candidate,True,virtual-000025,,,,BR_00000009,numeric-chain-000041,3,12,20.00,1250,0.80,820,850,SPHC,,SPHC,,virtual_sphc,,"{""accepted_sequence"":25,""prototype_id"":""virtual_sphc:1250x0.8"",""purpose"":""edge_bridge"",""related_partition_id"":null}",,,,,
diagnostic_candidate,True,virtual-000013,,,,BR_00000009,numeric-chain-000041,3,13,20.00,1250,1.00,820,850,SPHC,,SPHC,,virtual_sphc,,"{""accepted_sequence"":13,""prototype_id"":""virtual_sphc:1250x1"",""purpose"":""edge_bridge"",""related_partition_id"":null}",,,,,
diagnostic_candidate,True,0002002053-000050,0002002053-000050,0002002053-000050,BR_00000030,BR_00000009,numeric-chain-000041,3,14,88,1100,1.2,820,840,DX53D+Z-MD,IF钢,SPHETI-5,软钢,normal_real,,,,,,,
diagnostic_candidate,True,0030105416-000210,0030105416-000210,0030105416-000210,BR_00000012,BR_00000009,numeric-chain-000041,3,15,23,1100,1.5,820,840,DC53D+Z,IF钢,SPHETI-5,软钢,normal_real,,,,,,,
diagnostic_candidate,True,0030114637-000020,0030114637-000020,0030114637-000020,BR_00000024,BR_00000009,numeric-chain-000041,3,16,23,1090,1.2,830,850,DC54D+Z,IF钢,SPHETI-5,软钢,normal_real,,,,,,,
diagnostic_candidate,True,0030106805-000020,0030106805-000020,0030106805-000020,BR_00000018,BR_00000009,numeric-chain-000041,3,17,69,1070,1.15,830,850,DC54D+Z,IF钢,SPHETI-3,软钢,normal_real,,,,,,,
diagnostic_candidate,True,0002001648-000140,0002001648-000140,0002001648-000140,BR_00000012,BR_00000009,numeric-chain-000041,3,18,156,1060,1,820,840,DX53D+Z-CD,IF钢,SPHETI-5,软钢,normal_real,,,,,,,
diagnostic_candidate,True,0002001733-000010,0002001733-000010,0002001733-000010,BR_00000018,BR_00000009,numeric-chain-000036,4,1,31,1583,0.65,770,810,DC51D+Z,普碳,SPHC,软钢,normal_real,,,,,,,
diagnostic_candidate,True,0002001845-000010,0002001845-000010,0002001845-000010,BR_00000024,BR_00000009,numeric-chain-000036,4,2,92,1583,0.65,770,810,DC51D+Z,普碳,SPHC,软钢,normal_real,,,,,,,
diagnostic_candidate,True,0002001995-000010,0002001995-000010,0002001995-000010,BR_00000030,BR_00000009,numeric-chain-000036,4,3,79,1583,0.65,770,810,DC51D+Z,IF钢,SPHETI-3,软钢,normal_real,,,,,,,
diagnostic_candidate,True,0002001628-000020,0002001628-000020,0002001628-000020,BR_00000012,BR_00000009,numeric-chain-000036,4,4,23,1545,0.65,770,810,DC51D+Z,普碳,SPHC,软钢,normal_real,,,,,,,
diagnostic_candidate,True,0002001874-000080,0002001874-000080,0002001874-000080,BR_00000024,BR_00000009,numeric-chain-000036,4,5,23,1545,0.65,770,810,DC51D+Z,普碳,SPHC,软钢,normal_real,,,,,,,
diagnostic_candidate,True,virtual-000186,,,,BR_00000009,numeric-chain-000036,4,6,20.00,1500,0.60,700,840,SPHC,,SPHC,,virtual_sphc,,"{""accepted_sequence"":186,""prototype_id"":""virtual_sphc:1500x0.6"",""purpose"":""edge_bridge"",""related_partition_id"":null}",,,,,
diagnostic_candidate,True,0030107089-000010,0030107089-000010,0030107089-000010,BR_00000018,BR_00000009,numeric-chain-000036,4,7,96,1500,0.5,700,840,DC51D+Z,普碳,SPHC,软钢,actual_transition,,,,,,,
diagnostic_candidate,True,virtual-000142,,,,BR_00000009,numeric-chain-000036,4,8,20.00,1500,0.60,700,840,SPHC,,SPHC,,virtual_sphc,,"{""accepted_sequence"":142,""prototype_id"":""virtual_sphc:1500x0.6"",""purpose"":""edge_bridge"",""related_partition_id"":null}",,,,,
diagnostic_candidate,True,virtual-000138,,,,BR_00000009,numeric-chain-000036,4,9,20.00,1500,0.60,700,840,SPHC,,SPHC,,virtual_sphc,,"{""accepted_sequence"":138,""prototype_id"":""virtual_sphc:1500x0.6"",""purpose"":""edge_bridge"",""related_partition_id"":null}",,,,,
diagnostic_candidate,True,0030107311-000150,0030107311-000150,0030107311-000150,BR_00000018,BR_00000009,numeric-chain-000036,4,10,72,1500,0.5,700,840,DC51D+Z,普碳,SPHC,软钢,actual_transition,,,,,,,
diagnostic_candidate,True,virtual-000130,,,,BR_00000009,numeric-chain-000036,4,11,20.00,1500,0.60,700,840,SPHC,,SPHC,,virtual_sphc,,"{""accepted_sequence"":130,""prototype_id"":""virtual_sphc:1500x0.6"",""purpose"":""edge_bridge"",""related_partition_id"":null}",,,,,
diagnostic_candidate,True,virtual-000094,,,,BR_00000009,numeric-chain-000036,4,12,20.00,1500,0.60,700,840,SPHC,,SPHC,,virtual_sphc,,"{""accepted_sequence"":94,""prototype_id"":""virtual_sphc:1500x0.6"",""purpose"":""edge_bridge"",""related_partition_id"":null}",,,,,
diagnostic_candidate,True,0002001750-000340,0002001750-000340,0002001750-000340,BR_00000018,BR_00000009,numeric-chain-000036,4,13,24,1510,0.6,770,810,DC51D+Z,普碳,SPHC,软钢,normal_real,,,,,,,
diagnostic_candidate,True,0030102732-000060,0030102732-000060,0030102732-000060,BR_00000009,BR_00000009,numeric-chain-000036,4,14,48,1500,0.5,700,840,DC51D+Z,普碳,SPHC,软钢,actual_transition,,,,,,,
diagnostic_candidate,True,0010018206-000080,0010018206-000080,0010018206-000080,BR_00000030,BR_00000009,numeric-chain-000036,4,15,96,1500,0.5,700,840,DC51D+Z,普碳,SPHC,软钢,actual_transition,,,,,,,
diagnostic_candidate,True,0030114756-000020,0030114756-000020,0030114756-000020,BR_00000024,BR_00000009,numeric-chain-000036,4,16,148,1480,0.5,820,840,DC53D+Z,IF钢,SPHETI-5,软钢,normal_real,,,,,,,
diagnostic_candidate,True,0002002020-000130,0002002020-000130,0002002020-000130,BR_00000030,BR_00000009,numeric-chain-000036,4,17,69,1455,0.6,830,850,DC53D+Z,IF钢,SPHETI-3,软钢,normal_real,,,,,,,
diagnostic_candidate,True,0002001633-000190,0002001633-000190,0002001633-000190,BR_00000012,BR_00000009,numeric-chain-000036,4,18,48,1450,0.65,830,850,DC54D+Z,IF钢,SPHETI-3,软钢,normal_real,,,,,,,
diagnostic_candidate,True,0005000486-000340,0005000486-000340,0005000486-000340,BR_00000018,BR_00000009,numeric-chain-000036,4,19,84,1448,0.8,830,850,CR3,IF钢,SPHETI-36,软钢,normal_real,,,,,,,
diagnostic_candidate,True,0030117284-000020,0030117284-000020,0030117284-000020,BR_00000030,BR_00000009,numeric-chain-000036,4,20,156,1440,0.7,830,850,SCG4+Z,IF钢,SPHETI-3,软钢,normal_real,,,,,,,
diagnostic_candidate,True,0002001780-000030,0002001780-000030,0002001780-000030,BR_00000024,BR_00000009,numeric-chain-000036,4,21,23,1440,0.65,830,850,DC53D+Z,IF钢,SPHETI-3,软钢,normal_real,,,,,,,
diagnostic_candidate,True,0002001768-000040,0002001768-000040,0002001768-000040,BR_00000018,BR_00000009,numeric-chain-000036,4,22,46,1434,0.7,830,850,DC53D+Z,IF钢,SPHETI-3,软钢,normal_real,,,,,,,
diagnostic_candidate,True,0002001603-000130,0002001603-000130,0002001603-000130,BR_00000012,BR_00000009,numeric-chain-000036,4,23,69,1434,0.7,830,850,DC53D+Z,IF钢,SPHETI-3,软钢,normal_real,,,,,,,
diagnostic_candidate,True,0030118991-000040,0030118991-000040,0030118991-000040,BR_00000030,BR_00000009,numeric-chain-000036,4,24,182,1430,0.65,830,850,SCG4+Z,IF钢,SPHETI-3,软钢,normal_real,,,,,,,
diagnostic_candidate,True,0030112575-000040,0030112575-000040,0030112575-000040,BR_00000024,BR_00000009,numeric-chain-000036,4,25,156,1430,0.65,830,850,SCG4+Z,IF钢,SPHETI-3,软钢,normal_real,,,,,,,
diagnostic_candidate,True,0030123143-000040,0030123143-000040,0030123143-000040,BR_00000036,BR_00000009,numeric-chain-000036,4,26,78,1430,0.65,830,850,SCG4+Z,IF钢,SPHETI-3,软钢,normal_real,,,,,,,
diagnostic_candidate,True,0030106242-000010,0030106242-000010,0030106242-000010,BR_00000012,BR_00000009,numeric-chain-000036,4,27,48,1395,0.6,820,840,DX53D+Z-LG,IF钢,SPHETI-5,软钢,normal_real,,,,,,,
diagnostic_candidate,True,0030112575-000020,0030112575-000020,0030112575-000020,BR_00000024,BR_00000009,numeric-chain-000036,4,28,208,1390,0.7,830,850,SCG4+Z,IF钢,SPHETI-3,软钢,normal_real,,,,,,,
diagnostic_candidate,True,0002001749-000050,0002001749-000050,0002001749-000050,BR_00000018,BR_00000009,numeric-chain-000086,5,1,240,1285,0.6,830,850,DC54D+Z,IF钢,SPHETI-3,软钢,normal_real,,,,,,,
diagnostic_candidate,True,0002001998-000280,0002001998-000280,0002001998-000280,BR_00000030,BR_00000009,numeric-chain-000086,5,2,24,1272,0.6,830,850,DC53D+Z,IF钢,SPHETI-3,软钢,normal_real,,,,,,,
diagnostic_candidate,True,0030102732-000050,0030102732-000050,0030102732-000050,BR_00000009,BR_00000009,numeric-chain-000086,5,3,48,1250,0.5,700,840,DC51D+Z,普碳,SPHC,软钢,actual_transition,,,,,,,
diagnostic_candidate,True,0030112553-000010,0030112553-000010,0030112553-000010,BR_00000024,BR_00000009,numeric-chain-000086,5,4,48,1250,0.5,700,840,DC51D+Z,普碳,SPHC,软钢,actual_transition,,,,,,,
diagnostic_candidate,True,0030120727-000030,0030120727-000030,0030120727-000030,BR_00000031,BR_00000009,numeric-chain-000086,5,5,300,1227,0.45,715,735,DX51D+Z1,普碳,SPHC,软钢,normal_real,,,,,,,
diagnostic_candidate,True,0030113258-000040,0030113258-000040,0030113258-000040,BR_00000024,BR_00000009,numeric-chain-000086,5,6,48,1219,0.4,700,840,DC51D+Z,普碳,SPHC,软钢,normal_real,,,,,,,
diagnostic_candidate,True,0030108585-000040,0030108585-000040,0030108585-000040,BR_00000018,BR_00000009,numeric-chain-000086,5,7,48,1219,0.4,700,840,DC51D+Z-Q,深冲钢（PD）,SPHCQ,软钢,normal_real,,,,,,,
diagnostic_candidate,True,0002001647-000060,0002001647-000060,0002001647-000060,BR_00000012,BR_00000009,numeric-chain-000086,5,8,44,1219,0.45,815,835,DX51D+Z-MD,普碳,SPHC,软钢,normal_real,,,,,,,
diagnostic_candidate,True,0030112555-000010,0030112555-000010,0030112555-000010,BR_00000024,BR_00000009,numeric-chain-000086,5,9,48,1219,0.5,700,840,DC51D+Z,普碳,SPHC,软钢,actual_transition,,,,,,,
diagnostic_candidate,True,0030106987-000040,0030106987-000040,0030106987-000040,BR_00000018,BR_00000009,numeric-chain-000086,5,10,48,1215,0.45,700,840,DX51D+Z,普碳,SPHC,软钢,actual_transition,,,,,,,
diagnostic_candidate,True,0030106720-000110,0030106720-000110,0030106720-000110,BR_00000018,BR_00000009,numeric-chain-000086,5,11,24,1205,0.4,700,840,DC51D+Z,普碳,SPHC,软钢,actual_transition,,,,,,,
diagnostic_candidate,True,0030107584-000010,0030107584-000010,0030107584-000010,BR_00000018,BR_00000009,numeric-chain-000086,5,12,46,1200,0.4,700,840,DC51D+Z,普碳,SPHC,软钢,actual_transition,,,,,,,
diagnostic_candidate,True,0030113865-000010,0030113865-000010,0030113865-000010,BR_00000024,BR_00000009,numeric-chain-000086,5,13,23,1200,0.4,700,840,DC51D+Z,普碳,SPHC,软钢,actual_transition,,,,,,,
diagnostic_candidate,True,0030125168-000060,0030125168-000060,0030125168-000060,BR_00000036,BR_00000009,numeric-chain-000086,5,14,24,1190,0.4,770,810,DX52D+Z-LG,深冲钢（PD）,SPHCQ,软钢,normal_real,,,,,,,
diagnostic_candidate,True,0030113258-000070,0030113258-000070,0030113258-000070,BR_00000024,BR_00000009,numeric-chain-000086,5,15,24,1190,0.4,770,810,DX52D+Z-LG,深冲钢（PD）,SPHCQ,软钢,normal_real,,,,,,,
diagnostic_candidate,True,0030119098-000030,0030119098-000030,0030119098-000030,BR_00000030,BR_00000009,numeric-chain-000086,5,16,24,1190,0.4,770,810,DX52D+Z-LG,深冲钢（PD）,SPHCQ,软钢,normal_real,,,,,,,
diagnostic_candidate,True,0030106987-000130,0030106987-000130,0030106987-000130,BR_00000018,BR_00000009,numeric-chain-000086,5,17,48,1170,0.5,700,840,DX51D+Z,普碳,SPHC,软钢,actual_transition,,,,,,,
diagnostic_candidate,True,0030108542-000010,0030108542-000010,0030108542-000010,BR_00000018,BR_00000009,numeric-chain-000086,5,18,24,1190,0.4,770,810,DX52D+Z-LG,深冲钢（PD）,SPHCQ,软钢,normal_real,,,,,,,
diagnostic_candidate,True,virtual-000092,,,,BR_00000009,numeric-chain-000086,5,19,20.00,1250,0.50,770,810,SPHC,,SPHC,,virtual_sphc,,"{""accepted_sequence"":92,""prototype_id"":""virtual_sphc:1250x0.5"",""purpose"":""edge_bridge"",""related_partition_id"":null}",,,,,
diagnostic_candidate,True,0002002020-000010,0002002020-000010,0002002020-000010,BR_00000030,BR_00000009,numeric-chain-000086,5,20,23,1170,0.6,770,810,DC51D+Z,普碳,SPHC,软钢,normal_real,,,,,,,
diagnostic_candidate,True,0030124800-000040,0030124800-000040,0030124800-000040,BR_00000036,BR_00000009,numeric-chain-000086,5,21,24,1164,0.8,770,810,DX52D+Z,深冲钢（PD）,SPHCQ,软钢,normal_real,,,,,,,
diagnostic_candidate,True,0030120939-000100,0030120939-000100,0030120939-000100,BR_00000032,BR_00000009,numeric-chain-000086,5,22,48,1160,0.7,780,800,HC220YD+Z,加磷高强、烘烤硬化钢,H220Y,软钢,normal_real,,,,,,,
diagnostic_candidate,True,0002001744-000080,0002001744-000080,0002001744-000080,BR_00000018,BR_00000009,numeric-chain-000086,5,23,13,1155,0.65,770,810,DC51D+Z,普碳,SPHC,软钢,normal_real,,,,,,,
diagnostic_candidate,True,0002002176-000010,0002002176-000010,0002002176-000010,BR_00000036,BR_00000009,numeric-chain-000086,5,24,15,1150,0.65,770,810,DC51D+Z,普碳,SPHC,软钢,normal_real,,,,,,,
diagnostic_candidate,True,0002001890-000030,0002001890-000030,0002001890-000030,BR_00000024,BR_00000009,numeric-chain-000086,5,25,13,1150,0.65,770,810,DC51D+Z,普碳,SPHC,软钢,normal_real,,,,,,,
diagnostic_candidate,True,0002001998-000090,0002001998-000090,0002001998-000090,BR_00000030,BR_00000009,numeric-chain-000086,5,26,300,1148,0.65,770,810,DC51D+Z,普碳,SPHC,软钢,normal_real,,,,,,,
diagnostic_candidate,True,0002001880-000140,0002001880-000140,0002001880-000140,BR_00000024,BR_00000009,numeric-chain-000086,5,27,276,1148,0.65,770,810,DC51D+Z,普碳,SPHC,软钢,normal_real,,,,,,,
diagnostic_candidate,True,0002001901-000130,0002001901-000130,0002001901-000130,BR_00000024,BR_00000009,numeric-chain-000086,5,28,46,1147,0.6,770,810,DC51D+Z,普碳,SPHC,软钢,normal_real,,,,,,,
diagnostic_candidate,True,0002001780-000110,0002001780-000110,0002001780-000110,BR_00000024,BR_00000009,numeric-chain-000086,5,29,23,1147,0.6,770,810,DC51D+Z,普碳,SPHC,软钢,normal_real,,,,,,,
diagnostic_candidate,True,0002002176-000170,0002002176-000170,0002002176-000170,BR_00000036,BR_00000009,numeric-chain-000086,5,30,17,1145,0.6,770,810,DC51D+Z,IF钢,SPHETI-3,软钢,normal_real,,,,,,,
diagnostic_candidate,True,0002001627-000020,0002001627-000020,0002001627-000020,BR_00000012,BR_00000009,numeric-chain-000086,5,31,23,1145,0.7,770,810,DC51D+Z,普碳,SPHC,软钢,normal_real,,,,,,,
diagnostic_candidate,True,0030123141-000010,0030123141-000010,0030123141-000010,BR_00000036,BR_00000009,numeric-chain-000017,6,1,50,1275,0.6,830,850,SCG4+Z,IF钢,SPHETI-3,软钢,normal_real,,,,,,,
diagnostic_candidate,True,0030107311-000010,0030107311-000010,0030107311-000010,BR_00000018,BR_00000009,numeric-chain-000017,6,2,24,1250,0.6,700,840,DC51D+Z,普碳,SPHC,软钢,actual_transition,,,,,,,
diagnostic_candidate,True,0030108542-000040,0030108542-000040,0030108542-000040,BR_00000018,BR_00000009,numeric-chain-000017,6,3,48,1250,0.5,820,840,DX53D+Z-LG,IF钢,SPHETI-5,软钢,normal_real,,,,,,,
diagnostic_candidate,True,0002002055-000010,0002002055-000010,0002002055-000010,BR_00000030,BR_00000009,numeric-chain-000017,6,4,116,1250,0.5,815,835,DX51D+Z-MD,普碳,SPHC,软钢,normal_real,,,,,,,
diagnostic_candidate,True,virtual-000109,,,,BR_00000009,numeric-chain-000017,6,5,20.00,1250,0.50,815,850,SPHC,,SPHC,,virtual_sphc,,"{""accepted_sequence"":109,""prototype_id"":""virtual_sphc:1250x0.5"",""purpose"":""edge_bridge"",""related_partition_id"":null}",,,,,
diagnostic_candidate,True,0002002054-000080,0002002054-000080,0002002054-000080,BR_00000030,BR_00000009,numeric-chain-000017,6,6,52,1250,0.5,815,835,DX51D+Z-MD,普碳,SPHC,软钢,normal_real,,,,,,,
diagnostic_candidate,True,virtual-000108,,,,BR_00000009,numeric-chain-000017,6,7,20.00,1250,0.50,815,850,SPHC,,SPHC,,virtual_sphc,,"{""accepted_sequence"":108,""prototype_id"":""virtual_sphc:1250x0.5"",""purpose"":""edge_bridge"",""related_partition_id"":null}",,,,,
diagnostic_candidate,True,virtual-000106,,,,BR_00000009,numeric-chain-000017,6,8,20.00,1250,0.50,815,850,SPHC,,SPHC,,virtual_sphc,,"{""accepted_sequence"":106,""prototype_id"":""virtual_sphc:1250x0.5"",""purpose"":""edge_bridge"",""related_partition_id"":null}",,,,,
diagnostic_candidate,True,0002002054-000350,0002002054-000350,0002002054-000350,BR_00000030,BR_00000009,numeric-chain-000017,6,9,192,1250,0.5,815,835,DX51D+Z-MD,普碳,SPHC,软钢,normal_real,,,,,,,
diagnostic_candidate,True,virtual-000105,,,,BR_00000009,numeric-chain-000017,6,10,20.00,1250,0.50,815,850,SPHC,,SPHC,,virtual_sphc,,"{""accepted_sequence"":105,""prototype_id"":""virtual_sphc:1250x0.5"",""purpose"":""edge_bridge"",""related_partition_id"":null}",,,,,
diagnostic_candidate,True,virtual-000103,,,,BR_00000009,numeric-chain-000017,6,11,20.00,1250,0.50,815,850,SPHC,,SPHC,,virtual_sphc,,"{""accepted_sequence"":103,""prototype_id"":""virtual_sphc:1250x0.5"",""purpose"":""edge_bridge"",""related_partition_id"":null}",,,,,
diagnostic_candidate,True,0030106720-000120,0030106720-000120,0030106720-000120,BR_00000018,BR_00000009,numeric-chain-000017,6,12,24,1250,0.5,700,840,DC51D+Z,普碳,SPHC,软钢,actual_transition,,,,,,,
diagnostic_candidate,True,virtual-000091,,,,BR_00000009,numeric-chain-000017,6,13,20.00,1250,0.50,770,840,SPHC,,SPHC,,virtual_sphc,,"{""accepted_sequence"":91,""prototype_id"":""virtual_sphc:1250x0.5"",""purpose"":""edge_bridge"",""related_partition_id"":null}",,,,,
diagnostic_candidate,True,0002001867-000050,0002001867-000050,0002001867-000050,BR_00000024,BR_00000009,numeric-chain-000017,6,14,46,1250,0.6,770,790,220YD+Z,加磷高强、烘烤硬化钢,H220Y,软钢,normal_real,,,,,,,
diagnostic_candidate,True,0030102517-000020,0030102517-000020,0030102517-000020,BR_00000009,BR_00000009,numeric-chain-000017,6,15,75,1250,0.7,700,840,DC51D+Z,普碳,SPHC,软钢,actual_transition,,,,,,,
diagnostic_candidate,True,0002002055-000060,0002002055-000060,0002002055-000060,BR_00000030,BR_00000009,numeric-chain-000017,6,16,22,1250,0.8,815,835,DX51D+Z-MD,普碳,SPHC,软钢,normal_real,,,,,,,
diagnostic_candidate,True,0030113466-000010,0030113466-000010,0030113466-000010,BR_00000024,BR_00000009,numeric-chain-000017,6,17,48,1240,0.6,700,840,DC51D+Z,普碳,SPHC,软钢,normal_real,,,,,,,
diagnostic_candidate,True,0030114754-000010,0030114754-000010,0030114754-000010,BR_00000024,BR_00000009,numeric-chain-000017,6,18,24,1240,0.6,700,840,DC51D+Z,普碳,SPHC,软钢,normal_real,,,,,,,
diagnostic_candidate,True,0002002054-000320,0002002054-000320,0002002054-000320,BR_00000030,BR_00000009,numeric-chain-000017,6,19,23,1235,0.5,820,840,DX53D+Z-CD,IF钢,SPHETI-5,软钢,normal_real,,,,,,,
diagnostic_candidate,True,0002001898-000030,0002001898-000030,0002001898-000030,BR_00000024,BR_00000009,numeric-chain-000017,6,20,72,1225,0.5,820,840,DX53D+Z-CD,IF钢,SPHETI-5,软钢,normal_real,,,,,,,
diagnostic_candidate,True,0002001757-000130,0002001757-000130,0002001757-000130,BR_00000018,BR_00000009,numeric-chain-000017,6,21,60,1225,0.5,820,840,DX53D+Z-CD,IF钢,SPHETI-5,软钢,normal_real,,,,,,,
diagnostic_candidate,True,0030125168-000040,0030125168-000040,0030125168-000040,BR_00000036,BR_00000009,numeric-chain-000017,6,22,48,1219,0.4,700,840,DC51D+Z,普碳,SPHC,软钢,normal_real,,,,,,,
diagnostic_candidate,True,0030106720-000050,0030106720-000050,0030106720-000050,BR_00000018,BR_00000009,numeric-chain-000017,6,23,24,1205,0.4,700,840,DC51D+Z,普碳,SPHC,软钢,actual_transition,,,,,,,
diagnostic_candidate,True,0030106987-000060,0030106987-000060,0030106987-000060,BR_00000018,BR_00000009,numeric-chain-000017,6,24,168,1200,0.45,700,840,DX51D+Z,普碳,SPHC,软钢,actual_transition,,,,,,,
diagnostic_candidate,True,0002001775-000020,0002001775-000020,0002001775-000020,BR_00000024,BR_00000009,numeric-chain-000017,6,25,330,1200,0.5,820,840,DX53D+Z-CD,IF钢,SPHETI-5,软钢,normal_real,,,,,,,
diagnostic_candidate,True,0030108256-000010,0030108256-000010,0030108256-000010,BR_00000018,BR_00000009,numeric-chain-000017,6,26,24,1195,0.5,830,850,DX54D+Z,IF钢,SPHETI-3,软钢,normal_real,,,,,,,
diagnostic_candidate,True,virtual-000090,,,,BR_00000009,numeric-chain-000017,6,27,20.00,1000,0.60,830,850,SPHC,,SPHC,,virtual_sphc,,"{""accepted_sequence"":90,""prototype_id"":""virtual_sphc:1000x0.6"",""purpose"":""edge_bridge"",""related_partition_id"":null}",,,,,
diagnostic_candidate,True,0005000489-000050,0005000489-000050,0005000489-000050,BR_00000018,BR_00000009,numeric-chain-000017,6,28,23,940,0.8,830,850,CR3,IF钢,SPHETI-36,软钢,normal_real,,,,,,,
diagnostic_candidate,True,virtual-000029,,,,BR_00000009,numeric-chain-000017,6,29,20.00,1000,0.60,830,850,SPHC,,SPHC,,virtual_sphc,,"{""accepted_sequence"":29,""prototype_id"":""virtual_sphc:1000x0.6"",""purpose"":""edge_bridge"",""related_partition_id"":null}",,,,,
diagnostic_candidate,True,0030118632-000010,0030118632-000010,0030118632-000010,BR_00000030,BR_00000009,numeric-chain-000017,6,30,126,939,0.8,830,850,DC56D+Z,IF钢,SPHETI-3,软钢,normal_real,,,,,,,
diagnostic_candidate,True,0030118809-000060,0030118809-000060,0030118809-000060,BR_00000030,BR_00000009,numeric-chain-000017,6,31,36,935,0.65,820,840,DC56D+Z,IF钢,SPHETI-3,软钢,normal_real,,,,,,,
diagnostic_candidate,True,0030113136-000020,0030113136-000020,0030113136-000020,BR_00000024,BR_00000009,numeric-chain-000017,6,32,18,935,0.65,830,850,DC56D+Z,IF钢,SPHETI-3,软钢,normal_real,,,,,,,
diagnostic_candidate,True,0030124437-000010,0030124437-000010,0030124437-000010,BR_00000036,BR_00000009,numeric-chain-000017,6,33,18,910,0.8,700,840,DC51D+Z,普碳,SPHC,软钢,actual_transition,,,,,,,
diagnostic_candidate,True,0002002170-000060,0002002170-000060,0002002170-000060,BR_00000036,BR_00000009,numeric-chain-000017,6,34,32,900,1,770,810,DC51D+Z,IF钢,SPHETI-3,软钢,normal_real,,,,,,,
diagnostic_candidate,True,0002001617-000090,0002001617-000090,0002001617-000090,BR_00000012,BR_00000009,numeric-chain-000017,6,35,44,840,0.8,780,800,220YD+Z,加磷高强、烘烤硬化钢,H220Y,软钢,normal_real,,,,,,,
diagnostic_candidate,True,0002001890-000010,0002001890-000010,0002001890-000010,BR_00000024,BR_00000009,numeric-chain-000017,6,36,13,828,0.65,770,810,DC51D+Z,普碳,SPHC,软钢,normal_real,,,,,,,
diagnostic_candidate,True,0002002009-000020,0002002009-000020,0002002009-000020,BR_00000030,BR_00000009,numeric-chain-000017,6,37,34,828,0.65,770,810,DC51D+Z,普碳,SPHC,软钢,normal_real,,,,,,,
diagnostic_candidate,True,0002001750-000680,0002001750-000680,0002001750-000680,BR_00000018,BR_00000009,numeric-chain-000017,6,38,20,813,0.6,770,810,DC51D+Z,普碳,SPHC,软钢,normal_real,,,,,,,
diagnostic_candidate,True,0002001757-000200,0002001757-000200,0002001757-000200,BR_00000018,BR_00000009,numeric-chain-000106,7,1,60,1203,0.8,815,835,DX51D+Z-MD,普碳,SPHC,软钢,normal_real,,,,,,,
diagnostic_candidate,True,0002001898-000050,0002001898-000050,0002001898-000050,BR_00000024,BR_00000009,numeric-chain-000106,7,2,60,1203,0.8,815,835,DX51D+Z-MD,普碳,SPHC,软钢,normal_real,,,,,,,
diagnostic_candidate,True,0030104498-000010,0030104498-000010,0030104498-000010,BR_00000012,BR_00000009,numeric-chain-000106,7,3,96,1202,0.8,700,840,DC51D+Z,普碳,SPHC,软钢,normal_real,,,,,,,
diagnostic_candidate,True,0030105830-000020,0030105830-000020,0030105830-000020,BR_00000012,BR_00000009,numeric-chain-000106,7,4,24,1200,0.7,830,850,DC54D+Z,IF钢,SPHETI-3,软钢,normal_real,,,,,,,
diagnostic_candidate,True,0030110865-000130,0030110865-000130,0030110865-000130,BR_00000019,BR_00000009,numeric-chain-000106,7,5,72,1200,0.65,830,850,DC56D+Z,IF钢,SPHETI-3,软钢,normal_real,,,,,,,
diagnostic_candidate,True,0030124871-000010,0030124871-000010,0030124871-000010,BR_00000036,BR_00000009,numeric-chain-000106,7,6,25,1200,0.75,820,840,DX53D+Z,IF钢,SPHETI-5,软钢,normal_real,,,,,,,
diagnostic_candidate,True,0002001880-000160,0002001880-000160,0002001880-000160,BR_00000024,BR_00000009,numeric-chain-000106,7,7,240,1195,0.65,830,850,DC53D+Z,IF钢,SPHETI-3,软钢,normal_real,,,,,,,
diagnostic_candidate,True,virtual-000185,,,,BR_00000009,numeric-chain-000106,7,8,20.00,1250,0.60,700,850,SPHC,,SPHC,,virtual_sphc,,"{""accepted_sequence"":185,""prototype_id"":""virtual_sphc:1250x0.6"",""purpose"":""edge_bridge"",""related_partition_id"":null}",,,,,
diagnostic_candidate,True,0030108199-000020,0030108199-000020,0030108199-000020,BR_00000018,BR_00000009,numeric-chain-000106,7,9,72,1180,0.6,700,720,DX51D+Z3,深冲钢（PD）,DD12BB,软钢,normal_real,,,,,,,
diagnostic_candidate,True,virtual-000181,,,,BR_00000009,numeric-chain-000106,7,10,20.00,1250,0.60,700,850,SPHC,,SPHC,,virtual_sphc,,"{""accepted_sequence"":181,""prototype_id"":""virtual_sphc:1250x0.6"",""purpose"":""edge_bridge"",""related_partition_id"":null}",,,,,
diagnostic_candidate,True,0030105927-000010,0030105927-000010,0030105927-000010,BR_00000012,BR_00000009,numeric-chain-000106,7,11,48,1180,0.6,700,720,DX51D+Z3,深冲钢（PD）,DD12BB,软钢,normal_real,,,,,,,
diagnostic_candidate,True,0030106245-000020,0030106245-000020,0030106245-000020,BR_00000012,BR_00000009,numeric-chain-000106,7,12,24,1171,0.8,700,840,DC51D+Z,普碳,SPHC,软钢,normal_real,,,,,,,
diagnostic_candidate,True,0030102084-000010,0030102084-000010,0030102084-000010,BR_00000009,BR_00000009,numeric-chain-000106,7,13,22,1170,0.7,830,850,CR3,IF钢,SPHETI-36,软钢,normal_real,,,,,,,
diagnostic_candidate,True,0030122759-000010,0030122759-000010,0030122759-000010,BR_00000036,BR_00000009,numeric-chain-000106,7,14,22,1170,0.7,830,850,CR3,IF钢,SPHETI-36,软钢,normal_real,,,,,,,
diagnostic_candidate,True,0002001854-000180,0002001854-000180,0002001854-000180,BR_00000024,BR_00000009,numeric-chain-000106,7,15,23,1170,0.65,830,850,DC54D+Z,IF钢,SPHETI-3,软钢,normal_real,,,,,,,
diagnostic_candidate,True,0030118934-000050,0030118934-000050,0030118934-000050,BR_00000030,BR_00000009,numeric-chain-000106,7,16,240,1160,0.7,830,850,DX54D+Z,IF钢,SPHETI-5,软钢,normal_real,,,,,,,
diagnostic_candidate,True,0002002170-000200,0002002170-000200,0002002170-000200,BR_00000036,BR_00000009,numeric-chain-000106,7,17,138,1160,0.7,830,850,DC53D+Z,IF钢,SPHETI-3,软钢,normal_real,,,,,,,
diagnostic_candidate,True,virtual-000030,,,,BR_00000009,numeric-chain-000106,7,18,20.00,1000,0.80,790,850,SPHC,,SPHC,,virtual_sphc,,"{""accepted_sequence"":30,""prototype_id"":""virtual_sphc:1000x0.8"",""purpose"":""edge_bridge"",""related_partition_id"":null}",,,,,
diagnostic_candidate,True,0030105612-000110,0030105612-000110,0030105612-000110,BR_00000012,BR_00000009,numeric-chain-000106,7,19,22,956,1,790,810,HC220YD+Z,加磷高强、烘烤硬化钢,H220Y,软钢,normal_real,,,,,,,
diagnostic_candidate,True,0002002170-000190,0002002170-000190,0002002170-000190,BR_00000036,BR_00000009,numeric-chain-000106,7,20,40,928,1,770,810,DC51D+Z,IF钢,SPHETI-3,软钢,normal_real,,,,,,,
diagnostic_candidate,True,0002002180-000060,0002002180-000060,0002002180-000060,BR_00000036,BR_00000009,numeric-chain-000106,7,21,20,921,1.2,770,810,DC51D+Z,IF钢,SPHETI-3,软钢,normal_real,,,,,,,
diagnostic_candidate,True,0002001860-000520,0002001860-000520,0002001860-000520,BR_00000024,BR_00000009,numeric-chain-000106,7,22,44,900,1,770,810,DC51D+Z,普碳,SPHC,软钢,normal_real,,,,,,,
diagnostic_candidate,True,0002002170-000140,0002002170-000140,0002002170-000140,BR_00000036,BR_00000009,numeric-chain-000106,7,23,16,899,1.2,770,810,DC51D+Z,普碳,SPHC,软钢,normal_real,,,,,,,
diagnostic_candidate,True,0002002170-000070,0002002170-000070,0002002170-000070,BR_00000036,BR_00000009,numeric-chain-000106,7,24,16,890,1.2,770,810,DC51D+Z,IF钢,SPHETI-3,软钢,normal_real,,,,,,,
diagnostic_candidate,True,0002002202-000070,0002002202-000070,0002002202-000070,BR_00000036,BR_00000009,numeric-chain-000106,7,25,16,855,1,770,810,DC51D+Z,IF钢,SPHETI-3,软钢,normal_real,,,,,,,
diagnostic_candidate,True,0002001744-000010,0002001744-000010,0002001744-000010,BR_00000018,BR_00000009,numeric-chain-000106,7,26,17,838,1,770,810,DC51D+Z,普碳,SPHC,软钢,normal_real,,,,,,,
diagnostic_candidate,True,0002002170-000120,0002002170-000120,0002002170-000120,BR_00000036,BR_00000009,numeric-chain-000106,7,27,23,836,1,770,810,DC51D+Z,IF钢,SPHETI-3,软钢,normal_real,,,,,,,
diagnostic_candidate,True,0005000464-000060,0005000464-000060,0005000464-000060,BR_00000012,BR_00000009,numeric-chain-000024,8,1,18,1585,1.2,680,700,CR270LA,低合金高强,H260LAD-3,硬钢,normal_real,,,,,,,
diagnostic_candidate,True,0030102088-000060,0030102088-000060,0030102088-000060,BR_00000009,BR_00000009,numeric-chain-000024,8,2,220,1412,1.2,680,700,CR270LA,低合金高强,H260LAD-3,硬钢,normal_real,,,,,,,
diagnostic_candidate,True,0030102084-000040,0030102084-000040,0030102084-000040,BR_00000009,BR_00000009,numeric-chain-000024,8,3,154,1412,1.2,680,700,CR270LA,低合金高强,H260LAD-3,硬钢,normal_real,,,,,,,
diagnostic_candidate,True,0030107381-000070,0030107381-000070,0030107381-000070,BR_00000018,BR_00000009,numeric-chain-000024,8,4,88,1412,1.2,680,700,CR270LA,低合金高强,H260LAD-3,硬钢,normal_real,,,,,,,
diagnostic_candidate,True,0030112686-000050,0030112686-000050,0030112686-000050,BR_00000024,BR_00000009,numeric-chain-000024,8,5,198,1412,1.2,680,700,CR270LA,低合金高强,H260LAD-3,硬钢,normal_real,,,,,,,
diagnostic_candidate,True,0005000464-000560,0005000464-000560,0005000464-000560,BR_00000012,BR_00000009,numeric-chain-000024,8,6,20,1050,1,685,705,CR270LA,低合金高强,H260LAD-3,硬钢,normal_real,,,,,,,
diagnostic_candidate,True,0005000547-000640,0005000547-000640,0005000547-000640,BR_00000030,BR_00000009,numeric-chain-000024,8,7,20,1050,1,685,705,CR270LA,低合金高强,H260LAD-3,硬钢,normal_real,,,,,,,
diagnostic_candidate,True,0005000501-000580,0005000501-000580,0005000501-000580,BR_00000024,BR_00000009,numeric-chain-000024,8,8,20,1050,1,685,705,CR270LA,低合金高强,H260LAD-3,硬钢,normal_real,,,,,,,
diagnostic_candidate,True,0005000571-000010,0005000571-000010,0005000571-000010,BR_00000036,BR_00000009,numeric-chain-000024,8,9,7,870,1,685,705,CR270LA,低合金高强,H260LAD-3,硬钢,normal_real,,,,,,,
diagnostic_candidate,True,0002002176-000230,0002002176-000230,0002002176-000230,BR_00000036,BR_00000009,numeric-chain-000104,9,1,15,1555,0.6,770,810,DC51D+Z,普碳,SPHC,软钢,normal_real,,,,,,,
diagnostic_candidate,True,0010019718-000050,0010019718-000050,0010019718-000050,BR_00000036,BR_00000009,numeric-chain-000104,9,2,96,1550,0.5,700,840,DC51D+Z,普碳,SPHC,软钢,actual_transition,,,,,,,
diagnostic_candidate,True,0002001757-000120,0002001757-000120,0002001757-000120,BR_00000018,BR_00000009,numeric-chain-000104,9,3,96,1525,0.5,820,840,DX53D+Z-CD,IF钢,SPHETI-5,软钢,normal_real,,,,,,,
diagnostic_candidate,True,0030102732-000260,0030102732-000260,0030102732-000260,BR_00000009,BR_00000009,numeric-chain-000104,9,4,48,1500,0.5,700,840,DC51D+Z,普碳,SPHC,软钢,actual_transition,,,,,,,
diagnostic_candidate,True,0030105462-000010,0030105462-000010,0030105462-000010,BR_00000012,BR_00000009,numeric-chain-000104,9,5,48,1500,0.5,700,840,DC51D+Z,普碳,SPHC,软钢,actual_transition,,,,,,,
diagnostic_candidate,True,0030102732-000020,0030102732-000020,0030102732-000020,BR_00000009,BR_00000009,numeric-chain-000104,9,6,48,1500,0.5,700,840,DC51D+Z,普碳,SPHC,软钢,actual_transition,,,,,,,
diagnostic_candidate,True,0030104603-000010,0030104603-000010,0030104603-000010,BR_00000012,BR_00000009,numeric-chain-000104,9,7,24,1500,0.5,700,840,DC51D+Z,普碳,SPHC,软钢,actual_transition,,,,,,,
diagnostic_candidate,True,0010019618-000020,0010019618-000020,0010019618-000020,BR_00000036,BR_00000009,numeric-chain-000104,9,8,192,1500,0.5,700,840,DC51D+Z,普碳,SPHC,软钢,actual_transition,,,,,,,
diagnostic_candidate,True,0030105931-000040,0030105931-000040,0030105931-000040,BR_00000012,BR_00000009,numeric-chain-000104,9,9,168,1500,0.6,820,840,DC53D+Z,IF钢,SPHETI-5,软钢,normal_real,,,,,,,
diagnostic_candidate,True,0010017445-000060,0010017445-000060,0010017445-000060,BR_00000025,BR_00000009,numeric-chain-000104,9,10,96,1500,0.8,700,840,DC51D+Z,普碳,SPHC,软钢,actual_transition,,,,,,,
diagnostic_candidate,True,0005000501-000260,0005000501-000260,0005000501-000260,BR_00000024,BR_00000009,numeric-chain-000104,9,11,21,1490,0.7,800,820,CR2,IF钢,SPHETI-36,软钢,normal_real,,,,,,,
diagnostic_candidate,True,0005000486-000250,0005000486-000250,0005000486-000250,BR_00000018,BR_00000009,numeric-chain-000104,9,12,21,1490,0.7,800,820,CR2,IF钢,SPHETI-36,软钢,normal_real,,,,,,,
diagnostic_candidate,True,0030119797-000080,0030119797-000080,0030119797-000080,BR_00000030,BR_00000009,numeric-chain-000104,9,13,48,1479,0.7,770,810,DC52D+Z,深冲钢（PD）,SPHCQ,软钢,normal_real,,,,,,,
diagnostic_candidate,True,0002002009-000110,0002002009-000110,0002002009-000110,BR_00000030,BR_00000009,numeric-chain-000104,9,14,13,1470,0.65,770,810,DC51D+Z,普碳,SPHC,软钢,normal_real,,,,,,,
diagnostic_candidate,True,0002001767-000100,0002001767-000100,0002001767-000100,BR_00000018,BR_00000009,numeric-chain-000104,9,15,10,1470,0.65,770,810,DC51D+Z,普碳,SPHC,软钢,normal_real,,,,,,,
diagnostic_candidate,True,0002001750-000500,0002001750-000500,0002001750-000500,BR_00000018,BR_00000009,numeric-chain-000104,9,16,20,1467,0.6,770,810,DC51D+Z,普碳,SPHC,软钢,normal_real,,,,,,,
diagnostic_candidate,True,0002002176-000030,0002002176-000030,0002002176-000030,BR_00000036,BR_00000009,numeric-chain-000104,9,17,15,1465,0.65,770,810,DC51D+Z,IF钢,SPHETI-3,软钢,normal_real,,,,,,,
diagnostic_candidate,True,0030115408-000030,0030115408-000030,0030115408-000030,BR_00000024,BR_00000009,numeric-chain-000104,9,18,24,1465,0.8,780,800,HC220YD+Z,加磷高强、烘烤硬化钢,H220Y,软钢,normal_real,,,,,,,
diagnostic_candidate,True,0002002195-000140,0002002195-000140,0002002195-000140,BR_00000036,BR_00000009,numeric-chain-000104,9,19,72,1463,0.65,770,810,DC51D+Z,IF钢,SPHETI-3,软钢,normal_real,,,,,,,
diagnostic_candidate,True,0002001765-000020,0002001765-000020,0002001765-000020,BR_00000018,BR_00000009,numeric-chain-000104,9,20,96,1463,0.65,770,810,DC51D+Z,普碳,SPHC,软钢,normal_real,,,,,,,
diagnostic_candidate,True,0002001633-000200,0002001633-000200,0002001633-000200,BR_00000012,BR_00000009,numeric-chain-000104,9,21,24,1458,0.65,770,810,DC51D+Z,普碳,SPHC,软钢,normal_real,,,,,,,
diagnostic_candidate,True,0030108261-000020,0030108261-000020,0030108261-000020,BR_00000018,BR_00000009,numeric-chain-000104,9,22,25.99,1455,0.65,790,810,SCG260Y+Z,加磷高强、烘烤硬化钢,H260Y,软钢,normal_real,,,,,,,
diagnostic_candidate,True,0002002195-000250,0002002195-000250,0002002195-000250,BR_00000036,BR_00000009,numeric-chain-000104,9,23,24,1455,0.65,770,810,DC51D+Z,IF钢,SPHETI-3,软钢,normal_real,,,,,,,
diagnostic_candidate,True,0002002162-000040,0002002162-000040,0002002162-000040,BR_00000036,BR_00000009,numeric-chain-000104,9,24,168,1450,0.65,770,810,DC51D+Z,IF钢,SPHETI-3,软钢,normal_real,,,,,,,
diagnostic_candidate,True,0030106245-000060,0030106245-000060,0030106245-000060,BR_00000012,BR_00000009,numeric-chain-000104,9,25,24,1450,0.8,700,840,DC51D+Z,普碳,SPHC,软钢,normal_real,,,,,,,
diagnostic_candidate,True,0002001603-000150,0002001603-000150,0002001603-000150,BR_00000012,BR_00000009,numeric-chain-000104,9,26,69,1445,1,770,810,DC51D+Z,普碳,SPHC,软钢,normal_real,,,,,,,
diagnostic_candidate,True,0002002180-000380,0002002180-000380,0002002180-000380,BR_00000036,BR_00000009,numeric-chain-000104,9,27,20,1430,1,770,810,DC51D+Z,IF钢,SPHETI-3,软钢,normal_real,,,,,,,
diagnostic_candidate,True,0002001906-000050,0002001906-000050,0002001906-000050,BR_00000025,BR_00000009,numeric-chain-000104,9,28,23,1420,1,770,810,DC51D+Z,普碳,SPHC,软钢,normal_real,,,,,,,
diagnostic_candidate,True,0002002170-000230,0002002170-000230,0002002170-000230,BR_00000036,BR_00000009,numeric-chain-000104,9,29,23,1420,1,770,810,DC51D+Z,IF钢,SPHETI-3,软钢,normal_real,,,,,,,
diagnostic_candidate,True,0030114040-000070,0030114040-000070,0030114040-000070,BR_00000024,BR_00000009,numeric-chain-000104,9,30,24,1412,1.2,795,815,HC220YD+Z,加磷高强、烘烤硬化钢,H220Y,软钢,normal_real,,,,,,,
diagnostic_candidate,True,0030108208-000010,0030108208-000010,0030108208-000010,BR_00000018,BR_00000009,numeric-chain-000104,9,31,24,1370,1.5,805,825,HC260YD+Z,加磷高强、烘烤硬化钢,H260Y,软钢,normal_real,,,,,,,
diagnostic_candidate,True,0030114354-000010,0030114354-000010,0030114354-000010,BR_00000024,BR_00000009,numeric-chain-000104,9,32,24,1365,1.4,810,830,HC180YD+Z,加磷高强、烘烤硬化钢,H180YD,软钢,normal_real,,,,,,,
diagnostic_candidate,True,0030115410-000010,0030115410-000010,0030115410-000010,BR_00000024,BR_00000009,numeric-chain-000104,9,33,150,1330,1.2,800,820,HC260YD+Z,加磷高强、烘烤硬化钢,H260Y,软钢,normal_real,,,,,,,
diagnostic_candidate,True,0030121501-000010,0030121501-000010,0030121501-000010,BR_00000030,BR_00000009,numeric-chain-000104,9,34,75,1330,1.2,800,820,HC260YD+Z,加磷高强、烘烤硬化钢,H260Y,软钢,normal_real,,,,,,,
diagnostic_candidate,True,0002001860-000130,0002001860-000130,0002001860-000130,BR_00000024,BR_00000009,numeric-chain-000104,9,35,20,1329,1,770,810,DC51D+Z,普碳,SPHC,软钢,normal_real,,,,,,,
diagnostic_candidate,True,0030110599-000020,0030110599-000020,0030110599-000020,BR_00000018,BR_00000009,numeric-chain-000104,9,36,24,1323,0.8,790,810,HC260YD+Z,加磷高强、烘烤硬化钢,H260Y,软钢,normal_real,,,,,,,
diagnostic_candidate,True,0002001633-000070,0002001633-000070,0002001633-000070,BR_00000012,BR_00000009,numeric-chain-000104,9,37,20,1315,0.65,770,810,DC51D+Z,普碳,SPHC,软钢,normal_real,,,,,,,
diagnostic_candidate,True,0002001998-000140,0002001998-000140,0002001998-000140,BR_00000030,BR_00000009,numeric-chain-000104,9,38,48,1315,0.65,770,810,DC51D+Z,普碳,SPHC,软钢,normal_real,,,,,,,
diagnostic_candidate,True,0002001612-000720,0002001612-000720,0002001612-000720,BR_00000012,BR_00000012,numeric-chain-000009,1,1,48,1150,0.7,830,850,DC54D+Z,IF钢,SPHETI-3,软钢,normal_real,,,,,,,
diagnostic_candidate,True,0002001603-000060,0002001603-000060,0002001603-000060,BR_00000012,BR_00000012,numeric-chain-000009,1,2,69,1133,0.7,830,850,DC53D+Z,IF钢,SPHETI-3,软钢,normal_real,,,,,,,
diagnostic_candidate,True,0030105927-000100,0030105927-000100,0030105927-000100,BR_00000012,BR_00000012,numeric-chain-000009,1,3,23,1135,0.6,820,840,DX53D+Z,IF钢,SPHETI-5,软钢,normal_real,,,,,,,
diagnostic_candidate,True,0002001767-000070,0002001767-000070,0002001767-000070,BR_00000018,BR_00000012,numeric-chain-000009,1,4,23,1140,0.6,830,850,DC54D+Z,IF钢,SPHETI-3,软钢,normal_real,,,,,,,
diagnostic_candidate,True,0002001768-000060,0002001768-000060,0002001768-000060,BR_00000018,BR_00000012,numeric-chain-000009,1,5,46,1133,0.7,830,850,DC53D+Z,IF钢,SPHETI-3,软钢,normal_real,,,,,,,
diagnostic_candidate,True,0002001854-000050,0002001854-000050,0002001854-000050,BR_00000024,BR_00000012,numeric-chain-000009,1,6,69,1133,0.7,830,850,DC53D+Z,IF钢,SPHETI-3,软钢,normal_real,,,,,,,
diagnostic_candidate,True,0005000487-000010,0005000487-000010,0005000487-000010,BR_00000018,BR_00000012,numeric-chain-000009,1,7,21,1130,0.7,820,840,CR210BH,加磷高强、烘烤硬化钢,H220BH,软钢,normal_real,,,,,,,
diagnostic_candidate,True,0005000500-000030,0005000500-000030,0005000500-000030,BR_00000024,BR_00000012,numeric-chain-000009,1,8,42,1130,0.7,820,840,CR210BH,加磷高强、烘烤硬化钢,H220BH,软钢,normal_real,,,,,,,
diagnostic_candidate,True,0005000545-000020,0005000545-000020,0005000545-000020,BR_00000030,BR_00000012,numeric-chain-000009,1,9,42,1130,0.7,820,840,CR210BH,加磷高强、烘烤硬化钢,H220BH,软钢,normal_real,,,,,,,
diagnostic_candidate,True,0005000468-000020,0005000468-000020,0005000468-000020,BR_00000012,BR_00000012,numeric-chain-000009,1,10,21,1130,0.7,820,840,CR210BH,加磷高强、烘烤硬化钢,H220BH,软钢,normal_real,,,,,,,
diagnostic_candidate,True,0030103543-000060,0030103543-000060,0030103543-000060,BR_00000012,BR_00000012,numeric-chain-000009,1,11,46,1125,0.8,820,840,DC53D+Z,IF钢,SPHETI-5,软钢,normal_real,,,,,,,
diagnostic_candidate,True,0030104292-000010,0030104292-000010,0030104292-000010,BR_00000012,BR_00000012,numeric-chain-000009,1,12,23,1125,0.8,830,850,DC56D+Z,IF钢,SPHETI-3,软钢,normal_real,,,,,,,
diagnostic_candidate,True,0002001648-000130,0002001648-000130,0002001648-000130,BR_00000012,BR_00000012,numeric-chain-000009,1,13,168,1120,0.6,820,840,DX53D+Z-CD,IF钢,SPHETI-5,软钢,normal_real,,,,,,,
diagnostic_candidate,True,0030114761-000020,0030114761-000020,0030114761-000020,BR_00000024,BR_00000012,numeric-chain-000009,1,14,23,1120,0.6,820,840,HC180BD+Z,加磷高强、烘烤硬化钢,H180BH1,软钢,normal_real,,,,,,,
diagnostic_candidate,True,0002001767-000060,0002001767-000060,0002001767-000060,BR_00000018,BR_00000012,numeric-chain-000009,1,15,23,1117,0.6,830,850,DC54D+Z,IF钢,SPHETI-3,软钢,normal_real,,,,,,,
diagnostic_candidate,True,0030103543-000020,0030103543-000020,0030103543-000020,BR_00000012,BR_00000012,numeric-chain-000009,1,16,207,1107,0.6,820,840,DC53D+Z,IF钢,SPHETI-5,软钢,normal_real,,,,,,,
diagnostic_candidate,True,0030105931-000020,0030105931-000020,0030105931-000020,BR_00000012,BR_00000012,numeric-chain-000009,1,17,46,1107,0.6,820,840,DC53D+Z,IF钢,SPHETI-5,软钢,normal_real,,,,,,,
diagnostic_candidate,True,0002001757-000170,0002001757-000170,0002001757-000170,BR_00000018,BR_00000012,numeric-chain-000009,1,18,46,1100,0.5,815,835,DX51D+Z-MD,普碳,SPHC,软钢,normal_real,,,,,,,
diagnostic_candidate,True,0002001480-000010,0002001480-000010,0002001480-000010,BR_00000012,BR_00000012,numeric-chain-000009,1,19,460,1093,0.5,820,840,DX53D+Z-CD,IF钢,SPHETI-5,软钢,normal_real,,,,,,,
diagnostic_candidate,True,0002001768-000090,0002001768-000090,0002001768-000090,BR_00000018,BR_00000012,numeric-chain-000064,2,1,23,1575,1,770,810,DC51D+Z,普碳,SPHC,软钢,normal_real,,,,,,,
diagnostic_candidate,True,0002001889-000010,0002001889-000010,0002001889-000010,BR_00000024,BR_00000012,numeric-chain-000064,2,2,25,1560,0.8,770,810,DC51D+Z,普碳,SPHC,软钢,normal_real,,,,,,,
diagnostic_candidate,True,0002002180-000340,0002002180-000340,0002002180-000340,BR_00000036,BR_00000012,numeric-chain-000064,2,3,20,1555,0.6,770,810,DC51D+Z,IF钢,SPHETI-3,软钢,normal_real,,,,,,,
diagnostic_candidate,True,0030105462-000020,0030105462-000020,0030105462-000020,BR_00000012,BR_00000012,numeric-chain-000064,2,4,48,1500,0.6,700,840,DC51D+Z,普碳,SPHC,软钢,actual_transition,,,,,,,
diagnostic_candidate,True,0030107311-000170,0030107311-000170,0030107311-000170,BR_00000018,BR_00000012,numeric-chain-000064,2,5,48,1500,0.6,700,840,DC51D+Z,普碳,SPHC,软钢,actual_transition,,,,,,,
diagnostic_candidate,True,0002001750-000520,0002001750-000520,0002001750-000520,BR_00000018,BR_00000012,numeric-chain-000064,2,6,20,1500,0.65,770,810,DC51D+Z,普碳,SPHC,软钢,normal_real,,,,,,,
diagnostic_candidate,True,virtual-000239,,,,BR_00000012,numeric-chain-000064,2,7,20.00,1500,0.80,770,850,SPHC,,SPHC,,virtual_sphc,,"{""accepted_sequence"":239,""prototype_id"":""virtual_sphc:1500x0.8"",""purpose"":""edge_bridge"",""related_partition_id"":null}",,,,,
diagnostic_candidate,True,virtual-000240,,,,BR_00000012,numeric-chain-000064,2,8,20.00,1500,1.00,770,850,SPHC,,SPHC,,virtual_sphc,,"{""accepted_sequence"":240,""prototype_id"":""virtual_sphc:1500x1"",""purpose"":""edge_bridge"",""related_partition_id"":null}",,,,,
diagnostic_candidate,True,0030106199-000010,0030106199-000010,0030106199-000010,BR_00000012,BR_00000012,numeric-chain-000064,2,9,24,1500,1.2,830,850,DC51D+Z,IF钢,SPHETI-3,软钢,normal_real,,,,,,,
diagnostic_candidate,True,virtual-000122,,,,BR_00000012,numeric-chain-000064,2,10,20.00,1500,1.00,770,850,SPHC,,SPHC,,virtual_sphc,,"{""accepted_sequence"":122,""prototype_id"":""virtual_sphc:1500x1"",""purpose"":""edge_bridge"",""related_partition_id"":null}",,,,,
diagnostic_candidate,True,virtual-000123,,,,BR_00000012,numeric-chain-000064,2,11,20.00,1500,0.80,770,850,SPHC,,SPHC,,virtual_sphc,,"{""accepted_sequence"":123,""prototype_id"":""virtual_sphc:1500x0.8"",""purpose"":""edge_bridge"",""related_partition_id"":null}",,,,,
diagnostic_candidate,True,0002002195-000160,0002002195-000160,0002002195-000160,BR_00000036,BR_00000012,numeric-chain-000064,2,12,635,1510,0.6,770,810,DC51D+Z,IF钢,SPHETI-3,软钢,normal_real,,,,,,,
diagnostic_candidate,True,0002002180-000130,0002002180-000130,0002002180-000130,BR_00000036,BR_00000012,numeric-chain-000064,2,13,34,1510,0.6,770,810,DC51D+Z,IF钢,SPHETI-3,软钢,normal_real,,,,,,,
diagnostic_candidate,True,0002001765-000030,0002001765-000030,0002001765-000030,BR_00000018,BR_00000012,numeric-chain-000064,2,14,180,1490,0.65,770,810,DC51D+Z,普碳,SPHC,软钢,normal_real,,,,,,,
diagnostic_candidate,True,0002001998-000180,0002001998-000180,0002001998-000180,BR_00000030,BR_00000012,numeric-chain-000064,2,15,210,1490,0.65,770,810,DC51D+Z,普碳,SPHC,软钢,normal_real,,,,,,,
diagnostic_candidate,True,0002002195-000150,0002002195-000150,0002002195-000150,BR_00000036,BR_00000012,numeric-chain-000064,2,16,175,1490,0.65,770,810,DC51D+Z,IF钢,SPHETI-3,软钢,normal_real,,,,,,,
diagnostic_candidate,True,0002002044-000030,0002002044-000030,0002002044-000030,BR_00000030,BR_00000012,numeric-chain-000064,2,17,48,1490,0.65,770,810,DC51D+Z,普碳,SPHC,软钢,normal_real,,,,,,,
diagnostic_candidate,True,0002001635-000160,0002001635-000160,0002001635-000160,BR_00000012,BR_00000012,numeric-chain-000064,2,18,72,1472,0.65,770,810,DC51D+Z,普碳,SPHC,软钢,normal_real,,,,,,,
diagnostic_candidate,True,0002002021-000040,0002002021-000040,0002002021-000040,BR_00000030,BR_00000012,numeric-chain-000064,2,19,23,1470,0.65,770,810,DC51D+Z,IF钢,SPHETI-3,软钢,normal_real,,,,,,,
diagnostic_candidate,True,0002002035-000040,0002002035-000040,0002002035-000040,BR_00000030,BR_00000012,numeric-chain-000064,2,20,128,1470,0.65,770,810,DC51D+Z,普碳,SPHC,软钢,normal_real,,,,,,,
diagnostic_candidate,True,0002002009-000040,0002002009-000040,0002002009-000040,BR_00000030,BR_00000012,numeric-chain-000064,2,21,46,1468,0.65,770,810,DC51D+Z,IF钢,SPHETI-3,软钢,normal_real,,,,,,,
diagnostic_candidate,True,0002001750-000120,0002001750-000120,0002001750-000120,BR_00000018,BR_00000012,numeric-chain-000064,2,22,24,1465,0.6,770,810,DC51D+Z,普碳,SPHC,软钢,normal_real,,,,,,,
diagnostic_candidate,True,0002001981-000040,0002001981-000040,0002001981-000040,BR_00000030,BR_00000012,numeric-chain-000064,2,23,105,1465,0.6,770,810,DC51D+Z,IF钢,SPHETI-3,软钢,normal_real,,,,,,,
diagnostic_candidate,True,0030103920-000040,0030103920-000040,0030103920-000040,BR_00000012,BR_00000012,numeric-chain-000091,3,1,104,1430,0.65,830,850,SCG4+Z,IF钢,SPHETI-3,软钢,normal_real,,,,,,,
diagnostic_candidate,True,0030108260-000040,0030108260-000040,0030108260-000040,BR_00000018,BR_00000012,numeric-chain-000091,3,2,208,1430,0.65,830,850,SCG4+Z,IF钢,SPHETI-3,软钢,normal_real,,,,,,,
diagnostic_candidate,True,0030103543-000080,0030103543-000080,0030103543-000080,BR_00000012,BR_00000012,numeric-chain-000091,3,3,72,1416,0.8,820,840,DC53D+Z,IF钢,SPHETI-5,软钢,normal_real,,,,,,,
diagnostic_candidate,True,0030117285-000040,0030117285-000040,0030117285-000040,BR_00000030,BR_00000012,numeric-chain-000091,3,4,182,1430,0.65,830,850,SCG4+Z,IF钢,SPHETI-3,软钢,normal_real,,,,,,,
diagnostic_candidate,True,0002002176-000110,0002002176-000110,0002002176-000110,BR_00000036,BR_00000012,numeric-chain-000091,3,5,35,1418,0.65,830,850,DC53D+Z,IF钢,SPHETI-3,软钢,normal_real,,,,,,,
diagnostic_candidate,True,0002002055-000100,0002002055-000100,0002002055-000100,BR_00000030,BR_00000012,numeric-chain-000091,3,6,92,1413,0.6,820,840,DX53D+Z-MD,IF钢,SPHETI-5,软钢,normal_real,,,,,,,
diagnostic_candidate,True,0030119098-000040,0030119098-000040,0030119098-000040,BR_00000030,BR_00000012,numeric-chain-000091,3,7,24,1405,0.5,820,840,DX53D+Z-LG,IF钢,SPHETI-5,软钢,normal_real,,,,,,,
diagnostic_candidate,True,0030125168-000070,0030125168-000070,0030125168-000070,BR_00000036,BR_00000012,numeric-chain-000091,3,8,24,1405,0.5,820,840,DX53D+Z-LG,IF钢,SPHETI-5,软钢,normal_real,,,,,,,
diagnostic_candidate,True,0010019718-000030,0010019718-000030,0010019718-000030,BR_00000036,BR_00000012,numeric-chain-000091,3,9,144,1400,0.5,700,840,DC51D+Z,普碳,SPHC,软钢,actual_transition,,,,,,,
diagnostic_candidate,True,0030113258-000010,0030113258-000010,0030113258-000010,BR_00000024,BR_00000012,numeric-chain-000091,3,10,72,1375,0.4,700,840,DC51D+Z,普碳,SPHC,软钢,normal_real,,,,,,,
diagnostic_candidate,True,0030108585-000010,0030108585-000010,0030108585-000010,BR_00000018,BR_00000012,numeric-chain-000091,3,11,48,1375,0.4,700,840,DC51D+Z,普碳,SPHC,软钢,normal_real,,,,,,,
diagnostic_candidate,True,0030125168-000010,0030125168-000010,0030125168-000010,BR_00000036,BR_00000012,numeric-chain-000091,3,12,72,1375,0.4,700,840,DC51D+Z,普碳,SPHC,软钢,normal_real,,,,,,,
diagnostic_candidate,True,0002001612-000270,0002001612-000270,0002001612-000270,BR_00000012,BR_00000012,numeric-chain-000000,4,1,94,1595,0.8,770,810,DC51D+Z,普碳,SPHC,软钢,normal_real,,,,,,,
diagnostic_candidate,True,0002001612-000020,0002001612-000020,0002001612-000020,BR_00000012,BR_00000012,numeric-chain-000000,4,2,147,1562,0.8,770,810,DC51D+Z,普碳,SPHC,软钢,normal_real,,,,,,,
diagnostic_candidate,True,0002001750-000400,0002001750-000400,0002001750-000400,BR_00000018,BR_00000012,numeric-chain-000000,4,3,20,1555,0.6,770,810,DC51D+Z,普碳,SPHC,软钢,normal_real,,,,,,,
diagnostic_candidate,True,0002002009-000010,0002002009-000010,0002002009-000010,BR_00000030,BR_00000012,numeric-chain-000000,4,4,140,1560,0.8,770,810,DC51D+Z,普碳,SPHC,软钢,normal_real,,,,,,,
diagnostic_candidate,True,0002002021-000190,0002002021-000190,0002002021-000190,BR_00000030,BR_00000012,numeric-chain-000000,4,5,23,1548,0.6,770,810,DC51D+Z,IF钢,SPHETI-3,软钢,normal_real,,,,,,,
diagnostic_candidate,True,0002001765-000040,0002001765-000040,0002001765-000040,BR_00000018,BR_00000012,numeric-chain-000000,4,6,336,1510,0.6,770,810,DC51D+Z,IF钢,SPHETI-3,软钢,normal_real,,,,,,,
diagnostic_candidate,True,0002001998-000190,0002001998-000190,0002001998-000190,BR_00000030,BR_00000012,numeric-chain-000000,4,7,320,1510,0.6,770,810,DC51D+Z,IF钢,SPHETI-3,软钢,normal_real,,,,,,,
diagnostic_candidate,True,0030107311-000020,0030107311-000020,0030107311-000020,BR_00000018,BR_00000012,numeric-chain-000000,4,8,48,1500,0.6,700,840,DC51D+Z,普碳,SPHC,软钢,actual_transition,,,,,,,
diagnostic_candidate,True,0005000506-000010,0005000506-000010,0005000506-000010,BR_00000024,BR_00000012,numeric-chain-000000,4,9,7,1478,0.7,810,830,CR240LA,低合金高强,H260LAD-3,硬钢,normal_real,,,,,,,
diagnostic_candidate,True,0005000462-000030,0005000462-000030,0005000462-000030,BR_00000012,BR_00000012,numeric-chain-000000,4,10,23,1403,0.7,810,830,CR240LA,低合金高强,H260LAD-3,硬钢,normal_real,,,,,,,
diagnostic_candidate,True,0005000463-000010,0005000463-000010,0005000463-000010,BR_00000012,BR_00000012,numeric-chain-000000,4,11,23,1403,0.7,810,830,CR240LA,低合金高强,H260LAD-3,硬钢,normal_real,,,,,,,
diagnostic_candidate,True,0005000555-000010,0005000555-000010,0005000555-000010,BR_00000030,BR_00000012,numeric-chain-000000,4,12,23,1403,0.7,810,830,CR240LA,低合金高强,H260LAD-3,硬钢,normal_real,,,,,,,
diagnostic_candidate,True,0005000464-000340,0005000464-000340,0005000464-000340,BR_00000012,BR_00000012,numeric-chain-000000,4,13,21,1385,0.8,810,830,CR240LA,低合金高强,H260LAD-3,硬钢,normal_real,,,,,,,
diagnostic_candidate,True,0005000547-000440,0005000547-000440,0005000547-000440,BR_00000030,BR_00000012,numeric-chain-000000,4,14,21,1385,0.8,810,830,CR240LA,低合金高强,H260LAD-3,硬钢,normal_real,,,,,,,
diagnostic_candidate,True,0030107381-000120,0030107381-000120,0030107381-000120,BR_00000018,BR_00000012,numeric-chain-000000,4,15,66,1354,0.7,810,830,CR240LA,低合金高强,H260LAD-3,硬钢,normal_real,,,,,,,
diagnostic_candidate,True,0030112686-000080,0030112686-000080,0030112686-000080,BR_00000024,BR_00000012,numeric-chain-000000,4,16,22,1354,0.7,810,830,CR240LA,低合金高强,H260LAD-3,硬钢,normal_real,,,,,,,
diagnostic_candidate,True,0030117110-000110,0030117110-000110,0030117110-000110,BR_00000030,BR_00000012,numeric-chain-000000,4,17,44,1354,0.7,810,830,CR240LA,低合金高强,H260LAD-3,硬钢,normal_real,,,,,,,
diagnostic_candidate,True,0005000501-000110,0005000501-000110,0005000501-000110,BR_00000024,BR_00000012,numeric-chain-000000,4,18,20,1265,0.8,810,830,CR240LA,低合金高强,H260LAD-3,硬钢,normal_real,,,,,,,
diagnostic_candidate,True,0005000547-000130,0005000547-000130,0005000547-000130,BR_00000030,BR_00000012,numeric-chain-000000,4,19,20,1265,0.8,810,830,CR240LA,低合金高强,H260LAD-3,硬钢,normal_real,,,,,,,
diagnostic_candidate,True,0030106969-000020,0030106969-000020,0030106969-000020,BR_00000013,BR_00000012,numeric-chain-000000,4,20,72,1262,0.6,700,840,DX51D+Z,普碳,SPHC,软钢,actual_transition,,,,,,,
diagnostic_candidate,True,0030105927-000020,0030105927-000020,0030105927-000020,BR_00000012,BR_00000012,numeric-chain-000000,4,21,192,1250,0.6,700,720,DX51D+Z3,深冲钢（PD）,DD12BB,软钢,normal_real,,,,,,,
diagnostic_candidate,True,0030106987-000020,0030106987-000020,0030106987-000020,BR_00000018,BR_00000012,numeric-chain-000000,4,22,24,1250,0.6,700,840,DX51D+Z,普碳,SPHC,软钢,actual_transition,,,,,,,
diagnostic_candidate,True,0030119030-000010,0030119030-000010,0030119030-000010,BR_00000030,BR_00000012,numeric-chain-000000,4,23,20,1250,0.6,820,840,DX53D+Z,IF钢,SPHETI-5,软钢,normal_real,,,,,,,
diagnostic_candidate,True,0030107598-000010,0030107598-000010,0030107598-000010,BR_00000018,BR_00000012,numeric-chain-000000,4,24,25,1250,0.6,820,840,DX53D+Z,IF钢,SPHETI-5,软钢,normal_real,,,,,,,
diagnostic_candidate,True,0002001854-000230,0002001854-000230,0002001854-000230,BR_00000024,BR_00000012,numeric-chain-000000,4,25,50,1250,0.65,830,850,DC53D+Z,IF钢,SPHETI-3,软钢,normal_real,,,,,,,
diagnostic_candidate,True,0030107311-000360,0030107311-000360,0030107311-000360,BR_00000018,BR_00000012,numeric-chain-000000,4,26,24,1250,0.8,700,840,DC51D+Z,普碳,SPHC,软钢,actual_transition,,,,,,,
diagnostic_candidate,True,0030107311-000190,0030107311-000190,0030107311-000190,BR_00000018,BR_00000012,numeric-chain-000000,4,27,24,1250,0.8,700,840,DC51D+Z,普碳,SPHC,软钢,actual_transition,,,,,,,
diagnostic_candidate,True,0010017445-000030,0010017445-000030,0010017445-000030,BR_00000025,BR_00000012,numeric-chain-000000,4,28,144,1250,1,700,840,DC51D+Z,普碳,SPHC,软钢,actual_transition,,,,,,,
diagnostic_candidate,True,0002002055-000020,0002002055-000020,0002002055-000020,BR_00000030,BR_00000012,numeric-chain-000069,5,1,742,1452,0.8,815,835,DX51D+Z-MD,普碳,SPHC,软钢,normal_real,,,,,,,
diagnostic_candidate,True,0002002009-000270,0002002009-000270,0002002009-000270,BR_00000030,BR_00000012,numeric-chain-000069,5,2,152,1450,0.65,810,830,180YD+Z,加磷高强、烘烤硬化钢,H180YD,软钢,normal_real,,,,,,,
diagnostic_candidate,True,0002001871-000460,0002001871-000460,0002001871-000460,BR_00000024,BR_00000012,numeric-chain-000069,5,3,100,1450,0.65,810,830,180YD+Z,加磷高强、烘烤硬化钢,H180YD,软钢,normal_real,,,,,,,
diagnostic_candidate,True,0002001889-000110,0002001889-000110,0002001889-000110,BR_00000024,BR_00000012,numeric-chain-000069,5,4,33,1450,0.65,810,830,180YD+Z,加磷高强、烘烤硬化钢,H180YD,软钢,normal_real,,,,,,,
diagnostic_candidate,True,0030119862-000150,0030119862-000150,0030119862-000150,BR_00000030,BR_00000012,numeric-chain-000069,5,5,24,1443,0.7,810,830,HC180YD+Z,加磷高强、烘烤硬化钢,H180YD,软钢,normal_real,,,,,,,
diagnostic_candidate,True,0002002170-000150,0002002170-000150,0002002170-000150,BR_00000036,BR_00000012,numeric-chain-000069,5,6,23,1433,0.65,810,830,180YD+Z,加磷高强、烘烤硬化钢,H180YD,软钢,normal_real,,,,,,,
diagnostic_candidate,True,0002002055-000030,0002002055-000030,0002002055-000030,BR_00000030,BR_00000012,numeric-chain-000069,5,7,92,1430,0.6,815,835,DX51D+Z-MD,普碳,SPHC,软钢,normal_real,,,,,,,
diagnostic_candidate,True,0030106242-000060,0030106242-000060,0030106242-000060,BR_00000012,BR_00000012,numeric-chain-000069,5,8,48,1405,0.5,820,840,DX53D+Z-LG,IF钢,SPHETI-5,软钢,normal_real,,,,,,,
diagnostic_candidate,True,0030108542-000020,0030108542-000020,0030108542-000020,BR_00000018,BR_00000012,numeric-chain-000069,5,9,48,1405,0.5,820,840,DX53D+Z-LG,IF钢,SPHETI-5,软钢,normal_real,,,,,,,
diagnostic_candidate,True,0030121346-000020,0030121346-000020,0030121346-000020,BR_00000032,BR_00000012,numeric-chain-000069,5,10,48,1393,0.5,820,840,DX53D+Z,IF钢,SPHETI-5,软钢,normal_real,,,,,,,
diagnostic_candidate,True,0002001750-000530,0002001750-000530,0002001750-000530,BR_00000018,BR_00000012,numeric-chain-000069,5,11,20,1390,0.6,830,850,DC56D+Z,IF钢,SPHETI-3,软钢,normal_real,,,,,,,
diagnostic_candidate,True,0030119866-000010,0030119866-000010,0030119866-000010,BR_00000030,BR_00000012,numeric-chain-000069,5,12,78,1385,0.6,830,850,DC54D+Z,IF钢,SPHETI-5,软钢,normal_real,,,,,,,
diagnostic_candidate,True,0030121196-000010,0030121196-000010,0030121196-000010,BR_00000032,BR_00000012,numeric-chain-000069,5,13,24,1380,0.67,830,850,DC56D+Z,IF钢,SPHETI-3,软钢,normal_real,,,,,,,
diagnostic_candidate,True,0030112575-000060,0030112575-000060,0030112575-000060,BR_00000024,BR_00000012,numeric-chain-000069,5,14,156,1360,0.65,830,850,SCG4+Z,IF钢,SPHETI-3,软钢,normal_real,,,,,,,
diagnostic_candidate,True,0030117285-000060,0030117285-000060,0030117285-000060,BR_00000030,BR_00000012,numeric-chain-000069,5,15,52,1360,0.65,830,850,SCG4+Z,IF钢,SPHETI-3,软钢,normal_real,,,,,,,
diagnostic_candidate,True,0030123143-000060,0030123143-000060,0030123143-000060,BR_00000036,BR_00000012,numeric-chain-000069,5,16,78,1360,0.65,830,850,SCG4+Z,IF钢,SPHETI-3,软钢,normal_real,,,,,,,
diagnostic_candidate,True,0002002195-000080,0002002195-000080,0002002195-000080,BR_00000036,BR_00000012,numeric-chain-000047,6,1,190,1195,0.65,830,850,DC53D+Z,IF钢,SPHETI-3,软钢,normal_real,,,,,,,
diagnostic_candidate,True,0030118934-000040,0030118934-000040,0030118934-000040,BR_00000030,BR_00000012,numeric-chain-000047,6,2,69,1180,0.65,820,840,HX180BD+Z,加磷高强、烘烤硬化钢,H180BH1,软钢,normal_real,,,,,,,
diagnostic_candidate,True,0002001612-000290,0002001612-000290,0002001612-000290,BR_00000012,BR_00000012,numeric-chain-000047,6,3,69,1170,0.65,830,850,DC53D+Z,IF钢,SPHETI-3,软钢,normal_real,,,,,,,
diagnostic_candidate,True,0030117110-000010,0030117110-000010,0030117110-000010,BR_00000030,BR_00000012,numeric-chain-000047,6,4,66,1170,0.7,830,850,CR3,IF钢,SPHETI-36,软钢,normal_real,,,,,,,
diagnostic_candidate,True,0030114754-000040,0030114754-000040,0030114754-000040,BR_00000024,BR_00000012,numeric-chain-000047,6,5,48,1190,0.6,820,840,DC53D+Z,IF钢,SPHETI-5,软钢,normal_real,,,,,,,
diagnostic_candidate,True,0030117283-000030,0030117283-000030,0030117283-000030,BR_00000030,BR_00000012,numeric-chain-000047,6,6,48,1190,0.7,830,850,SCG4+Z,IF钢,SPHETI-3,软钢,normal_real,,,,,,,
diagnostic_candidate,True,0002002009-000050,0002002009-000050,0002002009-000050,BR_00000030,BR_00000012,numeric-chain-000047,6,7,75,1168,0.65,830,850,DC53D+Z,IF钢,SPHETI-3,软钢,normal_real,,,,,,,
diagnostic_candidate,True,0030117932-000010,0030117932-000010,0030117932-000010,BR_00000030,BR_00000012,numeric-chain-000047,6,8,264,1162,0.6,700,840,DC51D+Z,普碳,SPHC,软钢,normal_real,,,,,,,
diagnostic_candidate,True,0002001768-000010,0002001768-000010,0002001768-000010,BR_00000018,BR_00000012,numeric-chain-000047,6,9,23,1160,0.7,830,850,DC53D+Z,IF钢,SPHETI-3,软钢,normal_real,,,,,,,
diagnostic_candidate,True,0002001901-000040,0002001901-000040,0002001901-000040,BR_00000024,BR_00000012,numeric-chain-000047,6,10,46,1160,0.7,830,850,DC53D+Z,IF钢,SPHETI-3,软钢,normal_real,,,,,,,
diagnostic_candidate,True,0002001740-000020,0002001740-000020,0002001740-000020,BR_00000018,BR_00000012,numeric-chain-000047,6,11,46,1160,0.7,830,850,DC53D+Z,IF钢,SPHETI-3,软钢,normal_real,,,,,,,
diagnostic_candidate,True,0002002185-000060,0002002185-000060,0002002185-000060,BR_00000036,BR_00000012,numeric-chain-000047,6,12,23,1155,0.65,830,850,DC54D+Z,IF钢,SPHETI-3,软钢,normal_real,,,,,,,
diagnostic_candidate,True,0030120757-000040,0030120757-000040,0030120757-000040,BR_00000031,BR_00000012,numeric-chain-000047,6,13,72,1155,0.8,830,850,DC54D+Z,IF钢,SPHETI-5,软钢,normal_real,,,,,,,
diagnostic_candidate,True,0002002055-000050,0002002055-000050,0002002055-000050,BR_00000030,BR_00000012,numeric-chain-000098,7,1,792,1310,0.6,815,835,DX51D+Z-MD,普碳,SPHC,软钢,normal_real,,,,,,,
diagnostic_candidate,True,0002001860-000530,0002001860-000530,0002001860-000530,BR_00000024,BR_00000012,numeric-chain-000098,7,2,84,1300,0.65,810,830,180YD+Z,加磷高强、烘烤硬化钢,H180YD,软钢,normal_real,,,,,,,
diagnostic_candidate,True,0002002009-000060,0002002009-000060,0002002009-000060,BR_00000030,BR_00000012,numeric-chain-000098,7,3,60,1305,0.6,810,830,180YD+Z,加磷高强、烘烤硬化钢,H180YD,软钢,normal_real,,,,,,,
diagnostic_candidate,True,0030118006-000010,0030118006-000010,0030118006-000010,BR_00000030,BR_00000012,numeric-chain-000098,7,4,72,1295,0.6,700,840,DC51D+Z,普碳,SPHC,软钢,normal_real,,,,,,,
diagnostic_candidate,True,0002002176-000190,0002002176-000190,0002002176-000190,BR_00000036,BR_00000012,numeric-chain-000098,7,5,15,1295,0.6,770,810,DC51D+Z,普碳,SPHC,软钢,normal_real,,,,,,,
diagnostic_candidate,True,0002001750-000060,0002001750-000060,0002001750-000060,BR_00000018,BR_00000012,numeric-chain-000098,7,6,24,1295,0.65,770,810,DC51D+Z,普碳,SPHC,软钢,normal_real,,,,,,,
diagnostic_candidate,True,0002001603-000170,0002001603-000170,0002001603-000170,BR_00000012,BR_00000012,numeric-chain-000098,7,7,23,1290,0.65,770,810,DC51D+Z,普碳,SPHC,软钢,normal_real,,,,,,,
diagnostic_candidate,True,0002002170-000270,0002002170-000270,0002002170-000270,BR_00000036,BR_00000012,numeric-chain-000098,7,8,46,1290,0.65,770,810,DC51D+Z,IF钢,SPHETI-3,软钢,normal_real,,,,,,,
diagnostic_candidate,True,0002001871-000470,0002001871-000470,0002001871-000470,BR_00000024,BR_00000012,numeric-chain-000098,7,9,65,1288,0.65,770,810,DC51D+Z,普碳,SPHC,软钢,normal_real,,,,,,,
diagnostic_candidate,True,0002002202-000090,0002002202-000090,0002002202-000090,BR_00000036,BR_00000012,numeric-chain-000098,7,10,138,1280,0.65,770,810,DC51D+Z,IF钢,SPHETI-3,软钢,normal_real,,,,,,,
diagnostic_candidate,True,0002001780-000100,0002001780-000100,0002001780-000100,BR_00000024,BR_00000012,numeric-chain-000098,7,11,23,1265,0.8,770,810,DC51D+Z,普碳,SPHC,软钢,normal_real,,,,,,,
diagnostic_candidate,True,0002001854-000290,0002001854-000290,0002001854-000290,BR_00000024,BR_00000012,numeric-chain-000098,7,12,46,1265,0.8,770,810,DC51D+Z,普碳,SPHC,软钢,normal_real,,,,,,,
diagnostic_candidate,True,0030107665-000010,0030107665-000010,0030107665-000010,BR_00000018,BR_00000012,numeric-chain-000098,7,13,72,1260,0.65,790,810,HC260YD+Z,加磷高强、烘烤硬化钢,H260Y,软钢,normal_real,,,,,,,
diagnostic_candidate,True,0002001871-000350,0002001871-000350,0002001871-000350,BR_00000024,BR_00000012,numeric-chain-000098,7,14,23,1260,0.65,770,810,DC51D+Z,普碳,SPHC,软钢,normal_real,,,,,,,
diagnostic_candidate,True,0002002170-000330,0002002170-000330,0002002170-000330,BR_00000036,BR_00000012,numeric-chain-000098,7,15,23,1260,0.65,770,810,DC51D+Z,IF钢,SPHETI-3,软钢,normal_real,,,,,,,
diagnostic_candidate,True,0002001906-000140,0002001906-000140,0002001906-000140,BR_00000025,BR_00000012,numeric-chain-000098,7,16,46,1255,0.6,770,810,DC51D+Z,普碳,SPHC,软钢,normal_real,,,,,,,
diagnostic_candidate,True,0010018206-000030,0010018206-000030,0010018206-000030,BR_00000030,BR_00000012,numeric-chain-000098,7,17,52,1250,0.5,700,840,DC51D+Z,普碳,SPHC,软钢,actual_transition,,,,,,,
diagnostic_candidate,True,0030103224-000010,0030103224-000010,0030103224-000010,BR_00000012,BR_00000012,numeric-chain-000098,7,18,48,1250,0.5,700,840,DC51D+Z,普碳,SPHC,软钢,actual_transition,,,,,,,
diagnostic_candidate,True,virtual-000191,,,,BR_00000012,numeric-chain-000098,7,19,20.00,1250,0.60,700,840,SPHC,,SPHC,,virtual_sphc,,"{""accepted_sequence"":191,""prototype_id"":""virtual_sphc:1250x0.6"",""purpose"":""edge_bridge"",""related_partition_id"":null}",,,,,
diagnostic_candidate,True,0030106897-000020,0030106897-000020,0030106897-000020,BR_00000018,BR_00000012,numeric-chain-000098,7,20,72,1250,0.6,700,840,DC51D+Z,普碳,SPHC,软钢,actual_transition,,,,,,,
diagnostic_candidate,True,virtual-000189,,,,BR_00000012,numeric-chain-000098,7,21,20.00,1250,0.60,700,840,SPHC,,SPHC,,virtual_sphc,,"{""accepted_sequence"":189,""prototype_id"":""virtual_sphc:1250x0.6"",""purpose"":""edge_bridge"",""related_partition_id"":null}",,,,,
diagnostic_candidate,True,0002001906-000110,0002001906-000110,0002001906-000110,BR_00000025,BR_00000012,numeric-chain-000098,7,22,92,1250,0.65,830,850,DC53D+Z,IF钢,SPHETI-3,软钢,normal_real,,,,,,,
diagnostic_candidate,True,0030112553-000030,0030112553-000030,0030112553-000030,BR_00000024,BR_00000012,numeric-chain-000098,7,23,48,1250,0.75,700,840,DC51D+Z,普碳,SPHC,软钢,actual_transition,,,,,,,
diagnostic_candidate,True,0030124824-000030,0030124824-000030,0030124824-000030,BR_00000036,BR_00000012,numeric-chain-000098,7,24,45,1250,0.75,730,750,DX51D+Z,普碳,SPHC,软钢,normal_real,,,,,,,
diagnostic_candidate,True,0030103526-000110,0030103526-000110,0030103526-000110,BR_00000012,BR_00000012,numeric-chain-000098,7,25,48,1250,0.8,700,840,DC51D+Z,普碳,SPHC,软钢,actual_transition,,,,,,,
diagnostic_candidate,True,0030103526-000130,0030103526-000130,0030103526-000130,BR_00000012,BR_00000012,numeric-chain-000066,8,1,48,1250,1,700,840,DC51D+Z,普碳,SPHC,软钢,actual_transition,,,,,,,
diagnostic_candidate,True,0030107934-000030,0030107934-000030,0030107934-000030,BR_00000018,BR_00000012,numeric-chain-000066,8,2,96,1250,1,770,810,DX51D+Z,深冲钢（PD）,SPHCQ,软钢,normal_real,,,,,,,
diagnostic_candidate,True,0030103545-000020,0030103545-000020,0030103545-000020,BR_00000012,BR_00000012,numeric-chain-000066,8,3,96,1250,0.8,700,840,DC51D+Z,普碳,SPHC,软钢,normal_real,,,,,,,
diagnostic_candidate,True,0030107311-000180,0030107311-000180,0030107311-000180,BR_00000018,BR_00000012,numeric-chain-000066,8,4,24,1250,0.7,700,840,DC51D+Z,普碳,SPHC,软钢,actual_transition,,,,,,,
diagnostic_candidate,True,0002001757-000090,0002001757-000090,0002001757-000090,BR_00000018,BR_00000012,numeric-chain-000066,8,5,60,1250,0.8,820,840,DX53D+Z-MD,IF钢,SPHETI-5,软钢,normal_real,,,,,,,
diagnostic_candidate,True,0002002054-000190,0002002054-000190,0002002054-000190,BR_00000030,BR_00000012,numeric-chain-000066,8,6,332,1250,0.8,815,835,DX51D+Z-MD,普碳,SPHC,软钢,normal_real,,,,,,,
diagnostic_candidate,True,virtual-000221,,,,BR_00000012,numeric-chain-000066,8,7,20.00,1250,0.80,770,835,SPHC,,SPHC,,virtual_sphc,,"{""accepted_sequence"":221,""prototype_id"":""virtual_sphc:1250x0.8"",""purpose"":""edge_bridge"",""related_partition_id"":null}",,,,,
diagnostic_candidate,True,virtual-000253,,,,BR_00000012,numeric-chain-000066,8,8,20.00,1250,0.80,730,810,SPHC,,SPHC,,virtual_sphc,,"{""accepted_sequence"":253,""prototype_id"":""virtual_sphc:1250x0.8"",""purpose"":""edge_bridge"",""related_partition_id"":null}",,,,,
diagnostic_candidate,True,0030114159-000010,0030114159-000010,0030114159-000010,BR_00000024,BR_00000012,numeric-chain-000066,8,9,20,1250,0.75,730,750,DX51D+Z,普碳,SPHC,软钢,normal_real,,,,,,,
diagnostic_candidate,True,0030122897-000100,0030122897-000100,0030122897-000100,BR_00000036,BR_00000012,numeric-chain-000066,8,10,96,1250,0.75,700,840,DC51D+Z,普碳,SPHC,软钢,actual_transition,,,,,,,
diagnostic_candidate,True,0030115408-000010,0030115408-000010,0030115408-000010,BR_00000024,BR_00000012,numeric-chain-000066,8,11,24,1250,0.7,780,800,HC220YD+Z,加磷高强、烘烤硬化钢,H220Y,软钢,normal_real,,,,,,,
diagnostic_candidate,True,virtual-000147,,,,BR_00000012,numeric-chain-000066,8,12,20.00,1250,0.80,780,835,SPHC,,SPHC,,virtual_sphc,,"{""accepted_sequence"":147,""prototype_id"":""virtual_sphc:1250x0.8"",""purpose"":""edge_bridge"",""related_partition_id"":null}",,,,,
diagnostic_candidate,True,virtual-000203,,,,BR_00000012,numeric-chain-000066,8,13,20.00,1250,0.60,700,835,SPHC,,SPHC,,virtual_sphc,,"{""accepted_sequence"":203,""prototype_id"":""virtual_sphc:1250x0.6"",""purpose"":""edge_bridge"",""related_partition_id"":null}",,,,,
diagnostic_candidate,True,0030105930-000010,0030105930-000010,0030105930-000010,BR_00000012,BR_00000012,numeric-chain-000066,8,14,216,1250,0.6,700,720,DX51D+Z3,深冲钢（PD）,DD12BB,软钢,normal_real,,,,,,,
diagnostic_candidate,True,virtual-000100,,,,BR_00000012,numeric-chain-000066,8,15,20.00,1250,0.80,730,800,SPHC,,SPHC,,virtual_sphc,,"{""accepted_sequence"":100,""prototype_id"":""virtual_sphc:1250x0.8"",""purpose"":""edge_bridge"",""related_partition_id"":null}",,,,,
diagnostic_candidate,True,virtual-000146,,,,BR_00000012,numeric-chain-000066,8,16,20.00,1250,0.80,700,840,SPHC,,SPHC,,virtual_sphc,,"{""accepted_sequence"":146,""prototype_id"":""virtual_sphc:1250x0.8"",""purpose"":""edge_bridge"",""related_partition_id"":null}",,,,,
diagnostic_candidate,True,0030106897-000040,0030106897-000040,0030106897-000040,BR_00000018,BR_00000012,numeric-chain-000066,8,17,48,1250,1,700,840,DC51D+Z,普碳,SPHC,软钢,actual_transition,,,,,,,
diagnostic_candidate,True,virtual-000110,,,,BR_00000012,numeric-chain-000066,8,18,20.00,1250,0.80,770,835,SPHC,,SPHC,,virtual_sphc,,"{""accepted_sequence"":110,""prototype_id"":""virtual_sphc:1250x0.8"",""purpose"":""edge_bridge"",""related_partition_id"":null}",,,,,
diagnostic_candidate,True,virtual-000074,,,,BR_00000012,numeric-chain-000066,8,19,20.00,1250,0.80,770,835,SPHC,,SPHC,,virtual_sphc,,"{""accepted_sequence"":74,""prototype_id"":""virtual_sphc:1250x0.8"",""purpose"":""edge_bridge"",""related_partition_id"":null}",,,,,
diagnostic_candidate,True,0030123653-000050,0030123653-000050,0030123653-000050,BR_00000036,BR_00000012,numeric-chain-000066,8,20,120,1240,0.8,700,840,DC51D+Z,普碳,SPHC,软钢,normal_real,,,,,,,
diagnostic_candidate,True,0030119862-000070,0030119862-000070,0030119862-000070,BR_00000030,BR_00000012,numeric-chain-000066,8,21,48,1233,0.7,770,810,DC51D+Z,深冲钢（PD）,SPHCQ,软钢,normal_real,,,,,,,
diagnostic_candidate,True,0002001628-000030,0002001628-000030,0002001628-000030,BR_00000012,BR_00000012,numeric-chain-000066,8,22,23,1230,0.65,770,810,DC51D+Z,普碳,SPHC,软钢,normal_real,,,,,,,
diagnostic_candidate,True,0030113466-000030,0030113466-000030,0030113466-000030,BR_00000024,BR_00000012,numeric-chain-000066,8,23,24,1230,0.8,700,840,DC51D+Z,普碳,SPHC,软钢,normal_real,,,,,,,
diagnostic_candidate,True,0002001612-000570,0002001612-000570,0002001612-000570,BR_00000012,BR_00000012,numeric-chain-000066,8,24,30,1226,0.65,770,810,DC51D+Z,普碳,SPHC,软钢,normal_real,,,,,,,
diagnostic_candidate,True,0002001998-000270,0002001998-000270,0002001998-000270,BR_00000030,BR_00000012,numeric-chain-000066,8,25,24,1223,0.65,770,810,DC51D+Z,普碳,SPHC,软钢,normal_real,,,,,,,
diagnostic_candidate,True,0030119599-000010,0030119599-000010,0030119599-000010,BR_00000030,BR_00000012,numeric-chain-000066,8,26,120,1215,0.65,780,800,HC220YD+Z,加磷高强、烘烤硬化钢,H220Y,软钢,normal_real,,,,,,,
diagnostic_candidate,True,0030114676-000030,0030114676-000030,0030114676-000030,BR_00000024,BR_00000012,numeric-chain-000066,8,27,48,1211,0.65,780,800,HC220YD+Z,加磷高强、烘烤硬化钢,H220Y,软钢,normal_real,,,,,,,
diagnostic_candidate,True,0030119862-000060,0030119862-000060,0030119862-000060,BR_00000030,BR_00000012,numeric-chain-000066,8,28,48,1203,0.7,770,810,DC51D+Z,深冲钢（PD）,SPHCQ,软钢,normal_real,,,,,,,
diagnostic_candidate,True,0002001617-000250,0002001617-000250,0002001617-000250,BR_00000012,BR_00000012,numeric-chain-000066,8,29,40,1200,0.6,770,810,DC51D+Z,普碳,SPHC,软钢,normal_real,,,,,,,
diagnostic_candidate,True,0030121499-000110,0030121499-000110,0030121499-000110,BR_00000030,BR_00000012,numeric-chain-000066,8,30,72,1185,0.62,790,810,HC260YD+Z,加磷高强、烘烤硬化钢,H260Y,软钢,normal_real,,,,,,,
diagnostic_candidate,True,0002001612-000490,0002001612-000490,0002001612-000490,BR_00000012,BR_00000012,numeric-chain-000066,8,31,46,1180,0.65,770,810,DC51D+Z,普碳,SPHC,软钢,normal_real,,,,,,,
diagnostic_candidate,True,0002001871-000540,0002001871-000540,0002001871-000540,BR_00000024,BR_00000012,numeric-chain-000066,8,32,13,1180,0.65,770,810,DC51D+Z,普碳,SPHC,软钢,normal_real,,,,,,,
diagnostic_candidate,True,0002001612-000440,0002001612-000440,0002001612-000440,BR_00000012,BR_00000012,numeric-chain-000066,8,33,13,1174,0.65,770,810,DC51D+Z,普碳,SPHC,软钢,normal_real,,,,,,,
diagnostic_candidate,True,0002002009-000130,0002002009-000130,0002002009-000130,BR_00000030,BR_00000012,numeric-chain-000066,8,34,13,1172,0.65,770,810,DC51D+Z,普碳,SPHC,软钢,normal_real,,,,,,,
diagnostic_candidate,True,0002001871-000250,0002001871-000250,0002001871-000250,BR_00000024,BR_00000012,numeric-chain-000066,8,35,13,1172,0.65,770,810,DC51D+Z,普碳,SPHC,软钢,normal_real,,,,,,,
diagnostic_candidate,True,0002002184-000060,0002002184-000060,0002002184-000060,BR_00000036,BR_00000012,numeric-chain-000066,8,36,23,1170,0.6,770,810,DC51D+Z,IF钢,SPHETI-3,软钢,normal_real,,,,,,,
diagnostic_candidate,True,0002001867-000140,0002001867-000140,0002001867-000140,BR_00000024,BR_00000012,numeric-chain-000066,8,37,23,1170,0.6,770,810,DC51D+Z,普碳,SPHC,软钢,normal_real,,,,,,,
diagnostic_candidate,True,0002002021-000090,0002002021-000090,0002002021-000090,BR_00000030,BR_00000012,numeric-chain-000066,8,38,23,1170,0.6,770,810,DC51D+Z,IF钢,SPHETI-3,软钢,normal_real,,,,,,,
diagnostic_candidate,True,0002001622-000040,0002001622-000040,0002001622-000040,BR_00000012,BR_00000012,numeric-chain-000021,9,1,192,1165,1.2,820,840,DX53D+Z-CD,IF钢,SPHETI-5,软钢,normal_real,,,,,,,
diagnostic_candidate,True,0030105927-000120,0030105927-000120,0030105927-000120,BR_00000012,BR_00000012,numeric-chain-000021,9,2,46,1150,1.2,820,840,DX53D+Z,IF钢,SPHETI-5,软钢,normal_real,,,,,,,
diagnostic_candidate,True,0030120939-000080,0030120939-000080,0030120939-000080,BR_00000032,BR_00000012,numeric-chain-000021,9,3,46,1150,1.2,810,830,HC180YD+Z,加磷高强、烘烤硬化钢,H180YD,软钢,normal_real,,,,,,,
diagnostic_candidate,True,0002001895-000060,0002001895-000060,0002001895-000060,BR_00000024,BR_00000012,numeric-chain-000021,9,4,44,1130,1.5,815,835,DX51D+Z-MD,普碳,SPHC,软钢,normal_real,,,,,,,
diagnostic_candidate,True,0002002054-000050,0002002054-000050,0002002054-000050,BR_00000030,BR_00000012,numeric-chain-000021,9,5,42,1130,1.5,815,835,DX51D+Z-MD,普碳,SPHC,软钢,normal_real,,,,,,,
diagnostic_candidate,True,0030119916-000090,0030119916-000090,0030119916-000090,BR_00000030,BR_00000012,numeric-chain-000021,9,6,46,1121,1.8,820,840,HC220BD+Z,加磷高强、烘烤硬化钢,H220BH4,软钢,normal_real,,,,,,,
diagnostic_candidate,True,0030114040-000040,0030114040-000040,0030114040-000040,BR_00000024,BR_00000012,numeric-chain-000021,9,7,46,1112,1.6,830,850,DC56D+Z,IF钢,SPHETI-3,软钢,normal_real,,,,,,,
diagnostic_candidate,True,0005000463-000020,0005000463-000020,0005000463-000020,BR_00000012,BR_00000012,numeric-chain-000021,9,8,22,1105,1.5,830,850,CR3,IF钢,SPHETI-36,软钢,normal_real,,,,,,,
diagnostic_candidate,True,0030120757-000010,0030120757-000010,0030120757-000010,BR_00000031,BR_00000012,numeric-chain-000021,9,9,23,1099,1.5,830,850,DC54D+Z,IF钢,SPHETI-5,软钢,normal_real,,,,,,,
diagnostic_candidate,True,0030114637-000010,0030114637-000010,0030114637-000010,BR_00000024,BR_00000012,numeric-chain-000021,9,10,23,1085,1.2,830,850,DC54D+Z,IF钢,SPHETI-5,软钢,normal_real,,,,,,,
diagnostic_candidate,True,0030120951-000020,0030120951-000020,0030120951-000020,BR_00000032,BR_00000012,numeric-chain-000021,9,11,96,1080,1,700,840,DX51D+Z,普碳,SPHC,软钢,normal_real,,,,,,,
diagnostic_candidate,True,0030120939-000060,0030120939-000060,0030120939-000060,BR_00000032,BR_00000012,numeric-chain-000021,9,12,46,1080,1.2,810,830,HC180YD+Z,加磷高强、烘烤硬化钢,H180YD,软钢,normal_real,,,,,,,
diagnostic_candidate,True,0030108326-000010,0030108326-000010,0030108326-000010,BR_00000018,BR_00000012,numeric-chain-000021,9,13,23,1079,1,700,840,DC51D+Z,普碳,SPHC,软钢,actual_transition,,,,,,,
diagnostic_candidate,True,0030125170-000010,0030125170-000010,0030125170-000010,BR_00000036,BR_00000012,numeric-chain-000021,9,14,20,1070,1.2,795,815,HC220YD+Z-GL,加磷高强、烘烤硬化钢,H220Y,,normal_real,,,,,,,
diagnostic_candidate,True,0030106850-000020,0030106850-000020,0030106850-000020,BR_00000013,BR_00000012,numeric-chain-000021,9,15,24,1054,1.3,790,810,HC220YD+Z,加磷高强、烘烤硬化钢,H220Y,软钢,normal_real,,,,,,,
diagnostic_candidate,True,0002001647-000010,0002001647-000010,0002001647-000010,BR_00000012,BR_00000012,numeric-chain-000021,9,16,80,1050,1.5,770,810,DX51D+Z-WL,深冲钢（PD）,SPHCQ,软钢,normal_real,,,,,,,
diagnostic_candidate,True,0030115892-000020,0030115892-000020,0030115892-000020,BR_00000026,BR_00000012,numeric-chain-000021,9,17,22,1040,1.4,795,815,HC220YD+Z,加磷高强、烘烤硬化钢,H220Y,软钢,normal_real,,,,,,,
diagnostic_candidate,True,0002002023-000150,0002002023-000150,0002002023-000150,BR_00000030,BR_00000012,numeric-chain-000021,9,18,19,1035,1.4,770,810,DC51D+Z,普碳,SPHC,软钢,normal_real,,,,,,,
diagnostic_candidate,True,0002002202-000300,0002002202-000300,0002002202-000300,BR_00000036,BR_00000012,numeric-chain-000021,9,19,30,1030,1.6,770,810,DC51D+Z,IF钢,SPHETI-3,软钢,normal_real,,,,,,,
diagnostic_candidate,True,0002002023-000010,0002002023-000010,0002002023-000010,BR_00000030,BR_00000012,numeric-chain-000021,9,20,19,1020,1.4,770,810,DC51D+Z,普碳,SPHC,软钢,normal_real,,,,,,,
diagnostic_candidate,True,0030125207-000130,0030125207-000130,0030125207-000130,BR_00000036,BR_00000012,numeric-chain-000021,9,21,22,1011,1.2,800,820,HC260YD+Z,加磷高强、烘烤硬化钢,H260Y,软钢,normal_real,,,,,,,
diagnostic_candidate,True,0030109896-000020,0030109896-000020,0030109896-000020,BR_00000018,BR_00000012,numeric-chain-000021,9,22,44,1005,1,800,820,HC260YD+Z,加磷高强、烘烤硬化钢,H260Y,软钢,normal_real,,,,,,,
diagnostic_candidate,True,0030122899-000020,0030122899-000020,0030122899-000020,BR_00000036,BR_00000012,numeric-chain-000021,9,23,220,1000,1,700,840,DC51D+Z,普碳,SPHC,软钢,actual_transition,,,,,,,
diagnostic_candidate,True,0030124826-000010,0030124826-000010,0030124826-000010,BR_00000036,BR_00000012,numeric-chain-000021,9,24,40,1000,1.15,710,730,DX51D+Z,普碳,SPHC,软钢,normal_real,,,,,,,
diagnostic_candidate,True,0030122899-000030,0030122899-000030,0030122899-000030,BR_00000036,BR_00000012,numeric-chain-000021,9,25,170,1000,1.2,700,840,DC51D+Z,普碳,SPHC,软钢,actual_transition,,,,,,,
diagnostic_candidate,True,0010018679-000030,0010018679-000030,0010018679-000030,BR_00000030,BR_00000012,numeric-chain-000021,9,26,198,1000,1.5,700,840,DC51D+Z,普碳,SPHC,软钢,actual_transition,,,,,,,
diagnostic_candidate,True,0005000486-000290,0005000486-000290,0005000486-000290,BR_00000018,BR_00000012,numeric-chain-000021,9,27,18,980,2,820,860,CR3,IF钢,SPHETI-36,软钢,normal_real,,,,,,,
diagnostic_candidate,True,0030117111-000020,0030117111-000020,0030117111-000020,BR_00000030,BR_00000012,numeric-chain-000021,9,28,18,914,1.5,830,850,CR180BH,加磷高强、烘烤硬化钢,H180BH,软钢,normal_real,,,,,,,
diagnostic_candidate,True,0005000486-000280,0005000486-000280,0005000486-000280,BR_00000018,BR_00000012,numeric-chain-000021,9,29,16,900,1.2,820,860,CR3,IF钢,SPHETI-36,软钢,normal_real,,,,,,,
diagnostic_candidate,True,0005000547-000210,0005000547-000210,0005000547-000210,BR_00000030,BR_00000012,numeric-chain-000021,9,30,80,900,1.2,830,850,CR180BH,加磷高强、烘烤硬化钢,H180BH,软钢,normal_real,,,,,,,
diagnostic_candidate,True,0002001871-000060,0002001871-000060,0002001871-000060,BR_00000024,BR_00000012,numeric-chain-000021,9,31,23,898,1,830,850,DC53D+Z,IF钢,SPHETI-3,软钢,normal_real,,,,,,,
diagnostic_candidate,True,0002001871-000410,0002001871-000410,0002001871-000410,BR_00000024,BR_00000012,numeric-chain-000021,9,32,50,857,1,830,850,DC53D+Z,IF钢,SPHETI-3,软钢,normal_real,,,,,,,
diagnostic_candidate,True,0002001612-000030,0002001612-000030,0002001612-000030,BR_00000012,BR_00000012,numeric-chain-000021,9,33,13,830,1,830,850,DC53D+Z,IF钢,SPHETI-3,软钢,normal_real,,,,,,,
diagnostic_candidate,True,0002002020-000060,0002002020-000060,0002002020-000060,BR_00000030,BR_00000012,numeric-chain-000021,9,34,80,830,1,830,850,DC56D+Z,IF钢,SPHETI-3,软钢,normal_real,,,,,,,
diagnostic_candidate,True,0002002073-000010,0002002073-000010,0002002073-000010,BR_00000036,BR_00000012,numeric-chain-000011,10,1,600,1065,0.5,820,840,DX53D+Z-CD,IF钢,SPHETI-5,软钢,normal_real,,,,,,,
diagnostic_candidate,True,0002001647-000090,0002001647-000090,0002001647-000090,BR_00000012,BR_00000012,numeric-chain-000011,10,2,22,1050,0.45,815,835,DX51D+Z-MD,普碳,SPHC,软钢,normal_real,,,,,,,
diagnostic_candidate,True,0030118093-000030,0030118093-000030,0030118093-000030,BR_00000030,BR_00000012,numeric-chain-000011,10,3,88,1050,0.5,820,840,DC53D+Z,IF钢,SPHETI-5,软钢,normal_real,,,,,,,
diagnostic_candidate,True,0030110545-000020,0030110545-000020,0030110545-000020,BR_00000018,BR_00000012,numeric-chain-000011,10,4,22,1041,0.5,820,840,DC53D+Z,IF钢,SPHETI-5,软钢,normal_real,,,,,,,
diagnostic_candidate,True,0030123916-000020,0030123916-000020,0030123916-000020,BR_00000036,BR_00000012,numeric-chain-000011,10,5,23,1000,0.4,700,840,DC51D+Z,普碳,SPHC,软钢,actual_transition,,,,,,,
diagnostic_candidate,True,0030118641-000020,0030118641-000020,0030118641-000020,BR_00000030,BR_00000012,numeric-chain-000011,10,6,46,1000,0.4,700,840,DC51D+Z,普碳,SPHC,软钢,actual_transition,,,,,,,
diagnostic_candidate,True,0030106987-000050,0030106987-000050,0030106987-000050,BR_00000018,BR_00000012,numeric-chain-000011,10,7,726,1000,0.45,700,840,DX51D+Z,普碳,SPHC,软钢,actual_transition,,,,,,,
diagnostic_candidate,True,virtual-000069,,,,BR_00000012,numeric-chain-000011,10,8,20.00,1000,0.50,700,840,SPHC,,SPHC,,virtual_sphc,,"{""accepted_sequence"":69,""prototype_id"":""virtual_sphc:1000x0.5"",""purpose"":""edge_bridge"",""related_partition_id"":null}",,,,,
diagnostic_candidate,True,0002001744-000270,0002001744-000270,0002001744-000270,BR_00000018,BR_00000012,numeric-chain-000011,10,9,13,984,0.6,770,810,DC51D+Z,普碳,SPHC,软钢,normal_real,,,,,,,
diagnostic_candidate,True,0030107934-000010,0030107934-000010,0030107934-000010,BR_00000018,BR_00000012,numeric-chain-000011,10,10,220,1000,0.5,770,810,DX51D+Z,深冲钢（PD）,SPHCQ,软钢,normal_real,,,,,,,
diagnostic_candidate,True,0002001628-000110,0002001628-000110,0002001628-000110,BR_00000012,BR_00000012,numeric-chain-000011,10,11,40,990,0.6,770,810,DC51D+Z,普碳,SPHC,软钢,normal_real,,,,,,,
diagnostic_candidate,True,0002001612-000700,0002001612-000700,0002001612-000700,BR_00000012,BR_00000012,numeric-chain-000011,10,12,35,984,0.6,770,810,DC51D+Z,普碳,SPHC,软钢,normal_real,,,,,,,
diagnostic_candidate,True,0002001890-000190,0002001890-000190,0002001890-000190,BR_00000024,BR_00000012,numeric-chain-000011,10,13,23,983,0.6,770,810,DC51D+Z,普碳,SPHC,软钢,normal_real,,,,,,,
diagnostic_candidate,True,0002001871-000260,0002001871-000260,0002001871-000260,BR_00000024,BR_00000012,numeric-chain-000011,10,14,20,983,0.6,770,810,DC51D+Z,普碳,SPHC,软钢,normal_real,,,,,,,
diagnostic_candidate,True,0002001890-000290,0002001890-000290,0002001890-000290,BR_00000024,BR_00000012,numeric-chain-000011,10,15,17,982,0.6,770,810,DC51D+Z,普碳,SPHC,软钢,normal_real,,,,,,,
diagnostic_candidate,True,0002001901-000140,0002001901-000140,0002001901-000140,BR_00000024,BR_00000012,numeric-chain-000011,10,16,46,975,0.6,770,810,DC51D+Z,普碳,SPHC,软钢,normal_real,,,,,,,
diagnostic_candidate,True,0002001780-000190,0002001780-000190,0002001780-000190,BR_00000024,BR_00000012,numeric-chain-000011,10,17,19,971,0.65,770,810,DC51D+Z,普碳,SPHC,软钢,normal_real,,,,,,,
diagnostic_candidate,True,0002002195-000010,0002002195-000010,0002002195-000010,BR_00000036,BR_00000012,numeric-chain-000011,10,18,10,918,0.65,770,810,DC51D+Z,普碳,SPHC,软钢,normal_real,,,,,,,
diagnostic_candidate,True,0005000464-000750,0005000464-000750,0005000464-000750,BR_00000012,BR_00000012,numeric-chain-000095,11,1,21,1565,1,820,840,CR210BH,加磷高强、烘烤硬化钢,H220BH,软钢,normal_real,,,,,,,
diagnostic_candidate,True,0005000486-000770,0005000486-000770,0005000486-000770,BR_00000018,BR_00000012,numeric-chain-000095,11,2,42,1565,1,820,840,CR210BH,加磷高强、烘烤硬化钢,H220BH,软钢,normal_real,,,,,,,
diagnostic_candidate,True,0005000486-000360,0005000486-000360,0005000486-000360,BR_00000018,BR_00000012,numeric-chain-000095,11,3,21,1565,0.9,830,850,CR3,IF钢,SPHETI-36,软钢,normal_real,,,,,,,
diagnostic_candidate,True,0005000501-000770,0005000501-000770,0005000501-000770,BR_00000024,BR_00000012,numeric-chain-000095,11,4,42,1565,1,820,840,CR210BH,加磷高强、烘烤硬化钢,H220BH,软钢,normal_real,,,,,,,
diagnostic_candidate,True,0005000547-000410,0005000547-000410,0005000547-000410,BR_00000030,BR_00000012,numeric-chain-000095,11,5,21,1565,0.9,830,850,CR3,IF钢,SPHETI-36,软钢,normal_real,,,,,,,
diagnostic_candidate,True,0005000547-000810,0005000547-000810,0005000547-000810,BR_00000030,BR_00000012,numeric-chain-000095,11,6,21,1565,1,820,840,CR210BH,加磷高强、烘烤硬化钢,H220BH,软钢,normal_real,,,,,,,
diagnostic_candidate,True,0005000486-000520,0005000486-000520,0005000486-000520,BR_00000018,BR_00000012,numeric-chain-000095,11,7,63,1551,1,820,840,CR210BH,加磷高强、烘烤硬化钢,H220BH,软钢,normal_real,,,,,,,
diagnostic_candidate,True,0005000547-000580,0005000547-000580,0005000547-000580,BR_00000030,BR_00000012,numeric-chain-000095,11,8,21,1551,1,820,840,CR210BH,加磷高强、烘烤硬化钢,H220BH,软钢,normal_real,,,,,,,
diagnostic_candidate,True,0030107381-000130,0030107381-000130,0030107381-000130,BR_00000018,BR_00000012,numeric-chain-000095,11,9,418,1549,0.8,830,850,CR3,IF钢,SPHETI-36,软钢,normal_real,,,,,,,
diagnostic_candidate,True,0030117110-000120,0030117110-000120,0030117110-000120,BR_00000030,BR_00000012,numeric-chain-000095,11,10,22,1549,0.8,830,850,CR3,IF钢,SPHETI-36,软钢,normal_real,,,,,,,
diagnostic_candidate,True,0030112686-000090,0030112686-000090,0030112686-000090,BR_00000024,BR_00000012,numeric-chain-000095,11,11,44,1549,0.8,830,850,CR3,IF钢,SPHETI-36,软钢,normal_real,,,,,,,
diagnostic_candidate,True,0002001617-000260,0002001617-000260,0002001617-000260,BR_00000012,BR_00000012,numeric-chain-000095,11,12,60,1540,0.8,830,850,DC56D+Z,IF钢,SPHETI-3,软钢,normal_real,,,,,,,
diagnostic_candidate,True,0002002180-000140,0002002180-000140,0002002180-000140,BR_00000036,BR_00000012,numeric-chain-000095,11,13,20,1540,0.8,830,850,DC56D+Z,IF钢,SPHETI-3,软钢,normal_real,,,,,,,
diagnostic_candidate,True,0005000486-000670,0005000486-000670,0005000486-000670,BR_00000018,BR_00000012,numeric-chain-000095,11,14,42,1535,1,820,840,CR210BH,加磷高强、烘烤硬化钢,H220BH,软钢,normal_real,,,,,,,
diagnostic_candidate,True,0030112161-000010,0030112161-000010,0030112161-000010,BR_00000024,BR_00000012,numeric-chain-000095,11,15,24,1530,1,830,850,DC56D+Z,IF钢,SPHETI-3,软钢,normal_real,,,,,,,
diagnostic_candidate,True,0030114768-000100,0030114768-000100,0030114768-000100,BR_00000024,BR_00000012,numeric-chain-000095,11,16,7,1520,0.9,820,840,CR210BH,加磷高强、烘烤硬化钢,H220BH,软钢,normal_real,,,,,,,
diagnostic_candidate,True,0030114756-000010,0030114756-000010,0030114756-000010,BR_00000024,BR_00000012,numeric-chain-000095,11,17,48,1508,0.8,700,840,DC51D+Z,普碳,SPHC,软钢,normal_real,,,,,,,
diagnostic_candidate,True,0010018206-000090,0010018206-000090,0010018206-000090,BR_00000030,BR_00000012,numeric-chain-000095,11,18,96,1500,0.6,700,840,DC51D+Z,普碳,SPHC,软钢,actual_transition,,,,,,,
diagnostic_candidate,True,0002002170-000300,0002002170-000300,0002002170-000300,BR_00000036,BR_00000012,numeric-chain-000095,11,19,23,1500,0.6,810,830,180YD+Z,加磷高强、烘烤硬化钢,H180YD,软钢,normal_real,,,,,,,
diagnostic_candidate,True,0002001642-000010,0002001642-000010,0002001642-000010,BR_00000012,BR_00000012,numeric-chain-000095,11,20,23,1485,0.7,810,830,180YD+Z,加磷高强、烘烤硬化钢,H180YD,软钢,normal_real,,,,,,,
diagnostic_candidate,True,0002001740-000010,0002001740-000010,0002001740-000010,BR_00000018,BR_00000012,numeric-chain-000095,11,21,69,1485,0.7,810,830,180YD+Z,加磷高强、烘烤硬化钢,H180YD,软钢,normal_real,,,,,,,
diagnostic_candidate,True,0030123256-000040,0030123256-000040,0030123256-000040,BR_00000036,BR_00000012,numeric-chain-000095,11,22,69,1475,0.65,820,840,HC180BD+Z,加磷高强、烘烤硬化钢,H180BH1,软钢,normal_real,,,,,,,
diagnostic_candidate,True,0030118799-000040,0030118799-000040,0030118799-000040,BR_00000030,BR_00000012,numeric-chain-000095,11,23,44,1475,0.65,820,840,HC180BD+Z,加磷高强、烘烤硬化钢,H180BH1,软钢,normal_real,,,,,,,
diagnostic_candidate,True,0030117284-000010,0030117284-000010,0030117284-000010,BR_00000030,BR_00000012,numeric-chain-000095,11,24,78,1465,0.7,830,850,SCG4+Z,IF钢,SPHETI-3,软钢,normal_real,,,,,,,
diagnostic_candidate,True,0030123142-000010,0030123142-000010,0030123142-000010,BR_00000036,BR_00000012,numeric-chain-000095,11,25,312,1465,0.7,830,850,SCG4+Z,IF钢,SPHETI-3,软钢,normal_real,,,,,,,
diagnostic_candidate,True,0030123936-000020,0030123936-000020,0030123936-000020,BR_00000036,BR_00000012,numeric-chain-000095,11,26,338,1465,0.7,830,850,SCG4+Z,IF钢,SPHETI-3,软钢,normal_real,,,,,,,
diagnostic_candidate,True,0030115672-000070,0030115672-000070,0030115672-000070,BR_00000025,BR_00000012,numeric-chain-000089,12,1,22,1029,0.8,830,850,DC56D+Z,IF钢,SPHETI-3,软钢,normal_real,,,,,,,
diagnostic_candidate,True,0030104374-000010,0030104374-000010,0030104374-000010,BR_00000012,BR_00000012,numeric-chain-000089,12,2,22,1005,0.8,820,840,DC53D+Z,IF钢,SPHETI-5,软钢,normal_real,,,,,,,
diagnostic_candidate,True,0005000501-000610,0005000501-000610,0005000501-000610,BR_00000024,BR_00000012,numeric-chain-000089,12,3,40,1005,0.8,830,850,CR3,IF钢,SPHETI-36,软钢,normal_real,,,,,,,
diagnostic_candidate,True,0030124457-000010,0030124457-000010,0030124457-000010,BR_00000036,BR_00000012,numeric-chain-000089,12,4,44,1001,0.6,820,840,DX53D+Z,IF钢,SPHETI-5,软钢,normal_real,,,,,,,
diagnostic_candidate,True,0010018206-000020,0010018206-000020,0010018206-000020,BR_00000030,BR_00000012,numeric-chain-000089,12,5,88,1000,0.6,700,840,DC51D+Z,普碳,SPHC,软钢,actual_transition,,,,,,,
diagnostic_candidate,True,0030106855-000010,0030106855-000010,0030106855-000010,BR_00000013,BR_00000012,numeric-chain-000089,12,6,22,1000,0.6,820,840,DC53D+Z,IF钢,SPHETI-5,软钢,normal_real,,,,,,,
diagnostic_candidate,True,0002001901-000010,0002001901-000010,0002001901-000010,BR_00000024,BR_00000012,numeric-chain-000089,12,7,38,1000,0.65,810,830,180YD+Z,加磷高强、烘烤硬化钢,H180YD,软钢,normal_real,,,,,,,
diagnostic_candidate,True,0002001740-000030,0002001740-000030,0002001740-000030,BR_00000018,BR_00000012,numeric-chain-000089,12,8,40,1000,0.65,810,830,180YD+Z,加磷高强、烘烤硬化钢,H180YD,软钢,normal_real,,,,,,,
diagnostic_candidate,True,0002001854-000040,0002001854-000040,0002001854-000040,BR_00000024,BR_00000012,numeric-chain-000089,12,9,138,1000,0.65,810,830,180YD+Z,加磷高强、烘烤硬化钢,H180YD,软钢,normal_real,,,,,,,
diagnostic_candidate,True,0030108872-000010,0030108872-000010,0030108872-000010,BR_00000018,BR_00000012,numeric-chain-000089,12,10,24,1000,0.8,700,840,DC51D+Z,普碳,SPHC,软钢,actual_transition,,,,,,,
diagnostic_candidate,True,0030112439-000240,0030112439-000240,0030112439-000240,BR_00000024,BR_00000012,numeric-chain-000089,12,11,22,995,0.7,830,850,DX53D+Z,IF钢,SPHETI-5,软钢,normal_real,,,,,,,
diagnostic_candidate,True,0030112439-000230,0030112439-000230,0030112439-000230,BR_00000024,BR_00000012,numeric-chain-000089,12,12,88,990,0.7,830,850,DX53D+Z,IF钢,SPHETI-5,软钢,normal_real,,,,,,,
diagnostic_candidate,True,0030105380-000020,0030105380-000020,0030105380-000020,BR_00000012,BR_00000012,numeric-chain-000089,12,13,31,980,0.7,830,850,DC56D+Z,IF钢,SPHETI-3,软钢,normal_real,,,,,,,
diagnostic_candidate,True,0030110381-000070,0030110381-000070,0030110381-000070,BR_00000018,BR_00000012,numeric-chain-000089,12,14,42,980,0.7,830,850,DC56D+Z,IF钢,SPHETI-3,软钢,normal_real,,,,,,,
diagnostic_candidate,True,0002001744-000180,0002001744-000180,0002001744-000180,BR_00000018,BR_00000012,numeric-chain-000089,12,15,13,973,0.7,830,850,DC54D+Z,IF钢,SPHETI-3,软钢,normal_real,,,,,,,
diagnostic_candidate,True,0030105612-000040,0030105612-000040,0030105612-000040,BR_00000012,BR_00000012,numeric-chain-000089,12,16,36,950,0.7,830,850,DC56D+Z,IF钢,SPHETI-3,软钢,normal_real,,,,,,,
diagnostic_candidate,True,0030122480-000040,0030122480-000040,0030122480-000040,BR_00000036,BR_00000012,numeric-chain-000089,12,17,72,950,0.7,830,850,DX54D+Z,IF钢,SPHETI-3,软钢,normal_real,,,,,,,
diagnostic_candidate,True,0030112433-000220,0030112433-000220,0030112433-000220,BR_00000024,BR_00000012,numeric-chain-000089,12,18,18,950,0.7,830,850,DX54D+Z,IF钢,SPHETI-3,软钢,normal_real,,,,,,,
diagnostic_candidate,True,0030120940-000030,0030120940-000030,0030120940-000030,BR_00000032,BR_00000012,numeric-chain-000089,12,19,18,950,0.7,830,850,DC56D+Z,IF钢,SPHETI-3,软钢,normal_real,,,,,,,
diagnostic_candidate,True,0030104503-000010,0030104503-000010,0030104503-000010,BR_00000012,BR_00000012,numeric-chain-000089,12,20,108,939,0.8,830,850,DC56D+Z,IF钢,SPHETI-3,软钢,normal_real,,,,,,,
diagnostic_candidate,True,0030108109-000010,0030108109-000010,0030108109-000010,BR_00000018,BR_00000012,numeric-chain-000089,12,21,255,937,0.8,820,840,HC180BD+Z,加磷高强、烘烤硬化钢,H180BH1,软钢,normal_real,,,,,,,
diagnostic_candidate,True,0030108290-000010,0030108290-000010,0030108290-000010,BR_00000018,BR_00000012,numeric-chain-000089,12,22,36,938,0.8,830,850,DC54D+Z,IF钢,SPHETI-5,软钢,normal_real,,,,,,,
diagnostic_candidate,True,virtual-000067,,,,BR_00000012,numeric-chain-000089,12,23,20.00,1000,0.60,810,850,SPHC,,SPHC,,virtual_sphc,,"{""accepted_sequence"":67,""prototype_id"":""virtual_sphc:1000x0.6"",""purpose"":""edge_bridge"",""related_partition_id"":null}",,,,,
diagnostic_candidate,True,0002001871-000290,0002001871-000290,0002001871-000290,BR_00000024,BR_00000012,numeric-chain-000089,12,24,17,913,0.6,810,830,180YD+Z,加磷高强、烘烤硬化钢,H180YD,软钢,normal_real,,,,,,,
diagnostic_candidate,True,0002002176-000120,0002002176-000120,0002002176-000120,BR_00000036,BR_00000012,numeric-chain-000089,12,25,25,913,0.6,810,830,180YD+Z,加磷高强、烘烤硬化钢,H180YD,软钢,normal_real,,,,,,,
diagnostic_candidate,True,0005000547-000680,0005000547-000680,0005000547-000680,BR_00000030,BR_00000012,numeric-chain-000089,12,26,32,900,0.7,820,840,CR210BH,加磷高强、烘烤硬化钢,H220BH,软钢,normal_real,,,,,,,
diagnostic_candidate,True,0002001612-000670,0002001612-000670,0002001612-000670,BR_00000012,BR_00000012,numeric-chain-000089,12,27,80,900,0.65,810,830,180YD+Z,加磷高强、烘烤硬化钢,H180YD,软钢,normal_real,,,,,,,
diagnostic_candidate,True,0002001744-000250,0002001744-000250,0002001744-000250,BR_00000018,BR_00000012,numeric-chain-000089,12,28,34,900,0.65,810,830,180YD+Z,加磷高强、烘烤硬化钢,H180YD,软钢,normal_real,,,,,,,
diagnostic_candidate,True,0002001860-000610,0002001860-000610,0002001860-000610,BR_00000024,BR_00000012,numeric-chain-000089,12,29,20,850,0.6,810,830,180YD+Z,加磷高强、烘烤硬化钢,H180YD,软钢,normal_real,,,,,,,
diagnostic_candidate,True,0002002054-000200,0002002054-000200,0002002054-000200,BR_00000030,BR_00000012,numeric-chain-000038,13,1,192,1385,0.8,815,835,DX51D+Z-MD,普碳,SPHC,软钢,normal_real,,,,,,,
diagnostic_candidate,True,virtual-000206,,,,BR_00000012,numeric-chain-000038,13,2,20.00,1500,0.80,815,850,SPHC,,SPHC,,virtual_sphc,,"{""accepted_sequence"":206,""prototype_id"":""virtual_sphc:1500x0.8"",""purpose"":""edge_bridge"",""related_partition_id"":null}",,,,,
diagnostic_candidate,True,0030122759-000030,0030122759-000030,0030122759-000030,BR_00000036,BR_00000012,numeric-chain-000038,13,3,88,1374,0.75,830,850,CR3,IF钢,SPHETI-36,软钢,normal_real,,,,,,,
diagnostic_candidate,True,0030117110-000030,0030117110-000030,0030117110-000030,BR_00000030,BR_00000012,numeric-chain-000038,13,4,66,1374,0.75,830,850,CR3,IF钢,SPHETI-36,软钢,normal_real,,,,,,,
diagnostic_candidate,True,virtual-000155,,,,BR_00000012,numeric-chain-000038,13,5,20.00,1500,0.80,815,850,SPHC,,SPHC,,virtual_sphc,,"{""accepted_sequence"":155,""prototype_id"":""virtual_sphc:1500x0.8"",""purpose"":""edge_bridge"",""related_partition_id"":null}",,,,,
diagnostic_candidate,True,0002001780-000010,0002001780-000010,0002001780-000010,BR_00000024,BR_00000012,numeric-chain-000038,13,6,23,1365,0.65,830,850,DC53D+Z,IF钢,SPHETI-3,软钢,normal_real,,,,,,,
diagnostic_candidate,True,0005000464-000030,0005000464-000030,0005000464-000030,BR_00000012,BR_00000012,numeric-chain-000038,13,7,42,1365,0.8,830,850,CR180BH,加磷高强、烘烤硬化钢,H180BH,软钢,normal_real,,,,,,,
diagnostic_candidate,True,0005000563-000030,0005000563-000030,0005000563-000030,BR_00000036,BR_00000012,numeric-chain-000038,13,8,63,1365,0.8,830,850,CR180BH,加磷高强、烘烤硬化钢,H180BH,软钢,normal_real,,,,,,,
diagnostic_candidate,True,0002002026-000080,0002002026-000080,0002002026-000080,BR_00000030,BR_00000012,numeric-chain-000038,13,9,23,1365,0.65,830,850,DC53D+Z,IF钢,SPHETI-3,软钢,normal_real,,,,,,,
diagnostic_candidate,True,0030112573-000010,0030112573-000010,0030112573-000010,BR_00000024,BR_00000012,numeric-chain-000038,13,10,26,1360,0.65,830,850,SCG4+Z,IF钢,SPHETI-3,软钢,normal_real,,,,,,,
diagnostic_candidate,True,0030123425-000020,0030123425-000020,0030123425-000020,BR_00000036,BR_00000012,numeric-chain-000038,13,11,130,1360,0.65,830,850,SCG4+Z,IF钢,SPHETI-3,软钢,normal_real,,,,,,,
diagnostic_candidate,True,0030118991-000060,0030118991-000060,0030118991-000060,BR_00000030,BR_00000012,numeric-chain-000038,13,12,52,1360,0.65,830,850,SCG4+Z,IF钢,SPHETI-3,软钢,normal_real,,,,,,,
diagnostic_candidate,True,0030119862-000080,0030119862-000080,0030119862-000080,BR_00000030,BR_00000012,numeric-chain-000013,14,1,24,1589,0.7,770,810,DC51D+Z,深冲钢（PD）,SPHCQ,软钢,normal_real,,,,,,,
diagnostic_candidate,True,0030125207-000060,0030125207-000060,0030125207-000060,BR_00000036,BR_00000012,numeric-chain-000013,14,2,24,1589,0.7,770,810,DC51D+Z,深冲钢（PD）,SPHCQ,软钢,normal_real,,,,,,,
diagnostic_candidate,True,0030118415-000020,0030118415-000020,0030118415-000020,BR_00000030,BR_00000012,numeric-chain-000013,14,3,24,1590,0.7,700,840,DC51D+Z,普碳,SPHC,软钢,normal_real,,,,,,,
diagnostic_candidate,True,0002002185-000080,0002002185-000080,0002002185-000080,BR_00000036,BR_00000012,numeric-chain-000013,14,4,40,1540,0.7,770,810,DC51D+Z,IF钢,SPHETI-3,软钢,normal_real,,,,,,,
diagnostic_candidate,True,0030108883-000010,0030108883-000010,0030108883-000010,BR_00000018,BR_00000012,numeric-chain-000013,14,5,9.5,1530,0.7,790,810,SCG260Y+Z,加磷高强、烘烤硬化钢,H260Y,软钢,normal_real,,,,,,,
diagnostic_candidate,True,0030108883-000020,0030108883-000020,0030108883-000020,BR_00000018,BR_00000012,numeric-chain-000013,14,6,9.2,1520,0.7,790,810,SCG260Y+Z,加磷高强、烘烤硬化钢,H260Y,软钢,normal_real,,,,,,,
diagnostic_candidate,True,0002001874-000090,0002001874-000090,0002001874-000090,BR_00000024,BR_00000012,numeric-chain-000013,14,7,23,1510,0.65,770,810,DC51D+Z,普碳,SPHC,软钢,normal_real,,,,,,,
diagnostic_candidate,True,0002002185-000140,0002002185-000140,0002002185-000140,BR_00000036,BR_00000012,numeric-chain-000013,14,8,30,1510,0.65,770,810,DC51D+Z,IF钢,SPHETI-3,软钢,normal_real,,,,,,,
diagnostic_candidate,True,0002001628-000100,0002001628-000100,0002001628-000100,BR_00000012,BR_00000012,numeric-chain-000013,14,9,69,1510,0.65,770,810,DC51D+Z,普碳,SPHC,软钢,normal_real,,,,,,,
diagnostic_candidate,True,0002002176-000080,0002002176-000080,0002002176-000080,BR_00000036,BR_00000012,numeric-chain-000013,14,10,15,1498,0.65,770,810,DC51D+Z,IF钢,SPHETI-3,软钢,normal_real,,,,,,,
diagnostic_candidate,True,0002002035-000050,0002002035-000050,0002002035-000050,BR_00000030,BR_00000012,numeric-chain-000013,14,11,49,1490,0.65,770,810,DC51D+Z,普碳,SPHC,软钢,normal_real,,,,,,,
diagnostic_candidate,True,0002001633-000100,0002001633-000100,0002001633-000100,BR_00000012,BR_00000012,numeric-chain-000013,14,12,20,1490,0.65,770,810,DC51D+Z,普碳,SPHC,软钢,normal_real,,,,,,,
diagnostic_candidate,True,0002001986-000100,0002001986-000100,0002001986-000100,BR_00000030,BR_00000012,numeric-chain-000013,14,13,96,1490,0.65,770,810,DC51D+Z,普碳,SPHC,软钢,normal_real,,,,,,,
diagnostic_candidate,True,0002002162-000010,0002002162-000010,0002002162-000010,BR_00000036,BR_00000012,numeric-chain-000013,14,14,72,1470,0.65,770,810,DC51D+Z,IF钢,SPHETI-3,软钢,normal_real,,,,,,,
diagnostic_candidate,True,0002002044-000020,0002002044-000020,0002002044-000020,BR_00000030,BR_00000012,numeric-chain-000013,14,15,48,1470,0.65,770,810,DC51D+Z,普碳,SPHC,软钢,normal_real,,,,,,,
diagnostic_candidate,True,0002001986-000090,0002001986-000090,0002001986-000090,BR_00000030,BR_00000012,numeric-chain-000013,14,16,24,1463,0.65,770,810,DC51D+Z,普碳,SPHC,软钢,normal_real,,,,,,,
diagnostic_candidate,True,0002001998-000170,0002001998-000170,0002001998-000170,BR_00000030,BR_00000012,numeric-chain-000013,14,17,120,1463,0.65,770,810,DC51D+Z,普碳,SPHC,软钢,normal_real,,,,,,,
diagnostic_candidate,True,0002001986-000080,0002001986-000080,0002001986-000080,BR_00000030,BR_00000012,numeric-chain-000013,14,18,24,1455,0.65,770,810,DC51D+Z,普碳,SPHC,软钢,normal_real,,,,,,,
diagnostic_candidate,True,0030119862-000180,0030119862-000180,0030119862-000180,BR_00000030,BR_00000012,numeric-chain-000013,14,19,24,1453,0.7,790,810,HC260YD+Z,加磷高强、烘烤硬化钢,H260Y,软钢,normal_real,,,,,,,
diagnostic_candidate,True,0030108883-000030,0030108883-000030,0030108883-000030,BR_00000018,BR_00000012,numeric-chain-000013,14,20,8.7,1445,0.65,790,810,SCG260Y+Z,加磷高强、烘烤硬化钢,H260Y,软钢,normal_real,,,,,,,
diagnostic_candidate,True,0002001750-000490,0002001750-000490,0002001750-000490,BR_00000018,BR_00000012,numeric-chain-000013,14,21,28,1445,0.6,770,810,DC51D+Z,普碳,SPHC,软钢,normal_real,,,,,,,
diagnostic_candidate,True,0002001767-000030,0002001767-000030,0002001767-000030,BR_00000018,BR_00000012,numeric-chain-000013,14,22,24,1443,0.6,770,810,DC51D+Z,普碳,SPHC,软钢,normal_real,,,,,,,
diagnostic_candidate,True,0030123053-000010,0030123053-000010,0030123053-000010,BR_00000036,BR_00000012,numeric-chain-000013,14,23,48,1440,0.8,700,840,DC51D+Z,普碳,SPHC,软钢,actual_transition,,,,,,,
diagnostic_candidate,True,0002002170-000240,0002002170-000240,0002002170-000240,BR_00000036,BR_00000012,numeric-chain-000013,14,24,80,1434,0.7,830,850,DC53D+Z,IF钢,SPHETI-3,软钢,normal_real,,,,,,,
diagnostic_candidate,True,0030120728-000010,0030120728-000010,0030120728-000010,BR_00000031,BR_00000012,numeric-chain-000013,14,25,24,1426,0.8,830,850,DC54D+Z,IF钢,SPHETI-5,软钢,normal_real,,,,,,,
diagnostic_candidate,True,0002002053-000120,0002002053-000120,0002002053-000120,BR_00000030,BR_00000012,numeric-chain-000013,14,26,92,1400,0.8,820,840,DX53D+Z-MD,IF钢,SPHETI-5,软钢,normal_real,,,,,,,
diagnostic_candidate,True,0005000547-000030,0005000547-000030,0005000547-000030,BR_00000030,BR_00000012,numeric-chain-000013,14,27,105,1365,0.8,830,850,CR180BH,加磷高强、烘烤硬化钢,H180BH,软钢,normal_real,,,,,,,
diagnostic_candidate,True,0002001775-000010,0002001775-000010,0002001775-000010,BR_00000024,BR_00000012,numeric-chain-000013,14,28,350,1383,0.8,820,840,DX53D+Z-CD,IF钢,SPHETI-5,软钢,normal_real,,,,,,,
diagnostic_candidate,True,0005000486-000030,0005000486-000030,0005000486-000030,BR_00000018,BR_00000012,numeric-chain-000013,14,29,63,1365,0.8,830,850,CR180BH,加磷高强、烘烤硬化钢,H180BH,软钢,normal_real,,,,,,,
diagnostic_candidate,True,0005000547-000620,0005000547-000620,0005000547-000620,BR_00000030,BR_00000012,numeric-chain-000013,14,30,21,1365,1,830,850,CR180BH,加磷高强、烘烤硬化钢,H180BH,软钢,normal_real,,,,,,,
diagnostic_candidate,True,0005000486-000570,0005000486-000570,0005000486-000570,BR_00000018,BR_00000012,numeric-chain-000013,14,31,21,1365,1,830,850,CR180BH,加磷高强、烘烤硬化钢,H180BH,软钢,normal_real,,,,,,,
diagnostic_candidate,True,0002002020-000080,0002002020-000080,0002002020-000080,BR_00000030,BR_00000012,numeric-chain-000013,14,32,115,1364,1,830,850,DC54D+Z,IF钢,SPHETI-3,软钢,normal_real,,,,,,,
diagnostic_candidate,True,0005000501-000720,0005000501-000720,0005000501-000720,BR_00000024,BR_00000012,numeric-chain-000013,14,33,42,1360,0.9,820,840,CR210BH,加磷高强、烘烤硬化钢,H220BH,软钢,normal_real,,,,,,,
diagnostic_candidate,True,0005000486-000720,0005000486-000720,0005000486-000720,BR_00000018,BR_00000012,numeric-chain-000013,14,34,42,1360,0.9,820,840,CR210BH,加磷高强、烘烤硬化钢,H220BH,软钢,normal_real,,,,,,,
diagnostic_candidate,True,0002001756-000050,0002001756-000050,0002001756-000050,BR_00000018,BR_00000012,numeric-chain-000034,15,1,342,1195,1.2,770,810,DX51D+Z-WL,深冲钢（PD）,SPHCQ,软钢,normal_real,,,,,,,
diagnostic_candidate,True,0002002059-000010,0002002059-000010,0002002059-000010,BR_00000030,BR_00000012,numeric-chain-000034,15,2,92,1180,1.2,770,810,DX51D+Z-WL,深冲钢（PD）,SPHCQ,软钢,normal_real,,,,,,,
diagnostic_candidate,True,0030125184-000010,0030125184-000010,0030125184-000010,BR_00000036,BR_00000012,numeric-chain-000034,15,3,48,1183,1,790,810,HC220YD+Z,加磷高强、烘烤硬化钢,H220Y,软钢,normal_real,,,,,,,
diagnostic_candidate,True,0002001612-000110,0002001612-000110,0002001612-000110,BR_00000012,BR_00000012,numeric-chain-000034,15,4,37,1173,1.2,770,810,DC51D+Z,普碳,SPHC,软钢,normal_real,,,,,,,
diagnostic_candidate,True,0002001873-000010,0002001873-000010,0002001873-000010,BR_00000024,BR_00000012,numeric-chain-000034,15,5,23,1163,1.4,770,810,DC51D+Z,普碳,SPHC,软钢,normal_real,,,,,,,
diagnostic_candidate,True,0002002202-000120,0002002202-000120,0002002202-000120,BR_00000036,BR_00000012,numeric-chain-000034,15,6,23,1163,1.4,770,810,DC51D+Z,IF钢,SPHETI-3,软钢,normal_real,,,,,,,
diagnostic_candidate,True,0002002006-000190,0002002006-000190,0002002006-000190,BR_00000030,BR_00000012,numeric-chain-000034,15,7,20,1152,1.2,770,810,DC51D+Z,IF钢,SPHETI-3,软钢,normal_real,,,,,,,
diagnostic_candidate,True,0030124683-000050,0030124683-000050,0030124683-000050,BR_00000036,BR_00000012,numeric-chain-000034,15,8,23,1140,1.2,795,815,HC220YD+Z,加磷高强、烘烤硬化钢,H220Y,软钢,normal_real,,,,,,,
diagnostic_candidate,True,0002002026-000020,0002002026-000020,0002002026-000020,BR_00000030,BR_00000012,numeric-chain-000034,15,9,46,1140,1.4,770,810,DC51D+Z,普碳,SPHC,软钢,normal_real,,,,,,,
diagnostic_candidate,True,0002001768-000160,0002001768-000160,0002001768-000160,BR_00000018,BR_00000012,numeric-chain-000034,15,10,23,1140,1.4,770,810,DC51D+Z,普碳,SPHC,软钢,normal_real,,,,,,,
diagnostic_candidate,True,0030119862-000090,0030119862-000090,0030119862-000090,BR_00000030,BR_00000012,numeric-chain-000034,15,11,23,1134,1.4,770,810,DC51D+Z,深冲钢（PD）,SPHCQ,软钢,normal_real,,,,,,,
diagnostic_candidate,True,0030119797-000090,0030119797-000090,0030119797-000090,BR_00000030,BR_00000012,numeric-chain-000034,15,12,23,1130,1.2,800,820,HC260YD+Z,加磷高强、烘烤硬化钢,H260Y,软钢,normal_real,,,,,,,
diagnostic_candidate,True,0002002009-000200,0002002009-000200,0002002009-000200,BR_00000030,BR_00000012,numeric-chain-000034,15,13,23,1128,1,770,810,DC51D+Z,普碳,SPHC,软钢,normal_real,,,,,,,
diagnostic_candidate,True,0002001871-000370,0002001871-000370,0002001871-000370,BR_00000024,BR_00000012,numeric-chain-000034,15,14,13,1128,1,770,810,DC51D+Z,普碳,SPHC,软钢,normal_real,,,,,,,
diagnostic_candidate,True,0030124440-000020,0030124440-000020,0030124440-000020,BR_00000036,BR_00000012,numeric-chain-000034,15,15,23,1125,0.9,770,810,DX52D+Z,深冲钢（PD）,SPHCQ,软钢,normal_real,,,,,,,
diagnostic_candidate,True,0002002169-000030,0002002169-000030,0002002169-000030,BR_00000036,BR_00000012,numeric-chain-000034,15,16,30,1120,0.7,770,810,DC51D+Z,普碳,SPHC,软钢,normal_real,,,,,,,
diagnostic_candidate,True,0002001612-000550,0002001612-000550,0002001612-000550,BR_00000012,BR_00000012,numeric-chain-000034,15,17,13,1111,0.65,770,810,DC51D+Z,普碳,SPHC,软钢,normal_real,,,,,,,
diagnostic_candidate,True,0030117931-000020,0030117931-000020,0030117931-000020,BR_00000030,BR_00000012,numeric-chain-000034,15,18,23,1110,0.6,700,840,DC51D+Z,普碳,SPHC,软钢,normal_real,,,,,,,
diagnostic_candidate,True,0002002035-000090,0002002035-000090,0002002035-000090,BR_00000030,BR_00000012,numeric-chain-000034,15,19,69,1110,0.65,770,810,DC51D+Z,普碳,SPHC,软钢,normal_real,,,,,,,
diagnostic_candidate,True,0002001890-000020,0002001890-000020,0002001890-000020,BR_00000024,BR_00000012,numeric-chain-000034,15,20,30,1108,0.65,770,810,DC51D+Z,普碳,SPHC,软钢,normal_real,,,,,,,
diagnostic_candidate,True,0002001628-000090,0002001628-000090,0002001628-000090,BR_00000012,BR_00000012,numeric-chain-000034,15,21,35,1097,0.65,770,810,DC51D+Z,普碳,SPHC,软钢,normal_real,,,,,,,
diagnostic_candidate,True,0002001633-000060,0002001633-000060,0002001633-000060,BR_00000012,BR_00000012,numeric-chain-000034,15,22,20,1095,0.65,770,810,DC51D+Z,普碳,SPHC,软钢,normal_real,,,,,,,
diagnostic_candidate,True,0002002202-000150,0002002202-000150,0002002202-000150,BR_00000036,BR_00000012,numeric-chain-000034,15,23,25,1095,0.7,770,810,DC51D+Z,IF钢,SPHETI-3,软钢,normal_real,,,,,,,
diagnostic_candidate,True,0002001880-000110,0002001880-000110,0002001880-000110,BR_00000024,BR_00000012,numeric-chain-000034,15,24,44,1085,0.6,770,810,DC51D+Z,普碳,SPHC,软钢,normal_real,,,,,,,
diagnostic_candidate,True,0002002024-000080,0002002024-000080,0002002024-000080,BR_00000030,BR_00000012,numeric-chain-000034,15,25,19,1085,0.7,770,810,DC51D+Z,普碳,SPHC,软钢,normal_real,,,,,,,
diagnostic_candidate,True,0002002023-000050,0002002023-000050,0002002023-000050,BR_00000030,BR_00000012,numeric-chain-000034,15,26,19,1085,0.7,770,810,DC51D+Z,普碳,SPHC,软钢,normal_real,,,,,,,
diagnostic_candidate,True,0002002202-000160,0002002202-000160,0002002202-000160,BR_00000036,BR_00000012,numeric-chain-000034,15,27,19,1085,0.7,770,810,DC51D+Z,IF钢,SPHETI-3,软钢,normal_real,,,,,,,
diagnostic_candidate,True,0002002202-000170,0002002202-000170,0002002202-000170,BR_00000036,BR_00000012,numeric-chain-000034,15,28,19,1080,0.7,770,810,DC51D+Z,IF钢,SPHETI-3,软钢,normal_real,,,,,,,
diagnostic_candidate,True,0002002023-000060,0002002023-000060,0002002023-000060,BR_00000030,BR_00000012,numeric-chain-000034,15,29,19,1080,0.7,770,810,DC51D+Z,普碳,SPHC,软钢,normal_real,,,,,,,
diagnostic_candidate,True,0002001998-000230,0002001998-000230,0002001998-000230,BR_00000030,BR_00000012,numeric-chain-000034,15,30,23,1078,0.7,770,810,DC51D+Z,普碳,SPHC,软钢,normal_real,,,,,,,
diagnostic_candidate,True,0002002035-000060,0002002035-000060,0002002035-000060,BR_00000030,BR_00000012,numeric-chain-000034,15,31,23,1070,0.7,770,810,DC51D+Z,普碳,SPHC,软钢,normal_real,,,,,,,
diagnostic_candidate,True,0030110337-000020,0030110337-000020,0030110337-000020,BR_00000018,BR_00000012,numeric-chain-000034,15,32,24,1069,0.8,780,800,HC220YD+Z,加磷高强、烘烤硬化钢,H220Y,软钢,normal_real,,,,,,,
diagnostic_candidate,True,0002002023-000080,0002002023-000080,0002002023-000080,BR_00000030,BR_00000012,numeric-chain-000034,15,33,19,1068,1,770,810,DC51D+Z,普碳,SPHC,软钢,normal_real,,,,,,,
diagnostic_candidate,True,0002001612-000740,0002001612-000740,0002001612-000740,BR_00000012,BR_00000012,numeric-chain-000034,15,34,125,1065,1,770,810,DC51D+Z,普碳,SPHC,软钢,normal_real,,,,,,,
diagnostic_candidate,True,0002002009-000120,0002002009-000120,0002002009-000120,BR_00000030,BR_00000012,numeric-chain-000034,15,35,69,1063,1,770,810,DC51D+Z,IF钢,SPHETI-3,软钢,normal_real,,,,,,,
diagnostic_candidate,True,0002001890-000170,0002001890-000170,0002001890-000170,BR_00000024,BR_00000012,numeric-chain-000034,15,36,23,1063,1,770,810,DC51D+Z,IF钢,SPHETI-3,软钢,normal_real,,,,,,,
diagnostic_candidate,True,0002002176-000070,0002002176-000070,0002002176-000070,BR_00000036,BR_00000012,numeric-chain-000034,15,37,100,1063,1,770,810,DC51D+Z,IF钢,SPHETI-3,软钢,normal_real,,,,,,,
diagnostic_candidate,True,0030123143-000070,0030123143-000070,0030123143-000070,BR_00000036,BR_00000012,numeric-chain-000034,15,38,88,1060,1,800,820,SCG260Y+Z,加磷高强、烘烤硬化钢,H260Y,软钢,normal_real,,,,,,,
diagnostic_candidate,True,0030117285-000070,0030117285-000070,0030117285-000070,BR_00000030,BR_00000012,numeric-chain-000034,15,39,22,1060,1,800,820,SCG260Y+Z,加磷高强、烘烤硬化钢,H260Y,软钢,normal_real,,,,,,,
diagnostic_candidate,True,0030108884-000010,0030108884-000010,0030108884-000010,BR_00000018,BR_00000012,numeric-chain-000034,15,40,44,1060,1,800,820,SCG260Y+Z,加磷高强、烘烤硬化钢,H260Y,软钢,normal_real,,,,,,,
diagnostic_candidate,True,0030112575-000070,0030112575-000070,0030112575-000070,BR_00000024,BR_00000012,numeric-chain-000034,15,41,66,1060,1,800,820,SCG260Y+Z,加磷高强、烘烤硬化钢,H260Y,软钢,normal_real,,,,,,,
diagnostic_candidate,True,0030108260-000070,0030108260-000070,0030108260-000070,BR_00000018,BR_00000012,numeric-chain-000034,15,42,88,1060,1,800,820,SCG260Y+Z,加磷高强、烘烤硬化钢,H260Y,软钢,normal_real,,,,,,,
diagnostic_candidate,True,0030115561-000030,0030115561-000030,0030115561-000030,BR_00000025,BR_00000012,numeric-chain-000034,15,43,88,1045,0.94,800,820,HC260YD+Z,加磷高强、烘烤硬化钢,H260Y,软钢,normal_real,,,,,,,
diagnostic_candidate,True,0002002021-000070,0002002021-000070,0002002021-000070,BR_00000030,BR_00000012,numeric-chain-000034,15,44,19,1044,1,770,810,DC51D+Z,IF钢,SPHETI-3,软钢,normal_real,,,,,,,
diagnostic_candidate,True,0030108542-000070,0030108542-000070,0030108542-000070,BR_00000018,BR_00000012,numeric-chain-000099,16,1,72,1250,0.8,700,840,DC51D+Z,普碳,SPHC,软钢,normal_real,,,,,,,
diagnostic_candidate,True,0030118006-000040,0030118006-000040,0030118006-000040,BR_00000030,BR_00000012,numeric-chain-000099,16,2,192,1250,0.8,700,840,DC51D+Z,普碳,SPHC,软钢,normal_real,,,,,,,
diagnostic_candidate,True,0030107311-000370,0030107311-000370,0030107311-000370,BR_00000018,BR_00000012,numeric-chain-000099,16,3,48,1250,1,700,840,DC51D+Z,普碳,SPHC,软钢,actual_transition,,,,,,,
diagnostic_candidate,True,0030104291-000040,0030104291-000040,0030104291-000040,BR_00000012,BR_00000012,numeric-chain-000099,16,4,72,1250,1.2,700,840,DC51D+Z,普碳,SPHC,软钢,actual_transition,,,,,,,
diagnostic_candidate,True,0030107561-000050,0030107561-000050,0030107561-000050,BR_00000018,BR_00000012,numeric-chain-000099,16,5,48,1250,1.2,700,840,DC51D+Z,普碳,SPHC,软钢,actual_transition,,,,,,,
diagnostic_candidate,True,0030112554-000030,0030112554-000030,0030112554-000030,BR_00000024,BR_00000012,numeric-chain-000099,16,6,48,1250,1.2,700,840,DC51D+Z,普碳,SPHC,软钢,actual_transition,,,,,,,
diagnostic_candidate,True,0030123653-000020,0030123653-000020,0030123653-000020,BR_00000036,BR_00000012,numeric-chain-000099,16,7,24,1250,1.2,700,840,DC51D+Z,普碳,SPHC,软钢,normal_real,,,,,,,
diagnostic_candidate,True,0030107311-000070,0030107311-000070,0030107311-000070,BR_00000018,BR_00000012,numeric-chain-000099,16,8,72,1250,1.45,700,840,DC51D+Z,普碳,SPHC,软钢,actual_transition,,,,,,,
diagnostic_candidate,True,0002002053-000110,0002002053-000110,0002002053-000110,BR_00000030,BR_00000012,numeric-chain-000099,16,9,84,1250,1.5,815,835,DX51D+Z-MD,普碳,SPHC,软钢,normal_real,,,,,,,
diagnostic_candidate,True,0002002059-000020,0002002059-000020,0002002059-000020,BR_00000030,BR_00000012,numeric-chain-000099,16,10,69,1243,1.5,820,840,DX53D+Z-CD,IF钢,SPHETI-5,软钢,normal_real,,,,,,,
diagnostic_candidate,True,0030103543-000140,0030103543-000140,0030103543-000140,BR_00000012,BR_00000012,numeric-chain-000099,16,11,48,1240,1.5,700,840,DC51D+Z,普碳,SPHC,软钢,normal_real,,,,,,,
diagnostic_candidate,True,0030110522-000010,0030110522-000010,0030110522-000010,BR_00000018,BR_00000012,numeric-chain-000099,16,12,24,1233,1.2,810,830,HC180YD+Z,加磷高强、烘烤硬化钢,H180YD,软钢,normal_real,,,,,,,
diagnostic_candidate,True,0005000486-000230,0005000486-000230,0005000486-000230,BR_00000018,BR_00000012,numeric-chain-000099,16,13,21,1225,1.2,800,820,CR210LA,普碳,SPHC,软钢,normal_real,,,,,,,
diagnostic_candidate,True,0030106245-000070,0030106245-000070,0030106245-000070,BR_00000012,BR_00000012,numeric-chain-000099,16,14,24,1225,1,700,840,DC51D+Z,普碳,SPHC,软钢,normal_real,,,,,,,
diagnostic_candidate,True,0002002054-000160,0002002054-000160,0002002054-000160,BR_00000030,BR_00000012,numeric-chain-000099,16,15,42,1219,1,815,835,DX51D+Z-MD,普碳,SPHC,软钢,normal_real,,,,,,,
diagnostic_candidate,True,0030118942-000020,0030118942-000020,0030118942-000020,BR_00000030,BR_00000012,numeric-chain-000099,16,16,48,1219,1.2,700,840,DX51D+Z,普碳,SPHC,软钢,actual_transition,,,,,,,
diagnostic_candidate,True,0030108198-000020,0030108198-000020,0030108198-000020,BR_00000018,BR_00000012,numeric-chain-000099,16,17,72,1200,1.2,700,720,DX51D+Z3,深冲钢（PD）,DD12BB,软钢,normal_real,,,,,,,
diagnostic_candidate,True,0030119985-000010,0030119985-000010,0030119985-000010,BR_00000030,BR_00000012,numeric-chain-000099,16,18,24,1200,1.5,700,840,DC51D+Z,普碳,SPHC,软钢,actual_transition,,,,,,,
diagnostic_candidate,True,0005000562-000060,0005000562-000060,0005000562-000060,BR_00000036,BR_00000012,numeric-chain-000099,16,19,23,1197,1.5,740,780,CR420LA,低合金高强,H420LAD-3,硬钢,normal_real,,,,,,,
diagnostic_candidate,True,0005000461-000040,0005000461-000040,0005000461-000040,BR_00000012,BR_00000012,numeric-chain-000099,16,20,23,1193,1.2,730,770,CR420LA,低合金高强,H420LAD-3,硬钢,normal_real,,,,,,,
diagnostic_candidate,True,0005000549-000070,0005000549-000070,0005000549-000070,BR_00000030,BR_00000012,numeric-chain-000099,16,21,23,1193,1.2,730,770,CR420LA,低合金高强,H420LAD-3,硬钢,normal_real,,,,,,,
diagnostic_candidate,True,0005000546-000110,0005000546-000110,0005000546-000110,BR_00000030,BR_00000012,numeric-chain-000099,16,22,7,1176,1.2,735,775,HC260LAD+Z,低合金高强,H260LAD-3,硬钢,normal_real,,,,,,,
diagnostic_candidate,True,0005000501-000050,0005000501-000050,0005000501-000050,BR_00000024,BR_00000012,numeric-chain-000099,16,23,80,1155,1.5,740,780,CR420LA,低合金高强,H420LAD-3,硬钢,normal_real,,,,,,,
diagnostic_candidate,True,0005000547-000050,0005000547-000050,0005000547-000050,BR_00000030,BR_00000012,numeric-chain-000099,16,24,100,1155,1.5,740,780,CR420LA,低合金高强,H420LAD-3,硬钢,normal_real,,,,,,,
diagnostic_candidate,True,0005000563-000040,0005000563-000040,0005000563-000040,BR_00000036,BR_00000012,numeric-chain-000099,16,25,60,1155,1.5,740,780,CR420LA,低合金高强,H420LAD-3,硬钢,normal_real,,,,,,,
diagnostic_candidate,True,0005000463-000050,0005000463-000050,0005000463-000050,BR_00000012,BR_00000012,numeric-chain-000099,16,26,22,1149,1.5,740,780,CR420LA,低合金高强,H420LAD-3,硬钢,normal_real,,,,,,,
diagnostic_candidate,True,0005000575-000040,0005000575-000040,0005000575-000040,BR_00000036,BR_00000012,numeric-chain-000099,16,27,40,1149,1.5,740,780,CR420LA,低合金高强,H420LAD-3,硬钢,normal_real,,,,,,,
diagnostic_candidate,True,0005000547-000110,0005000547-000110,0005000547-000110,BR_00000030,BR_00000012,numeric-chain-000099,16,28,21,1136,1.2,760,780,CR240LA,低合金高强,H260LAD-3,硬钢,normal_real,,,,,,,
diagnostic_candidate,True,0005000463-000060,0005000463-000060,0005000463-000060,BR_00000012,BR_00000012,numeric-chain-000099,16,29,22,1107,1.5,740,780,CR420LA,低合金高强,H420LAD-3,硬钢,normal_real,,,,,,,
diagnostic_candidate,True,0005000462-000020,0005000462-000020,0005000462-000020,BR_00000012,BR_00000012,numeric-chain-000099,16,30,44,1107,1.5,740,780,CR420LA,低合金高强,H420LAD-3,硬钢,normal_real,,,,,,,
diagnostic_candidate,True,0005000555-000030,0005000555-000030,0005000555-000030,BR_00000030,BR_00000012,numeric-chain-000099,16,31,22,1107,1.5,740,780,CR420LA,低合金高强,H420LAD-3,硬钢,normal_real,,,,,,,
diagnostic_candidate,True,0005000575-000050,0005000575-000050,0005000575-000050,BR_00000036,BR_00000012,numeric-chain-000099,16,32,22,1107,1.5,740,780,CR420LA,低合金高强,H420LAD-3,硬钢,normal_real,,,,,,,
diagnostic_candidate,True,0005000464-000040,0005000464-000040,0005000464-000040,BR_00000012,BR_00000012,numeric-chain-000099,16,33,20,1085,1.2,730,770,CR420LA,低合金高强,H420LAD-3,硬钢,normal_real,,,,,,,
diagnostic_candidate,True,0005000509-000010,0005000509-000010,0005000509-000010,BR_00000024,BR_00000012,numeric-chain-000099,16,34,7,1083,1.2,760,780,CR240LA,低合金高强,H260LAD-3,硬钢,normal_real,,,,,,,
diagnostic_candidate,True,0005000501-000510,0005000501-000510,0005000501-000510,BR_00000024,BR_00000012,numeric-chain-000099,16,35,40,1025,1,770,790,CR300LA,低合金高强,H300LA-3,硬钢,normal_real,,,,,,,
diagnostic_candidate,True,0030108871-000050,0030108871-000050,0030108871-000050,BR_00000018,BR_00000012,numeric-chain-000099,16,36,199,1000,0.8,700,840,DC51D+Z,普碳,SPHC,软钢,actual_transition,,,,,,,
diagnostic_candidate,True,0030108214-000020,0030108214-000020,0030108214-000020,BR_00000018,BR_00000012,numeric-chain-000099,16,37,22,1000,0.8,830,850,DC56D+Z,IF钢,SPHETI-3,软钢,normal_real,,,,,,,
diagnostic_candidate,True,0030122480-000100,0030122480-000100,0030122480-000100,BR_00000036,BR_00000012,numeric-chain-000099,16,38,154,995,0.7,830,850,DX53D+Z,IF钢,SPHETI-5,软钢,normal_real,,,,,,,
diagnostic_candidate,True,0002002195-000100,0002002195-000100,0002002195-000100,BR_00000036,BR_00000012,numeric-chain-000115,17,1,230,1220,1,830,850,DC53D+Z,IF钢,SPHETI-3,软钢,normal_real,,,,,,,
diagnostic_candidate,True,virtual-000243,,,,BR_00000012,numeric-chain-000115,17,2,20.00,1250,0.80,810,850,SPHC,,SPHC,,virtual_sphc,,"{""accepted_sequence"":243,""prototype_id"":""virtual_sphc:1250x0.8"",""purpose"":""edge_bridge"",""related_partition_id"":null}",,,,,
diagnostic_candidate,True,0030107381-000040,0030107381-000040,0030107381-000040,BR_00000018,BR_00000012,numeric-chain-000115,17,3,22,1205,0.7,810,830,CR240LA,低合金高强,H260LAD-3,硬钢,normal_real,,,,,,,
diagnostic_candidate,True,0030112686-000030,0030112686-000030,0030112686-000030,BR_00000024,BR_00000012,numeric-chain-000115,17,4,66,1205,0.7,810,830,CR240LA,低合金高强,H260LAD-3,硬钢,normal_real,,,,,,,
diagnostic_candidate,True,0030118942-000030,0030118942-000030,0030118942-000030,BR_00000030,BR_00000012,numeric-chain-000115,17,5,48,1219,0.8,700,840,DX51D+Z,普碳,SPHC,软钢,actual_transition,,,,,,,
diagnostic_candidate,True,0030117110-000040,0030117110-000040,0030117110-000040,BR_00000030,BR_00000012,numeric-chain-000115,17,6,22,1205,0.7,810,830,CR240LA,低合金高强,H260LAD-3,硬钢,normal_real,,,,,,,
diagnostic_candidate,True,0030107381-000050,0030107381-000050,0030107381-000050,BR_00000018,BR_00000012,numeric-chain-000115,17,7,44,1200,0.7,810,830,CR240LA,低合金高强,H260LAD-3,硬钢,normal_real,,,,,,,
diagnostic_candidate,True,0030112686-000040,0030112686-000040,0030112686-000040,BR_00000024,BR_00000012,numeric-chain-000115,17,8,44,1200,0.7,810,830,CR240LA,低合金高强,H260LAD-3,硬钢,normal_real,,,,,,,
diagnostic_candidate,True,0030117110-000050,0030117110-000050,0030117110-000050,BR_00000030,BR_00000012,numeric-chain-000115,17,9,22,1200,0.7,810,830,CR240LA,低合金高强,H260LAD-3,硬钢,normal_real,,,,,,,
diagnostic_candidate,True,0005000547-000120,0005000547-000120,0005000547-000120,BR_00000030,BR_00000012,numeric-chain-000115,17,10,20,1170,0.7,810,830,CR240LA,低合金高强,H260LAD-3,硬钢,normal_real,,,,,,,
diagnostic_candidate,True,0005000501-000100,0005000501-000100,0005000501-000100,BR_00000024,BR_00000012,numeric-chain-000115,17,11,20,1170,0.7,810,830,CR240LA,低合金高强,H260LAD-3,硬钢,normal_real,,,,,,,
diagnostic_candidate,True,0030106987-000010,0030106987-000010,0030106987-000010,BR_00000018,BR_00000012,numeric-chain-000115,17,12,24,1160,0.6,700,840,DX51D+Z,普碳,SPHC,软钢,actual_transition,,,,,,,
diagnostic_candidate,True,0030124827-000010,0030124827-000010,0030124827-000010,BR_00000036,BR_00000012,numeric-chain-000115,17,13,70,1140,0.75,730,750,DX51D+Z,普碳,SPHC,软钢,normal_real,,,,,,,
diagnostic_candidate,True,0030103543-000010,0030103543-000010,0030103543-000010,BR_00000012,BR_00000012,numeric-chain-000115,17,14,23,1110,0.6,700,840,DC51D+Z,普碳,SPHC,软钢,normal_real,,,,,,,
diagnostic_candidate,True,0002002044-000050,0002002044-000050,0002002044-000050,BR_00000030,BR_00000012,numeric-chain-000115,17,15,23,1110,0.65,770,810,DC51D+Z,普碳,SPHC,软钢,normal_real,,,,,,,
diagnostic_candidate,True,0002001612-000060,0002001612-000060,0002001612-000060,BR_00000012,BR_00000012,numeric-chain-000115,17,16,115,1110,0.65,770,810,DC51D+Z,普碳,SPHC,软钢,normal_real,,,,,,,
diagnostic_candidate,True,0002002023-000040,0002002023-000040,0002002023-000040,BR_00000030,BR_00000012,numeric-chain-000115,17,17,23,1110,0.7,770,810,DC51D+Z,普碳,SPHC,软钢,normal_real,,,,,,,
diagnostic_candidate,True,0002001751-000010,0002001751-000010,0002001751-000010,BR_00000018,BR_00000012,numeric-chain-000115,17,18,23,1110,0.7,770,810,DC51D+Z,普碳,SPHC,软钢,normal_real,,,,,,,
diagnostic_candidate,True,0002001612-000310,0002001612-000310,0002001612-000310,BR_00000012,BR_00000012,numeric-chain-000115,17,19,20,1107,0.7,770,810,DC51D+Z,普碳,SPHC,软钢,normal_real,,,,,,,
diagnostic_candidate,True,0002002009-000070,0002002009-000070,0002002009-000070,BR_00000030,BR_00000012,numeric-chain-000115,17,20,35,1105,0.7,770,810,DC51D+Z,IF钢,SPHETI-3,软钢,normal_real,,,,,,,
diagnostic_candidate,True,0030125207-000040,0030125207-000040,0030125207-000040,BR_00000036,BR_00000012,numeric-chain-000115,17,21,46,1103,0.7,770,810,DC51D+Z,深冲钢（PD）,SPHCQ,软钢,normal_real,,,,,,,
diagnostic_candidate,True,0002001998-000080,0002001998-000080,0002001998-000080,BR_00000030,BR_00000012,numeric-chain-000115,17,22,92,1095,0.65,770,810,DC51D+Z,普碳,SPHC,软钢,normal_real,,,,,,,
diagnostic_candidate,True,0002001986-000050,0002001986-000050,0002001986-000050,BR_00000030,BR_00000012,numeric-chain-000115,17,23,25,1095,0.65,770,810,DC51D+Z,普碳,SPHC,软钢,normal_real,,,,,,,
diagnostic_candidate,True,0002002195-000060,0002002195-000060,0002002195-000060,BR_00000036,BR_00000012,numeric-chain-000115,17,24,69,1095,0.65,770,810,DC51D+Z,普碳,SPHC,软钢,normal_real,,,,,,,
diagnostic_candidate,True,0002001627-000040,0002001627-000040,0002001627-000040,BR_00000012,BR_00000012,numeric-chain-000115,17,25,20,1095,0.7,770,810,DC51D+Z,IF钢,SPHETI-3,软钢,normal_real,,,,,,,
diagnostic_candidate,True,0030106995-000170,0030106995-000170,0030106995-000170,BR_00000016,BR_00000012,numeric-chain-000115,17,26,23,1090,0.65,770,810,DC51D+Z,IF钢,SPHETI-5,软钢,normal_real,,,,,,,
diagnostic_candidate,True,0002001612-000690,0002001612-000690,0002001612-000690,BR_00000012,BR_00000012,numeric-chain-000115,17,27,40,1080,0.6,770,810,DC51D+Z,普碳,SPHC,软钢,normal_real,,,,,,,
diagnostic_candidate,True,0030124800-000050,0030124800-000050,0030124800-000050,BR_00000036,BR_00000012,numeric-chain-000115,17,28,23,1066,0.5,770,810,DX52D+Z,深冲钢（PD）,SPHCQ,软钢,normal_real,,,,,,,
diagnostic_candidate,True,0002002184-000130,0002002184-000130,0002002184-000130,BR_00000036,BR_00000012,numeric-chain-000115,17,29,19,1063,0.6,770,810,DC51D+Z,IF钢,SPHETI-3,软钢,normal_real,,,,,,,
diagnostic_candidate,True,0002002195-000050,0002002195-000050,0002002195-000050,BR_00000036,BR_00000012,numeric-chain-000115,17,30,48,1063,0.65,770,810,DC51D+Z,普碳,SPHC,软钢,normal_real,,,,,,,
diagnostic_candidate,True,0002001765-000050,0002001765-000050,0002001765-000050,BR_00000018,BR_00000012,numeric-chain-000115,17,31,46,1063,0.65,770,810,DC51D+Z,普碳,SPHC,软钢,normal_real,,,,,,,
diagnostic_candidate,True,0002001998-000070,0002001998-000070,0002001998-000070,BR_00000030,BR_00000012,numeric-chain-000115,17,32,92,1063,0.65,770,810,DC51D+Z,普碳,SPHC,软钢,normal_real,,,,,,,
diagnostic_candidate,True,0002002202-000050,0002002202-000050,0002002202-000050,BR_00000036,BR_00000012,numeric-chain-000115,17,33,25,1060,0.7,770,810,DC51D+Z,IF钢,SPHETI-3,软钢,normal_real,,,,,,,
diagnostic_candidate,True,0030115408-000040,0030115408-000040,0030115408-000040,BR_00000024,BR_00000012,numeric-chain-000115,17,34,23,1055,0.8,780,800,HC220YD+Z,加磷高强、烘烤硬化钢,H220Y,软钢,normal_real,,,,,,,
diagnostic_candidate,True,0030120817-000010,0030120817-000010,0030120817-000010,BR_00000030,BR_00000012,numeric-chain-000115,17,35,23,1055,0.8,780,800,HC220YD+Z,加磷高强、烘烤硬化钢,H220Y,软钢,normal_real,,,,,,,
diagnostic_candidate,True,0030124824-000050,0030124824-000050,0030124824-000050,BR_00000036,BR_00000012,numeric-chain-000115,17,36,30,1050,0.65,780,800,HC220YD+Z-GL,加磷高强、烘烤硬化钢,H220Y,,normal_real,,,,,,,
diagnostic_candidate,True,0030114925-000010,0030114925-000010,0030114925-000010,BR_00000025,BR_00000012,numeric-chain-000115,17,37,30,1050,0.65,780,800,HC220YD+Z-GL,加磷高强、烘烤硬化钢,H220Y,,normal_real,,,,,,,
diagnostic_candidate,True,0030125207-000030,0030125207-000030,0030125207-000030,BR_00000036,BR_00000012,numeric-chain-000115,17,38,22,1043,0.7,780,800,HC220YD+Z,加磷高强、烘烤硬化钢,H220Y,软钢,normal_real,,,,,,,
diagnostic_candidate,True,0030119862-000160,0030119862-000160,0030119862-000160,BR_00000030,BR_00000012,numeric-chain-000115,17,39,22,1039,0.7,790,810,HC260YD+Z,加磷高强、烘烤硬化钢,H260Y,软钢,normal_real,,,,,,,
diagnostic_candidate,True,0030125207-000020,0030125207-000020,0030125207-000020,BR_00000036,BR_00000012,numeric-chain-000115,17,40,22,1033,0.7,780,800,HC220YD+Z,加磷高强、烘烤硬化钢,H220Y,软钢,normal_real,,,,,,,
diagnostic_candidate,True,0002001750-000510,0002001750-000510,0002001750-000510,BR_00000018,BR_00000012,numeric-chain-000115,17,41,20,1030,0.65,770,810,DC51D+Z,普碳,SPHC,软钢,normal_real,,,,,,,
diagnostic_candidate,True,0002001635-000010,0002001635-000010,0002001635-000010,BR_00000012,BR_00000012,numeric-chain-000115,17,42,22,1027,0.65,770,810,DC51D+Z,普碳,SPHC,软钢,normal_real,,,,,,,
diagnostic_candidate,True,0002002195-000030,0002002195-000030,0002002195-000030,BR_00000036,BR_00000012,numeric-chain-000115,17,43,22,1022,0.7,770,810,DC51D+Z,普碳,SPHC,软钢,normal_real,,,,,,,
diagnostic_candidate,True,0002001860-000190,0002001860-000190,0002001860-000190,BR_00000024,BR_00000012,numeric-chain-000115,17,44,20,1021,0.65,770,810,DC51D+Z,普碳,SPHC,软钢,normal_real,,,,,,,
diagnostic_candidate,True,0002001612-000590,0002001612-000590,0002001612-000590,BR_00000012,BR_00000012,numeric-chain-000115,17,45,23,1015,0.65,770,810,DC51D+Z,普碳,SPHC,软钢,normal_real,,,,,,,
diagnostic_candidate,True,0002001880-000050,0002001880-000050,0002001880-000050,BR_00000024,BR_00000012,numeric-chain-000115,17,46,22,1006,0.65,770,810,DC51D+Z,普碳,SPHC,软钢,normal_real,,,,,,,
diagnostic_candidate,True,0002001998-000030,0002001998-000030,0002001998-000030,BR_00000030,BR_00000012,numeric-chain-000115,17,47,120,985,0.65,770,810,DC51D+Z,普碳,SPHC,软钢,normal_real,,,,,,,
diagnostic_candidate,True,0002001878-000020,0002001878-000020,0002001878-000020,BR_00000024,BR_00000012,numeric-chain-000115,17,48,28,985,0.7,770,810,DC51D+Z,普碳,SPHC,软钢,normal_real,,,,,,,
diagnostic_candidate,True,0002001871-000490,0002001871-000490,0002001871-000490,BR_00000024,BR_00000012,numeric-chain-000115,17,49,20,982,0.6,770,810,DC51D+Z,普碳,SPHC,软钢,normal_real,,,,,,,
diagnostic_candidate,True,0002001780-000120,0002001780-000120,0002001780-000120,BR_00000024,BR_00000012,numeric-chain-000115,17,50,19,975,0.6,770,810,DC51D+Z,普碳,SPHC,软钢,normal_real,,,,,,,
diagnostic_candidate,True,0002002026-000040,0002002026-000040,0002002026-000040,BR_00000030,BR_00000012,numeric-chain-000115,17,51,19,960,0.65,770,810,DC51D+Z,普碳,SPHC,软钢,normal_real,,,,,,,
diagnostic_candidate,True,0002002170-000170,0002002170-000170,0002002170-000170,BR_00000036,BR_00000012,numeric-chain-000112,18,1,100,1000,0.65,810,830,180YD+Z,加磷高强、烘烤硬化钢,H180YD,软钢,normal_real,,,,,,,
diagnostic_candidate,True,virtual-000136,,,,BR_00000012,numeric-chain-000112,18,2,20.00,1000,0.80,810,850,SPHC,,SPHC,,virtual_sphc,,"{""accepted_sequence"":136,""prototype_id"":""virtual_sphc:1000x0.8"",""purpose"":""edge_bridge"",""related_partition_id"":null}",,,,,
diagnostic_candidate,True,0030113312-000010,0030113312-000010,0030113312-000010,BR_00000024,BR_00000012,numeric-chain-000112,18,3,198,1020,1,830,850,HDX53D+Z-SN,IF钢,SPHETI-3,软钢,normal_real,,,,,,,
diagnostic_candidate,True,virtual-000115,,,,BR_00000012,numeric-chain-000112,18,4,20.00,1000,0.80,810,850,SPHC,,SPHC,,virtual_sphc,,"{""accepted_sequence"":115,""prototype_id"":""virtual_sphc:1000x0.8"",""purpose"":""edge_bridge"",""related_partition_id"":null}",,,,,
diagnostic_candidate,True,virtual-000114,,,,BR_00000012,numeric-chain-000112,18,5,20.00,1000,0.80,810,850,SPHC,,SPHC,,virtual_sphc,,"{""accepted_sequence"":114,""prototype_id"":""virtual_sphc:1000x0.8"",""purpose"":""edge_bridge"",""related_partition_id"":null}",,,,,
diagnostic_candidate,True,0030117774-000010,0030117774-000010,0030117774-000010,BR_00000030,BR_00000012,numeric-chain-000112,18,6,22,1005,0.8,820,840,DC53D+Z,IF钢,SPHETI-5,软钢,normal_real,,,,,,,
diagnostic_candidate,True,0030114487-000010,0030114487-000010,0030114487-000010,BR_00000024,BR_00000012,numeric-chain-000112,18,7,140,975,0.65,810,830,HC180YD+Z,加磷高强、烘烤硬化钢,H180YD,软钢,normal_real,,,,,,,
diagnostic_candidate,True,0030105190-000010,0030105190-000010,0030105190-000010,BR_00000012,BR_00000012,numeric-chain-000112,18,8,40,975,0.65,810,830,HC180YD+Z,加磷高强、烘烤硬化钢,H180YD,软钢,normal_real,,,,,,,
diagnostic_candidate,True,0002001860-000020,0002001860-000020,0002001860-000020,BR_00000024,BR_00000012,numeric-chain-000112,18,9,24,940,0.65,810,830,180YD+Z,加磷高强、烘烤硬化钢,H180YD,软钢,normal_real,,,,,,,
diagnostic_candidate,True,0002001750-000090,0002001750-000090,0002001750-000090,BR_00000018,BR_00000012,numeric-chain-000112,18,10,24,940,0.65,810,830,180YD+Z,加磷高强、烘烤硬化钢,H180YD,软钢,normal_real,,,,,,,
diagnostic_candidate,True,0030108589-000030,0030108589-000030,0030108589-000030,BR_00000018,BR_00000012,numeric-chain-000112,18,11,17,939,0.65,820,840,H180BD+Z,加磷高强、烘烤硬化钢,H180BH1,软钢,normal_real,,,,,,,
diagnostic_candidate,True,0030123255-000030,0030123255-000030,0030123255-000030,BR_00000036,BR_00000012,numeric-chain-000112,18,12,36,935,0.65,820,840,DC56D+Z,IF钢,SPHETI-3,软钢,normal_real,,,,,,,
diagnostic_candidate,True,0030104028-000020,0030104028-000020,0030104028-000020,BR_00000012,BR_00000012,numeric-chain-000112,18,13,18,935,0.65,830,850,DC56D+Z,IF钢,SPHETI-3,软钢,normal_real,,,,,,,
diagnostic_candidate,True,0030118799-000020,0030118799-000020,0030118799-000020,BR_00000030,BR_00000012,numeric-chain-000112,18,14,72,930,0.65,820,840,HC180BD+Z,加磷高强、烘烤硬化钢,H180BH1,软钢,normal_real,,,,,,,
diagnostic_candidate,True,0030112516-000010,0030112516-000010,0030112516-000010,BR_00000024,BR_00000012,numeric-chain-000112,18,15,18,913,0.75,830,850,DC54D+Z,IF钢,SPHETI-5,软钢,normal_real,,,,,,,
diagnostic_candidate,True,0005000486-000630,0005000486-000630,0005000486-000630,BR_00000018,BR_00000012,numeric-chain-000112,18,16,16,900,0.7,820,840,CR210BH,加磷高强、烘烤硬化钢,H220BH,软钢,normal_real,,,,,,,
diagnostic_candidate,True,0002001860-000080,0002001860-000080,0002001860-000080,BR_00000024,BR_00000012,numeric-chain-000112,18,17,119,895,0.8,830,850,DC53D+Z,IF钢,SPHETI-3,软钢,normal_real,,,,,,,
diagnostic_candidate,True,0002001738-000010,0002001738-000010,0002001738-000010,BR_00000018,BR_00000012,numeric-chain-000112,18,18,16,865,0.6,830,850,DC53D+Z,IF钢,SPHETI-3,软钢,normal_real,,,,,,,
diagnostic_candidate,True,0030120745-000010,0030120745-000010,0030120745-000010,BR_00000031,BR_00000012,numeric-chain-000112,18,19,72,865,0.8,830,850,DX53D+Z,IF钢,SPHETI-5,软钢,normal_real,,,,,,,
diagnostic_candidate,True,0030112439-000220,0030112439-000220,0030112439-000220,BR_00000024,BR_00000012,numeric-chain-000112,18,20,36,855,0.7,830,850,DX53D+Z,IF钢,SPHETI-5,软钢,normal_real,,,,,,,
diagnostic_candidate,True,0002001738-000020,0002001738-000020,0002001738-000020,BR_00000018,BR_00000012,numeric-chain-000112,18,21,16,850,0.6,830,850,DC53D+Z,IF钢,SPHETI-3,软钢,normal_real,,,,,,,
diagnostic_candidate,True,0002001750-000690,0002001750-000690,0002001750-000690,BR_00000018,BR_00000012,numeric-chain-000112,18,22,20,840,0.6,830,850,DC56D+Z,IF钢,SPHETI-3,软钢,normal_real,,,,,,,
diagnostic_candidate,True,0002002184-000190,0002002184-000190,0002002184-000190,BR_00000036,BR_00000012,numeric-chain-000112,18,23,64,840,0.6,830,850,DC56D+Z,IF钢,SPHETI-3,软钢,normal_real,,,,,,,
diagnostic_candidate,True,0002002020-000050,0002002020-000050,0002002020-000050,BR_00000030,BR_00000012,numeric-chain-000112,18,24,48,840,0.6,830,850,DC56D+Z,IF钢,SPHETI-3,软钢,normal_real,,,,,,,
diagnostic_candidate,True,0002002021-000210,0002002021-000210,0002002021-000210,BR_00000030,BR_00000012,numeric-chain-000112,18,25,32,840,0.6,830,850,DC56D+Z,IF钢,SPHETI-3,软钢,normal_real,,,,,,,
diagnostic_candidate,True,0030108259-000010,0030108259-000010,0030108259-000010,BR_00000018,BR_00000012,numeric-chain-000096,19,1,26,1465,0.7,830,850,SCG4+Z,IF钢,SPHETI-3,软钢,normal_real,,,,,,,
diagnostic_candidate,True,0030103920-000010,0030103920-000010,0030103920-000010,BR_00000012,BR_00000012,numeric-chain-000096,19,2,104,1455,0.7,830,850,SCG4+Z,IF钢,SPHETI-3,软钢,normal_real,,,,,,,
diagnostic_candidate,True,0030111905-000010,0030111905-000010,0030111905-000010,BR_00000024,BR_00000012,numeric-chain-000096,19,3,24,1455,0.7,830,850,DC56D+Z,IF钢,SPHETI-3,软钢,normal_real,,,,,,,
diagnostic_candidate,True,0030117285-000010,0030117285-000010,0030117285-000010,BR_00000030,BR_00000012,numeric-chain-000096,19,4,182,1455,0.7,830,850,SCG4+Z,IF钢,SPHETI-3,软钢,normal_real,,,,,,,
diagnostic_candidate,True,0030123143-000010,0030123143-000010,0030123143-000010,BR_00000036,BR_00000012,numeric-chain-000096,19,5,52,1455,0.7,830,850,SCG4+Z,IF钢,SPHETI-3,软钢,normal_real,,,,,,,
diagnostic_candidate,True,0030124397-000030,0030124397-000030,0030124397-000030,BR_00000036,BR_00000012,numeric-chain-000096,19,6,24,1465,0.7,830,850,DC56D+Z,IF钢,SPHETI-3,软钢,normal_real,,,,,,,
diagnostic_candidate,True,0005000544-000010,0005000544-000010,0005000544-000010,BR_00000030,BR_00000012,numeric-chain-000096,19,7,7,1450,0.8,830,850,CR3,IF钢,SPHETI-36,软钢,normal_real,,,,,,,
diagnostic_candidate,True,0005000563-000280,0005000563-000280,0005000563-000280,BR_00000036,BR_00000012,numeric-chain-000096,19,8,21,1448,0.8,830,850,CR3,IF钢,SPHETI-36,软钢,normal_real,,,,,,,
diagnostic_candidate,True,0030108259-000020,0030108259-000020,0030108259-000020,BR_00000018,BR_00000012,numeric-chain-000096,19,9,26,1440,0.7,830,850,SCG4+Z,IF钢,SPHETI-3,软钢,normal_real,,,,,,,
diagnostic_candidate,True,0002002021-000020,0002002021-000020,0002002021-000020,BR_00000030,BR_00000012,numeric-chain-000096,19,10,23,1440,0.65,830,850,DC53D+Z,IF钢,SPHETI-3,软钢,normal_real,,,,,,,
diagnostic_candidate,True,0002002170-000430,0002002170-000430,0002002170-000430,BR_00000036,BR_00000012,numeric-chain-000096,19,11,23,1440,0.65,830,850,DC53D+Z,IF钢,SPHETI-3,软钢,normal_real,,,,,,,
diagnostic_candidate,True,0030120049-000040,0030120049-000040,0030120049-000040,BR_00000031,BR_00000012,numeric-chain-000096,19,12,24,1440,0.7,830,850,DC56D+Z,IF钢,SPHETI-3,软钢,normal_real,,,,,,,
diagnostic_candidate,True,0002001906-000060,0002001906-000060,0002001906-000060,BR_00000025,BR_00000012,numeric-chain-000096,19,13,46,1434,0.7,830,850,DC53D+Z,IF钢,SPHETI-3,软钢,normal_real,,,,,,,
diagnostic_candidate,True,0030105479-000010,0030105479-000010,0030105479-000010,BR_00000012,BR_00000012,numeric-chain-000096,19,14,24,1426,0.8,830,850,DC54D+Z,IF钢,SPHETI-3,软钢,normal_real,,,,,,,
diagnostic_candidate,True,0030106245-000050,0030106245-000050,0030106245-000050,BR_00000012,BR_00000012,numeric-chain-000096,19,15,48,1416,0.8,820,840,DC53D+Z,IF钢,SPHETI-5,软钢,normal_real,,,,,,,
diagnostic_candidate,True,0030119860-000030,0030119860-000030,0030119860-000030,BR_00000030,BR_00000012,numeric-chain-000096,19,16,288,1410,0.8,830,850,DC56D+Z,IF钢,SPHETI-3,软钢,normal_real,,,,,,,
diagnostic_candidate,True,0030103920-000020,0030103920-000020,0030103920-000020,BR_00000012,BR_00000012,numeric-chain-000096,19,17,104,1390,0.7,830,850,SCG4+Z,IF钢,SPHETI-3,软钢,normal_real,,,,,,,
diagnostic_candidate,True,0002001860-000440,0002001860-000440,0002001860-000440,BR_00000024,BR_00000012,numeric-chain-000096,19,18,20,1390,0.6,830,850,DC56D+Z,IF钢,SPHETI-3,软钢,normal_real,,,,,,,
diagnostic_candidate,True,0030124199-000010,0030124199-000010,0030124199-000010,BR_00000036,BR_00000012,numeric-chain-000096,19,19,26,1385,0.6,830,850,DC54D+Z,IF钢,SPHETI-5,软钢,normal_real,,,,,,,
diagnostic_candidate,True,0030112155-000010,0030112155-000010,0030112155-000010,BR_00000024,BR_00000012,numeric-chain-000096,19,20,48,1375,0.6,830,850,DX54D+Z,IF钢,SPHETI-3,软钢,normal_real,,,,,,,
diagnostic_candidate,True,0030105380-000010,0030105380-000010,0030105380-000010,BR_00000012,BR_00000012,numeric-chain-000014,20,1,36,1355,0.7,810,830,HC180YD+Z,加磷高强、烘烤硬化钢,H180YD,软钢,normal_real,,,,,,,
diagnostic_candidate,True,0030110381-000090,0030110381-000090,0030110381-000090,BR_00000018,BR_00000012,numeric-chain-000014,20,2,57,1355,0.7,810,830,HC180YD+Z,加磷高强、烘烤硬化钢,H180YD,软钢,normal_real,,,,,,,
diagnostic_candidate,True,0030113335-000010,0030113335-000010,0030113335-000010,BR_00000024,BR_00000012,numeric-chain-000014,20,3,28,1355,0.7,810,830,HC180YD+Z,加磷高强、烘烤硬化钢,H180YD,软钢,normal_real,,,,,,,
diagnostic_candidate,True,0030119860-000040,0030119860-000040,0030119860-000040,BR_00000030,BR_00000012,numeric-chain-000014,20,4,240,1360,0.7,810,830,HC180YD+Z,加磷高强、烘烤硬化钢,H180YD,软钢,normal_real,,,,,,,
diagnostic_candidate,True,0030113136-000010,0030113136-000010,0030113136-000010,BR_00000024,BR_00000012,numeric-chain-000014,20,5,46,1350,0.6,820,840,HC180BD+Z,加磷高强、烘烤硬化钢,H180BH1,软钢,normal_real,,,,,,,
diagnostic_candidate,True,0005000501-000150,0005000501-000150,0005000501-000150,BR_00000024,BR_00000012,numeric-chain-000014,20,6,63,1350,0.8,830,850,CR180BH,加磷高强、烘烤硬化钢,H180BH,软钢,normal_real,,,,,,,
diagnostic_candidate,True,0005000563-000130,0005000563-000130,0005000563-000130,BR_00000036,BR_00000012,numeric-chain-000014,20,7,42,1350,0.8,830,850,CR180BH,加磷高强、烘烤硬化钢,H180BH,软钢,normal_real,,,,,,,
diagnostic_candidate,True,0002001895-000010,0002001895-000010,0002001895-000010,BR_00000024,BR_00000012,numeric-chain-000014,20,8,69,1350,1,820,840,DX53D+Z-CD,IF钢,SPHETI-5,软钢,normal_real,,,,,,,
diagnostic_candidate,True,0002001757-000180,0002001757-000180,0002001757-000180,BR_00000018,BR_00000012,numeric-chain-000014,20,9,46,1350,1,820,840,DX53D+Z-CD,IF钢,SPHETI-5,软钢,normal_real,,,,,,,
diagnostic_candidate,True,0002002054-000030,0002002054-000030,0002002054-000030,BR_00000030,BR_00000012,numeric-chain-000014,20,10,142,1350,1,820,840,DX53D+Z-CD,IF钢,SPHETI-5,软钢,normal_real,,,,,,,
diagnostic_candidate,True,0002001648-000150,0002001648-000150,0002001648-000150,BR_00000012,BR_00000012,numeric-chain-000014,20,11,24,1350,1,820,840,DX53D+Z-CD,IF钢,SPHETI-5,软钢,normal_real,,,,,,,
diagnostic_candidate,True,0030108517-000010,0030108517-000010,0030108517-000010,BR_00000018,BR_00000012,numeric-chain-000014,20,12,24,1348,1,820,840,DC53D+Z,IF钢,SPHETI-5,软钢,normal_real,,,,,,,
diagnostic_candidate,True,0030103809-000010,0030103809-000010,0030103809-000010,BR_00000012,BR_00000012,numeric-chain-000014,20,13,96,1346,1,820,840,DX53D+Z,IF钢,SPHETI-5,软钢,normal_real,,,,,,,
diagnostic_candidate,True,virtual-000044,,,,BR_00000012,numeric-chain-000014,20,14,20.00,1250,0.80,700,840,SPHC,,SPHC,,virtual_sphc,,"{""accepted_sequence"":44,""prototype_id"":""virtual_sphc:1250x0.8"",""purpose"":""edge_bridge"",""related_partition_id"":null}",,,,,
diagnostic_candidate,True,0030118006-000020,0030118006-000020,0030118006-000020,BR_00000030,BR_00000012,numeric-chain-000014,20,15,96,1240,0.6,700,840,DC51D+Z,普碳,SPHC,软钢,normal_real,,,,,,,
diagnostic_candidate,True,0002001860-000450,0002001860-000450,0002001860-000450,BR_00000024,BR_00000012,numeric-chain-000014,20,16,20,1240,0.65,830,850,DC56D+Z,IF钢,SPHETI-3,软钢,normal_real,,,,,,,
diagnostic_candidate,True,0002001750-000540,0002001750-000540,0002001750-000540,BR_00000018,BR_00000012,numeric-chain-000014,20,17,24,1240,0.65,830,850,DC56D+Z,IF钢,SPHETI-3,软钢,normal_real,,,,,,,
diagnostic_candidate,True,0030114676-000010,0030114676-000010,0030114676-000010,BR_00000024,BR_00000012,numeric-chain-000014,20,18,24,1240,0.7,820,840,DC53D+Z,IF钢,SPHETI-5,软钢,normal_real,,,,,,,
diagnostic_candidate,True,0030111663-000010,0030111663-000010,0030111663-000010,BR_00000024,BR_00000012,numeric-chain-000014,20,19,24,1236,0.7,830,850,DX56D+Z,IF钢,SPHETI-3,软钢,normal_real,,,,,,,
diagnostic_candidate,True,0030119080-000010,0030119080-000010,0030119080-000010,BR_00000030,BR_00000012,numeric-chain-000014,20,20,24,1231,0.85,830,850,DC54D+Z,IF钢,SPHETI-5,软钢,normal_real,,,,,,,
diagnostic_candidate,True,0002002020-000070,0002002020-000070,0002002020-000070,BR_00000030,BR_00000012,numeric-chain-000014,20,21,90,1230,0.65,830,850,DC56D+Z,IF钢,SPHETI-3,软钢,normal_real,,,,,,,
diagnostic_candidate,True,0002001750-000460,0002001750-000460,0002001750-000460,BR_00000018,BR_00000012,numeric-chain-000014,20,22,20,1220,0.65,830,850,DC56D+Z,IF钢,SPHETI-3,软钢,normal_real,,,,,,,
diagnostic_candidate,True,0002001867-000170,0002001867-000170,0002001867-000170,BR_00000024,BR_00000012,numeric-chain-000014,20,23,23,1220,0.8,830,850,DC56D+Z,IF钢,SPHETI-3,软钢,normal_real,,,,,,,
diagnostic_candidate,True,0030119080-000020,0030119080-000020,0030119080-000020,BR_00000030,BR_00000012,numeric-chain-000014,20,24,24,1220,0.85,830,850,DC54D+Z,IF钢,SPHETI-5,软钢,normal_real,,,,,,,
diagnostic_candidate,True,0002001880-000180,0002001880-000180,0002001880-000180,BR_00000024,BR_00000012,numeric-chain-000014,20,25,216,1220,1,830,850,DC53D+Z,IF钢,SPHETI-3,软钢,normal_real,,,,,,,
diagnostic_candidate,True,0030124871-000100,0030124871-000100,0030124871-000100,BR_00000036,BR_00000012,numeric-chain-000032,21,1,210,1585,0.75,730,750,DX51D+Z,普碳,SPHC,软钢,normal_real,,,,,,,
diagnostic_candidate,True,0030124871-000090,0030124871-000090,0030124871-000090,BR_00000036,BR_00000012,numeric-chain-000032,21,2,70,1550,0.75,730,750,DX51D+Z,普碳,SPHC,软钢,normal_real,,,,,,,
diagnostic_candidate,True,0030104603-000050,0030104603-000050,0030104603-000050,BR_00000012,BR_00000012,numeric-chain-000032,21,3,24,1500,0.9,700,840,DC51D+Z,普碳,SPHC,软钢,actual_transition,,,,,,,
diagnostic_candidate,True,0030110545-000030,0030110545-000030,0030110545-000030,BR_00000018,BR_00000012,numeric-chain-000032,21,4,24,1520,0.8,700,840,DC51D+Z,普碳,SPHC,软钢,actual_transition,,,,,,,
diagnostic_candidate,True,0030106969-000030,0030106969-000030,0030106969-000030,BR_00000013,BR_00000012,numeric-chain-000032,21,5,24,1500,0.8,700,840,DC51D+Z,普碳,SPHC,软钢,actual_transition,,,,,,,
diagnostic_candidate,True,0030105071-000010,0030105071-000010,0030105071-000010,BR_00000012,BR_00000012,numeric-chain-000032,21,6,48,1500,0.8,700,840,DX51D+Z,普碳,SPHC,软钢,normal_real,,,,,,,
diagnostic_candidate,True,0030113136-000030,0030113136-000030,0030113136-000030,BR_00000024,BR_00000012,numeric-chain-000032,21,7,23,1500,0.65,820,840,HC180BD+Z,加磷高强、烘烤硬化钢,H180BH1,软钢,normal_real,,,,,,,
diagnostic_candidate,True,0002001998-000330,0002001998-000330,0002001998-000330,BR_00000030,BR_00000012,numeric-chain-000032,21,8,48,1515,0.65,830,850,DC54D+Z,IF钢,SPHETI-3,软钢,normal_real,,,,,,,
diagnostic_candidate,True,0002002009-000170,0002002009-000170,0002002009-000170,BR_00000030,BR_00000012,numeric-chain-000032,21,9,23,1500,0.65,830,850,DC53D+Z,IF钢,SPHETI-3,软钢,normal_real,,,,,,,
diagnostic_candidate,True,0030107311-000030,0030107311-000030,0030107311-000030,BR_00000018,BR_00000012,numeric-chain-000032,21,10,24,1500,0.7,700,840,DC51D+Z,普碳,SPHC,软钢,actual_transition,,,,,,,
diagnostic_candidate,True,0030121196-000030,0030121196-000030,0030121196-000030,BR_00000032,BR_00000012,numeric-chain-000032,21,11,72,1500,0.7,770,790,HC340/590DPD+Z,双相钢,W590X4,硬钢,normal_real,,,,,,,
diagnostic_candidate,True,0010018763-000010,0010018763-000010,0010018763-000010,BR_00000030,BR_00000012,numeric-chain-000032,21,12,96,1500,0.8,700,840,DC51D+Z,普碳,SPHC,软钢,actual_transition,,,,,,,
diagnostic_candidate,True,virtual-000089,,,,BR_00000012,numeric-chain-000032,21,13,20.00,1500,0.80,700,840,SPHC,,SPHC,,virtual_sphc,,"{""accepted_sequence"":89,""prototype_id"":""virtual_sphc:1500x0.8"",""purpose"":""edge_bridge"",""related_partition_id"":null}",,,,,
diagnostic_candidate,True,0005000501-000600,0005000501-000600,0005000501-000600,BR_00000024,BR_00000012,numeric-chain-000032,21,14,46,1490,0.9,790,810,CR240LA,低合金高强,H260LAD-3,硬钢,normal_real,,,,,,,
diagnostic_candidate,True,0030105893-000010,0030105893-000010,0030105893-000010,BR_00000012,BR_00000012,numeric-chain-000032,21,15,48,1450,0.8,700,840,DC51D+Z,普碳,SPHC,软钢,actual_transition,,,,,,,
diagnostic_candidate,True,0002001768-000030,0002001768-000030,0002001768-000030,BR_00000018,BR_00000012,numeric-chain-000032,21,16,46,1445,1,770,810,DC51D+Z,普碳,SPHC,软钢,normal_real,,,,,,,
diagnostic_candidate,True,0002002170-000250,0002002170-000250,0002002170-000250,BR_00000036,BR_00000012,numeric-chain-000032,21,17,69,1445,1,770,810,DC51D+Z,IF钢,SPHETI-3,软钢,normal_real,,,,,,,
diagnostic_candidate,True,0002001750-000230,0002001750-000230,0002001750-000230,BR_00000018,BR_00000012,numeric-chain-000032,21,18,24,1430,1,770,810,DC51D+Z,普碳,SPHC,软钢,normal_real,,,,,,,
diagnostic_candidate,True,0002001768-000150,0002001768-000150,0002001768-000150,BR_00000018,BR_00000012,numeric-chain-000032,21,19,23,1420,1,770,810,DC51D+Z,普碳,SPHC,软钢,normal_real,,,,,,,
diagnostic_candidate,True,0002001603-000120,0002001603-000120,0002001603-000120,BR_00000012,BR_00000012,numeric-chain-000032,21,20,23,1420,1,770,810,DC51D+Z,普碳,SPHC,软钢,normal_real,,,,,,,
diagnostic_candidate,True,0030119862-000030,0030119862-000030,0030119862-000030,BR_00000030,BR_00000012,numeric-chain-000032,21,21,24,1402,1.2,795,815,HC220YD+Z,加磷高强、烘烤硬化钢,H220Y,软钢,normal_real,,,,,,,
diagnostic_candidate,True,0002001780-000140,0002001780-000140,0002001780-000140,BR_00000024,BR_00000012,numeric-chain-000032,21,22,23,1390,1,770,810,DC51D+Z,普碳,SPHC,软钢,normal_real,,,,,,,
diagnostic_candidate,True,0002001744-000240,0002001744-000240,0002001744-000240,BR_00000018,BR_00000012,numeric-chain-000032,21,23,13,1385,1.2,770,810,DC51D+Z,普碳,SPHC,软钢,normal_real,,,,,,,
diagnostic_candidate,True,0002001860-000010,0002001860-000010,0002001860-000010,BR_00000024,BR_00000012,numeric-chain-000032,21,24,20,1383,1,770,810,DC51D+Z,普碳,SPHC,软钢,normal_real,,,,,,,
diagnostic_candidate,True,0002002006-000040,0002002006-000040,0002002006-000040,BR_00000030,BR_00000012,numeric-chain-000032,21,25,20,1380,1.2,770,810,DC51D+Z,IF钢,SPHETI-3,软钢,normal_real,,,,,,,
diagnostic_candidate,True,0002002195-000240,0002002195-000240,0002002195-000240,BR_00000036,BR_00000012,numeric-chain-000032,21,26,24,1363,1,770,810,DC51D+Z,普碳,SPHC,软钢,normal_real,,,,,,,
diagnostic_candidate,True,0002001633-000180,0002001633-000180,0002001633-000180,BR_00000012,BR_00000012,numeric-chain-000032,21,27,24,1363,1,770,810,DC51D+Z,普碳,SPHC,软钢,normal_real,,,,,,,
diagnostic_candidate,True,0002001768-000080,0002001768-000080,0002001768-000080,BR_00000018,BR_00000012,numeric-chain-000032,21,28,23,1360,1.2,770,810,DC51D+Z,普碳,SPHC,软钢,normal_real,,,,,,,
diagnostic_candidate,True,0002002170-000260,0002002170-000260,0002002170-000260,BR_00000036,BR_00000012,numeric-chain-000032,21,29,23,1360,1.2,770,810,DC51D+Z,IF钢,SPHETI-3,软钢,normal_real,,,,,,,
diagnostic_candidate,True,0002001854-000140,0002001854-000140,0002001854-000140,BR_00000024,BR_00000012,numeric-chain-000032,21,30,46,1360,1.2,770,810,DC51D+Z,普碳,SPHC,软钢,normal_real,,,,,,,
diagnostic_candidate,True,0002001906-000080,0002001906-000080,0002001906-000080,BR_00000025,BR_00000012,numeric-chain-000032,21,31,23,1360,1.2,770,810,DC51D+Z,普碳,SPHC,软钢,normal_real,,,,,,,
diagnostic_candidate,True,0002002006-000200,0002002006-000200,0002002006-000200,BR_00000030,BR_00000012,numeric-chain-000032,21,32,20,1353,1.2,770,810,DC51D+Z,IF钢,SPHETI-3,软钢,normal_real,,,,,,,
diagnostic_candidate,True,0030106163-000020,0030106163-000020,0030106163-000020,BR_00000012,BR_00000012,numeric-chain-000032,21,33,48,1343,1,790,810,HC220YD+Z,加磷高强、烘烤硬化钢,H220Y,软钢,normal_real,,,,,,,
diagnostic_candidate,True,0002002202-000130,0002002202-000130,0002002202-000130,BR_00000036,BR_00000012,numeric-chain-000032,21,34,23,1341,1,770,810,DC51D+Z,IF钢,SPHETI-3,软钢,normal_real,,,,,,,
diagnostic_candidate,True,0002001603-000110,0002001603-000110,0002001603-000110,BR_00000012,BR_00000012,numeric-chain-000032,21,35,46,1330,1,770,810,DC51D+Z,普碳,SPHC,软钢,normal_real,,,,,,,
diagnostic_candidate,True,0002001854-000100,0002001854-000100,0002001854-000100,BR_00000024,BR_00000012,numeric-chain-000032,21,36,50,1330,1,770,810,DC51D+Z,普碳,SPHC,软钢,normal_real,,,,,,,
diagnostic_candidate,True,0002002170-000220,0002002170-000220,0002002170-000220,BR_00000036,BR_00000012,numeric-chain-000032,21,37,46,1330,1,770,810,DC51D+Z,IF钢,SPHETI-3,软钢,normal_real,,,,,,,
diagnostic_candidate,True,0002001768-000120,0002001768-000120,0002001768-000120,BR_00000018,BR_00000012,numeric-chain-000032,21,38,23,1330,1,770,810,DC51D+Z,普碳,SPHC,软钢,normal_real,,,,,,,
diagnostic_candidate,True,0002001867-000260,0002001867-000260,0002001867-000260,BR_00000024,BR_00000012,numeric-chain-000032,21,39,23,1312,1,770,810,DC51D+Z,普碳,SPHC,软钢,normal_real,,,,,,,
diagnostic_candidate,True,0002002021-000180,0002002021-000180,0002002021-000180,BR_00000030,BR_00000012,numeric-chain-000032,21,40,23,1312,1,770,810,DC51D+Z,普碳,SPHC,软钢,normal_real,,,,,,,
diagnostic_candidate,True,0002002170-000350,0002002170-000350,0002002170-000350,BR_00000036,BR_00000012,numeric-chain-000032,21,41,23,1300,1.2,770,810,DC51D+Z,IF钢,SPHETI-3,软钢,normal_real,,,,,,,
diagnostic_candidate,True,0030114040-000020,0030114040-000020,0030114040-000020,BR_00000024,BR_00000012,numeric-chain-000032,21,42,24,1291,1,770,810,DC51D+Z,深冲钢（PD）,SPHCQ,软钢,normal_real,,,,,,,
diagnostic_candidate,True,0030105612-000100,0030105612-000100,0030105612-000100,BR_00000012,BR_00000012,numeric-chain-000032,21,43,24,1280,1,800,820,HC260YD+Z,加磷高强、烘烤硬化钢,H260Y,软钢,normal_real,,,,,,,
diagnostic_candidate,True,0030107853-000010,0030107853-000010,0030107853-000010,BR_00000018,BR_00000012,numeric-chain-000032,21,44,240,1270,0.85,810,830,HC180YD+Z,加磷高强、烘烤硬化钢,H180YD,软钢,normal_real,,,,,,,
diagnostic_candidate,True,0030105508-000010,0030105508-000010,0030105508-000010,BR_00000012,BR_00000012,numeric-chain-000032,21,45,120,1270,0.85,810,830,HC180YD+Z,加磷高强、烘烤硬化钢,H180YD,软钢,normal_real,,,,,,,
diagnostic_candidate,True,0030107015-000050,0030107015-000050,0030107015-000050,BR_00000012,BR_00000012,numeric-chain-000074,22,1,47.99,1230,0.7,830,850,DC54D+Z,IF钢,SPHETI-3,软钢,normal_real,,,,,,,
diagnostic_candidate,True,0002001614-000110,0002001614-000110,0002001614-000110,BR_00000012,BR_00000012,numeric-chain-000074,22,2,115,1230,0.65,830,850,DC56D+Z,IF钢,SPHETI-3,软钢,normal_real,,,,,,,
diagnostic_candidate,True,0002001880-000190,0002001880-000190,0002001880-000190,BR_00000024,BR_00000012,numeric-chain-000074,22,3,24,1220,0.65,830,850,DC53D+Z,IF钢,SPHETI-3,软钢,normal_real,,,,,,,
diagnostic_candidate,True,0002002184-000080,0002002184-000080,0002002184-000080,BR_00000036,BR_00000012,numeric-chain-000074,22,4,23,1220,0.8,830,850,DC56D+Z,IF钢,SPHETI-3,软钢,normal_real,,,,,,,
diagnostic_candidate,True,0002002026-000090,0002002026-000090,0002002026-000090,BR_00000030,BR_00000012,numeric-chain-000074,22,5,23,1218,0.65,830,850,DC54D+Z,IF钢,SPHETI-3,软钢,normal_real,,,,,,,
diagnostic_candidate,True,0002002170-000420,0002002170-000420,0002002170-000420,BR_00000036,BR_00000012,numeric-chain-000074,22,6,23,1218,0.65,830,850,DC54D+Z,IF钢,SPHETI-3,软钢,normal_real,,,,,,,
diagnostic_candidate,True,0030118991-000050,0030118991-000050,0030118991-000050,BR_00000030,BR_00000012,numeric-chain-000074,22,7,96,1210,0.6,830,850,SCG4+Z,IF钢,SPHETI-3,软钢,normal_real,,,,,,,
diagnostic_candidate,True,0030123143-000050,0030123143-000050,0030123143-000050,BR_00000036,BR_00000012,numeric-chain-000074,22,8,24,1210,0.6,830,850,SCG4+Z,IF钢,SPHETI-3,软钢,normal_real,,,,,,,
diagnostic_candidate,True,0002001614-000020,0002001614-000020,0002001614-000020,BR_00000012,BR_00000012,numeric-chain-000074,22,9,46,1210,0.6,830,850,DC56D+Z,IF钢,SPHETI-3,软钢,normal_real,,,,,,,
diagnostic_candidate,True,0002001750-000620,0002001750-000620,0002001750-000620,BR_00000018,BR_00000012,numeric-chain-000074,22,10,20,1210,0.65,830,850,DC53D+Z,IF钢,SPHETI-3,软钢,normal_real,,,,,,,
diagnostic_candidate,True,0030114756-000040,0030114756-000040,0030114756-000040,BR_00000024,BR_00000012,numeric-chain-000074,22,11,24,1205,0.8,820,840,DC53D+Z,IF钢,SPHETI-5,软钢,normal_real,,,,,,,
diagnostic_candidate,True,0030114637-000030,0030114637-000030,0030114637-000030,BR_00000024,BR_00000012,numeric-chain-000074,22,12,24,1200,0.65,830,850,DC54D+Z,IF钢,SPHETI-5,软钢,normal_real,,,,,,,
diagnostic_candidate,True,virtual-000022,,,,BR_00000012,numeric-chain-000074,22,13,20.00,1000,0.80,760,850,SPHC,,SPHC,,virtual_sphc,,"{""accepted_sequence"":22,""prototype_id"":""virtual_sphc:1000x0.8"",""purpose"":""edge_bridge"",""related_partition_id"":null}",,,,,
diagnostic_candidate,True,0002002055-000070,0002002055-000070,0002002055-000070,BR_00000030,BR_00000012,numeric-chain-000074,22,14,491,1191,0.6,820,840,DX53D+Z-MD,IF钢,SPHETI-5,软钢,normal_real,,,,,,,
diagnostic_candidate,True,virtual-000159,,,,BR_00000012,numeric-chain-000074,22,15,20.00,1000,0.80,820,840,SPHC,,SPHC,,virtual_sphc,,"{""accepted_sequence"":159,""prototype_id"":""virtual_sphc:1000x0.8"",""purpose"":""edge_bridge"",""related_partition_id"":null}",,,,,
diagnostic_candidate,True,virtual-000160,,,,BR_00000012,numeric-chain-000074,22,16,20.00,1000,1.00,820,840,SPHC,,SPHC,,virtual_sphc,,"{""accepted_sequence"":160,""prototype_id"":""virtual_sphc:1000x1"",""purpose"":""edge_bridge"",""related_partition_id"":null}",,,,,
diagnostic_candidate,True,0002001647-000040,0002001647-000040,0002001647-000040,BR_00000012,BR_00000012,numeric-chain-000074,22,17,308,1050,1.2,820,840,DX53D+Z-CD,IF钢,SPHETI-5,软钢,normal_real,,,,,,,
diagnostic_candidate,True,virtual-000161,,,,BR_00000012,numeric-chain-000074,22,18,20.00,1000,1.20,760,840,SPHC,,SPHC,,virtual_sphc,,"{""accepted_sequence"":161,""prototype_id"":""virtual_sphc:1000x1.2"",""purpose"":""edge_bridge"",""related_partition_id"":null}",,,,,
diagnostic_candidate,True,0005000529-000010,0005000529-000010,0005000529-000010,BR_00000024,BR_00000012,numeric-chain-000074,22,19,60,900,1.2,760,780,CR240LA,低合金高强,H260LAD-3,硬钢,normal_real,,,,,,,
diagnostic_candidate,True,0005000547-000310,0005000547-000310,0005000547-000310,BR_00000030,BR_00000012,numeric-chain-000074,22,20,16,900,1.5,740,780,CR420LA,低合金高强,H420LAD-3,硬钢,normal_real,,,,,,,
diagnostic_candidate,True,0005000501-000280,0005000501-000280,0005000501-000280,BR_00000024,BR_00000012,numeric-chain-000074,22,21,16,900,1.5,740,780,CR420LA,低合金高强,H420LAD-3,硬钢,normal_real,,,,,,,
diagnostic_candidate,True,0005000547-000010,0005000547-000010,0005000547-000010,BR_00000030,BR_00000012,numeric-chain-000074,22,22,108,897,1.8,740,780,CR420LA,低合金高强,H420LAD-3,硬钢,normal_real,,,,,,,
diagnostic_candidate,True,0005000464-000010,0005000464-000010,0005000464-000010,BR_00000012,BR_00000012,numeric-chain-000074,22,23,72,897,1.8,740,780,CR420LA,低合金高强,H420LAD-3,硬钢,normal_real,,,,,,,
diagnostic_candidate,True,0005000506-000020,0005000506-000020,0005000506-000020,BR_00000024,BR_00000012,numeric-chain-000074,22,24,21,883,1.8,755,775,CR240LA,低合金高强,H260LAD-3,硬钢,normal_real,,,,,,,
diagnostic_candidate,True,0005000501-000060,0005000501-000060,0005000501-000060,BR_00000024,BR_00000012,numeric-chain-000120,23,1,18,1585,1.2,680,700,CR270LA,低合金高强,H260LAD-3,硬钢,normal_real,,,,,,,
diagnostic_candidate,True,0005000547-000060,0005000547-000060,0005000547-000060,BR_00000030,BR_00000012,numeric-chain-000120,23,2,36,1585,1.2,680,700,CR270LA,低合金高强,H260LAD-3,硬钢,normal_real,,,,,,,
diagnostic_candidate,True,0030104328-000020,0030104328-000020,0030104328-000020,BR_00000012,BR_00000012,numeric-chain-000120,23,3,88,1412,1.2,680,700,CR270LA,低合金高强,H260LAD-3,硬钢,normal_real,,,,,,,
diagnostic_candidate,True,0030117110-000060,0030117110-000060,0030117110-000060,BR_00000030,BR_00000012,numeric-chain-000120,23,4,88,1412,1.2,680,700,CR270LA,低合金高强,H260LAD-3,硬钢,normal_real,,,,,,,
diagnostic_candidate,True,virtual-000019,,,,BR_00000012,numeric-chain-000120,23,5,20.00,1250,1.20,680,700,SPHC,,SPHC,,virtual_sphc,,"{""accepted_sequence"":19,""prototype_id"":""virtual_sphc:1250x1.2"",""purpose"":""edge_bridge"",""related_partition_id"":null}",,,,,
diagnostic_candidate,True,0030108199-000040,0030108199-000040,0030108199-000040,BR_00000018,BR_00000012,numeric-chain-000120,23,6,72,1250,1.2,680,700,DX51D+Z3,深冲钢（PD）,SPHCQ,软钢,normal_real,,,,,,,
diagnostic_candidate,True,virtual-000040,,,,BR_00000012,numeric-chain-000120,23,7,20.00,1250,1.00,680,840,SPHC,,SPHC,,virtual_sphc,,"{""accepted_sequence"":40,""prototype_id"":""virtual_sphc:1250x1"",""purpose"":""edge_bridge"",""related_partition_id"":null}",,,,,
diagnostic_candidate,True,virtual-000041,,,,BR_00000012,numeric-chain-000120,23,8,20.00,1250,0.80,680,840,SPHC,,SPHC,,virtual_sphc,,"{""accepted_sequence"":41,""prototype_id"":""virtual_sphc:1250x0.8"",""purpose"":""edge_bridge"",""related_partition_id"":null}",,,,,
diagnostic_candidate,True,0030113466-000060,0030113466-000060,0030113466-000060,BR_00000024,BR_00000012,numeric-chain-000120,23,9,48,1190,0.6,820,840,DC53D+Z,IF钢,SPHETI-5,软钢,normal_real,,,,,,,
diagnostic_candidate,True,0002002020-000120,0002002020-000120,0002002020-000120,BR_00000030,BR_00000012,numeric-chain-000120,23,10,46,1190,0.65,830,850,DC53D+Z,IF钢,SPHETI-3,软钢,normal_real,,,,,,,
diagnostic_candidate,True,0030125207-000090,0030125207-000090,0030125207-000090,BR_00000036,BR_00000012,numeric-chain-000120,23,11,24,1183,0.8,830,850,DC51D+Z,IF钢,SPHETI-3,软钢,normal_real,,,,,,,
diagnostic_candidate,True,0030124772-000030,0030124772-000030,0030124772-000030,BR_00000036,BR_00000012,numeric-chain-000120,23,12,24,1180,0.7,820,840,DC53D+Z,IF钢,SPHETI-5,软钢,normal_real,,,,,,,
diagnostic_candidate,True,0002002054-000120,0002002054-000120,0002002054-000120,BR_00000030,BR_00000012,numeric-chain-000120,23,13,51,1167,0.8,815,835,DX51D+Z-MD,普碳,SPHC,软钢,normal_real,,,,,,,
diagnostic_candidate,True,0002001895-000020,0002001895-000020,0002001895-000020,BR_00000024,BR_00000012,numeric-chain-000120,23,14,100,1165,1,820,840,DX53D+Z-CD,IF钢,SPHETI-5,软钢,normal_real,,,,,,,
diagnostic_candidate,True,0002001757-000080,0002001757-000080,0002001757-000080,BR_00000018,BR_00000012,numeric-chain-000120,23,15,200,1165,1.2,820,840,DX53D+Z-CD,IF钢,SPHETI-5,软钢,normal_real,,,,,,,
diagnostic_candidate,True,virtual-000083,,,,BR_00000012,numeric-chain-000120,23,16,20.00,1250,1.20,670,840,SPHC,,SPHC,,virtual_sphc,,"{""accepted_sequence"":83,""prototype_id"":""virtual_sphc:1250x1.2"",""purpose"":""edge_bridge"",""related_partition_id"":null}",,,,,
diagnostic_candidate,True,0005000514-000100,0005000514-000100,0005000514-000100,BR_00000024,BR_00000012,numeric-chain-000120,23,17,23,1113,1.4,670,690,CR270LA,低合金高强,H260LAD-3,硬钢,normal_real,,,,,,,
diagnostic_candidate,True,virtual-000042,,,,BR_00000012,numeric-chain-000120,23,18,20.00,1250,1.20,680,840,SPHC,,SPHC,,virtual_sphc,,"{""accepted_sequence"":42,""prototype_id"":""virtual_sphc:1250x1.2"",""purpose"":""edge_bridge"",""related_partition_id"":null}",,,,,
diagnostic_candidate,True,0030105927-000130,0030105927-000130,0030105927-000130,BR_00000012,BR_00000012,numeric-chain-000120,23,19,23,1100,1.5,680,700,DX51D+Z3,深冲钢（PD）,SPHCQ,软钢,normal_real,,,,,,,
diagnostic_candidate,True,virtual-000020,,,,BR_00000012,numeric-chain-000120,23,20,20.00,1000,1.50,670,700,SPHC,,SPHC,,virtual_sphc,,"{""accepted_sequence"":20,""prototype_id"":""virtual_sphc:1000x1.5"",""purpose"":""edge_bridge"",""related_partition_id"":null}",,,,,
diagnostic_candidate,True,virtual-000011,,,,BR_00000012,numeric-chain-000120,23,21,20.00,1000,1.20,670,850,SPHC,,SPHC,,virtual_sphc,,"{""accepted_sequence"":11,""prototype_id"":""virtual_sphc:1000x1.2"",""purpose"":""edge_bridge"",""related_partition_id"":null}",,,,,
diagnostic_candidate,True,0030125147-000030,0030125147-000030,0030125147-000030,BR_00000036,BR_00000012,numeric-chain-000120,23,22,110,1000,1,830,850,DC54D+Z,IF钢,SPHETI-5,软钢,normal_real,,,,,,,
diagnostic_candidate,True,0030108871-000020,0030108871-000020,0030108871-000020,BR_00000018,BR_00000012,numeric-chain-000120,23,23,306,1000,1.2,700,840,DC51D+Z,普碳,SPHC,软钢,actual_transition,,,,,,,
diagnostic_candidate,True,0002001647-000020,0002001647-000020,0002001647-000020,BR_00000012,BR_00000012,numeric-chain-000120,23,24,92,1000,1.2,770,810,DX51D+Z-WL,深冲钢（PD）,SPHCQ,软钢,normal_real,,,,,,,
diagnostic_candidate,True,0002001860-000220,0002001860-000220,0002001860-000220,BR_00000024,BR_00000012,numeric-chain-000120,23,25,20,939,1.4,770,810,DC51D+Z,普碳,SPHC,软钢,normal_real,,,,,,,
diagnostic_candidate,True,0002002202-000290,0002002202-000290,0002002202-000290,BR_00000036,BR_00000012,numeric-chain-000120,23,26,16,931,1.6,770,810,DC51D+Z,普碳,SPHC,软钢,normal_real,,,,,,,
diagnostic_candidate,True,0002001768-000050,0002001768-000050,0002001768-000050,BR_00000018,BR_00000012,numeric-chain-000120,23,27,32,883,1.4,770,810,DC51D+Z,普碳,SPHC,软钢,normal_real,,,,,,,
diagnostic_candidate,True,0002001901-000070,0002001901-000070,0002001901-000070,BR_00000024,BR_00000012,numeric-chain-000120,23,28,32,883,1.4,770,810,DC51D+Z,普碳,SPHC,软钢,normal_real,,,,,,,
diagnostic_candidate,True,0002001871-000160,0002001871-000160,0002001871-000160,BR_00000024,BR_00000012,numeric-chain-000120,23,29,17,859,1.4,770,810,DC51D+Z,普碳,SPHC,软钢,normal_real,,,,,,,
diagnostic_candidate,True,0005000464-000190,0005000464-000190,0005000464-000190,BR_00000012,BR_00000012,numeric-chain-000101,24,1,21,1565,1.5,740,780,CR420LA,低合金高强,H420LAD-3,硬钢,normal_real,,,,,,,
diagnostic_candidate,True,0030104328-000010,0030104328-000010,0030104328-000010,BR_00000012,BR_00000012,numeric-chain-000101,24,2,44,1558,1.2,750,770,CR290Y490T-DP,双相钢,W500X,硬钢,normal_real,,,,,,,
diagnostic_candidate,True,0005000501-000230,0005000501-000230,0005000501-000230,BR_00000024,BR_00000012,numeric-chain-000101,24,3,21,1565,1.5,740,780,CR420LA,低合金高强,H420LAD-3,硬钢,normal_real,,,,,,,
diagnostic_candidate,True,0005000547-000260,0005000547-000260,0005000547-000260,BR_00000030,BR_00000012,numeric-chain-000101,24,4,42,1565,1.5,740,780,CR420LA,低合金高强,H420LAD-3,硬钢,normal_real,,,,,,,
diagnostic_candidate,True,0030107381-000060,0030107381-000060,0030107381-000060,BR_00000018,BR_00000012,numeric-chain-000101,24,5,22,1558,1.2,750,770,CR290Y490T-DP,双相钢,W500X,硬钢,normal_real,,,,,,,
diagnostic_candidate,True,0030110545-000040,0030110545-000040,0030110545-000040,BR_00000018,BR_00000012,numeric-chain-000101,24,6,24,1539,1,700,840,DC51D+Z,普碳,SPHC,软钢,actual_transition,,,,,,,
diagnostic_candidate,True,0005000501-000660,0005000501-000660,0005000501-000660,BR_00000024,BR_00000012,numeric-chain-000101,24,7,42,1535,1,820,840,CR210BH,加磷高强、烘烤硬化钢,H220BH,软钢,normal_real,,,,,,,
diagnostic_candidate,True,0030114745-000020,0030114745-000020,0030114745-000020,BR_00000024,BR_00000012,numeric-chain-000101,24,8,24,1530,1,830,850,DC56D+Z,IF钢,SPHETI-3,软钢,normal_real,,,,,,,
diagnostic_candidate,True,0005000501-000570,0005000501-000570,0005000501-000570,BR_00000024,BR_00000012,numeric-chain-000101,24,9,42,1525,1,830,850,CR3,IF钢,SPHETI-36,软钢,normal_real,,,,,,,
diagnostic_candidate,True,0030114040-000050,0030114040-000050,0030114040-000050,BR_00000024,BR_00000012,numeric-chain-000101,24,10,24,1503,1,830,850,DC56D+Z,IF钢,SPHETI-3,软钢,normal_real,,,,,,,
diagnostic_candidate,True,0010017445-000070,0010017445-000070,0010017445-000070,BR_00000025,BR_00000012,numeric-chain-000101,24,11,72,1500,1,700,840,DC51D+Z,普碳,SPHC,软钢,actual_transition,,,,,,,
diagnostic_candidate,True,0010017424-000010,0010017424-000010,0010017424-000010,BR_00000024,BR_00000012,numeric-chain-000101,24,12,24,1500,1,700,840,DC51D+Z-D,普碳,SPHC,软钢,normal_real,,,,,,,
diagnostic_candidate,True,virtual-000202,,,,BR_00000012,numeric-chain-000101,24,13,20.00,1500,1.00,700,840,SPHC,,SPHC,,virtual_sphc,,"{""accepted_sequence"":202,""prototype_id"":""virtual_sphc:1500x1"",""purpose"":""edge_bridge"",""related_partition_id"":null}",,,,,
diagnostic_candidate,True,0030120817-000050,0030120817-000050,0030120817-000050,BR_00000033,BR_00000012,numeric-chain-000101,24,14,50,1480,1.2,785,815,HC420/780DPD+Z,顶级牌号780以上,W780X,硬钢,normal_real,,,,,,,
diagnostic_candidate,True,0010016697-000050,0010016697-000050,0010016697-000050,BR_00000024,BR_00000012,numeric-chain-000101,24,15,168,1450,1.2,700,840,DC51D+Z,普碳,SPHC,软钢,actual_transition,,,,,,,
diagnostic_candidate,True,0005000464-000450,0005000464-000450,0005000464-000450,BR_00000012,BR_00000012,numeric-chain-000101,24,16,21,1425,1.4,715,735,CR380LA,低合金高强,H380LA-3,硬钢,normal_real,,,,,,,
diagnostic_candidate,True,0005000501-000460,0005000501-000460,0005000501-000460,BR_00000024,BR_00000012,numeric-chain-000101,24,17,42,1425,1.4,715,735,CR380LA,低合金高强,H380LA-3,硬钢,normal_real,,,,,,,
diagnostic_candidate,True,0005000514-000080,0005000514-000080,0005000514-000080,BR_00000024,BR_00000012,numeric-chain-000101,24,18,23,1330,1.2,725,745,CR380LA,低合金高强,H380LA-3,硬钢,normal_real,,,,,,,
diagnostic_candidate,True,0005000549-000030,0005000549-000030,0005000549-000030,BR_00000030,BR_00000012,numeric-chain-000101,24,19,46,1330,1.2,725,745,CR380LA,低合金高强,H380LA-3,硬钢,normal_real,,,,,,,
diagnostic_candidate,True,0005000461-000010,0005000461-000010,0005000461-000010,BR_00000012,BR_00000012,numeric-chain-000101,24,20,23,1330,1.2,725,745,CR380LA,低合金高强,H380LA-3,硬钢,normal_real,,,,,,,
diagnostic_candidate,True,0005000489-000010,0005000489-000010,0005000489-000010,BR_00000018,BR_00000012,numeric-chain-000101,24,21,23,1330,1.2,725,745,CR380LA,低合金高强,H380LA-3,硬钢,normal_real,,,,,,,
diagnostic_candidate,True,0005000464-000400,0005000464-000400,0005000464-000400,BR_00000012,BR_00000012,numeric-chain-000101,24,22,20,1315,1.2,725,745,CR380LA,低合金高强,H380LA-3,硬钢,normal_real,,,,,,,
diagnostic_candidate,True,0005000464-000690,0005000464-000690,0005000464-000690,BR_00000012,BR_00000012,numeric-chain-000101,24,23,21,1300,1,730,750,CR380LA,低合金高强,H380LA-3,硬钢,normal_real,,,,,,,
diagnostic_candidate,True,0005000501-000710,0005000501-000710,0005000501-000710,BR_00000024,BR_00000012,numeric-chain-000101,24,24,42,1300,1,730,750,CR380LA,低合金高强,H380LA-3,硬钢,normal_real,,,,,,,
diagnostic_candidate,True,0005000514-000050,0005000514-000050,0005000514-000050,BR_00000024,BR_00000012,numeric-chain-000101,24,25,24,1275,1,730,750,CR380LA,低合金高强,H380LA-3,硬钢,normal_real,,,,,,,
diagnostic_candidate,True,0005000549-000060,0005000549-000060,0005000549-000060,BR_00000030,BR_00000012,numeric-chain-000101,24,26,23,1275,1,730,750,CR380LA,低合金高强,H380LA-3,硬钢,normal_real,,,,,,,
diagnostic_candidate,True,0005000547-000180,0005000547-000180,0005000547-000180,BR_00000030,BR_00000012,numeric-chain-000101,24,27,63,1250,0.9,720,760,CR420LA,低合金高强,H420LAD-3,硬钢,normal_real,,,,,,,
diagnostic_candidate,True,0005000464-000140,0005000464-000140,0005000464-000140,BR_00000012,BR_00000012,numeric-chain-000101,24,28,42,1250,0.9,720,760,CR420LA,低合金高强,H420LAD-3,硬钢,normal_real,,,,,,,
diagnostic_candidate,True,0005000501-000160,0005000501-000160,0005000501-000160,BR_00000024,BR_00000012,numeric-chain-000101,24,29,21,1250,0.9,720,760,CR420LA,低合金高强,H420LAD-3,硬钢,normal_real,,,,,,,
diagnostic_candidate,True,0005000563-000140,0005000563-000140,0005000563-000140,BR_00000036,BR_00000012,numeric-chain-000101,24,30,21,1250,0.9,720,760,CR420LA,低合金高强,H420LAD-3,硬钢,normal_real,,,,,,,
diagnostic_candidate,True,0030104291-000030,0030104291-000030,0030104291-000030,BR_00000012,BR_00000012,numeric-chain-000101,24,31,24,1250,1,700,840,DC51D+Z,普碳,SPHC,软钢,actual_transition,,,,,,,
diagnostic_candidate,True,0030122897-000040,0030122897-000040,0030122897-000040,BR_00000036,BR_00000012,numeric-chain-000101,24,32,24,1250,1,700,840,DC51D+Z,普碳,SPHC,软钢,actual_transition,,,,,,,
diagnostic_candidate,True,0002001750-000630,0002001750-000630,0002001750-000630,BR_00000018,BR_00000012,numeric-chain-000101,24,33,20,1250,1,830,850,DC53D+Z,IF钢,SPHETI-3,软钢,normal_real,,,,,,,
diagnostic_candidate,True,0030107311-000060,0030107311-000060,0030107311-000060,BR_00000018,BR_00000012,numeric-chain-000101,24,34,48,1250,1.1,700,840,DC51D+Z,普碳,SPHC,软钢,actual_transition,,,,,,,
diagnostic_candidate,True,0030124871-000060,0030124871-000060,0030124871-000060,BR_00000036,BR_00000012,numeric-chain-000101,24,35,300,1250,1.15,820,840,DX53D+Z,IF钢,SPHETI-5,软钢,normal_real,,,,,,,
diagnostic_candidate,True,0030104290-000020,0030104290-000020,0030104290-000020,BR_00000012,BR_00000012,numeric-chain-000101,24,36,24,1250,1.2,700,840,DC51D+Z,普碳,SPHC,软钢,actual_transition,,,,,,,
diagnostic_candidate,True,0030103526-000140,0030103526-000140,0030103526-000140,BR_00000012,BR_00000012,numeric-chain-000101,24,37,48,1250,1.2,700,840,DC51D+Z,普碳,SPHC,软钢,actual_transition,,,,,,,
diagnostic_candidate,True,0030122488-000020,0030122488-000020,0030122488-000020,BR_00000036,BR_00000012,numeric-chain-000101,24,38,96,1250,1.25,770,810,DC52D+Z,深冲钢（PD）,SPHCQ,软钢,normal_real,,,,,,,
diagnostic_candidate,True,virtual-000112,,,,BR_00000012,numeric-chain-000101,24,39,20.00,1250,1.50,770,850,SPHC,,SPHC,,virtual_sphc,,"{""accepted_sequence"":112,""prototype_id"":""virtual_sphc:1250x1.5"",""purpose"":""edge_bridge"",""related_partition_id"":null}",,,,,
diagnostic_candidate,True,0010015684-000020,0010015684-000020,0010015684-000020,BR_00000018,BR_00000012,numeric-chain-000101,24,40,120,1250,1.45,700,840,DC51D+Z,普碳,SPHC,软钢,actual_transition,,,,,,,
diagnostic_candidate,True,virtual-000113,,,,BR_00000012,numeric-chain-000101,24,41,20.00,1250,1.50,700,850,SPHC,,SPHC,,virtual_sphc,,"{""accepted_sequence"":113,""prototype_id"":""virtual_sphc:1250x1.5"",""purpose"":""edge_bridge"",""related_partition_id"":null}",,,,,
diagnostic_candidate,True,0030105927-000060,0030105927-000060,0030105927-000060,BR_00000012,BR_00000012,numeric-chain-000101,24,42,144,1250,1.5,700,720,DX51D+Z3,深冲钢（PD）,DD12BB,软钢,normal_real,,,,,,,
diagnostic_candidate,True,0005000501-000450,0005000501-000450,0005000501-000450,BR_00000024,BR_00000012,numeric-chain-000025,25,1,21,1565,1.5,715,735,CR380LA,低合金高强,H380LA-3,硬钢,normal_real,,,,,,,
diagnostic_candidate,True,0005000501-000470,0005000501-000470,0005000501-000470,BR_00000024,BR_00000012,numeric-chain-000025,25,2,21,1585,1.4,715,735,CR380LA,低合金高强,H380LA-3,硬钢,normal_real,,,,,,,
diagnostic_candidate,True,0005000547-000500,0005000547-000500,0005000547-000500,BR_00000030,BR_00000012,numeric-chain-000025,25,3,42,1565,1.5,715,735,CR380LA,低合金高强,H380LA-3,硬钢,normal_real,,,,,,,
diagnostic_candidate,True,0030112954-000060,0030112954-000060,0030112954-000060,BR_00000024,BR_00000012,numeric-chain-000025,25,4,24,1500,1.2,700,840,DC51D+Z,普碳,SPHC,软钢,actual_transition,,,,,,,
diagnostic_candidate,True,0010020206-000110,0010020206-000110,0010020206-000110,BR_00000036,BR_00000012,numeric-chain-000025,25,5,192,1500,1.2,700,840,DC51D+Z,普碳,SPHC,软钢,actual_transition,,,,,,,
diagnostic_candidate,True,virtual-000207,,,,BR_00000012,numeric-chain-000025,25,6,20.00,1500,1.20,715,850,SPHC,,SPHC,,virtual_sphc,,"{""accepted_sequence"":207,""prototype_id"":""virtual_sphc:1500x1.2"",""purpose"":""edge_bridge"",""related_partition_id"":null}",,,,,
diagnostic_candidate,True,0030119862-000130,0030119862-000130,0030119862-000130,BR_00000030,BR_00000012,numeric-chain-000025,25,7,24,1500,1.2,830,850,DC51D+Z,IF钢,SPHETI-3,软钢,normal_real,,,,,,,
diagnostic_candidate,True,virtual-000148,,,,BR_00000012,numeric-chain-000025,25,8,20.00,1500,1.20,715,850,SPHC,,SPHC,,virtual_sphc,,"{""accepted_sequence"":148,""prototype_id"":""virtual_sphc:1500x1.2"",""purpose"":""edge_bridge"",""related_partition_id"":null}",,,,,
diagnostic_candidate,True,virtual-000127,,,,BR_00000012,numeric-chain-000025,25,9,20.00,1500,1.20,715,850,SPHC,,SPHC,,virtual_sphc,,"{""accepted_sequence"":127,""prototype_id"":""virtual_sphc:1500x1.2"",""purpose"":""edge_bridge"",""related_partition_id"":null}",,,,,
diagnostic_candidate,True,0030125207-000100,0030125207-000100,0030125207-000100,BR_00000036,BR_00000012,numeric-chain-000025,25,10,24,1500,1.2,830,850,DC51D+Z,IF钢,SPHETI-3,软钢,normal_real,,,,,,,
diagnostic_candidate,True,virtual-000149,,,,BR_00000012,numeric-chain-000025,25,11,20.00,1500,1.00,700,840,SPHC,,SPHC,,virtual_sphc,,"{""accepted_sequence"":149,""prototype_id"":""virtual_sphc:1500x1"",""purpose"":""edge_bridge"",""related_partition_id"":null}",,,,,
diagnostic_candidate,True,virtual-000150,,,,BR_00000012,numeric-chain-000025,25,12,20.00,1500,0.80,700,840,SPHC,,SPHC,,virtual_sphc,,"{""accepted_sequence"":150,""prototype_id"":""virtual_sphc:1500x0.8"",""purpose"":""edge_bridge"",""related_partition_id"":null}",,,,,
diagnostic_candidate,True,0002001633-000110,0002001633-000110,0002001633-000110,BR_00000012,BR_00000012,numeric-chain-000025,25,13,120,1510,0.6,770,810,DC51D+Z,IF钢,SPHETI-3,软钢,normal_real,,,,,,,
diagnostic_candidate,True,virtual-000118,,,,BR_00000012,numeric-chain-000025,25,14,20.00,1500,0.80,770,850,SPHC,,SPHC,,virtual_sphc,,"{""accepted_sequence"":118,""prototype_id"":""virtual_sphc:1500x0.8"",""purpose"":""edge_bridge"",""related_partition_id"":null}",,,,,
diagnostic_candidate,True,virtual-000119,,,,BR_00000012,numeric-chain-000025,25,15,20.00,1500,1.00,770,850,SPHC,,SPHC,,virtual_sphc,,"{""accepted_sequence"":119,""prototype_id"":""virtual_sphc:1500x1"",""purpose"":""edge_bridge"",""related_partition_id"":null}",,,,,
diagnostic_candidate,True,0005000509-000030,0005000509-000030,0005000509-000030,BR_00000024,BR_00000012,numeric-chain-000025,25,16,7,1486,1.2,830,850,CR4,IF钢,SPHETI-36,软钢,normal_real,,,,,,,
diagnostic_candidate,True,0030121177-000010,0030121177-000010,0030121177-000010,BR_00000032,BR_00000012,numeric-chain-000025,25,17,24,1463,1,830,850,DC54D+Z,IF钢,SPHETI-5,软钢,normal_real,,,,,,,
diagnostic_candidate,True,0030114768-000010,0030114768-000010,0030114768-000010,BR_00000024,BR_00000012,numeric-chain-000025,25,18,7,1455,0.9,830,850,CR3,IF钢,SPHETI-36,软钢,normal_real,,,,,,,
diagnostic_candidate,True,0005000464-000290,0005000464-000290,0005000464-000290,BR_00000012,BR_00000012,numeric-chain-000025,25,19,63,1448,0.8,830,850,CR3,IF钢,SPHETI-36,软钢,normal_real,,,,,,,
diagnostic_candidate,True,0005000501-000340,0005000501-000340,0005000501-000340,BR_00000024,BR_00000012,numeric-chain-000025,25,20,63,1448,0.8,830,850,CR3,IF钢,SPHETI-36,软钢,normal_real,,,,,,,
diagnostic_candidate,True,0005000547-000390,0005000547-000390,0005000547-000390,BR_00000030,BR_00000012,numeric-chain-000025,25,21,63,1448,0.8,830,850,CR3,IF钢,SPHETI-36,软钢,normal_real,,,,,,,
diagnostic_candidate,True,0030123142-000020,0030123142-000020,0030123142-000020,BR_00000036,BR_00000012,numeric-chain-000025,25,22,182,1440,0.7,830,850,SCG4+Z,IF钢,SPHETI-3,软钢,normal_real,,,,,,,
diagnostic_candidate,True,0030123936-000010,0030123936-000010,0030123936-000010,BR_00000036,BR_00000012,numeric-chain-000025,25,23,182,1440,0.7,830,850,SCG4+Z,IF钢,SPHETI-3,软钢,normal_real,,,,,,,
diagnostic_candidate,True,0002002184-000030,0002002184-000030,0002002184-000030,BR_00000036,BR_00000012,numeric-chain-000025,25,24,23,1440,0.65,830,850,DC53D+Z,IF钢,SPHETI-3,软钢,normal_real,,,,,,,
diagnostic_candidate,True,0002001889-000100,0002001889-000100,0002001889-000100,BR_00000024,BR_00000012,numeric-chain-000025,25,25,13,1432,0.65,830,850,DC54D+Z,IF钢,SPHETI-3,软钢,normal_real,,,,,,,
diagnostic_candidate,True,0002001767-000020,0002001767-000020,0002001767-000020,BR_00000018,BR_00000012,numeric-chain-000025,25,26,72,1430,0.65,830,850,DC53D+Z,IF钢,SPHETI-3,软钢,normal_real,,,,,,,
diagnostic_candidate,True,0002001889-000070,0002001889-000070,0002001889-000070,BR_00000024,BR_00000012,numeric-chain-000025,25,27,60,1418,0.65,830,850,DC53D+Z,IF钢,SPHETI-3,软钢,normal_real,,,,,,,
diagnostic_candidate,True,0030124683-000030,0030124683-000030,0030124683-000030,BR_00000036,BR_00000012,numeric-chain-000025,25,28,48,1410,0.8,830,850,DC56D+Z,IF钢,SPHETI-3,软钢,normal_real,,,,,,,
diagnostic_candidate,True,0030108542-000160,0030108542-000160,0030108542-000160,BR_00000018,BR_00000012,numeric-chain-000025,25,29,48,1396,0.8,820,840,DX53D+Z-LG,IF钢,SPHETI-5,软钢,normal_real,,,,,,,
diagnostic_candidate,True,0030108260-000020,0030108260-000020,0030108260-000020,BR_00000018,BR_00000012,numeric-chain-000025,25,30,182,1390,0.7,830,850,SCG4+Z,IF钢,SPHETI-3,软钢,normal_real,,,,,,,
diagnostic_candidate,True,0030118991-000020,0030118991-000020,0030118991-000020,BR_00000030,BR_00000012,numeric-chain-000025,25,31,234,1390,0.7,830,850,SCG4+Z,IF钢,SPHETI-3,软钢,normal_real,,,,,,,
diagnostic_candidate,True,0005000501-000640,0005000501-000640,0005000501-000640,BR_00000024,BR_00000012,numeric-chain-000030,26,1,168,1285,0.9,830,850,CR4,IF钢,SPHETI-36,软钢,normal_real,,,,,,,
diagnostic_candidate,True,0002002053-000180,0002002053-000180,0002002053-000180,BR_00000030,BR_00000012,numeric-chain-000030,26,2,60,1300,1,820,840,DX53D+Z-MD,IF钢,SPHETI-5,软钢,normal_real,,,,,,,
diagnostic_candidate,True,0030119945-000110,0030119945-000110,0030119945-000110,BR_00000030,BR_00000012,numeric-chain-000030,26,3,24,1300,1,830,850,DC54D+Z,IF钢,SPHETI-5,软钢,normal_real,,,,,,,
diagnostic_candidate,True,0030106830-000010,0030106830-000010,0030106830-000010,BR_00000018,BR_00000012,numeric-chain-000030,26,4,72,1273,0.85,830,850,DC56D+Z,IF钢,SPHETI-3,软钢,normal_real,,,,,,,
diagnostic_candidate,True,0030107381-000090,0030107381-000090,0030107381-000090,BR_00000018,BR_00000012,numeric-chain-000030,26,5,44,1260,0.8,830,850,CR3,IF钢,SPHETI-36,软钢,normal_real,,,,,,,
diagnostic_candidate,True,0002001614-000060,0002001614-000060,0002001614-000060,BR_00000012,BR_00000012,numeric-chain-000030,26,6,23,1260,0.6,830,850,DC53D+Z,IF钢,SPHETI-3,软钢,normal_real,,,,,,,
diagnostic_candidate,True,0030103526-000100,0030103526-000100,0030103526-000100,BR_00000012,BR_00000012,numeric-chain-000030,26,7,24,1250,0.6,700,840,DC51D+Z,普碳,SPHC,软钢,actual_transition,,,,,,,
diagnostic_candidate,True,0030106897-000030,0030106897-000030,0030106897-000030,BR_00000018,BR_00000012,numeric-chain-000030,26,8,96,1250,0.75,700,840,DC51D+Z,普碳,SPHC,软钢,actual_transition,,,,,,,
diagnostic_candidate,True,0030105876-000050,0030105876-000050,0030105876-000050,BR_00000012,BR_00000012,numeric-chain-000030,26,9,744,1238,0.75,815,835,DX51D+Z,普碳,SPHC,软钢,normal_real,,,,,,,
diagnostic_candidate,True,0030114754-000030,0030114754-000030,0030114754-000030,BR_00000024,BR_00000012,numeric-chain-000030,26,10,24,1230,0.8,700,840,DC51D+Z,普碳,SPHC,软钢,normal_real,,,,,,,
diagnostic_candidate,True,0002002053-000150,0002002053-000150,0002002053-000150,BR_00000030,BR_00000012,numeric-chain-000030,26,11,42,1219,0.8,815,835,DX51D+Z-MD,普碳,SPHC,软钢,normal_real,,,,,,,
diagnostic_candidate,True,0002001899-000040,0002001899-000040,0002001899-000040,BR_00000024,BR_00000012,numeric-chain-000030,26,12,60,1219,1,815,835,DX51D+Z-MD,普碳,SPHC,软钢,normal_real,,,,,,,
diagnostic_candidate,True,0002002053-000080,0002002053-000080,0002002053-000080,BR_00000030,BR_00000012,numeric-chain-000030,26,13,23,1219,1.2,815,835,DX51D+Z-MD,普碳,SPHC,软钢,normal_real,,,,,,,
diagnostic_candidate,True,0002002054-000240,0002002054-000240,0002002054-000240,BR_00000030,BR_00000012,numeric-chain-000030,26,14,25,1219,1.2,820,840,DX53D+Z-MD,IF钢,SPHETI-5,软钢,normal_real,,,,,,,
diagnostic_candidate,True,0030118942-000010,0030118942-000010,0030118942-000010,BR_00000030,BR_00000012,numeric-chain-000030,26,15,48,1219,1.5,700,840,DX51D+Z,普碳,SPHC,软钢,actual_transition,,,,,,,
diagnostic_candidate,True,0002001899-000060,0002001899-000060,0002001899-000060,BR_00000024,BR_00000012,numeric-chain-000030,26,16,24,1219,1.5,820,840,DX53D+Z-MD,IF钢,SPHETI-5,软钢,normal_real,,,,,,,
diagnostic_candidate,True,0002002053-000100,0002002053-000100,0002002053-000100,BR_00000030,BR_00000012,numeric-chain-000030,26,17,92,1219,1.5,820,840,DX53D+Z-MD,IF钢,SPHETI-5,软钢,normal_real,,,,,,,
diagnostic_candidate,True,0030103543-000130,0030103543-000130,0030103543-000130,BR_00000012,BR_00000012,numeric-chain-000030,26,18,48,1205,1.5,700,840,DC51D+Z,普碳,SPHC,软钢,normal_real,,,,,,,
diagnostic_candidate,True,0002002195-000090,0002002195-000090,0002002195-000090,BR_00000036,BR_00000012,numeric-chain-000030,26,19,48,1200,1.6,795,815,220YD+Z,加磷高强、烘烤硬化钢,H220Y,软钢,normal_real,,,,,,,
diagnostic_candidate,True,0002001880-000170,0002001880-000170,0002001880-000170,BR_00000024,BR_00000012,numeric-chain-000030,26,20,24,1200,1.6,795,815,220YD+Z,加磷高强、烘烤硬化钢,H220Y,软钢,normal_real,,,,,,,
diagnostic_candidate,True,0002001643-000010,0002001643-000010,0002001643-000010,BR_00000012,BR_00000012,numeric-chain-000030,26,21,50,1200,1.6,795,815,220YD+Z,加磷高强、烘烤硬化钢,H220Y,软钢,normal_real,,,,,,,
diagnostic_candidate,True,0002002185-000020,0002002185-000020,0002002185-000020,BR_00000036,BR_00000012,numeric-chain-000030,26,22,23,1190,1.6,770,810,DC51D+Z,IF钢,SPHETI-3,软钢,normal_real,,,,,,,
diagnostic_candidate,True,0002001874-000010,0002001874-000010,0002001874-000010,BR_00000024,BR_00000012,numeric-chain-000030,26,23,23,1190,1.6,770,810,DC51D+Z,普碳,SPHC,软钢,normal_real,,,,,,,
diagnostic_candidate,True,0002001873-000060,0002001873-000060,0002001873-000060,BR_00000024,BR_00000012,numeric-chain-000030,26,24,23,1185,2,770,810,DC51D+Z,普碳,SPHC,软钢,normal_real,,,,,,,
diagnostic_candidate,True,0002002023-000170,0002002023-000170,0002002023-000170,BR_00000030,BR_00000012,numeric-chain-000030,26,25,23,1175,1.6,770,810,DC51D+Z,普碳,SPHC,软钢,normal_real,,,,,,,
diagnostic_candidate,True,0002002202-000260,0002002202-000260,0002002202-000260,BR_00000036,BR_00000012,numeric-chain-000030,26,26,23,1175,1.6,770,810,DC51D+Z,普碳,SPHC,软钢,normal_real,,,,,,,
diagnostic_candidate,True,0002001751-000080,0002001751-000080,0002001751-000080,BR_00000018,BR_00000012,numeric-chain-000030,26,27,23,1175,1.6,770,810,DC51D+Z,普碳,SPHC,软钢,normal_real,,,,,,,
diagnostic_candidate,True,0002002024-000180,0002002024-000180,0002002024-000180,BR_00000030,BR_00000012,numeric-chain-000030,26,28,23,1175,1.6,770,810,DC51D+Z,普碳,SPHC,软钢,normal_real,,,,,,,
diagnostic_candidate,True,0002002185-000040,0002002185-000040,0002002185-000040,BR_00000036,BR_00000012,numeric-chain-000030,26,29,40,1165,1.6,770,810,DC51D+Z,IF钢,SPHETI-3,软钢,normal_real,,,,,,,
diagnostic_candidate,True,0030115673-000110,0030115673-000110,0030115673-000110,BR_00000025,BR_00000012,numeric-chain-000030,26,30,24,1165,1.8,800,820,HC220YD+Z,加磷高强、烘烤硬化钢,H220Y,软钢,normal_real,,,,,,,
diagnostic_candidate,True,0030111511-000050,0030111511-000050,0030111511-000050,BR_00000020,BR_00000012,numeric-chain-000030,26,31,8,1165,1.8,800,820,HC220YD+Z,加磷高强、烘烤硬化钢,H220Y,软钢,normal_real,,,,,,,
diagnostic_candidate,True,0005000464-000270,0005000464-000270,0005000464-000270,BR_00000012,BR_00000012,numeric-chain-000073,27,1,40,1265,1.5,830,850,CR3,IF钢,SPHETI-36,软钢,normal_real,,,,,,,
diagnostic_candidate,True,virtual-000187,,,,BR_00000012,numeric-chain-000073,27,2,20.00,1250,1.50,730,850,SPHC,,SPHC,,virtual_sphc,,"{""accepted_sequence"":187,""prototype_id"":""virtual_sphc:1250x1.5"",""purpose"":""edge_bridge"",""related_partition_id"":null}",,,,,
diagnostic_candidate,True,0005000509-000130,0005000509-000130,0005000509-000130,BR_00000024,BR_00000012,numeric-chain-000073,27,3,10,1249,1.6,730,770,HC260LAD+Z,低合金高强,H260LAD-3,硬钢,normal_real,,,,,,,
diagnostic_candidate,True,0010018614-000060,0010018614-000060,0010018614-000060,BR_00000030,BR_00000012,numeric-chain-000073,27,4,192,1250,1.45,700,840,DC51D+Z,普碳,SPHC,软钢,actual_transition,,,,,,,
diagnostic_candidate,True,0010018614-000050,0010018614-000050,0010018614-000050,BR_00000030,BR_00000012,numeric-chain-000073,27,5,24,1250,1.45,700,840,DC51D+Z,普碳,SPHC,软钢,actual_transition,,,,,,,
diagnostic_candidate,True,0005000469-000110,0005000469-000110,0005000469-000110,BR_00000012,BR_00000012,numeric-chain-000073,27,6,14,1204,1.6,760,780,CR240LA,低合金高强,H260LAD-3,硬钢,normal_real,,,,,,,
diagnostic_candidate,True,0005000509-000170,0005000509-000170,0005000509-000170,BR_00000024,BR_00000012,numeric-chain-000073,27,7,10,1204,1.6,760,780,CR240LA,低合金高强,H260LAD-3,硬钢,normal_real,,,,,,,
diagnostic_candidate,True,0005000514-000040,0005000514-000040,0005000514-000040,BR_00000024,BR_00000012,numeric-chain-000073,27,8,23,1197,1.5,740,780,CR420LA,低合金高强,H420LAD-3,硬钢,normal_real,,,,,,,
diagnostic_candidate,True,0030118476-000010,0030118476-000010,0030118476-000010,BR_00000030,BR_00000012,numeric-chain-000073,27,9,408,1180,1.9,770,790,HC340/590DPD+Z,双相钢,W590X4,硬钢,normal_real,,,,,,,
diagnostic_candidate,True,0005000464-000050,0005000464-000050,0005000464-000050,BR_00000012,BR_00000012,numeric-chain-000073,27,10,60,1155,1.5,740,780,CR420LA,低合金高强,H420LAD-3,硬钢,normal_real,,,,,,,
diagnostic_candidate,True,0005000509-000090,0005000509-000090,0005000509-000090,BR_00000024,BR_00000012,numeric-chain-000073,27,11,7,1154,1.5,760,780,CR240LA,低合金高强,H260LAD-3,硬钢,normal_real,,,,,,,
diagnostic_candidate,True,0005000555-000020,0005000555-000020,0005000555-000020,BR_00000030,BR_00000012,numeric-chain-000073,27,12,22,1149,1.5,740,780,CR420LA,低合金高强,H420LAD-3,硬钢,normal_real,,,,,,,
diagnostic_candidate,True,0005000462-000010,0005000462-000010,0005000462-000010,BR_00000012,BR_00000012,numeric-chain-000073,27,13,44,1149,1.5,740,780,CR420LA,低合金高强,H420LAD-3,硬钢,normal_real,,,,,,,
diagnostic_candidate,True,0005000511-000030,0005000511-000030,0005000511-000030,BR_00000024,BR_00000012,numeric-chain-000073,27,14,22,1149,1.5,740,780,CR420LA,低合金高强,H420LAD-3,硬钢,normal_real,,,,,,,
diagnostic_candidate,True,0005000509-000160,0005000509-000160,0005000509-000160,BR_00000024,BR_00000012,numeric-chain-000073,27,15,10,1138,1.6,760,780,CR240LA,低合金高强,H260LAD-3,硬钢,normal_real,,,,,,,
diagnostic_candidate,True,0005000469-000080,0005000469-000080,0005000469-000080,BR_00000012,BR_00000012,numeric-chain-000073,27,16,7,1116,1.6,730,770,HC260LAD+Z,低合金高强,H260LAD-3,硬钢,normal_real,,,,,,,
diagnostic_candidate,True,0005000571-000060,0005000571-000060,0005000571-000060,BR_00000036,BR_00000012,numeric-chain-000073,27,17,10,1116,1.6,730,770,HC260LAD+Z,低合金高强,H260LAD-3,硬钢,normal_real,,,,,,,
diagnostic_candidate,True,0005000489-000080,0005000489-000080,0005000489-000080,BR_00000018,BR_00000012,numeric-chain-000073,27,18,23,1095,2,740,780,CR420LA,低合金高强,H420LAD-3,硬钢,normal_real,,,,,,,
diagnostic_candidate,True,0005000562-000070,0005000562-000070,0005000562-000070,BR_00000036,BR_00000012,numeric-chain-000073,27,19,23,1095,2,740,780,CR420LA,低合金高强,H420LAD-3,硬钢,normal_real,,,,,,,
diagnostic_candidate,True,0005000563-000080,0005000563-000080,0005000563-000080,BR_00000036,BR_00000012,numeric-chain-000073,27,20,40,1070,1.7,740,780,CR420LA,低合金高强,H420LAD-3,硬钢,normal_real,,,,,,,
diagnostic_candidate,True,0005000464-000080,0005000464-000080,0005000464-000080,BR_00000012,BR_00000012,numeric-chain-000073,27,21,40,1070,1.7,740,780,CR420LA,低合金高强,H420LAD-3,硬钢,normal_real,,,,,,,
diagnostic_candidate,True,0005000547-000100,0005000547-000100,0005000547-000100,BR_00000030,BR_00000012,numeric-chain-000073,27,22,80,1070,1.7,740,780,CR420LA,低合金高强,H420LAD-3,硬钢,normal_real,,,,,,,
diagnostic_candidate,True,0005000501-000080,0005000501-000080,0005000501-000080,BR_00000024,BR_00000012,numeric-chain-000073,27,23,40,1070,1.7,740,780,CR420LA,低合金高强,H420LAD-3,硬钢,normal_real,,,,,,,
diagnostic_candidate,True,0030110864-000020,0030110864-000020,0030110864-000020,BR_00000019,BR_00000012,numeric-chain-000073,27,24,22,1050,1.5,700,840,DC51D+Z,普碳,SPHC,软钢,actual_transition,,,,,,,
diagnostic_candidate,True,0005000509-000080,0005000509-000080,0005000509-000080,BR_00000024,BR_00000012,numeric-chain-000073,27,25,7,1047,1.5,740,760,CR340LA,低合金高强,H340LA-3,硬钢,normal_real,,,,,,,
diagnostic_candidate,True,0005000547-000530,0005000547-000530,0005000547-000530,BR_00000030,BR_00000012,numeric-chain-000073,27,26,20,1029,1.2,740,760,CR300LA,低合金高强,H300LA-3,硬钢,normal_real,,,,,,,
diagnostic_candidate,True,0010017445-000010,0010017445-000010,0010017445-000010,BR_00000025,BR_00000012,numeric-chain-000073,27,27,220,1000,1,700,840,DC51D+Z,普碳,SPHC,软钢,actual_transition,,,,,,,
diagnostic_candidate,True,0002002170-000090,0002002170-000090,0002002170-000090,BR_00000036,BR_00000012,numeric-chain-000073,27,28,25,1000,1,770,810,DC51D+Z,IF钢,SPHETI-3,软钢,normal_real,,,,,,,
diagnostic_candidate,True,0030107881-000020,0030107881-000020,0030107881-000020,BR_00000018,BR_00000012,numeric-chain-000073,27,29,22,1000,1,800,820,HC260YD+Z,加磷高强、烘烤硬化钢,H260Y,软钢,normal_real,,,,,,,
diagnostic_candidate,True,0002001756-000030,0002001756-000030,0002001756-000030,BR_00000018,BR_00000012,numeric-chain-000073,27,30,192,1000,1.2,770,810,DX51D+Z-WL,深冲钢（PD）,SPHCQ,软钢,normal_real,,,,,,,
diagnostic_candidate,True,0030108320-000040,0030108320-000040,0030108320-000040,BR_00000018,BR_00000012,numeric-chain-000073,27,31,44,1000,1.4,700,840,DC51D+Z,普碳,SPHC,软钢,actual_transition,,,,,,,
diagnostic_candidate,True,0005000466-000060,0005000466-000060,0005000466-000060,BR_00000012,BR_00000012,numeric-chain-000073,27,32,90,995,1.3,730,770,CR420LA,低合金高强,H420LAD-3,硬钢,normal_real,,,,,,,
diagnostic_candidate,True,0005000563-000110,0005000563-000110,0005000563-000110,BR_00000036,BR_00000012,numeric-chain-000073,27,33,18,975,1.2,730,770,CR420LA,低合金高强,H420LAD-3,硬钢,normal_real,,,,,,,
diagnostic_candidate,True,0005000501-000130,0005000501-000130,0005000501-000130,BR_00000024,BR_00000012,numeric-chain-000073,27,34,18,975,1.2,730,770,CR420LA,低合金高强,H420LAD-3,硬钢,normal_real,,,,,,,
diagnostic_candidate,True,0005000563-000250,0005000563-000250,0005000563-000250,BR_00000036,BR_00000012,numeric-chain-000073,27,35,54,940,1.4,730,770,CR420LA,低合金高强,H420LAD-3,硬钢,normal_real,,,,,,,
diagnostic_candidate,True,0005000464-000240,0005000464-000240,0005000464-000240,BR_00000012,BR_00000012,numeric-chain-000073,27,36,36,940,1.4,730,770,CR420LA,低合金高强,H420LAD-3,硬钢,normal_real,,,,,,,
diagnostic_candidate,True,0030105924-000010,0030105924-000010,0030105924-000010,BR_00000012,BR_00000012,numeric-chain-000128,28,1,40,1145,1.75,820,860,CR4,IF钢,SPHETI-36,软钢,normal_real,,,,,,,
diagnostic_candidate,True,0002001757-000030,0002001757-000030,0002001757-000030,BR_00000018,BR_00000012,numeric-chain-000128,28,2,44,1130,1.5,815,835,DX51D+Z-MD,普碳,SPHC,软钢,normal_real,,,,,,,
diagnostic_candidate,True,0002001648-000060,0002001648-000060,0002001648-000060,BR_00000012,BR_00000012,numeric-chain-000128,28,3,24,1130,1.5,815,835,DX51D+Z-MD,普碳,SPHC,软钢,normal_real,,,,,,,
diagnostic_candidate,True,0030106945-000020,0030106945-000020,0030106945-000020,BR_00000018,BR_00000012,numeric-chain-000128,28,4,46,1125,2,805,825,HC260YD+Z,加磷高强、烘烤硬化钢,H260Y,软钢,normal_real,,,,,,,
diagnostic_candidate,True,0030117931-000030,0030117931-000030,0030117931-000030,BR_00000030,BR_00000012,numeric-chain-000128,28,5,46,1115,1.5,700,840,DC51D+Z,普碳,SPHC,软钢,normal_real,,,,,,,
diagnostic_candidate,True,0002002185-000010,0002002185-000010,0002002185-000010,BR_00000036,BR_00000012,numeric-chain-000128,28,6,23,1113,1.2,770,810,DC51D+Z,普碳,SPHC,软钢,normal_real,,,,,,,
diagnostic_candidate,True,0002001874-000020,0002001874-000020,0002001874-000020,BR_00000024,BR_00000012,numeric-chain-000128,28,7,23,1113,1.5,770,810,DC51D+Z,普碳,SPHC,软钢,normal_real,,,,,,,
diagnostic_candidate,True,0002001648-000120,0002001648-000120,0002001648-000120,BR_00000012,BR_00000012,numeric-chain-000128,28,8,268,1100,1.5,770,810,DX51D+Z-WL,深冲钢（PD）,SPHCQ,软钢,normal_real,,,,,,,
diagnostic_candidate,True,0002001622-000010,0002001622-000010,0002001622-000010,BR_00000012,BR_00000012,numeric-chain-000128,28,9,144,1100,1.5,770,810,DX51D+Z-WL,深冲钢（PD）,SPHCQ,软钢,normal_real,,,,,,,
diagnostic_candidate,True,0002002060-000010,0002002060-000010,0002002060-000010,BR_00000030,BR_00000012,numeric-chain-000128,28,10,42,1100,1.5,770,810,DX51D+Z-WL,深冲钢（PD）,SPHCQ,软钢,normal_real,,,,,,,
diagnostic_candidate,True,0002002169-000010,0002002169-000010,0002002169-000010,BR_00000036,BR_00000012,numeric-chain-000128,28,11,25,1090,1.4,770,810,DC51D+Z,普碳,SPHC,软钢,normal_real,,,,,,,
diagnostic_candidate,True,0002002023-000130,0002002023-000130,0002002023-000130,BR_00000030,BR_00000012,numeric-chain-000128,28,12,19,1085,1.2,770,810,DC51D+Z,普碳,SPHC,软钢,normal_real,,,,,,,
diagnostic_candidate,True,0002002202-000010,0002002202-000010,0002002202-000010,BR_00000036,BR_00000012,numeric-chain-000128,28,13,19,1085,1.4,770,810,DC51D+Z,普碳,SPHC,软钢,normal_real,,,,,,,
diagnostic_candidate,True,0030120939-000020,0030120939-000020,0030120939-000020,BR_00000032,BR_00000012,numeric-chain-000128,28,14,46,1080,1.2,770,810,DC52D+Z,深冲钢（PD）,SPHCQ,软钢,normal_real,,,,,,,
diagnostic_candidate,True,0030115672-000110,0030115672-000110,0030115672-000110,BR_00000025,BR_00000012,numeric-chain-000128,28,15,22,1070,1.2,770,810,DC51D+Z,深冲钢（PD）,SPHCQ,软钢,normal_real,,,,,,,
diagnostic_candidate,True,0030118029-000070,0030118029-000070,0030118029-000070,BR_00000030,BR_00000012,numeric-chain-000128,28,16,8,1070,1.2,770,810,DC51D+Z,深冲钢（PD）,SPHCQ,软钢,normal_real,,,,,,,
diagnostic_candidate,True,0030115673-000130,0030115673-000130,0030115673-000130,BR_00000025,BR_00000012,numeric-chain-000128,28,17,8,1070,1.2,770,810,DC51D+Z,深冲钢（PD）,SPHCQ,软钢,normal_real,,,,,,,
diagnostic_candidate,True,0002002023-000140,0002002023-000140,0002002023-000140,BR_00000030,BR_00000012,numeric-chain-000128,28,18,19,1065,1.4,770,810,DC51D+Z,普碳,SPHC,软钢,normal_real,,,,,,,
diagnostic_candidate,True,0002002202-000240,0002002202-000240,0002002202-000240,BR_00000036,BR_00000012,numeric-chain-000128,28,19,19,1065,1.4,770,810,DC51D+Z,IF钢,SPHETI-3,软钢,normal_real,,,,,,,
diagnostic_candidate,True,0002001622-000030,0002001622-000030,0002001622-000030,BR_00000012,BR_00000012,numeric-chain-000128,28,20,22,1060,1.2,770,810,DX51D+Z-WL,深冲钢（PD）,SPHCQ,软钢,normal_real,,,,,,,
diagnostic_candidate,True,0002002202-000200,0002002202-000200,0002002202-000200,BR_00000036,BR_00000012,numeric-chain-000128,28,21,19,1055,1,770,810,DC51D+Z,普碳,SPHC,软钢,normal_real,,,,,,,
diagnostic_candidate,True,0002002023-000110,0002002023-000110,0002002023-000110,BR_00000030,BR_00000012,numeric-chain-000128,28,22,19,1055,1,770,810,DC51D+Z,普碳,SPHC,软钢,normal_real,,,,,,,
diagnostic_candidate,True,0002002024-000120,0002002024-000120,0002002024-000120,BR_00000030,BR_00000012,numeric-chain-000128,28,23,19,1055,1,770,810,DC51D+Z,普碳,SPHC,软钢,normal_real,,,,,,,
diagnostic_candidate,True,0002001867-000270,0002001867-000270,0002001867-000270,BR_00000024,BR_00000012,numeric-chain-000128,28,24,19,1036,1.2,770,810,DC51D+Z,普碳,SPHC,软钢,normal_real,,,,,,,
diagnostic_candidate,True,0030120939-000010,0030120939-000010,0030120939-000010,BR_00000032,BR_00000012,numeric-chain-000128,28,25,22,1020,1.2,770,810,DC52D+Z,深冲钢（PD）,SPHCQ,软钢,normal_real,,,,,,,
diagnostic_candidate,True,0030107608-000010,0030107608-000010,0030107608-000010,BR_00000018,BR_00000012,numeric-chain-000128,28,26,22,1000,1,700,840,DC51D+Z,普碳,SPHC,软钢,actual_transition,,,,,,,
diagnostic_candidate,True,0002002009-000210,0002002009-000210,0002002009-000210,BR_00000030,BR_00000012,numeric-chain-000128,28,27,25,1000,1,770,810,DC51D+Z,普碳,SPHC,软钢,normal_real,,,,,,,
diagnostic_candidate,True,0030108214-000010,0030108214-000010,0030108214-000010,BR_00000018,BR_00000012,numeric-chain-000128,28,28,22,1000,1,770,810,DC52D+Z,深冲钢（PD）,SPHCQ,软钢,normal_real,,,,,,,
diagnostic_candidate,True,0030112477-000010,0030112477-000010,0030112477-000010,BR_00000024,BR_00000012,numeric-chain-000128,28,29,22,1000,1,800,820,HC260YD+Z,加磷高强、烘烤硬化钢,H260Y,软钢,normal_real,,,,,,,
diagnostic_candidate,True,0030114040-000080,0030114040-000080,0030114040-000080,BR_00000024,BR_00000012,numeric-chain-000128,28,30,66,994,1,800,820,HC260YD+Z,加磷高强、烘烤硬化钢,H260Y,软钢,normal_real,,,,,,,
diagnostic_candidate,True,0002001750-000040,0002001750-000040,0002001750-000040,BR_00000018,BR_00000012,numeric-chain-000128,28,31,24,930,1,770,810,DC51D+Z,普碳,SPHC,软钢,normal_real,,,,,,,
diagnostic_candidate,True,0002002180-000170,0002002180-000170,0002002180-000170,BR_00000036,BR_00000012,numeric-chain-000128,28,32,20,930,1,770,810,DC51D+Z,IF钢,SPHETI-3,软钢,normal_real,,,,,,,
diagnostic_candidate,True,0030111131-000010,0030111131-000010,0030111131-000010,BR_00000019,BR_00000012,numeric-chain-000128,28,33,18,930,1,800,820,HC260YD+Z,加磷高强、烘烤硬化钢,H260Y,软钢,normal_real,,,,,,,
diagnostic_candidate,True,0030120976-000020,0030120976-000020,0030120976-000020,BR_00000032,BR_00000012,numeric-chain-000128,28,34,18,930,1,800,820,HC260YD+Z,加磷高强、烘烤硬化钢,H260Y,软钢,normal_real,,,,,,,
diagnostic_candidate,True,0002001854-000070,0002001854-000070,0002001854-000070,BR_00000024,BR_00000012,numeric-chain-000128,28,35,48,928,1,770,810,DC51D+Z,普碳,SPHC,软钢,normal_real,,,,,,,
diagnostic_candidate,True,0002001901-000030,0002001901-000030,0002001901-000030,BR_00000024,BR_00000012,numeric-chain-000128,28,36,20,928,1,770,810,DC51D+Z,普碳,SPHC,软钢,normal_real,,,,,,,
diagnostic_candidate,True,0030118934-000010,0030118934-000010,0030118934-000010,BR_00000030,BR_00000012,numeric-chain-000128,28,37,486,910,1.15,800,820,HX260YD+Z,加磷高强、烘烤硬化钢,H260Y,软钢,normal_real,,,,,,,
diagnostic_candidate,True,0002002180-000160,0002002180-000160,0002002180-000160,BR_00000036,BR_00000012,numeric-chain-000128,28,38,20,885,1.4,770,810,DC51D+Z,IF钢,SPHETI-3,软钢,normal_real,,,,,,,
diagnostic_candidate,True,0002001750-000080,0002001750-000080,0002001750-000080,BR_00000018,BR_00000012,numeric-chain-000128,28,39,24,885,1.4,770,810,DC51D+Z,普碳,SPHC,软钢,normal_real,,,,,,,
diagnostic_candidate,True,0002001854-000170,0002001854-000170,0002001854-000170,BR_00000024,BR_00000012,numeric-chain-000128,28,40,112,883,1.4,770,810,DC51D+Z,普碳,SPHC,软钢,normal_real,,,,,,,
diagnostic_candidate,True,0002001901-000110,0002001901-000110,0002001901-000110,BR_00000024,BR_00000012,numeric-chain-000128,28,41,32,805,1.2,770,810,DC51D+Z,普碳,SPHC,软钢,normal_real,,,,,,,
diagnostic_candidate,True,0002002054-000100,0002002054-000100,0002002054-000100,BR_00000030,BR_00000012,numeric-chain-000055,29,1,220,1300,1,820,840,DX53D+Z-MD,IF钢,SPHETI-5,软钢,normal_real,,,,,,,
diagnostic_candidate,True,0030121196-000020,0030121196-000020,0030121196-000020,BR_00000032,BR_00000012,numeric-chain-000055,29,2,24,1300,0.95,830,850,DC56D+Z,IF钢,SPHETI-3,软钢,normal_real,,,,,,,
diagnostic_candidate,True,0030110865-000020,0030110865-000020,0030110865-000020,BR_00000019,BR_00000012,numeric-chain-000055,29,3,72,1300,0.75,830,850,DC56D+Z,IF钢,SPHETI-3,软钢,normal_real,,,,,,,
diagnostic_candidate,True,0030106801-000010,0030106801-000010,0030106801-000010,BR_00000013,BR_00000012,numeric-chain-000055,29,4,96,1300,0.75,830,850,DC56D+Z,IF钢,SPHETI-3,软钢,normal_real,,,,,,,
diagnostic_candidate,True,0030110867-000020,0030110867-000020,0030110867-000020,BR_00000019,BR_00000012,numeric-chain-000055,29,5,72,1300,0.75,830,850,DC56D+Z,IF钢,SPHETI-3,软钢,normal_real,,,,,,,
diagnostic_candidate,True,0030105110-000070,0030105110-000070,0030105110-000070,BR_00000012,BR_00000012,numeric-chain-000055,29,6,23,1300,0.75,820,840,HC220BD+Z,加磷高强、烘烤硬化钢,H220BH,软钢,normal_real,,,,,,,
diagnostic_candidate,True,0002001981-000190,0002001981-000190,0002001981-000190,BR_00000030,BR_00000012,numeric-chain-000055,29,7,49,1300,0.65,810,830,180YD+Z,加磷高强、烘烤硬化钢,H180YD,软钢,normal_real,,,,,,,
diagnostic_candidate,True,0030108542-000130,0030108542-000130,0030108542-000130,BR_00000018,BR_00000012,numeric-chain-000055,29,8,24,1303,0.7,820,840,DX53D+Z-LG,IF钢,SPHETI-5,软钢,normal_real,,,,,,,
diagnostic_candidate,True,0002001867-000070,0002001867-000070,0002001867-000070,BR_00000024,BR_00000012,numeric-chain-000055,29,9,23,1300,0.65,830,850,DC54D+Z,IF钢,SPHETI-3,软钢,normal_real,,,,,,,
diagnostic_candidate,True,0030124735-000120,0030124735-000120,0030124735-000120,BR_00000036,BR_00000012,numeric-chain-000055,29,10,24,1300,0.65,820,840,DX53D+Z,IF钢,SPHETI-5,软钢,normal_real,,,,,,,
diagnostic_candidate,True,0002001750-000180,0002001750-000180,0002001750-000180,BR_00000018,BR_00000012,numeric-chain-000055,29,11,44,1300,0.65,810,830,180YD+Z,加磷高强、烘烤硬化钢,H180YD,软钢,normal_real,,,,,,,
diagnostic_candidate,True,virtual-000218,,,,BR_00000012,numeric-chain-000055,29,12,20.00,1250,0.60,810,850,SPHC,,SPHC,,virtual_sphc,,"{""accepted_sequence"":218,""prototype_id"":""virtual_sphc:1250x0.6"",""purpose"":""edge_bridge"",""related_partition_id"":null}",,,,,
diagnostic_candidate,True,0030123654-000030,0030123654-000030,0030123654-000030,BR_00000036,BR_00000012,numeric-chain-000055,29,13,24,1304,0.7,830,850,DX53D+Z1,IF钢,SPHETI-5,软钢,normal_real,,,,,,,
diagnostic_candidate,True,0030108110-000010,0030108110-000010,0030108110-000010,BR_00000018,BR_00000012,numeric-chain-000055,29,14,88,1035,0.6,830,850,DC54D+Z,IF钢,SPHETI-3,软钢,normal_real,,,,,,,
diagnostic_candidate,True,0002001780-000160,0002001780-000160,0002001780-000160,BR_00000024,BR_00000012,numeric-chain-000055,29,15,23,1030,0.6,830,850,DC54D+Z,IF钢,SPHETI-3,软钢,normal_real,,,,,,,
diagnostic_candidate,True,0030115673-000060,0030115673-000060,0030115673-000060,BR_00000025,BR_00000012,numeric-chain-000055,29,16,8,1012,0.65,830,850,DC56D+Z,IF钢,SPHETI-3,软钢,normal_real,,,,,,,
diagnostic_candidate,True,0030113328-000040,0030113328-000040,0030113328-000040,BR_00000024,BR_00000012,numeric-chain-000055,29,17,22,1005,0.8,820,840,DC53D+Z,IF钢,SPHETI-5,软钢,normal_real,,,,,,,
diagnostic_candidate,True,0005000486-000620,0005000486-000620,0005000486-000620,BR_00000018,BR_00000012,numeric-chain-000055,29,18,40,1005,0.8,830,850,CR3,IF钢,SPHETI-36,软钢,normal_real,,,,,,,
diagnostic_candidate,True,virtual-000073,,,,BR_00000012,numeric-chain-000055,29,19,20.00,1000,0.80,810,850,SPHC,,SPHC,,virtual_sphc,,"{""accepted_sequence"":73,""prototype_id"":""virtual_sphc:1000x0.8"",""purpose"":""edge_bridge"",""related_partition_id"":null}",,,,,
diagnostic_candidate,True,0002001768-000020,0002001768-000020,0002001768-000020,BR_00000018,BR_00000012,numeric-chain-000055,29,20,20,1000,0.65,810,830,180YD+Z,加磷高强、烘烤硬化钢,H180YD,软钢,normal_real,,,,,,,
diagnostic_candidate,True,0002001603-000050,0002001603-000050,0002001603-000050,BR_00000012,BR_00000012,numeric-chain-000055,29,21,100,1000,0.65,810,830,180YD+Z,加磷高强、烘烤硬化钢,H180YD,软钢,normal_real,,,,,,,
diagnostic_candidate,True,virtual-000188,,,,BR_00000012,numeric-chain-000055,29,22,20.00,1000,0.60,770,830,SPHC,,SPHC,,virtual_sphc,,"{""accepted_sequence"":188,""prototype_id"":""virtual_sphc:1000x0.6"",""purpose"":""edge_bridge"",""related_partition_id"":null}",,,,,
diagnostic_candidate,True,0002002185-000150,0002002185-000150,0002002185-000150,BR_00000036,BR_00000012,numeric-chain-000055,29,23,16,990,0.6,770,810,DC51D+Z,IF钢,SPHETI-3,软钢,normal_real,,,,,,,
diagnostic_candidate,True,0002002035-000020,0002002035-000020,0002002035-000020,BR_00000030,BR_00000012,numeric-chain-000055,29,24,44,985,0.7,770,810,DC51D+Z,普碳,SPHC,软钢,normal_real,,,,,,,
diagnostic_candidate,True,0002001871-000140,0002001871-000140,0002001871-000140,BR_00000024,BR_00000012,numeric-chain-000055,29,25,13,978,0.65,770,810,DC51D+Z,普碳,SPHC,软钢,normal_real,,,,,,,
diagnostic_candidate,True,0002001854-000160,0002001854-000160,0002001854-000160,BR_00000024,BR_00000012,numeric-chain-000055,29,26,38,971,0.65,770,810,DC51D+Z,普碳,SPHC,软钢,normal_real,,,,,,,
diagnostic_candidate,True,0002001603-000180,0002001603-000180,0002001603-000180,BR_00000012,BR_00000012,numeric-chain-000055,29,27,20,971,0.65,770,810,DC51D+Z,普碳,SPHC,软钢,normal_real,,,,,,,
diagnostic_candidate,True,0002001998-000010,0002001998-000010,0002001998-000010,BR_00000030,BR_00000012,numeric-chain-000055,29,28,18,939,0.7,770,810,DC51D+Z,普碳,SPHC,软钢,normal_real,,,,,,,
diagnostic_candidate,True,0030124731-000020,0030124731-000020,0030124731-000020,BR_00000036,BR_00000012,numeric-chain-000055,29,29,54,920,0.9,770,810,DC51D+Z,深冲钢（PD）,SPHCQ,软钢,normal_real,,,,,,,
diagnostic_candidate,True,0002001890-000110,0002001890-000110,0002001890-000110,BR_00000024,BR_00000012,numeric-chain-000055,29,30,13,916,1,770,810,DC51D+Z,普碳,SPHC,软钢,normal_real,,,,,,,
diagnostic_candidate,True,0002001860-000070,0002001860-000070,0002001860-000070,BR_00000024,BR_00000012,numeric-chain-000055,29,31,24,900,1.2,770,810,DC51D+Z,普碳,SPHC,软钢,normal_real,,,,,,,
diagnostic_candidate,True,0002001890-000220,0002001890-000220,0002001890-000220,BR_00000024,BR_00000012,numeric-chain-000055,29,32,13,890,1.2,770,810,DC51D+Z,普碳,SPHC,软钢,normal_real,,,,,,,
diagnostic_candidate,True,0002001871-000360,0002001871-000360,0002001871-000360,BR_00000024,BR_00000012,numeric-chain-000055,29,33,30,890,1.2,770,810,DC51D+Z,普碳,SPHC,软钢,normal_real,,,,,,,
diagnostic_candidate,True,0002001860-000120,0002001860-000120,0002001860-000120,BR_00000024,BR_00000012,numeric-chain-000055,29,34,20,885,1.4,770,810,DC51D+Z,普碳,SPHC,软钢,normal_real,,,,,,,
diagnostic_candidate,True,0002002170-000290,0002002170-000290,0002002170-000290,BR_00000036,BR_00000012,numeric-chain-000055,29,35,50,883,1.4,770,810,DC51D+Z,IF钢,SPHETI-3,软钢,normal_real,,,,,,,
diagnostic_candidate,True,0002001603-000190,0002001603-000190,0002001603-000190,BR_00000012,BR_00000012,numeric-chain-000055,29,36,51,883,1.4,770,810,DC51D+Z,普碳,SPHC,软钢,normal_real,,,,,,,
diagnostic_candidate,True,0002001854-000270,0002001854-000270,0002001854-000270,BR_00000024,BR_00000012,numeric-chain-000055,29,37,32,805,1.2,770,810,DC51D+Z,普碳,SPHC,软钢,normal_real,,,,,,,
diagnostic_candidate,True,0002001750-000550,0002001750-000550,0002001750-000550,BR_00000018,BR_00000012,numeric-chain-000035,30,1,24,1589,1.4,770,810,DC51D+Z,普碳,SPHC,软钢,normal_real,,,,,,,
diagnostic_candidate,True,0002001888-000010,0002001888-000010,0002001888-000010,BR_00000024,BR_00000012,numeric-chain-000035,30,2,20,1589,1.4,770,810,DC51D+Z,普碳,SPHC,软钢,normal_real,,,,,,,
diagnostic_candidate,True,virtual-000266,,,,BR_00000012,numeric-chain-000035,30,3,20.00,1500,1.20,700,840,SPHC,,SPHC,,virtual_sphc,,"{""accepted_sequence"":266,""prototype_id"":""virtual_sphc:1500x1.2"",""purpose"":""edge_bridge"",""related_partition_id"":null}",,,,,
diagnostic_candidate,True,0030105462-000040,0030105462-000040,0030105462-000040,BR_00000012,BR_00000012,numeric-chain-000035,30,4,24,1500,1.1,700,840,DC51D+Z,普碳,SPHC,软钢,actual_transition,,,,,,,
diagnostic_candidate,True,0030105416-000030,0030105416-000030,0030105416-000030,BR_00000012,BR_00000012,numeric-chain-000035,30,5,48,1502,1.2,795,815,HC220YD+Z,加磷高强、烘烤硬化钢,H220Y,软钢,normal_real,,,,,,,
diagnostic_candidate,True,virtual-000259,,,,BR_00000012,numeric-chain-000035,30,6,20.00,1500,1.20,700,840,SPHC,,SPHC,,virtual_sphc,,"{""accepted_sequence"":259,""prototype_id"":""virtual_sphc:1500x1.2"",""purpose"":""edge_bridge"",""related_partition_id"":null}",,,,,
diagnostic_candidate,True,0030104596-000020,0030104596-000020,0030104596-000020,BR_00000012,BR_00000012,numeric-chain-000035,30,7,48,1500,1.2,700,840,DX51D+Z,普碳,SPHC,软钢,normal_real,,,,,,,
diagnostic_candidate,True,virtual-000251,,,,BR_00000012,numeric-chain-000035,30,8,20.00,1500,1.20,700,840,SPHC,,SPHC,,virtual_sphc,,"{""accepted_sequence"":251,""prototype_id"":""virtual_sphc:1500x1.2"",""purpose"":""edge_bridge"",""related_partition_id"":null}",,,,,
diagnostic_candidate,True,0030104604-000020,0030104604-000020,0030104604-000020,BR_00000012,BR_00000012,numeric-chain-000035,30,9,24,1500,1,700,840,DC51D+Z,普碳,SPHC,软钢,actual_transition,,,,,,,
diagnostic_candidate,True,virtual-000237,,,,BR_00000012,numeric-chain-000035,30,10,20.00,1500,1.20,700,840,SPHC,,SPHC,,virtual_sphc,,"{""accepted_sequence"":237,""prototype_id"":""virtual_sphc:1500x1.2"",""purpose"":""edge_bridge"",""related_partition_id"":null}",,,,,
diagnostic_candidate,True,virtual-000238,,,,BR_00000012,numeric-chain-000035,30,11,20.00,1500,1.20,700,840,SPHC,,SPHC,,virtual_sphc,,"{""accepted_sequence"":238,""prototype_id"":""virtual_sphc:1500x1.2"",""purpose"":""edge_bridge"",""related_partition_id"":null}",,,,,
diagnostic_candidate,True,0030105462-000060,0030105462-000060,0030105462-000060,BR_00000012,BR_00000012,numeric-chain-000035,30,12,48,1500,1.4,700,840,DC51D+Z,普碳,SPHC,软钢,actual_transition,,,,,,,
diagnostic_candidate,True,virtual-000217,,,,BR_00000012,numeric-chain-000035,30,13,20.00,1500,1.20,700,840,SPHC,,SPHC,,virtual_sphc,,"{""accepted_sequence"":217,""prototype_id"":""virtual_sphc:1500x1.2"",""purpose"":""edge_bridge"",""related_partition_id"":null}",,,,,
diagnostic_candidate,True,0030107311-000380,0030107311-000380,0030107311-000380,BR_00000018,BR_00000012,numeric-chain-000035,30,14,48,1500,1,700,840,DC51D+Z,普碳,SPHC,软钢,actual_transition,,,,,,,
diagnostic_candidate,True,virtual-000216,,,,BR_00000012,numeric-chain-000035,30,15,20.00,1500,1.20,700,840,SPHC,,SPHC,,virtual_sphc,,"{""accepted_sequence"":216,""prototype_id"":""virtual_sphc:1500x1.2"",""purpose"":""edge_bridge"",""related_partition_id"":null}",,,,,
diagnostic_candidate,True,virtual-000137,,,,BR_00000012,numeric-chain-000035,30,16,20.00,1500,1.00,795,850,SPHC,,SPHC,,virtual_sphc,,"{""accepted_sequence"":137,""prototype_id"":""virtual_sphc:1500x1"",""purpose"":""edge_bridge"",""related_partition_id"":null}",,,,,
diagnostic_candidate,True,0002002195-000190,0002002195-000190,0002002195-000190,BR_00000036,BR_00000012,numeric-chain-000035,30,17,24,1500,1,830,850,DC54D+Z,IF钢,SPHETI-3,软钢,normal_real,,,,,,,
diagnostic_candidate,True,virtual-000134,,,,BR_00000012,numeric-chain-000035,30,18,20.00,1500,1.00,795,850,SPHC,,SPHC,,virtual_sphc,,"{""accepted_sequence"":134,""prototype_id"":""virtual_sphc:1500x1"",""purpose"":""edge_bridge"",""related_partition_id"":null}",,,,,
diagnostic_candidate,True,virtual-000135,,,,BR_00000012,numeric-chain-000035,30,19,20.00,1500,1.20,700,850,SPHC,,SPHC,,virtual_sphc,,"{""accepted_sequence"":135,""prototype_id"":""virtual_sphc:1500x1.2"",""purpose"":""edge_bridge"",""related_partition_id"":null}",,,,,
diagnostic_candidate,True,0030111511-000070,0030111511-000070,0030111511-000070,BR_00000020,BR_00000012,numeric-chain-000035,30,20,8,1495,1.2,770,810,DC51D+Z,深冲钢（PD）,SPHCQ,软钢,normal_real,,,,,,,
diagnostic_candidate,True,0002001612-000360,0002001612-000360,0002001612-000360,BR_00000012,BR_00000012,numeric-chain-000035,30,21,92,1484,1.2,770,810,DC51D+Z,普碳,SPHC,软钢,normal_real,,,,,,,
diagnostic_candidate,True,0002001889-000030,0002001889-000030,0002001889-000030,BR_00000024,BR_00000012,numeric-chain-000035,30,22,13,1482,1.2,770,810,DC51D+Z,普碳,SPHC,软钢,normal_real,,,,,,,
diagnostic_candidate,True,0002002184-000160,0002002184-000160,0002002184-000160,BR_00000036,BR_00000012,numeric-chain-000035,30,23,16,1036,1.2,770,810,DC51D+Z,普碳,SPHC,软钢,normal_real,,,,,,,
diagnostic_candidate,True,0002002024-000140,0002002024-000140,0002002024-000140,BR_00000030,BR_00000012,numeric-chain-000035,30,24,19,1020,1.2,770,810,DC51D+Z,普碳,SPHC,软钢,normal_real,,,,,,,
diagnostic_candidate,True,0002002023-000100,0002002023-000100,0002002023-000100,BR_00000030,BR_00000012,numeric-chain-000035,30,25,19,1015,1,770,810,DC51D+Z,普碳,SPHC,软钢,normal_real,,,,,,,
diagnostic_candidate,True,0002002202-000180,0002002202-000180,0002002202-000180,BR_00000036,BR_00000012,numeric-chain-000035,30,26,19,1015,1,770,810,DC51D+Z,普碳,SPHC,软钢,normal_real,,,,,,,
diagnostic_candidate,True,0030121724-000010,0030121724-000010,0030121724-000010,BR_00000032,BR_00000012,numeric-chain-000035,30,27,72,1000,0.8,700,840,DC51D+Z,普碳,SPHC,软钢,actual_transition,,,,,,,
diagnostic_candidate,True,0005000501-000250,0005000501-000250,0005000501-000250,BR_00000024,BR_00000012,numeric-chain-000035,30,28,18,950,0.8,715,735,CR270LA,低合金高强,H260LAD-3,硬钢,normal_real,,,,,,,
diagnostic_candidate,True,0005000547-000280,0005000547-000280,0005000547-000280,BR_00000030,BR_00000012,numeric-chain-000035,30,29,36,950,0.8,715,735,CR270LA,低合金高强,H260LAD-3,硬钢,normal_real,,,,,,,
diagnostic_candidate,True,0005000464-000200,0005000464-000200,0005000464-000200,BR_00000012,BR_00000012,numeric-chain-000035,30,30,36,950,0.8,715,735,CR270LA,低合金高强,H260LAD-3,硬钢,normal_real,,,,,,,
diagnostic_candidate,True,0030119010-000010,0030119010-000010,0030119010-000010,BR_00000030,BR_00000012,numeric-chain-000035,30,31,36,910,0.8,700,840,DC51D+Z,普碳,SPHC,软钢,actual_transition,,,,,,,
diagnostic_candidate,True,0005000500-000010,0005000500-000010,0005000500-000010,BR_00000024,BR_00000012,numeric-chain-000035,30,32,18,900,0.7,810,830,CR240LA,低合金高强,H260LAD-3,硬钢,normal_real,,,,,,,
diagnostic_candidate,True,0002001603-000020,0002001603-000020,0002001603-000020,BR_00000012,BR_00000012,numeric-chain-000088,31,1,23,1100,0.7,810,830,180YD+Z,加磷高强、烘烤硬化钢,H180YD,软钢,normal_real,,,,,,,
diagnostic_candidate,True,0010017872-000010,0010017872-000010,0010017872-000010,BR_00000030,BR_00000012,numeric-chain-000088,31,2,207,1100,0.6,820,840,DC53D+Z,IF钢,SPHETI-5,软钢,normal_real,,,,,,,
diagnostic_candidate,True,0002001780-000180,0002001780-000180,0002001780-000180,BR_00000024,BR_00000012,numeric-chain-000088,31,3,23,1100,0.7,810,830,180YD+Z,加磷高强、烘烤硬化钢,H180YD,软钢,normal_real,,,,,,,
diagnostic_candidate,True,0002002055-000110,0002002055-000110,0002002055-000110,BR_00000030,BR_00000012,numeric-chain-000088,31,4,166,1100,0.8,815,835,DX51D+Z-MD,普碳,SPHC,软钢,normal_real,,,,,,,
diagnostic_candidate,True,0002001899-000030,0002001899-000030,0002001899-000030,BR_00000024,BR_00000012,numeric-chain-000088,31,5,44,1100,0.8,820,840,DX53D+Z-MD,IF钢,SPHETI-5,软钢,normal_real,,,,,,,
diagnostic_candidate,True,0002001901-000050,0002001901-000050,0002001901-000050,BR_00000024,BR_00000012,numeric-chain-000088,31,6,19,1095,0.7,830,850,DC53D+Z,IF钢,SPHETI-3,软钢,normal_real,,,,,,,
diagnostic_candidate,True,0002001603-000100,0002001603-000100,0002001603-000100,BR_00000012,BR_00000012,numeric-chain-000088,31,7,40,1095,0.7,830,850,DC53D+Z,IF钢,SPHETI-3,软钢,normal_real,,,,,,,
diagnostic_candidate,True,0002001867-000150,0002001867-000150,0002001867-000150,BR_00000024,BR_00000012,numeric-chain-000088,31,8,19,1074,0.65,830,850,DC56D+Z,IF钢,SPHETI-3,软钢,normal_real,,,,,,,
diagnostic_candidate,True,0030119041-000010,0030119041-000010,0030119041-000010,BR_00000030,BR_00000012,numeric-chain-000088,31,9,60,1070,0.6,820,840,HC180BD+Z,加磷高强、烘烤硬化钢,H180BH1,软钢,normal_real,,,,,,,
diagnostic_candidate,True,0030114040-000030,0030114040-000030,0030114040-000030,BR_00000024,BR_00000012,numeric-chain-000088,31,10,23,1063,0.7,810,830,HC180YD+Z,加磷高强、烘烤硬化钢,H180YD,软钢,normal_real,,,,,,,
diagnostic_candidate,True,0002001895-000040,0002001895-000040,0002001895-000040,BR_00000024,BR_00000012,numeric-chain-000088,31,11,150,1060,0.8,820,840,DX53D+Z-CD,IF钢,SPHETI-5,软钢,normal_real,,,,,,,
diagnostic_candidate,True,0002002054-000110,0002002054-000110,0002002054-000110,BR_00000030,BR_00000012,numeric-chain-000088,31,12,66,1060,0.8,820,840,DX53D+Z-CD,IF钢,SPHETI-5,软钢,normal_real,,,,,,,
diagnostic_candidate,True,0030119032-000030,0030119032-000030,0030119032-000030,BR_00000030,BR_00000012,numeric-chain-000088,31,13,60,1050,0.6,820,840,DX53D+Z,IF钢,SPHETI-5,软钢,normal_real,,,,,,,
diagnostic_candidate,True,0030124826-000030,0030124826-000030,0030124826-000030,BR_00000036,BR_00000012,numeric-chain-000088,31,14,30,1050,0.6,820,840,DX53D+Z,IF钢,SPHETI-5,软钢,normal_real,,,,,,,
diagnostic_candidate,True,0030113590-000010,0030113590-000010,0030113590-000010,BR_00000024,BR_00000012,numeric-chain-000088,31,15,22,1050,0.6,830,850,DC54D+Z,IF钢,SPHETI-5,软钢,normal_real,,,,,,,
diagnostic_candidate,True,0030120757-000020,0030120757-000020,0030120757-000020,BR_00000031,BR_00000012,numeric-chain-000088,31,16,66,1044,0.7,830,850,DC54D+Z,IF钢,SPHETI-5,软钢,normal_real,,,,,,,
diagnostic_candidate,True,0030112439-000250,0030112439-000250,0030112439-000250,BR_00000024,BR_00000012,numeric-chain-000088,31,17,22,1040,0.7,830,850,DX53D+Z,IF钢,SPHETI-5,软钢,normal_real,,,,,,,
diagnostic_candidate,True,0002002170-000360,0002002170-000360,0002002170-000360,BR_00000036,BR_00000012,numeric-chain-000088,31,18,40,1030,0.6,830,850,DC54D+Z,IF钢,SPHETI-3,软钢,normal_real,,,,,,,
diagnostic_candidate,True,0002001854-000220,0002001854-000220,0002001854-000220,BR_00000024,BR_00000012,numeric-chain-000088,31,19,38,1030,0.6,830,850,DC54D+Z,IF钢,SPHETI-3,软钢,normal_real,,,,,,,
diagnostic_candidate,True,virtual-000039,,,,BR_00000012,numeric-chain-000088,31,20,20.00,1000,0.60,770,850,SPHC,,SPHC,,virtual_sphc,,"{""accepted_sequence"":39,""prototype_id"":""virtual_sphc:1000x0.6"",""purpose"":""edge_bridge"",""related_partition_id"":null}",,,,,
diagnostic_candidate,True,0002001998-000020,0002001998-000020,0002001998-000020,BR_00000030,BR_00000012,numeric-chain-000088,31,21,54,918,0.65,770,810,DC51D+Z,普碳,SPHC,软钢,normal_real,,,,,,,
diagnostic_candidate,True,0002001750-000130,0002001750-000130,0002001750-000130,BR_00000018,BR_00000012,numeric-chain-000088,31,22,24,910,0.65,770,810,DC51D+Z,普碳,SPHC,软钢,normal_real,,,,,,,
diagnostic_candidate,True,0002001878-000010,0002001878-000010,0002001878-000010,BR_00000024,BR_00000012,numeric-chain-000088,31,23,23,893,0.7,770,810,DC51D+Z,普碳,SPHC,软钢,normal_real,,,,,,,
diagnostic_candidate,True,0002002044-000010,0002002044-000010,0002002044-000010,BR_00000030,BR_00000012,numeric-chain-000088,31,24,18,893,0.7,770,810,DC51D+Z,普碳,SPHC,软钢,normal_real,,,,,,,
diagnostic_candidate,True,0002001854-000280,0002001854-000280,0002001854-000280,BR_00000024,BR_00000012,numeric-chain-000088,31,25,32,810,0.6,770,810,DC51D+Z,普碳,SPHC,软钢,normal_real,,,,,,,
diagnostic_candidate,True,0002001871-000020,0002001871-000020,0002001871-000020,BR_00000024,BR_00000012,numeric-chain-000088,31,26,17,828,0.65,770,810,DC51D+Z,普碳,SPHC,软钢,normal_real,,,,,,,
diagnostic_candidate,True,0030119862-000010,0030119862-000010,0030119862-000010,BR_00000030,BR_00000012,numeric-chain-000007,32,1,96,1269,1.6,830,850,DC56D+Z,IF钢,SPHETI-3,软钢,normal_real,,,,,,,
diagnostic_candidate,True,0005000483-000040,0005000483-000040,0005000483-000040,BR_00000014,BR_00000012,numeric-chain-000007,32,2,7,1268,2,830,850,CR180BH,加磷高强、烘烤硬化钢,H180BH,软钢,normal_real,,,,,,,
diagnostic_candidate,True,0005000486-000320,0005000486-000320,0005000486-000320,BR_00000018,BR_00000012,numeric-chain-000007,32,3,20,1265,1.5,820,860,CR3,IF钢,SPHETI-36,软钢,normal_real,,,,,,,
diagnostic_candidate,True,0002001897-000010,0002001897-000010,0002001897-000010,BR_00000024,BR_00000012,numeric-chain-000007,32,4,120,1260,1.5,820,840,DX53D+Z-CD,IF钢,SPHETI-5,软钢,normal_real,,,,,,,
diagnostic_candidate,True,0005000501-000320,0005000501-000320,0005000501-000320,BR_00000024,BR_00000012,numeric-chain-000007,32,5,20,1265,1.5,830,850,CR3,IF钢,SPHETI-36,软钢,normal_real,,,,,,,
diagnostic_candidate,True,virtual-000229,,,,BR_00000012,numeric-chain-000007,32,6,20.00,1250,1.50,700,850,SPHC,,SPHC,,virtual_sphc,,"{""accepted_sequence"":229,""prototype_id"":""virtual_sphc:1250x1.5"",""purpose"":""edge_bridge"",""related_partition_id"":null}",,,,,
diagnostic_candidate,True,0030105927-000080,0030105927-000080,0030105927-000080,BR_00000012,BR_00000012,numeric-chain-000007,32,7,216,1250,2,700,720,DX51D+Z3,深冲钢（PD）,DD12BB,软钢,normal_real,,,,,,,
diagnostic_candidate,True,0030103526-000170,0030103526-000170,0030103526-000170,BR_00000012,BR_00000012,numeric-chain-000007,32,8,48,1250,1.5,700,840,DC51D+Z,普碳,SPHC,软钢,actual_transition,,,,,,,
diagnostic_candidate,True,0002002058-000020,0002002058-000020,0002002058-000020,BR_00000030,BR_00000012,numeric-chain-000007,32,9,92,1260,1.5,820,840,DX53D+Z-CD,IF钢,SPHETI-5,软钢,normal_real,,,,,,,
diagnostic_candidate,True,virtual-000244,,,,BR_00000012,numeric-chain-000007,32,10,20.00,1250,1.20,820,840,SPHC,,SPHC,,virtual_sphc,,"{""accepted_sequence"":244,""prototype_id"":""virtual_sphc:1250x1.2"",""purpose"":""edge_bridge"",""related_partition_id"":null}",,,,,
diagnostic_candidate,True,virtual-000245,,,,BR_00000012,numeric-chain-000007,32,11,20.00,1250,1.00,820,840,SPHC,,SPHC,,virtual_sphc,,"{""accepted_sequence"":245,""prototype_id"":""virtual_sphc:1250x1"",""purpose"":""edge_bridge"",""related_partition_id"":null}",,,,,
diagnostic_candidate,True,0030117931-000040,0030117931-000040,0030117931-000040,BR_00000030,BR_00000012,numeric-chain-000007,32,12,96,1190,0.8,820,840,DC53D+Z,IF钢,SPHETI-5,软钢,normal_real,,,,,,,
diagnostic_candidate,True,0002001998-000260,0002001998-000260,0002001998-000260,BR_00000030,BR_00000012,numeric-chain-000007,32,13,24,1186,0.7,830,850,DC54D+Z,IF钢,SPHETI-3,软钢,normal_real,,,,,,,
diagnostic_candidate,True,0030119862-000120,0030119862-000120,0030119862-000120,BR_00000030,BR_00000012,numeric-chain-000007,32,14,48,1183,0.8,830,850,DC51D+Z,IF钢,SPHETI-3,软钢,normal_real,,,,,,,
diagnostic_candidate,True,0030125102-000010,0030125102-000010,0030125102-000010,BR_00000036,BR_00000012,numeric-chain-000007,32,15,72,1182,0.7,820,840,DC53D+Z,IF钢,SPHETI-5,软钢,normal_real,,,,,,,
diagnostic_candidate,True,0030107381-000010,0030107381-000010,0030107381-000010,BR_00000018,BR_00000012,numeric-chain-000007,32,16,44,1170,0.7,830,850,CR3,IF钢,SPHETI-36,软钢,normal_real,,,,,,,
diagnostic_candidate,True,0002001901-000080,0002001901-000080,0002001901-000080,BR_00000024,BR_00000012,numeric-chain-000007,32,17,92,1170,0.65,830,850,DC54D+Z,IF钢,SPHETI-3,软钢,normal_real,,,,,,,
diagnostic_candidate,True,0030124871-000040,0030124871-000040,0030124871-000040,BR_00000036,BR_00000012,numeric-chain-000007,32,18,20,1160,0.6,820,840,DX53D+Z,IF钢,SPHETI-5,软钢,normal_real,,,,,,,
diagnostic_candidate,True,0002002152-000010,0002002152-000010,0002002152-000010,BR_00000036,BR_00000012,numeric-chain-000007,32,19,23,1155,0.65,810,830,HC180YD+Z,加磷高强、烘烤硬化钢,H180YD,软钢,normal_real,,,,,,,
diagnostic_candidate,True,0002002034-000010,0002002034-000010,0002002034-000010,BR_00000030,BR_00000012,numeric-chain-000007,32,20,46,1155,0.65,810,830,HC180YD+Z,加磷高强、烘烤硬化钢,H180YD,软钢,normal_real,,,,,,,
diagnostic_candidate,True,0002001841-000010,0002001841-000010,0002001841-000010,BR_00000024,BR_00000012,numeric-chain-000007,32,21,46,1155,0.65,810,830,HC180YD+Z,加磷高强、烘烤硬化钢,H180YD,软钢,normal_real,,,,,,,
diagnostic_candidate,True,0002001787-000010,0002001787-000010,0002001787-000010,BR_00000024,BR_00000012,numeric-chain-000007,32,22,69,1155,0.65,810,830,HC180YD+Z,加磷高强、烘烤硬化钢,H180YD,软钢,normal_real,,,,,,,
diagnostic_candidate,True,0002002054-000340,0002002054-000340,0002002054-000340,BR_00000030,BR_00000012,numeric-chain-000007,32,23,192,1150,0.6,815,835,DX51D+Z-MD,普碳,SPHC,软钢,normal_real,,,,,,,
diagnostic_candidate,True,0030103543-000030,0030103543-000030,0030103543-000030,BR_00000012,BR_00000012,numeric-chain-000007,32,24,46,1150,0.6,820,840,DC53D+Z,IF钢,SPHETI-5,软钢,normal_real,,,,,,,
diagnostic_candidate,True,0002002044-000070,0002002044-000070,0002002044-000070,BR_00000030,BR_00000012,numeric-chain-000065,33,1,240,1450,0.65,770,810,DC51D+Z,普碳,SPHC,软钢,normal_real,,,,,,,
diagnostic_candidate,True,0002001635-000080,0002001635-000080,0002001635-000080,BR_00000012,BR_00000012,numeric-chain-000065,33,2,24,1441,0.65,770,810,DC51D+Z,普碳,SPHC,软钢,normal_real,,,,,,,
diagnostic_candidate,True,0030117283-000010,0030117283-000010,0030117283-000010,BR_00000030,BR_00000012,numeric-chain-000065,33,3,52,1455,0.65,790,810,SCG260Y+Z,加磷高强、烘烤硬化钢,H260Y,软钢,normal_real,,,,,,,
diagnostic_candidate,True,0002001998-000160,0002001998-000160,0002001998-000160,BR_00000030,BR_00000012,numeric-chain-000065,33,4,24,1458,0.65,770,810,DC51D+Z,普碳,SPHC,软钢,normal_real,,,,,,,
diagnostic_candidate,True,0002002035-000030,0002002035-000030,0002002035-000030,BR_00000030,BR_00000012,numeric-chain-000065,33,5,24,1421,0.65,770,810,DC51D+Z,普碳,SPHC,软钢,normal_real,,,,,,,
diagnostic_candidate,True,0030121690-000050,0030121690-000050,0030121690-000050,BR_00000032,BR_00000012,numeric-chain-000065,33,6,24,1402,0.65,790,810,HC260YD+Z,加磷高强、烘烤硬化钢,H260Y,软钢,normal_real,,,,,,,
diagnostic_candidate,True,0030119797-000120,0030119797-000120,0030119797-000120,BR_00000030,BR_00000012,numeric-chain-000065,33,7,24,1400,0.7,790,810,HC260YD+Z,加磷高强、烘烤硬化钢,H260Y,软钢,normal_real,,,,,,,
diagnostic_candidate,True,0002001874-000030,0002001874-000030,0002001874-000030,BR_00000024,BR_00000012,numeric-chain-000065,33,8,69,1375,0.65,770,810,DC51D+Z,普碳,SPHC,软钢,normal_real,,,,,,,
diagnostic_candidate,True,0002002185-000070,0002002185-000070,0002002185-000070,BR_00000036,BR_00000012,numeric-chain-000065,33,9,92,1375,0.65,770,810,DC51D+Z,IF钢,SPHETI-3,软钢,normal_real,,,,,,,
diagnostic_candidate,True,0002001628-000010,0002001628-000010,0002001628-000010,BR_00000012,BR_00000012,numeric-chain-000065,33,10,69,1375,0.65,770,810,DC51D+Z,普碳,SPHC,软钢,normal_real,,,,,,,
diagnostic_candidate,True,0002001878-000030,0002001878-000030,0002001878-000030,BR_00000024,BR_00000012,numeric-chain-000065,33,11,48,1375,0.65,770,810,DC51D+Z,普碳,SPHC,软钢,normal_real,,,,,,,
diagnostic_candidate,True,0002001617-000020,0002001617-000020,0002001617-000020,BR_00000012,BR_00000012,numeric-chain-000065,33,12,22,1363,0.6,770,810,DC51D+Z,普碳,SPHC,软钢,normal_real,,,,,,,
diagnostic_candidate,True,0002002180-000040,0002002180-000040,0002002180-000040,BR_00000036,BR_00000012,numeric-chain-000065,33,13,20,1363,0.6,770,810,DC51D+Z,IF钢,SPHETI-3,软钢,normal_real,,,,,,,
diagnostic_candidate,True,0030109896-000010,0030109896-000010,0030109896-000010,BR_00000018,BR_00000012,numeric-chain-000065,33,14,24,1362,0.7,790,810,HC260YD+Z,加磷高强、烘烤硬化钢,H260Y,软钢,normal_real,,,,,,,
diagnostic_candidate,True,0002001744-000200,0002001744-000200,0002001744-000200,BR_00000018,BR_00000012,numeric-chain-000065,33,15,56,1360,0.7,770,810,DC51D+Z,普碳,SPHC,软钢,normal_real,,,,,,,
diagnostic_candidate,True,0002001612-000460,0002001612-000460,0002001612-000460,BR_00000012,BR_00000012,numeric-chain-000065,33,16,46,1360,0.7,770,810,DC51D+Z,普碳,SPHC,软钢,normal_real,,,,,,,
diagnostic_candidate,True,0002002024-000070,0002002024-000070,0002002024-000070,BR_00000030,BR_00000012,numeric-chain-000065,33,17,23,1360,0.7,770,810,DC51D+Z,普碳,SPHC,软钢,normal_real,,,,,,,
diagnostic_candidate,True,0002001871-000270,0002001871-000270,0002001871-000270,BR_00000024,BR_00000012,numeric-chain-000065,33,18,80,1358,0.7,770,810,DC51D+Z,普碳,SPHC,软钢,normal_real,,,,,,,
diagnostic_candidate,True,0002002009-000140,0002002009-000140,0002002009-000140,BR_00000030,BR_00000012,numeric-chain-000065,33,19,55,1358,0.7,770,810,DC51D+Z,普碳,SPHC,软钢,normal_real,,,,,,,
diagnostic_candidate,True,0002001889-000060,0002001889-000060,0002001889-000060,BR_00000024,BR_00000012,numeric-chain-000065,33,20,90,1358,0.7,770,810,DC51D+Z,普碳,SPHC,软钢,normal_real,,,,,,,
diagnostic_candidate,True,0002002195-000230,0002002195-000230,0002002195-000230,BR_00000036,BR_00000012,numeric-chain-000065,33,21,24,1355,0.65,770,810,DC51D+Z,普碳,SPHC,软钢,normal_real,,,,,,,
diagnostic_candidate,True,0002001633-000080,0002001633-000080,0002001633-000080,BR_00000012,BR_00000012,numeric-chain-000065,33,22,24,1345,0.6,770,810,DC51D+Z,普碳,SPHC,软钢,normal_real,,,,,,,
diagnostic_candidate,True,0002001880-000240,0002001880-000240,0002001880-000240,BR_00000024,BR_00000012,numeric-chain-000065,33,23,24,1345,0.6,770,810,DC51D+Z,普碳,SPHC,软钢,normal_real,,,,,,,
diagnostic_candidate,True,0002002026-000120,0002002026-000120,0002002026-000120,BR_00000030,BR_00000012,numeric-chain-000065,33,24,23,1345,0.65,770,810,DC51D+Z,普碳,SPHC,软钢,normal_real,,,,,,,
diagnostic_candidate,True,0002001860-000200,0002001860-000200,0002001860-000200,BR_00000024,BR_00000012,numeric-chain-000065,33,25,20,1339,0.65,770,810,DC51D+Z,普碳,SPHC,软钢,normal_real,,,,,,,
diagnostic_candidate,True,0002001871-000300,0002001871-000300,0002001871-000300,BR_00000024,BR_00000012,numeric-chain-000065,33,26,13,1337,0.65,770,810,DC51D+Z,普碳,SPHC,软钢,normal_real,,,,,,,
diagnostic_candidate,True,0002001874-000050,0002001874-000050,0002001874-000050,BR_00000024,BR_00000012,numeric-chain-000065,33,27,23,1335,0.65,770,810,DC51D+Z,普碳,SPHC,软钢,normal_real,,,,,,,
diagnostic_candidate,True,0002001628-000080,0002001628-000080,0002001628-000080,BR_00000012,BR_00000012,numeric-chain-000065,33,28,23,1335,0.65,770,810,DC51D+Z,普碳,SPHC,软钢,normal_real,,,,,,,
diagnostic_candidate,True,0002002185-000100,0002002185-000100,0002002185-000100,BR_00000036,BR_00000012,numeric-chain-000065,33,29,23,1335,0.65,770,810,DC51D+Z,IF钢,SPHETI-3,软钢,normal_real,,,,,,,
diagnostic_candidate,True,0002001889-000130,0002001889-000130,0002001889-000130,BR_00000024,BR_00000012,numeric-chain-000065,33,30,13,1333,0.6,770,810,DC51D+Z,普碳,SPHC,软钢,normal_real,,,,,,,
diagnostic_candidate,True,0002001871-000500,0002001871-000500,0002001871-000500,BR_00000024,BR_00000012,numeric-chain-000065,33,31,13,1333,0.6,770,810,DC51D+Z,普碳,SPHC,软钢,normal_real,,,,,,,
diagnostic_candidate,True,0002001986-000060,0002001986-000060,0002001986-000060,BR_00000030,BR_00000012,numeric-chain-000065,33,32,24,1315,0.65,770,810,DC51D+Z,普碳,SPHC,软钢,normal_real,,,,,,,
diagnostic_candidate,True,0002001880-000220,0002001880-000220,0002001880-000220,BR_00000024,BR_00000012,numeric-chain-000065,33,33,48,1315,0.65,770,810,DC51D+Z,普碳,SPHC,软钢,normal_real,,,,,,,
diagnostic_candidate,True,0030121690-000060,0030121690-000060,0030121690-000060,BR_00000032,BR_00000012,numeric-chain-000065,33,34,24,1315,0.65,790,810,HC260YD+Z,加磷高强、烘烤硬化钢,H260Y,软钢,normal_real,,,,,,,
diagnostic_candidate,True,0002001854-000010,0002001854-000010,0002001854-000010,BR_00000024,BR_00000012,numeric-chain-000065,33,35,23,1300,0.6,770,810,DC51D+Z,普碳,SPHC,软钢,normal_real,,,,,,,
diagnostic_candidate,True,0002001780-000200,0002001780-000200,0002001780-000200,BR_00000024,BR_00000012,numeric-chain-000065,33,36,23,1300,0.6,770,810,DC51D+Z,普碳,SPHC,软钢,normal_real,,,,,,,
diagnostic_candidate,True,0002002170-000030,0002002170-000030,0002002170-000030,BR_00000036,BR_00000012,numeric-chain-000065,33,37,23,1300,0.6,770,810,DC51D+Z,IF钢,SPHETI-3,软钢,normal_real,,,,,,,
diagnostic_candidate,True,0002002020-000110,0002002020-000110,0002002020-000110,BR_00000030,BR_00000012,numeric-chain-000065,33,38,23,1298,0.6,770,810,DC51D+Z,普碳,SPHC,软钢,normal_real,,,,,,,
diagnostic_candidate,True,0030105818-000020,0030105818-000020,0030105818-000020,BR_00000012,BR_00000012,numeric-chain-000065,33,39,24,1293,0.65,790,810,HC260YD+Z,加磷高强、烘烤硬化钢,H260Y,软钢,normal_real,,,,,,,
diagnostic_candidate,True,0002001612-000680,0002001612-000680,0002001612-000680,BR_00000012,BR_00000012,numeric-chain-000065,33,40,92,1290,0.65,770,810,DC51D+Z,普碳,SPHC,软钢,normal_real,,,,,,,
diagnostic_candidate,True,0002002026-000030,0002002026-000030,0002002026-000030,BR_00000030,BR_00000012,numeric-chain-000065,33,41,23,1290,0.65,770,810,DC51D+Z,普碳,SPHC,软钢,normal_real,,,,,,,
diagnostic_candidate,True,0002001768-000130,0002001768-000130,0002001768-000130,BR_00000018,BR_00000012,numeric-chain-000065,33,42,23,1290,0.65,770,810,DC51D+Z,普碳,SPHC,软钢,normal_real,,,,,,,
diagnostic_candidate,True,0002001889-000120,0002001889-000120,0002001889-000120,BR_00000024,BR_00000012,numeric-chain-000065,33,43,40,1288,0.65,770,810,DC51D+Z,普碳,SPHC,软钢,normal_real,,,,,,,
diagnostic_candidate,True,0002001906-000170,0002001906-000170,0002001906-000170,BR_00000025,BR_00000012,numeric-chain-000065,33,44,23,1280,0.6,770,810,DC51D+Z,普碳,SPHC,软钢,normal_real,,,,,,,
diagnostic_candidate,True,0002001906-000180,0002001906-000180,0002001906-000180,BR_00000025,BR_00000012,numeric-chain-000065,33,45,23,1265,0.8,770,810,DC51D+Z,普碳,SPHC,软钢,normal_real,,,,,,,
diagnostic_candidate,True,0030106242-000120,0030106242-000120,0030106242-000120,BR_00000012,BR_00000012,numeric-chain-000065,33,46,24,1262,0.6,700,840,DC51D+Z-Q,深冲钢（PD）,SPHCQ,软钢,normal_real,,,,,,,
diagnostic_candidate,True,0030106995-000160,0030106995-000160,0030106995-000160,BR_00000016,BR_00000012,numeric-chain-000065,33,47,48,1260,0.65,770,810,DC51D+Z,IF钢,SPHETI-5,软钢,normal_real,,,,,,,
diagnostic_candidate,True,0030107561-000020,0030107561-000020,0030107561-000020,BR_00000018,BR_00000012,numeric-chain-000065,33,48,24,1250,0.6,700,840,DC51D+Z,普碳,SPHC,软钢,actual_transition,,,,,,,
diagnostic_candidate,True,0030122897-000060,0030122897-000060,0030122897-000060,BR_00000036,BR_00000012,numeric-chain-000065,33,49,72,1250,0.6,700,840,DC51D+Z,普碳,SPHC,软钢,actual_transition,,,,,,,
diagnostic_candidate,True,0030124871-000080,0030124871-000080,0030124871-000080,BR_00000036,BR_00000012,numeric-chain-000059,34,1,60,1575,0.95,710,730,DX51D+Z,普碳,SPHC,软钢,normal_real,,,,,,,
diagnostic_candidate,True,0030124871-000140,0030124871-000140,0030124871-000140,BR_00000036,BR_00000012,numeric-chain-000059,34,2,30,1550,0.95,710,730,DX51D+Z,普碳,SPHC,软钢,normal_real,,,,,,,
diagnostic_candidate,True,virtual-000232,,,,BR_00000012,numeric-chain-000059,34,3,20.00,1500,1.00,700,840,SPHC,,SPHC,,virtual_sphc,,"{""accepted_sequence"":232,""prototype_id"":""virtual_sphc:1500x1"",""purpose"":""edge_bridge"",""related_partition_id"":null}",,,,,
diagnostic_candidate,True,virtual-000233,,,,BR_00000012,numeric-chain-000059,34,4,20.00,1500,1.20,700,840,SPHC,,SPHC,,virtual_sphc,,"{""accepted_sequence"":233,""prototype_id"":""virtual_sphc:1500x1.2"",""purpose"":""edge_bridge"",""related_partition_id"":null}",,,,,
diagnostic_candidate,True,0030105462-000070,0030105462-000070,0030105462-000070,BR_00000012,BR_00000012,numeric-chain-000059,34,5,48,1500,1.5,700,840,DC51D+Z,普碳,SPHC,软钢,actual_transition,,,,,,,
diagnostic_candidate,True,virtual-000234,,,,BR_00000012,numeric-chain-000059,34,6,20.00,1500,1.20,700,840,SPHC,,SPHC,,virtual_sphc,,"{""accepted_sequence"":234,""prototype_id"":""virtual_sphc:1500x1.2"",""purpose"":""edge_bridge"",""related_partition_id"":null}",,,,,
diagnostic_candidate,True,virtual-000235,,,,BR_00000012,numeric-chain-000059,34,7,20.00,1500,1.00,700,840,SPHC,,SPHC,,virtual_sphc,,"{""accepted_sequence"":235,""prototype_id"":""virtual_sphc:1500x1"",""purpose"":""edge_bridge"",""related_partition_id"":null}",,,,,
diagnostic_candidate,True,0030107311-000050,0030107311-000050,0030107311-000050,BR_00000018,BR_00000012,numeric-chain-000059,34,8,24,1500,0.95,700,840,DC51D+Z,普碳,SPHC,软钢,actual_transition,,,,,,,
diagnostic_candidate,True,virtual-000210,,,,BR_00000012,numeric-chain-000059,34,9,20.00,1500,1.00,700,840,SPHC,,SPHC,,virtual_sphc,,"{""accepted_sequence"":210,""prototype_id"":""virtual_sphc:1500x1"",""purpose"":""edge_bridge"",""related_partition_id"":null}",,,,,
diagnostic_candidate,True,virtual-000215,,,,BR_00000012,numeric-chain-000059,34,10,20.00,1500,1.20,700,840,SPHC,,SPHC,,virtual_sphc,,"{""accepted_sequence"":215,""prototype_id"":""virtual_sphc:1500x1.2"",""purpose"":""edge_bridge"",""related_partition_id"":null}",,,,,
diagnostic_candidate,True,0030103526-000070,0030103526-000070,0030103526-000070,BR_00000012,BR_00000012,numeric-chain-000059,34,11,24,1500,1.5,700,840,DC51D+Z,普碳,SPHC,软钢,actual_transition,,,,,,,
diagnostic_candidate,True,virtual-000236,,,,BR_00000012,numeric-chain-000059,34,12,20.00,1500,1.20,700,840,SPHC,,SPHC,,virtual_sphc,,"{""accepted_sequence"":236,""prototype_id"":""virtual_sphc:1500x1.2"",""purpose"":""edge_bridge"",""related_partition_id"":null}",,,,,
diagnostic_candidate,True,0010018679-000080,0010018679-000080,0010018679-000080,BR_00000030,BR_00000012,numeric-chain-000059,34,13,120,1500,1,700,840,DC51D+Z,普碳,SPHC,软钢,actual_transition,,,,,,,
diagnostic_candidate,True,virtual-000178,,,,BR_00000012,numeric-chain-000059,34,14,20.00,1500,1.00,700,840,SPHC,,SPHC,,virtual_sphc,,"{""accepted_sequence"":178,""prototype_id"":""virtual_sphc:1500x1"",""purpose"":""edge_bridge"",""related_partition_id"":null}",,,,,
diagnostic_candidate,True,0030107311-000230,0030107311-000230,0030107311-000230,BR_00000018,BR_00000012,numeric-chain-000059,34,15,48,1500,1.2,700,840,DC51D+Z,普碳,SPHC,软钢,actual_transition,,,,,,,
diagnostic_candidate,True,virtual-000213,,,,BR_00000012,numeric-chain-000059,34,16,20.00,1500,1.20,700,840,SPHC,,SPHC,,virtual_sphc,,"{""accepted_sequence"":213,""prototype_id"":""virtual_sphc:1500x1.2"",""purpose"":""edge_bridge"",""related_partition_id"":null}",,,,,
diagnostic_candidate,True,virtual-000214,,,,BR_00000012,numeric-chain-000059,34,17,20.00,1500,1.00,700,840,SPHC,,SPHC,,virtual_sphc,,"{""accepted_sequence"":214,""prototype_id"":""virtual_sphc:1500x1"",""purpose"":""edge_bridge"",""related_partition_id"":null}",,,,,
diagnostic_candidate,True,0030104896-000010,0030104896-000010,0030104896-000010,BR_00000012,BR_00000012,numeric-chain-000059,34,18,24,1500,0.98,700,840,DX51D+Z,普碳,SPHC,软钢,normal_real,,,,,,,
diagnostic_candidate,True,virtual-000173,,,,BR_00000012,numeric-chain-000059,34,19,20.00,1500,1.00,700,840,SPHC,,SPHC,,virtual_sphc,,"{""accepted_sequence"":173,""prototype_id"":""virtual_sphc:1500x1"",""purpose"":""edge_bridge"",""related_partition_id"":null}",,,,,
diagnostic_candidate,True,virtual-000174,,,,BR_00000012,numeric-chain-000059,34,20,20.00,1500,1.20,700,840,SPHC,,SPHC,,virtual_sphc,,"{""accepted_sequence"":174,""prototype_id"":""virtual_sphc:1500x1.2"",""purpose"":""edge_bridge"",""related_partition_id"":null}",,,,,
diagnostic_candidate,True,0030107311-000250,0030107311-000250,0030107311-000250,BR_00000018,BR_00000012,numeric-chain-000059,34,21,48,1500,1.5,700,840,DC51D+Z,普碳,SPHC,软钢,actual_transition,,,,,,,
diagnostic_candidate,True,0005000548-000060,0005000548-000060,0005000548-000060,BR_00000030,BR_00000012,numeric-chain-000059,34,22,7,1460,2,715,735,CR380LA,低合金高强,H380LA-3,硬钢,normal_real,,,,,,,
diagnostic_candidate,True,0005000514-000060,0005000514-000060,0005000514-000060,BR_00000024,BR_00000012,numeric-chain-000059,34,23,23,1385,1.8,715,735,CR380LA,低合金高强,H380LA-3,硬钢,normal_real,,,,,,,
diagnostic_candidate,True,0005000548-000010,0005000548-000010,0005000548-000010,BR_00000030,BR_00000012,numeric-chain-000059,34,24,7,1355,1.6,715,735,CR380LA,低合金高强,H380LA-3,硬钢,normal_real,,,,,,,
diagnostic_candidate,True,0030114668-000030,0030114668-000030,0030114668-000030,BR_00000024,BR_00000012,numeric-chain-000059,34,25,69,1285,1.6,715,735,CR380LA,低合金高强,H380LA-3,硬钢,normal_real,,,,,,,
diagnostic_candidate,True,0005000489-000020,0005000489-000020,0005000489-000020,BR_00000018,BR_00000012,numeric-chain-000059,34,26,23,1280,1.5,715,735,CR380LA,低合金高强,H380LA-3,硬钢,normal_real,,,,,,,
diagnostic_candidate,True,0005000514-000090,0005000514-000090,0005000514-000090,BR_00000024,BR_00000012,numeric-chain-000059,34,27,23,1280,1.5,715,735,CR380LA,低合金高强,H380LA-3,硬钢,normal_real,,,,,,,
diagnostic_candidate,True,0005000562-000020,0005000562-000020,0005000562-000020,BR_00000036,BR_00000012,numeric-chain-000059,34,28,23,1280,1.5,715,735,CR380LA,低合金高强,H380LA-3,硬钢,normal_real,,,,,,,
diagnostic_candidate,True,0030103526-000150,0030103526-000150,0030103526-000150,BR_00000012,BR_00000012,numeric-chain-000059,34,29,48,1250,1.5,700,840,DC51D+Z,普碳,SPHC,软钢,actual_transition,,,,,,,
diagnostic_candidate,True,0030105927-000140,0030105927-000140,0030105927-000140,BR_00000012,BR_00000012,numeric-chain-000059,34,30,24,1250,1.5,820,840,DX53D+Z,IF钢,SPHETI-5,软钢,normal_real,,,,,,,
diagnostic_candidate,True,0030108590-000020,0030108590-000020,0030108590-000020,BR_00000018,BR_00000012,numeric-chain-000059,34,31,24,1250,1.5,830,850,DC54D+Z,IF钢,SPHETI-5,软钢,normal_real,,,,,,,
diagnostic_candidate,True,0005000501-000090,0005000501-000090,0005000501-000090,BR_00000024,BR_00000012,numeric-chain-000059,34,32,21,1245,1.75,830,850,CR3,IF钢,SPHETI-36,软钢,normal_real,,,,,,,
diagnostic_candidate,True,0005000464-000090,0005000464-000090,0005000464-000090,BR_00000012,BR_00000012,numeric-chain-000059,34,33,21,1245,1.75,830,850,CR3,IF钢,SPHETI-36,软钢,normal_real,,,,,,,
diagnostic_candidate,True,0005000563-000090,0005000563-000090,0005000563-000090,BR_00000036,BR_00000012,numeric-chain-000059,34,34,21,1245,1.75,830,850,CR3,IF钢,SPHETI-36,软钢,normal_real,,,,,,,
diagnostic_candidate,True,0030103545-000040,0030103545-000040,0030103545-000040,BR_00000012,BR_00000012,numeric-chain-000059,34,35,24,1240,1.5,700,840,DC51D+Z,普碳,SPHC,软钢,normal_real,,,,,,,
diagnostic_candidate,True,virtual-000046,,,,BR_00000012,numeric-chain-000059,34,36,20.00,1250,1.20,700,840,SPHC,,SPHC,,virtual_sphc,,"{""accepted_sequence"":46,""prototype_id"":""virtual_sphc:1250x1.2"",""purpose"":""edge_bridge"",""related_partition_id"":null}",,,,,
diagnostic_candidate,True,0002001895-000030,0002001895-000030,0002001895-000030,BR_00000024,BR_00000012,numeric-chain-000059,34,37,391,1236,1,820,840,DX53D+Z-CD,IF钢,SPHETI-5,软钢,normal_real,,,,,,,
diagnostic_candidate,True,0030114768-000090,0030114768-000090,0030114768-000090,BR_00000024,BR_00000012,numeric-chain-000059,34,38,7,1235,0.8,830,850,CR3,IF钢,SPHETI-36,软钢,normal_real,,,,,,,
diagnostic_candidate,True,virtual-000047,,,,BR_00000012,numeric-chain-000059,34,39,20.00,1250,1.00,700,850,SPHC,,SPHC,,virtual_sphc,,"{""accepted_sequence"":47,""prototype_id"":""virtual_sphc:1250x1"",""purpose"":""edge_bridge"",""related_partition_id"":null}",,,,,
diagnostic_candidate,True,0030103546-000010,0030103546-000010,0030103546-000010,BR_00000012,BR_00000012,numeric-chain-000059,34,40,24,1226,1.2,700,840,DC51D+Z,普碳,SPHC,软钢,normal_real,,,,,,,
diagnostic_candidate,True,0002001648-000050,0002001648-000050,0002001648-000050,BR_00000012,BR_00000012,numeric-chain-000059,34,41,48,1225,1.2,820,840,DX53D+Z-CD,IF钢,SPHETI-5,软钢,normal_real,,,,,,,
diagnostic_candidate,True,0030113851-000020,0030113851-000020,0030113851-000020,BR_00000024,BR_00000012,numeric-chain-000059,34,42,24,1223,1.1,820,840,DC53D+Z,IF钢,SPHETI-5,软钢,normal_real,,,,,,,
diagnostic_candidate,True,0002001998-000110,0002001998-000110,0002001998-000110,BR_00000030,BR_00000012,numeric-chain-000059,34,43,300,1220,1,830,850,DC53D+Z,IF钢,SPHETI-3,软钢,normal_real,,,,,,,
diagnostic_candidate,True,0002002054-000280,0002002054-000280,0002002054-000280,BR_00000030,BR_00000012,numeric-chain-000059,34,44,22,1219,1,820,840,DX53D+Z-MD,IF钢,SPHETI-5,软钢,normal_real,,,,,,,
diagnostic_candidate,True,0002002053-000070,0002002053-000070,0002002053-000070,BR_00000030,BR_00000012,numeric-chain-000059,34,45,72,1219,1.2,820,840,DX53D+Z-MD,IF钢,SPHETI-5,软钢,normal_real,,,,,,,
diagnostic_candidate,True,0030106800-000010,0030106800-000010,0030106800-000010,BR_00000013,BR_00000012,numeric-chain-000094,35,1,96,1340,0.85,830,850,DC54D+Z,IF钢,SPHETI-3,软钢,normal_real,,,,,,,
diagnostic_candidate,True,0030110869-000010,0030110869-000010,0030110869-000010,BR_00000019,BR_00000012,numeric-chain-000094,35,2,72,1340,0.85,830,850,DC54D+Z,IF钢,SPHETI-5,软钢,normal_real,,,,,,,
diagnostic_candidate,True,0005000486-000160,0005000486-000160,0005000486-000160,BR_00000018,BR_00000012,numeric-chain-000094,35,3,21,1333,1,830,850,CR3,IF钢,SPHETI-36,软钢,normal_real,,,,,,,
diagnostic_candidate,True,0005000501-000180,0005000501-000180,0005000501-000180,BR_00000024,BR_00000012,numeric-chain-000094,35,4,42,1333,1,830,850,CR3,IF钢,SPHETI-36,软钢,normal_real,,,,,,,
diagnostic_candidate,True,0005000547-000200,0005000547-000200,0005000547-000200,BR_00000030,BR_00000012,numeric-chain-000094,35,5,42,1333,1,830,850,CR3,IF钢,SPHETI-36,软钢,normal_real,,,,,,,
diagnostic_candidate,True,0030119985-000030,0030119985-000030,0030119985-000030,BR_00000030,BR_00000012,numeric-chain-000094,35,6,24,1335,1,820,840,DC53D+Z,IF钢,SPHETI-5,软钢,normal_real,,,,,,,
diagnostic_candidate,True,0030119945-000120,0030119945-000120,0030119945-000120,BR_00000030,BR_00000012,numeric-chain-000094,35,7,24,1340,1,830,850,DC54D+Z,IF钢,SPHETI-5,软钢,normal_real,,,,,,,
diagnostic_candidate,True,0030119945-000130,0030119945-000130,0030119945-000130,BR_00000030,BR_00000012,numeric-chain-000094,35,8,24,1330,1,830,850,DC54D+Z,IF钢,SPHETI-5,软钢,normal_real,,,,,,,
diagnostic_candidate,True,0030110864-000040,0030110864-000040,0030110864-000040,BR_00000019,BR_00000012,numeric-chain-000094,35,9,24,1320,1.15,830,850,DC56D+Z,IF钢,SPHETI-3,软钢,normal_real,,,,,,,
diagnostic_candidate,True,0030110866-000030,0030110866-000030,0030110866-000030,BR_00000019,BR_00000012,numeric-chain-000094,35,10,24,1320,1.15,830,850,DC56D+Z,IF钢,SPHETI-3,软钢,normal_real,,,,,,,
diagnostic_candidate,True,0030124567-000010,0030124567-000010,0030124567-000010,BR_00000036,BR_00000012,numeric-chain-000094,35,11,24,1310,1,830,850,DC56D+Z,IF钢,SPHETI-3,软钢,normal_real,,,,,,,
diagnostic_candidate,True,0002001871-000110,0002001871-000110,0002001871-000110,BR_00000024,BR_00000012,numeric-chain-000094,35,12,13,1310,1,830,850,DC54D+Z,IF钢,SPHETI-3,软钢,normal_real,,,,,,,
diagnostic_candidate,True,0002001744-000060,0002001744-000060,0002001744-000060,BR_00000018,BR_00000012,numeric-chain-000094,35,13,13,1305,1,830,850,DC53D+Z,IF钢,SPHETI-3,软钢,normal_real,,,,,,,
diagnostic_candidate,True,0030113466-000080,0030113466-000080,0030113466-000080,BR_00000024,BR_00000012,numeric-chain-000094,35,14,24,1290,0.8,820,840,DC53D+Z,IF钢,SPHETI-5,软钢,normal_real,,,,,,,
diagnostic_candidate,True,0005000544-000020,0005000544-000020,0005000544-000020,BR_00000030,BR_00000012,numeric-chain-000094,35,15,7,1285,0.8,830,850,CR3,IF钢,SPHETI-36,软钢,normal_real,,,,,,,
diagnostic_candidate,True,0002001854-000200,0002001854-000200,0002001854-000200,BR_00000024,BR_00000012,numeric-chain-000094,35,16,23,1280,0.65,830,850,DC54D+Z,IF钢,SPHETI-3,软钢,normal_real,,,,,,,
diagnostic_candidate,True,0030107561-000030,0030107561-000030,0030107561-000030,BR_00000018,BR_00000012,numeric-chain-000094,35,17,96,1250,0.75,700,840,DC51D+Z,普碳,SPHC,软钢,actual_transition,,,,,,,
diagnostic_candidate,True,0030107632-000020,0030107632-000020,0030107632-000020,BR_00000018,BR_00000012,numeric-chain-000094,35,18,20,1250,0.75,730,750,DX51D+Z,普碳,SPHC,软钢,normal_real,,,,,,,
diagnostic_candidate,True,0010018614-000010,0010018614-000010,0010018614-000010,BR_00000030,BR_00000012,numeric-chain-000094,35,19,24,1250,0.8,700,840,DC51D+Z,普碳,SPHC,软钢,actual_transition,,,,,,,
diagnostic_candidate,True,virtual-000139,,,,BR_00000012,numeric-chain-000094,35,20,20.00,1250,1.00,700,840,SPHC,,SPHC,,virtual_sphc,,"{""accepted_sequence"":139,""prototype_id"":""virtual_sphc:1250x1"",""purpose"":""edge_bridge"",""related_partition_id"":null}",,,,,
diagnostic_candidate,True,0030116618-000020,0030116618-000020,0030116618-000020,BR_00000030,BR_00000012,numeric-chain-000094,35,21,144,1250,1.2,820,840,DC53D+Z,IF钢,SPHETI-5,软钢,normal_real,,,,,,,
diagnostic_candidate,True,virtual-000131,,,,BR_00000012,numeric-chain-000094,35,22,20.00,1250,1.00,700,840,SPHC,,SPHC,,virtual_sphc,,"{""accepted_sequence"":131,""prototype_id"":""virtual_sphc:1250x1"",""purpose"":""edge_bridge"",""related_partition_id"":null}",,,,,
diagnostic_candidate,True,virtual-000098,,,,BR_00000012,numeric-chain-000094,35,23,20.00,1250,1.00,700,840,SPHC,,SPHC,,virtual_sphc,,"{""accepted_sequence"":98,""prototype_id"":""virtual_sphc:1250x1"",""purpose"":""edge_bridge"",""related_partition_id"":null}",,,,,
diagnostic_candidate,True,0030107561-000040,0030107561-000040,0030107561-000040,BR_00000018,BR_00000012,numeric-chain-000094,35,24,96,1250,1,700,840,DC51D+Z,普碳,SPHC,软钢,actual_transition,,,,,,,
diagnostic_candidate,True,0030107311-000320,0030107311-000320,0030107311-000320,BR_00000018,BR_00000012,numeric-chain-000094,35,25,24,1250,1.2,700,840,DC51D+Z,普碳,SPHC,软钢,actual_transition,,,,,,,
diagnostic_candidate,True,0030108590-000010,0030108590-000010,0030108590-000010,BR_00000018,BR_00000012,numeric-chain-000094,35,26,24,1250,1.2,830,850,DC54D+Z,IF钢,SPHETI-5,软钢,normal_real,,,,,,,
diagnostic_candidate,True,virtual-000043,,,,BR_00000012,numeric-chain-000094,35,27,20.00,1250,1.00,700,850,SPHC,,SPHC,,virtual_sphc,,"{""accepted_sequence"":43,""prototype_id"":""virtual_sphc:1250x1"",""purpose"":""edge_bridge"",""related_partition_id"":null}",,,,,
diagnostic_candidate,True,0030106638-000010,0030106638-000010,0030106638-000010,BR_00000018,BR_00000012,numeric-chain-000094,35,28,115,1070,0.8,700,840,DC51D+Z,普碳,SPHC,软钢,actual_transition,,,,,,,
diagnostic_candidate,True,0005000547-000480,0005000547-000480,0005000547-000480,BR_00000030,BR_00000012,numeric-chain-000094,35,29,20,1060,0.7,810,830,CR240LA,低合金高强,H260LAD-3,硬钢,normal_real,,,,,,,
diagnostic_candidate,True,0005000464-000420,0005000464-000420,0005000464-000420,BR_00000012,BR_00000012,numeric-chain-000094,35,30,20,1060,0.7,810,830,CR240LA,低合金高强,H260LAD-3,硬钢,normal_real,,,,,,,
diagnostic_candidate,True,0005000501-000430,0005000501-000430,0005000501-000430,BR_00000024,BR_00000012,numeric-chain-000094,35,31,20,1060,0.7,810,830,CR240LA,低合金高强,H260LAD-3,硬钢,normal_real,,,,,,,
diagnostic_candidate,True,0005000501-000530,0005000501-000530,0005000501-000530,BR_00000024,BR_00000012,numeric-chain-000094,35,32,20,1056,0.8,810,830,CR240LA,低合金高强,H260LAD-3,硬钢,normal_real,,,,,,,
diagnostic_candidate,True,0005000464-000320,0005000464-000320,0005000464-000320,BR_00000012,BR_00000012,numeric-chain-000094,35,33,40,1030,0.8,810,830,CR240LA,低合金高强,H260LAD-3,硬钢,normal_real,,,,,,,
diagnostic_candidate,True,0005000547-000420,0005000547-000420,0005000547-000420,BR_00000030,BR_00000012,numeric-chain-000094,35,34,40,1030,0.8,810,830,CR240LA,低合金高强,H260LAD-3,硬钢,normal_real,,,,,,,
diagnostic_candidate,True,0005000501-000370,0005000501-000370,0005000501-000370,BR_00000024,BR_00000012,numeric-chain-000094,35,35,20,1030,0.8,810,830,CR240LA,低合金高强,H260LAD-3,硬钢,normal_real,,,,,,,
diagnostic_candidate,True,0030122899-000010,0030122899-000010,0030122899-000010,BR_00000036,BR_00000012,numeric-chain-000094,35,36,60,1000,0.8,700,840,DC51D+Z,普碳,SPHC,软钢,actual_transition,,,,,,,
diagnostic_candidate,True,0005000563-000210,0005000563-000210,0005000563-000210,BR_00000036,BR_00000012,numeric-chain-000094,35,37,21,995,0.7,800,820,CR2,IF钢,SPHETI-36,软钢,normal_real,,,,,,,
diagnostic_candidate,True,0002001874-000100,0002001874-000100,0002001874-000100,BR_00000024,BR_00000012,numeric-chain-000094,35,38,19,990,0.6,770,810,DC51D+Z,普碳,SPHC,软钢,normal_real,,,,,,,
diagnostic_candidate,True,0002001744-000190,0002001744-000190,0002001744-000190,BR_00000018,BR_00000012,numeric-chain-000094,35,39,13,985,0.6,770,810,DC51D+Z,普碳,SPHC,软钢,normal_real,,,,,,,
diagnostic_candidate,True,0002002195-000020,0002002195-000020,0002002195-000020,BR_00000036,BR_00000012,numeric-chain-000094,35,40,44,985,0.65,770,810,DC51D+Z,普碳,SPHC,软钢,normal_real,,,,,,,
diagnostic_candidate,True,0002001880-000040,0002001880-000040,0002001880-000040,BR_00000024,BR_00000012,numeric-chain-000094,35,41,90,985,0.65,770,810,DC51D+Z,普碳,SPHC,软钢,normal_real,,,,,,,
diagnostic_candidate,True,0002001901-000100,0002001901-000100,0002001901-000100,BR_00000024,BR_00000012,numeric-chain-000094,35,42,19,978,0.65,770,810,DC51D+Z,普碳,SPHC,软钢,normal_real,,,,,,,
diagnostic_candidate,True,0002001854-000310,0002001854-000310,0002001854-000310,BR_00000024,BR_00000012,numeric-chain-000094,35,43,20,975,0.6,770,810,DC51D+Z,普碳,SPHC,软钢,normal_real,,,,,,,
diagnostic_candidate,True,0002001860-000110,0002001860-000110,0002001860-000110,BR_00000024,BR_00000012,numeric-chain-000094,35,44,20,972,0.65,770,810,DC51D+Z,普碳,SPHC,软钢,normal_real,,,,,,,
diagnostic_candidate,True,0002002170-000280,0002002170-000280,0002002170-000280,BR_00000036,BR_00000012,numeric-chain-000094,35,45,19,971,0.65,770,810,DC51D+Z,IF钢,SPHETI-3,软钢,normal_real,,,,,,,
diagnostic_candidate,True,0002001901-000060,0002001901-000060,0002001901-000060,BR_00000024,BR_00000012,numeric-chain-000094,35,46,19,971,0.65,770,810,DC51D+Z,普碳,SPHC,软钢,normal_real,,,,,,,
diagnostic_candidate,True,0002002170-000380,0002002170-000380,0002002170-000380,BR_00000036,BR_00000012,numeric-chain-000094,35,47,20,960,0.65,770,810,DC51D+Z,IF钢,SPHETI-3,软钢,normal_real,,,,,,,
diagnostic_candidate,True,0030115673-000150,0030115673-000150,0030115673-000150,BR_00000025,BR_00000012,numeric-chain-000094,35,48,17,937,0.7,770,810,DC51D+Z,深冲钢（PD）,SPHCQ,软钢,normal_real,,,,,,,
diagnostic_candidate,True,0030120940-000050,0030120940-000050,0030120940-000050,BR_00000032,BR_00000012,numeric-chain-000094,35,49,18,937,0.7,770,810,DC51D+Z,深冲钢（PD）,SPHCQ,软钢,normal_real,,,,,,,
diagnostic_candidate,True,0002001880-000030,0002001880-000030,0002001880-000030,BR_00000024,BR_00000012,numeric-chain-000094,35,50,40,918,0.65,770,810,DC51D+Z,普碳,SPHC,软钢,normal_real,,,,,,,
diagnostic_candidate,True,0002001901-000090,0002001901-000090,0002001901-000090,BR_00000024,BR_00000012,numeric-chain-000094,35,51,20,910,0.6,770,810,DC51D+Z,普碳,SPHC,软钢,normal_real,,,,,,,
diagnostic_candidate,True,0002002180-000050,0002002180-000050,0002002180-000050,BR_00000036,BR_00000012,numeric-chain-000094,35,52,20,910,0.65,770,810,DC51D+Z,IF钢,SPHETI-3,软钢,normal_real,,,,,,,
diagnostic_candidate,True,0002001612-000540,0002001612-000540,0002001612-000540,BR_00000012,BR_00000012,numeric-chain-000094,35,53,17,834,0.65,770,810,DC51D+Z,普碳,SPHC,软钢,normal_real,,,,,,,
diagnostic_candidate,True,0002002195-000210,0002002195-000210,0002002195-000210,BR_00000036,BR_00000012,numeric-chain-000094,35,54,18,830,0.6,770,810,DC51D+Z,普碳,SPHC,软钢,normal_real,,,,,,,
diagnostic_candidate,True,0002001986-000010,0002001986-000010,0002001986-000010,BR_00000030,BR_00000012,numeric-chain-000094,35,55,18,830,0.6,770,810,DC51D+Z,普碳,SPHC,软钢,normal_real,,,,,,,
diagnostic_candidate,True,0002002170-000130,0002002170-000130,0002002170-000130,BR_00000036,BR_00000012,numeric-chain-000094,35,56,55,828,0.65,770,810,DC51D+Z,普碳,SPHC,软钢,normal_real,,,,,,,
diagnostic_candidate,True,0002001901-000120,0002001901-000120,0002001901-000120,BR_00000024,BR_00000012,numeric-chain-000094,35,57,32,810,0.6,770,810,DC51D+Z,普碳,SPHC,软钢,normal_real,,,,,,,
diagnostic_candidate,True,0030108545-000040,0030108545-000040,0030108545-000040,BR_00000018,BR_00000012,numeric-chain-000001,36,1,72,1500,2.49,820,840,DC53D+Z,IF钢,SPHETI-5,软钢,normal_real,,,,,,,
diagnostic_candidate,True,0030119938-000340,0030119938-000340,0030119938-000340,BR_00000030,BR_00000012,numeric-chain-000001,36,2,48,1500,2.49,820,840,DC53D+Z,IF钢,SPHETI-5,软钢,normal_real,,,,,,,
diagnostic_candidate,True,0030108545-000030,0030108545-000030,0030108545-000030,BR_00000018,BR_00000012,numeric-chain-000001,36,3,72,1363,2.49,820,840,DC53D+Z,IF钢,SPHETI-5,软钢,normal_real,,,,,,,
diagnostic_candidate,True,0030122647-000580,0030122647-000580,0030122647-000580,BR_00000036,BR_00000012,numeric-chain-000001,36,4,48,1363,2.49,820,840,DC53D+Z,IF钢,SPHETI-5,软钢,normal_real,,,,,,,
diagnostic_candidate,True,0030114679-000010,0030114679-000010,0030114679-000010,BR_00000024,BR_00000012,numeric-chain-000001,36,5,24,1340,2.4,830,850,DC54D+Z,IF钢,SPHETI-5,软钢,normal_real,,,,,,,
diagnostic_candidate,True,0002002054-000060,0002002054-000060,0002002054-000060,BR_00000030,BR_00000012,numeric-chain-000001,36,6,50,1300,2,820,840,DX53D+Z-MD,IF钢,SPHETI-5,软钢,normal_real,,,,,,,
diagnostic_candidate,True,0030119938-000330,0030119938-000330,0030119938-000330,BR_00000030,BR_00000012,numeric-chain-000001,36,7,120,1300,2.49,820,840,DC53D+Z,IF钢,SPHETI-5,软钢,normal_real,,,,,,,
diagnostic_candidate,True,0030108545-000020,0030108545-000020,0030108545-000020,BR_00000018,BR_00000012,numeric-chain-000001,36,8,72,1300,2.49,820,840,DC53D+Z,IF钢,SPHETI-5,软钢,normal_real,,,,,,,
diagnostic_candidate,True,0030122647-000570,0030122647-000570,0030122647-000570,BR_00000036,BR_00000012,numeric-chain-000001,36,9,48,1300,2.49,820,840,DC53D+Z,IF钢,SPHETI-5,软钢,normal_real,,,,,,,
diagnostic_candidate,True,0005000547-000080,0005000547-000080,0005000547-000080,BR_00000030,BR_00000012,numeric-chain-000001,36,10,21,1293,2,830,850,CR3,IF钢,SPHETI-36,软钢,normal_real,,,,,,,
diagnostic_candidate,True,0005000464-000070,0005000464-000070,0005000464-000070,BR_00000012,BR_00000012,numeric-chain-000001,36,11,21,1293,2,830,850,CR3,IF钢,SPHETI-36,软钢,normal_real,,,,,,,
diagnostic_candidate,True,virtual-000132,,,,BR_00000012,numeric-chain-000001,36,12,20.00,1250,1.50,815,850,SPHC,,SPHC,,virtual_sphc,,"{""accepted_sequence"":132,""prototype_id"":""virtual_sphc:1250x1.5"",""purpose"":""edge_bridge"",""related_partition_id"":null}",,,,,
diagnostic_candidate,True,0002001899-000140,0002001899-000140,0002001899-000140,BR_00000024,BR_00000012,numeric-chain-000001,36,13,22,1250,1.2,815,835,DX51D+Z-MD,普碳,SPHC,软钢,normal_real,,,,,,,
diagnostic_candidate,True,virtual-000101,,,,BR_00000012,numeric-chain-000001,36,14,20.00,1250,1.50,815,850,SPHC,,SPHC,,virtual_sphc,,"{""accepted_sequence"":101,""prototype_id"":""virtual_sphc:1250x1.5"",""purpose"":""edge_bridge"",""related_partition_id"":null}",,,,,
diagnostic_candidate,True,virtual-000065,,,,BR_00000012,numeric-chain-000001,36,15,20.00,1250,1.50,820,850,SPHC,,SPHC,,virtual_sphc,,"{""accepted_sequence"":65,""prototype_id"":""virtual_sphc:1250x1.5"",""purpose"":""edge_bridge"",""related_partition_id"":null}",,,,,
diagnostic_candidate,True,0002001897-000030,0002001897-000030,0002001897-000030,BR_00000024,BR_00000012,numeric-chain-000001,36,16,88,1250,1.2,820,840,DX53D+Z-CD,IF钢,SPHETI-5,软钢,normal_real,,,,,,,
diagnostic_candidate,True,virtual-000033,,,,BR_00000012,numeric-chain-000001,36,17,20.00,1250,1.50,815,850,SPHC,,SPHC,,virtual_sphc,,"{""accepted_sequence"":33,""prototype_id"":""virtual_sphc:1250x1.5"",""purpose"":""edge_bridge"",""related_partition_id"":null}",,,,,
diagnostic_candidate,True,virtual-000102,,,,BR_00000012,numeric-chain-000001,36,18,20.00,1250,1.20,815,850,SPHC,,SPHC,,virtual_sphc,,"{""accepted_sequence"":102,""prototype_id"":""virtual_sphc:1250x1.2"",""purpose"":""edge_bridge"",""related_partition_id"":null}",,,,,
diagnostic_candidate,True,0002001757-000150,0002001757-000150,0002001757-000150,BR_00000018,BR_00000012,numeric-chain-000001,36,19,300,1236,1,820,840,DX53D+Z-CD,IF钢,SPHETI-5,软钢,normal_real,,,,,,,
diagnostic_candidate,True,0030107859-000010,0030107859-000010,0030107859-000010,BR_00000018,BR_00000012,numeric-chain-000119,37,1,22,1502,2,770,810,DX52D+Z,深冲钢（PD）,SPHCQ,软钢,normal_real,,,,,,,
diagnostic_candidate,True,0030124734-000010,0030124734-000010,0030124734-000010,BR_00000036,BR_00000012,numeric-chain-000119,37,2,24,1500,2,795,815,HC220YD+Z,加磷高强、烘烤硬化钢,H220Y,软钢,normal_real,,,,,,,
diagnostic_candidate,True,0002001867-000080,0002001867-000080,0002001867-000080,BR_00000024,BR_00000012,numeric-chain-000119,37,3,23,1423,2,795,815,220YD+Z,加磷高强、烘烤硬化钢,H220Y,软钢,normal_real,,,,,,,
diagnostic_candidate,True,0030106841-000010,0030106841-000010,0030106841-000010,BR_00000013,BR_00000012,numeric-chain-000119,37,4,100,1422,2.5,795,815,HC220YD+Z,加磷高强、烘烤硬化钢,H220Y,软钢,normal_real,,,,,,,
diagnostic_candidate,True,0030115402-000010,0030115402-000010,0030115402-000010,BR_00000025,BR_00000012,numeric-chain-000119,37,5,48,1422,2.5,795,815,HC220YD+Z,加磷高强、烘烤硬化钢,H220Y,软钢,normal_real,,,,,,,
diagnostic_candidate,True,0030120865-000010,0030120865-000010,0030120865-000010,BR_00000032,BR_00000012,numeric-chain-000119,37,6,50,1422,2.5,795,815,HC220YD+Z,加磷高强、烘烤硬化钢,H220Y,软钢,normal_real,,,,,,,
diagnostic_candidate,True,0030114755-000030,0030114755-000030,0030114755-000030,BR_00000024,BR_00000012,numeric-chain-000119,37,7,96,1420,2.5,700,840,DC51D+Z,普碳,SPHC,软钢,normal_real,,,,,,,
diagnostic_candidate,True,0030102943-000060,0030102943-000060,0030102943-000060,BR_00000012,BR_00000012,numeric-chain-000119,37,8,48,1406,2.3,700,720,DC51D+Z,普碳,SPHC,软钢,actual_transition,,,,,,,
diagnostic_candidate,True,0030121181-000020,0030121181-000020,0030121181-000020,BR_00000032,BR_00000012,numeric-chain-000119,37,9,24,1360,2,700,720,DC51D+Z,普碳,SPHC,软钢,actual_transition,,,,,,,
diagnostic_candidate,True,0010019881-000060,0010019881-000060,0010019881-000060,BR_00000036,BR_00000012,numeric-chain-000119,37,10,96,1355,1.95,700,840,DC51D+Z,普碳,SPHC,软钢,actual_transition,,,,,,,
diagnostic_candidate,True,0005000464-000390,0005000464-000390,0005000464-000390,BR_00000012,BR_00000012,numeric-chain-000119,37,11,40,1280,2.2,715,735,CR380LA,低合金高强,H380LA-3,硬钢,normal_real,,,,,,,
diagnostic_candidate,True,0005000547-000600,0005000547-000600,0005000547-000600,BR_00000030,BR_00000012,numeric-chain-000119,37,12,40,1235,2,715,735,CR380LA,低合金高强,H380LA-3,硬钢,normal_real,,,,,,,
diagnostic_candidate,True,0005000464-000530,0005000464-000530,0005000464-000530,BR_00000012,BR_00000012,numeric-chain-000119,37,13,40,1235,2,715,735,CR380LA,低合金高强,H380LA-3,硬钢,normal_real,,,,,,,
diagnostic_candidate,True,0005000501-000540,0005000501-000540,0005000501-000540,BR_00000024,BR_00000012,numeric-chain-000119,37,14,40,1235,2,715,735,CR380LA,低合金高强,H380LA-3,硬钢,normal_real,,,,,,,
diagnostic_candidate,True,virtual-000062,,,,BR_00000012,numeric-chain-000119,37,15,20.00,1250,1.50,715,835,SPHC,,SPHC,,virtual_sphc,,"{""accepted_sequence"":62,""prototype_id"":""virtual_sphc:1250x1.5"",""purpose"":""edge_bridge"",""related_partition_id"":null}",,,,,
diagnostic_candidate,True,0002001899-000070,0002001899-000070,0002001899-000070,BR_00000024,BR_00000012,numeric-chain-000119,37,16,115,1219,1.5,815,835,DX51D+Z-MD,普碳,SPHC,软钢,normal_real,,,,,,,
diagnostic_candidate,True,0030103224-000050,0030103224-000050,0030103224-000050,BR_00000012,BR_00000012,numeric-chain-000119,37,17,72,1225,1.6,700,840,DC51D+Z,普碳,SPHC,软钢,actual_transition,,,,,,,
diagnostic_candidate,True,0030121502-000020,0030121502-000020,0030121502-000020,BR_00000030,BR_00000012,numeric-chain-000119,37,18,24,1209,1.5,805,825,HC260YD+Z,加磷高强、烘烤硬化钢,H260Y,软钢,normal_real,,,,,,,
diagnostic_candidate,True,0030104601-000030,0030104601-000030,0030104601-000030,BR_00000012,BR_00000012,numeric-chain-000119,37,19,48,1205,1.2,795,815,HC220YD+Z,加磷高强、烘烤硬化钢,H220Y,软钢,normal_real,,,,,,,
diagnostic_candidate,True,0030124772-000010,0030124772-000010,0030124772-000010,BR_00000036,BR_00000012,numeric-chain-000119,37,20,24,1200,1.5,700,840,DC51D+Z,普碳,SPHC,软钢,actual_transition,,,,,,,
diagnostic_candidate,True,0030120818-000010,0030120818-000010,0030120818-000010,BR_00000030,BR_00000012,numeric-chain-000119,37,21,24,1180,1.6,700,720,DC51D+Z,普碳,SPHC,软钢,actual_transition,,,,,,,
diagnostic_candidate,True,0030120817-000090,0030120817-000090,0030120817-000090,BR_00000030,BR_00000012,numeric-chain-000119,37,22,24,1180,1.6,700,720,DC51D+Z,普碳,SPHC,软钢,actual_transition,,,,,,,
diagnostic_candidate,True,0030119916-000040,0030119916-000040,0030119916-000040,BR_00000030,BR_00000012,numeric-chain-000119,37,23,24,1166,2,700,720,DC51D+Z,普碳,SPHC,软钢,normal_real,,,,,,,
diagnostic_candidate,True,0030106245-000090,0030106245-000090,0030106245-000090,BR_00000012,BR_00000012,numeric-chain-000119,37,24,23,1150,2,700,840,DC51D+Z,普碳,SPHC,软钢,normal_real,,,,,,,
diagnostic_candidate,True,0030113328-000030,0030113328-000030,0030113328-000030,BR_00000024,BR_00000012,numeric-chain-000119,37,25,23,1080,2.4,820,840,DC53D+Z,IF钢,SPHETI-5,软钢,normal_real,,,,,,,
diagnostic_candidate,True,0030114768-000050,0030114768-000050,0030114768-000050,BR_00000024,BR_00000012,numeric-chain-000119,37,26,7,1055,2,830,850,CR3,IF钢,SPHETI-36,软钢,normal_real,,,,,,,
diagnostic_candidate,True,0030110553-000010,0030110553-000010,0030110553-000010,BR_00000018,BR_00000012,numeric-chain-000119,37,27,24,1054,2,830,850,DC54D+Z,IF钢,SPHETI-5,软钢,normal_real,,,,,,,
diagnostic_candidate,True,0002001647-000110,0002001647-000110,0002001647-000110,BR_00000012,BR_00000012,numeric-chain-000119,37,28,208,1050,1.5,820,840,DX53D+Z-CD,IF钢,SPHETI-5,软钢,normal_real,,,,,,,
diagnostic_candidate,True,0002001623-000020,0002001623-000020,0002001623-000020,BR_00000012,BR_00000012,numeric-chain-000119,37,29,192,1050,1.5,820,840,DX53D+Z-CD,IF钢,SPHETI-5,软钢,normal_real,,,,,,,
diagnostic_candidate,True,0030113525-000020,0030113525-000020,0030113525-000020,BR_00000024,BR_00000012,numeric-chain-000119,37,30,21,1020,1.4,700,840,DC51D+Z,普碳,SPHC,软钢,normal_real,,,,,,,
diagnostic_candidate,True,0002002202-000230,0002002202-000230,0002002202-000230,BR_00000036,BR_00000012,numeric-chain-000119,37,31,19,1020,1.4,770,810,DC51D+Z,IF钢,SPHETI-3,软钢,normal_real,,,,,,,
diagnostic_candidate,True,0002002024-000150,0002002024-000150,0002002024-000150,BR_00000030,BR_00000012,numeric-chain-000119,37,32,19,1020,1.4,770,810,DC51D+Z,普碳,SPHC,软钢,normal_real,,,,,,,
diagnostic_candidate,True,0002001873-000030,0002001873-000030,0002001873-000030,BR_00000024,BR_00000012,numeric-chain-000119,37,33,19,1020,1.4,770,810,DC51D+Z,普碳,SPHC,软钢,normal_real,,,,,,,
diagnostic_candidate,True,0002002202-000100,0002002202-000100,0002002202-000100,BR_00000036,BR_00000012,numeric-chain-000119,37,34,19,1001,1.2,770,810,DC51D+Z,普碳,SPHC,软钢,normal_real,,,,,,,
diagnostic_candidate,True,0030108871-000010,0030108871-000010,0030108871-000010,BR_00000018,BR_00000012,numeric-chain-000119,37,35,284,1000,1,700,840,DC51D+Z,普碳,SPHC,软钢,actual_transition,,,,,,,
diagnostic_candidate,True,0030119182-000040,0030119182-000040,0030119182-000040,BR_00000030,BR_00000012,numeric-chain-000118,38,1,24,1451,2.4,760,780,HC340/590DPD+Z,双相钢,W590X4,硬钢,normal_real,,,,,,,
diagnostic_candidate,True,0030119182-000020,0030119182-000020,0030119182-000020,BR_00000030,BR_00000012,numeric-chain-000118,38,2,48,1402,2.49,760,780,HC340/590DPD+Z,双相钢,W590X4,硬钢,normal_real,,,,,,,
diagnostic_candidate,True,0030118764-000040,0030118764-000040,0030118764-000040,BR_00000030,BR_00000012,numeric-chain-000118,38,3,48,1400,2.4,760,780,HC340/590DPD+Z,双相钢,W590X4,硬钢,normal_real,,,,,,,
diagnostic_candidate,True,0005000463-000080,0005000463-000080,0005000463-000080,BR_00000012,BR_00000012,numeric-chain-000118,38,4,23,1366,2.5,760,780,CR340LA,低合金高强,H340LA-3,硬钢,normal_real,,,,,,,
diagnostic_candidate,True,0005000555-000040,0005000555-000040,0005000555-000040,BR_00000030,BR_00000012,numeric-chain-000118,38,5,23,1339,2.5,760,780,CR340LA,低合金高强,H340LA-3,硬钢,normal_real,,,,,,,
diagnostic_candidate,True,0030119182-000030,0030119182-000030,0030119182-000030,BR_00000030,BR_00000012,numeric-chain-000118,38,6,48,1274,2.49,760,780,HC340/590DPD+Z,双相钢,W590X4,硬钢,normal_real,,,,,,,
diagnostic_candidate,True,0030118873-000050,0030118873-000050,0030118873-000050,BR_00000030,BR_00000012,numeric-chain-000118,38,7,24,1250,2.45,760,780,HC340/590DPD+Z,双相钢,W590X4,硬钢,normal_real,,,,,,,
diagnostic_candidate,True,0030119183-000010,0030119183-000010,0030119183-000010,BR_00000030,BR_00000012,numeric-chain-000118,38,8,48,1233,2.45,760,780,HC340/590DPD+Z,双相钢,W590X4,硬钢,normal_real,,,,,,,
diagnostic_candidate,True,0030119182-000010,0030119182-000010,0030119182-000010,BR_00000030,BR_00000012,numeric-chain-000118,38,9,48,1205,2.49,760,780,HC340/590DPD+Z,双相钢,W590X4,硬钢,normal_real,,,,,,,
diagnostic_candidate,True,0030120066-000010,0030120066-000010,0030120066-000010,BR_00000030,BR_00000012,numeric-chain-000118,38,10,96,1118,2.5,760,780,HC340/590DPD+Z,双相钢,W590X4,硬钢,normal_real,,,,,,,
diagnostic_candidate,True,0005000514-000070,0005000514-000070,0005000514-000070,BR_00000024,BR_00000012,numeric-chain-000118,38,11,23,1095,2,740,780,CR420LA,低合金高强,H420LAD-3,硬钢,normal_real,,,,,,,
diagnostic_candidate,True,0005000469-000040,0005000469-000040,0005000469-000040,BR_00000012,BR_00000012,numeric-chain-000118,38,12,14,1109,2.5,760,780,CR340LA,低合金高强,H340LA-3,硬钢,normal_real,,,,,,,
diagnostic_candidate,True,virtual-000099,,,,BR_00000012,numeric-chain-000118,38,13,20.00,1000,2.50,735,780,SPHC,,SPHC,,virtual_sphc,,"{""accepted_sequence"":99,""prototype_id"":""virtual_sphc:1000x2.5"",""purpose"":""edge_bridge"",""related_partition_id"":null}",,,,,
diagnostic_candidate,True,0005000509-000180,0005000509-000180,0005000509-000180,BR_00000024,BR_00000012,numeric-chain-000118,38,14,20,1006,2.5,735,755,CR240LA,低合金高强,H260LAD-3,硬钢,normal_real,,,,,,,
diagnostic_candidate,True,virtual-000061,,,,BR_00000012,numeric-chain-000118,38,15,20.00,1000,2.50,735,780,SPHC,,SPHC,,virtual_sphc,,"{""accepted_sequence"":61,""prototype_id"":""virtual_sphc:1000x2.5"",""purpose"":""edge_bridge"",""related_partition_id"":null}",,,,,
diagnostic_candidate,True,virtual-000036,,,,BR_00000012,numeric-chain-000118,38,16,20.00,1000,2.50,700,755,SPHC,,SPHC,,virtual_sphc,,"{""accepted_sequence"":36,""prototype_id"":""virtual_sphc:1000x2.5"",""purpose"":""edge_bridge"",""related_partition_id"":null}",,,,,
diagnostic_candidate,True,0010020206-000030,0010020206-000030,0010020206-000030,BR_00000036,BR_00000012,numeric-chain-000118,38,17,110,1000,2.5,700,720,DC51D+Z,普碳,SPHC,软钢,actual_transition,,,,,,,
diagnostic_candidate,True,0010018679-000050,0010018679-000050,0010018679-000050,BR_00000030,BR_00000012,numeric-chain-000118,38,18,110,1000,2.5,700,720,DC51D+Z,普碳,SPHC,软钢,actual_transition,,,,,,,
diagnostic_candidate,True,virtual-000055,,,,BR_00000012,numeric-chain-000118,38,19,20.00,1000,2.00,700,840,SPHC,,SPHC,,virtual_sphc,,"{""accepted_sequence"":55,""prototype_id"":""virtual_sphc:1000x2"",""purpose"":""edge_bridge"",""related_partition_id"":null}",,,,,
diagnostic_candidate,True,virtual-000126,,,,BR_00000012,numeric-chain-000118,38,20,20.00,1000,1.50,700,840,SPHC,,SPHC,,virtual_sphc,,"{""accepted_sequence"":126,""prototype_id"":""virtual_sphc:1000x1.5"",""purpose"":""edge_bridge"",""related_partition_id"":null}",,,,,
diagnostic_candidate,True,0030117112-000010,0030117112-000010,0030117112-000010,BR_00000030,BR_00000012,numeric-chain-000118,38,21,88,1000,1.25,820,840,DC53D+Z,IF钢,SPHETI-5,软钢,normal_real,,,,,,,
diagnostic_candidate,True,virtual-000093,,,,BR_00000012,numeric-chain-000118,38,22,20.00,1000,1.50,700,840,SPHC,,SPHC,,virtual_sphc,,"{""accepted_sequence"":93,""prototype_id"":""virtual_sphc:1000x1.5"",""purpose"":""edge_bridge"",""related_partition_id"":null}",,,,,
diagnostic_candidate,True,virtual-000056,,,,BR_00000012,numeric-chain-000118,38,23,20.00,1000,1.50,700,840,SPHC,,SPHC,,virtual_sphc,,"{""accepted_sequence"":56,""prototype_id"":""virtual_sphc:1000x1.5"",""purpose"":""edge_bridge"",""related_partition_id"":null}",,,,,
diagnostic_candidate,True,0030111333-000010,0030111333-000010,0030111333-000010,BR_00000019,BR_00000012,numeric-chain-000118,38,24,110,1000,1.25,820,840,DC53D+Z,IF钢,SPHETI-5,软钢,normal_real,,,,,,,
diagnostic_candidate,True,0005000563-000220,0005000563-000220,0005000563-000220,BR_00000036,BR_00000012,numeric-chain-000118,38,25,36,928,1.2,820,840,CR210BH,加磷高强、烘烤硬化钢,H220BH,软钢,normal_real,,,,,,,
diagnostic_candidate,True,0005000547-000300,0005000547-000300,0005000547-000300,BR_00000030,BR_00000012,numeric-chain-000118,38,26,54,928,1.2,820,840,CR210BH,加磷高强、烘烤硬化钢,H220BH,软钢,normal_real,,,,,,,
diagnostic_candidate,True,0005000501-000270,0005000501-000270,0005000501-000270,BR_00000024,BR_00000012,numeric-chain-000118,38,27,36,928,1.2,820,840,CR210BH,加磷高强、烘烤硬化钢,H220BH,软钢,normal_real,,,,,,,
diagnostic_candidate,True,0005000486-000170,0005000486-000170,0005000486-000170,BR_00000018,BR_00000012,numeric-chain-000118,38,28,32,900,1.2,830,850,CR180BH,加磷高强、烘烤硬化钢,H180BH,软钢,normal_real,,,,,,,
diagnostic_candidate,True,0005000563-000240,0005000563-000240,0005000563-000240,BR_00000036,BR_00000012,numeric-chain-000118,38,29,16,900,1.2,830,850,CR3,IF钢,SPHETI-36,软钢,normal_real,,,,,,,
diagnostic_candidate,True,0030125097-000010,0030125097-000010,0030125097-000010,BR_00000036,BR_00000012,numeric-chain-000118,38,30,18,870,1.2,830,850,DC56D+Z,IF钢,SPHETI-3,软钢,normal_real,,,,,,,
diagnostic_candidate,True,0030112439-000260,0030112439-000260,0030112439-000260,BR_00000024,BR_00000012,numeric-chain-000118,38,31,180,860,1.2,820,840,DX53D+Z,IF钢,SPHETI-5,软钢,normal_real,,,,,,,
diagnostic_candidate,True,0002001890-000250,0002001890-000250,0002001890-000250,BR_00000024,BR_00000012,numeric-chain-000118,38,32,13,857,1,830,850,DC53D+Z,IF钢,SPHETI-3,软钢,normal_real,,,,,,,
diagnostic_candidate,True,0002002184-000200,0002002184-000200,0002002184-000200,BR_00000036,BR_00000012,numeric-chain-000118,38,33,100,830,1,830,850,DC56D+Z,IF钢,SPHETI-3,软钢,normal_real,,,,,,,
diagnostic_candidate,True,0002002021-000220,0002002021-000220,0002002021-000220,BR_00000030,BR_00000012,numeric-chain-000118,38,34,40,830,1,830,850,DC56D+Z,IF钢,SPHETI-3,软钢,normal_real,,,,,,,
diagnostic_candidate,True,0002001744-000040,0002001744-000040,0002001744-000040,BR_00000018,BR_00000012,numeric-chain-000118,38,35,20,830,1,830,850,DC53D+Z,IF钢,SPHETI-3,软钢,normal_real,,,,,,,
diagnostic_candidate,True,split-000001:piece:0001,0002001757-000040,0002001757-000040,BR_00000018,BR_00000018,numeric-chain-000053,1,1,500.00,1365,0.5,820,840,DX53D+Z-CD,IF钢,SPHETI-5,软钢,normal_real,"{""accepted_source_sequence"":1,""authorization_decision_fingerprint"":""9a8757ea38c6b1d4d5640f855096fae15a7eee9cee1c864c6e8e8c9cbc6ffa21"",""authorization_rule_id"":""controlled_order_split"",""authorization_rule_version"":""1"",""origin_assigned_period"":""BR_00000018"",""parent_node_id"":""0002001757-000040"",""parent_source_order_id"":""0002001757-000040"",""parent_weight"":820.0,""partition_id"":""partition-470a0f57dce2cc031213a9565f564dea0c67aa2800138e44db1f1463651e6e24"",""piece_count"":2,""piece_index"":1,""reason_code"":""same_period_split"",""source_period"":""BR_00000018"",""source_resource_id"":""0002001757-000040"",""split_mode"":""same_period_split"",""target_assigned_period"":""BR_00000018""}",,,,,,
diagnostic_candidate,True,virtual-000057,,,,BR_00000018,numeric-chain-000053,1,2,20.00,1250,0.50,820,840,SPHC,,SPHC,,virtual_sphc,,"{""accepted_sequence"":57,""prototype_id"":""virtual_sphc:1250x0.5"",""purpose"":""split_separator"",""related_partition_id"":""partition-470a0f57dce2cc031213a9565f564dea0c67aa2800138e44db1f1463651e6e24""}",,,,,
diagnostic_candidate,True,split-000001:piece:0002,0002001757-000040,0002001757-000040,BR_00000018,BR_00000018,numeric-chain-000053,1,3,320.00,1365,0.5,820,840,DX53D+Z-CD,IF钢,SPHETI-5,软钢,normal_real,"{""accepted_source_sequence"":1,""authorization_decision_fingerprint"":""9a8757ea38c6b1d4d5640f855096fae15a7eee9cee1c864c6e8e8c9cbc6ffa21"",""authorization_rule_id"":""controlled_order_split"",""authorization_rule_version"":""1"",""origin_assigned_period"":""BR_00000018"",""parent_node_id"":""0002001757-000040"",""parent_source_order_id"":""0002001757-000040"",""parent_weight"":820.0,""partition_id"":""partition-470a0f57dce2cc031213a9565f564dea0c67aa2800138e44db1f1463651e6e24"",""piece_count"":2,""piece_index"":2,""reason_code"":""same_period_split"",""source_period"":""BR_00000018"",""source_resource_id"":""0002001757-000040"",""split_mode"":""same_period_split"",""target_assigned_period"":""BR_00000018""}",,,,,,
diagnostic_candidate,True,virtual-000058,,,,BR_00000018,numeric-chain-000053,1,4,20.00,1250,0.60,820,840,SPHC,,SPHC,,virtual_sphc,,"{""accepted_sequence"":58,""prototype_id"":""virtual_sphc:1250x0.6"",""purpose"":""edge_bridge"",""related_partition_id"":null}",,,,,
diagnostic_candidate,True,virtual-000059,,,,BR_00000018,numeric-chain-000053,1,5,20.00,1250,0.80,820,840,SPHC,,SPHC,,virtual_sphc,,"{""accepted_sequence"":59,""prototype_id"":""virtual_sphc:1250x0.8"",""purpose"":""edge_bridge"",""related_partition_id"":null}",,,,,
diagnostic_candidate,True,0030124824-000020,0030124824-000020,0030124824-000020,BR_00000036,BR_00000018,numeric-chain-000053,1,6,430,1055,0.95,820,840,DX53D+Z,IF钢,SPHETI-5,软钢,normal_real,,,,,,,
diagnostic_candidate,True,0030119032-000010,0030119032-000010,0030119032-000010,BR_00000030,BR_00000018,numeric-chain-000053,1,7,50,1050,0.75,820,840,DX53D+Z,IF钢,SPHETI-5,软钢,normal_real,,,,,,,
diagnostic_candidate,True,0030118934-000030,0030118934-000030,0030118934-000030,BR_00000030,BR_00000018,numeric-chain-000053,1,8,420,1045,0.65,820,840,HX180BD+Z,加磷高强、烘烤硬化钢,H180BH1,软钢,normal_real,,,,,,,
diagnostic_candidate,True,0030122480-000110,0030122480-000110,0030122480-000110,BR_00000036,BR_00000018,numeric-chain-000053,1,9,110,1040,0.7,830,850,DX53D+Z,IF钢,SPHETI-5,软钢,normal_real,,,,,,,
diagnostic_candidate,True,0030112575-000030,0030112575-000030,0030112575-000030,BR_00000024,BR_00000018,numeric-chain-000008,2,1,150,1315,0.6,830,850,SCG4+Z,IF钢,SPHETI-3,软钢,normal_real,,,,,,,
diagnostic_candidate,True,0030108260-000030,0030108260-000030,0030108260-000030,BR_00000018,BR_00000018,numeric-chain-000008,2,2,150,1315,0.6,830,850,SCG4+Z,IF钢,SPHETI-3,软钢,normal_real,,,,,,,
diagnostic_candidate,True,0030118991-000030,0030118991-000030,0030118991-000030,BR_00000030,BR_00000018,numeric-chain-000008,2,3,150,1315,0.6,830,850,SCG4+Z,IF钢,SPHETI-3,软钢,normal_real,,,,,,,
diagnostic_candidate,True,0030118809-000050,0030118809-000050,0030118809-000050,BR_00000030,BR_00000018,numeric-chain-000008,2,4,24,1320,0.65,830,850,DC56D+Z,IF钢,SPHETI-3,软钢,normal_real,,,,,,,
diagnostic_candidate,True,0002002055-000120,0002002055-000120,0002002055-000120,BR_00000030,BR_00000018,numeric-chain-000008,2,5,1000,1150,0.6,820,840,DX53D+Z-MD,IF钢,SPHETI-5,软钢,normal_real,,,,,,,
diagnostic_candidate,True,virtual-000045,,,,BR_00000018,numeric-chain-000008,2,6,20.00,1000,0.60,770,840,SPHC,,SPHC,,virtual_sphc,,"{""accepted_sequence"":45,""prototype_id"":""virtual_sphc:1000x0.6"",""purpose"":""edge_bridge"",""related_partition_id"":null}",,,,,
diagnostic_candidate,True,0002001749-000030,0002001749-000030,0002001749-000030,BR_00000018,BR_00000018,numeric-chain-000008,2,7,36,918,0.65,770,810,DC51D+Z,普碳,SPHC,软钢,normal_real,,,,,,,
diagnostic_candidate,True,0002001860-000060,0002001860-000060,0002001860-000060,BR_00000024,BR_00000018,numeric-chain-000008,2,8,34,910,0.65,770,810,DC51D+Z,普碳,SPHC,软钢,normal_real,,,,,,,
diagnostic_candidate,True,0002002020-000100,0002002020-000100,0002002020-000100,BR_00000030,BR_00000018,numeric-chain-000008,2,9,16,897,0.6,770,810,DC51D+Z,普碳,SPHC,软钢,normal_real,,,,,,,
diagnostic_candidate,True,0002001767-000040,0002001767-000040,0002001767-000040,BR_00000018,BR_00000018,numeric-chain-000008,2,10,18,893,0.7,770,810,DC51D+Z,普碳,SPHC,软钢,normal_real,,,,,,,
diagnostic_candidate,True,0002001880-000020,0002001880-000020,0002001880-000020,BR_00000024,BR_00000018,numeric-chain-000008,2,11,18,830,0.6,770,810,DC51D+Z,普碳,SPHC,软钢,normal_real,,,,,,,
diagnostic_candidate,True,0002001780-000080,0002001780-000080,0002001780-000080,BR_00000024,BR_00000018,numeric-chain-000008,2,12,16,810,0.6,770,810,DC51D+Z,普碳,SPHC,软钢,normal_real,,,,,,,
diagnostic_candidate,True,0002001756-000060,0002001756-000060,0002001756-000060,BR_00000018,BR_00000018,numeric-chain-000061,3,1,500,1185,1.2,820,840,DX53D+Z-CD,IF钢,SPHETI-5,软钢,normal_real,,,,,,,
diagnostic_candidate,True,0030110381-000020,0030110381-000020,0030110381-000020,BR_00000018,BR_00000018,numeric-chain-000061,3,2,8,1175,1.2,810,830,HC180YD+Z,加磷高强、烘烤硬化钢,H180YD,软钢,normal_real,,,,,,,
diagnostic_candidate,True,0030118093-000020,0030118093-000020,0030118093-000020,BR_00000030,BR_00000018,numeric-chain-000061,3,3,408,1172,1,700,840,DX51D+Z,普碳,SPHC,软钢,normal_real,,,,,,,
diagnostic_candidate,True,0002001757-000110,0002001757-000110,0002001757-000110,BR_00000018,BR_00000018,numeric-chain-000061,3,4,121,1167,0.8,815,835,DX51D+Z-MD,普碳,SPHC,软钢,normal_real,,,,,,,
diagnostic_candidate,True,0002001757-000190,0002001757-000190,0002001757-000190,BR_00000018,BR_00000018,numeric-chain-000061,3,5,142,1167,0.8,815,835,DX51D+Z-MD,普碳,SPHC,软钢,normal_real,,,,,,,
diagnostic_candidate,True,0002002054-000210,0002002054-000210,0002002054-000210,BR_00000030,BR_00000018,numeric-chain-000061,3,6,241,1167,0.8,815,835,DX51D+Z-MD,普碳,SPHC,软钢,normal_real,,,,,,,
diagnostic_candidate,True,0030109975-000010,0030109975-000010,0030109975-000010,BR_00000018,BR_00000018,numeric-chain-000061,3,7,24,1165,0.8,700,840,DX51D+Z-TG20,普碳,TG20SPHC,软钢,normal_real,,,,,,,
diagnostic_candidate,True,0002001867-000120,0002001867-000120,0002001867-000120,BR_00000024,BR_00000018,numeric-chain-000061,3,8,23,1160,1,780,800,220YD+Z,加磷高强、烘烤硬化钢,H220Y,软钢,normal_real,,,,,,,
diagnostic_candidate,True,0002002024-000130,0002002024-000130,0002002024-000130,BR_00000030,BR_00000018,numeric-chain-000061,3,9,23,1155,1,770,810,DC51D+Z,普碳,SPHC,软钢,normal_real,,,,,,,
diagnostic_candidate,True,0030108542-000110,0030108542-000110,0030108542-000110,BR_00000018,BR_00000018,numeric-chain-000061,3,10,48,1153,0.8,770,810,DX52D+Z-LG,深冲钢（PD）,SPHCQ,软钢,normal_real,,,,,,,
diagnostic_candidate,True,0002001871-000050,0002001871-000050,0002001871-000050,BR_00000024,BR_00000018,numeric-chain-000061,3,11,13,1150,0.65,770,810,DC51D+Z,普碳,SPHC,软钢,normal_real,,,,,,,
diagnostic_candidate,True,0002002195-000070,0002002195-000070,0002002195-000070,BR_00000036,BR_00000018,numeric-chain-000061,3,12,145,1148,0.65,770,810,DC51D+Z,IF钢,SPHETI-3,软钢,normal_real,,,,,,,
diagnostic_candidate,True,0002002148-000010,0002002148-000010,0002002148-000010,BR_00000036,BR_00000018,numeric-chain-000061,3,13,300,1148,0.65,770,810,DC51D+Z,IF钢,SPHETI-3,软钢,normal_real,,,,,,,
diagnostic_candidate,True,0002001860-000470,0002001860-000470,0002001860-000470,BR_00000024,BR_00000024,numeric-chain-000068,1,1,179,1570,0.65,810,830,180YD+Z,加磷高强、烘烤硬化钢,H180YD,软钢,normal_real,,,,,,,
diagnostic_candidate,True,0002001860-000400,0002001860-000400,0002001860-000400,BR_00000024,BR_00000024,numeric-chain-000068,1,2,34,1560,0.65,810,830,180YD+Z,加磷高强、烘烤硬化钢,H180YD,软钢,normal_real,,,,,,,
diagnostic_candidate,True,0002001860-000460,0002001860-000460,0002001860-000460,BR_00000024,BR_00000024,numeric-chain-000068,1,3,20,1550,0.65,810,830,180YD+Z,加磷高强、烘烤硬化钢,H180YD,软钢,normal_real,,,,,,,
diagnostic_candidate,True,0002001780-000170,0002001780-000170,0002001780-000170,BR_00000024,BR_00000024,numeric-chain-000068,1,4,46,1540,0.6,810,830,180YD+Z,加磷高强、烘烤硬化钢,H180YD,软钢,normal_real,,,,,,,
diagnostic_candidate,True,0002001854-000190,0002001854-000190,0002001854-000190,BR_00000024,BR_00000024,numeric-chain-000068,1,5,92,1540,0.6,810,830,180YD+Z,加磷高强、烘烤硬化钢,H180YD,软钢,normal_real,,,,,,,
diagnostic_candidate,True,0002001906-000090,0002001906-000090,0002001906-000090,BR_00000025,BR_00000024,numeric-chain-000068,1,6,80,1540,0.6,810,830,180YD+Z,加磷高强、烘烤硬化钢,H180YD,软钢,normal_real,,,,,,,
diagnostic_candidate,True,0002001906-000010,0002001906-000010,0002001906-000010,BR_00000025,BR_00000024,numeric-chain-000068,1,7,23,1535,0.65,810,830,180YD+Z,加磷高强、烘烤硬化钢,H180YD,软钢,normal_real,,,,,,,
diagnostic_candidate,True,0002001854-000020,0002001854-000020,0002001854-000020,BR_00000024,BR_00000024,numeric-chain-000068,1,8,23,1535,0.65,810,830,180YD+Z,加磷高强、烘烤硬化钢,H180YD,软钢,normal_real,,,,,,,
diagnostic_candidate,True,0030113832-000020,0030113832-000020,0030113832-000020,BR_00000024,BR_00000024,numeric-chain-000068,1,9,23,1530,0.7,820,840,HC180BD+Z,加磷高强、烘烤硬化钢,H180BH1,软钢,normal_real,,,,,,,
diagnostic_candidate,True,0030118802-000020,0030118802-000020,0030118802-000020,BR_00000030,BR_00000024,numeric-chain-000068,1,10,46,1500,0.65,820,840,HC180BD+Z,加磷高强、烘烤硬化钢,H180BH1,软钢,normal_real,,,,,,,
diagnostic_candidate,True,0030123256-000030,0030123256-000030,0030123256-000030,BR_00000036,BR_00000024,numeric-chain-000068,1,11,46,1490,0.65,820,840,HC180BD+Z,加磷高强、烘烤硬化钢,H180BH1,软钢,normal_real,,,,,,,
diagnostic_candidate,True,0030118799-000030,0030118799-000030,0030118799-000030,BR_00000030,BR_00000024,numeric-chain-000068,1,12,44,1490,0.65,820,840,HC180BD+Z,加磷高强、烘烤硬化钢,H180BH1,软钢,normal_real,,,,,,,
diagnostic_candidate,True,0030121500-000010,0030121500-000010,0030121500-000010,BR_00000032,BR_00000024,numeric-chain-000068,1,13,24,1490,0.7,830,850,DC56D+Z,IF钢,SPHETI-3,软钢,normal_real,,,,,,,
diagnostic_candidate,True,0030124457-000020,0030124457-000020,0030124457-000020,BR_00000036,BR_00000024,numeric-chain-000068,1,14,24,1483,0.6,820,840,DX53D+Z,IF钢,SPHETI-5,软钢,normal_real,,,,,,,
diagnostic_candidate,True,0002001887-000010,0002001887-000010,0002001887-000010,BR_00000024,BR_00000024,numeric-chain-000068,1,15,34,1455,0.65,810,830,180YD+Z,加磷高强、烘烤硬化钢,H180YD,软钢,normal_real,,,,,,,
diagnostic_candidate,True,0002002054-000360,0002002054-000360,0002002054-000360,BR_00000030,BR_00000024,numeric-chain-000068,1,16,291,1452,0.8,815,835,DX51D+Z-MD,普碳,SPHC,软钢,normal_real,,,,,,,
