artifact_kind,publishable,node_id,source_order_id,source_resource_id,source_period,assigned_period,chain_id,chain_sequence,node_sequence,weight,width,thickness,min_temperature,max_temperature,grade,grade_class,hot_roll_grade,soft_hard_class,material_role,split_lineage,virtual_lineage,width_warning,thickness_warning,temperature_warning,chain_warning,business_warning
diagnostic_candidate,True,0005000547-000730,0005000547-000730,0005000547-000730,BR_00000030,BR_00000003,numeric-chain-000090,1,1,21,1565,0.8,830,850,CR3,IF钢,SPHETI-36,软钢,normal_real,,,,,,,
diagnostic_candidate,True,0030108542-000140,0030108542-000140,0030108542-000140,BR_00000018,BR_00000003,numeric-chain-000090,1,2,48,1560,0.8,820,840,DX53D+Z-LG,IF钢,SPHETI-5,软钢,normal_real,,,,,,,
diagnostic_candidate,True,0002001750-000350,0002001750-000350,0002001750-000350,BR_00000018,BR_00000003,numeric-chain-000090,1,3,24,1540,0.8,830,850,DC56D+Z,IF钢,SPHETI-3,软钢,normal_real,,,,,,,
diagnostic_candidate,True,0030118809-000030,0030118809-000030,0030118809-000030,BR_00000030,BR_00000003,numeric-chain-000090,1,4,23,1535,0.65,820,840,HC180BD+Z,加磷高强、烘烤硬化钢,H180BH1,软钢,normal_real,,,,,,,
diagnostic_candidate,True,0002001750-000070,0002001750-000070,0002001750-000070,BR_00000018,BR_00000003,numeric-chain-000090,1,5,74,1535,0.65,830,850,DC53D+Z,IF钢,SPHETI-3,软钢,normal_real,,,,,,,
diagnostic_candidate,True,0002001617-000040,0002001617-000040,0002001617-000040,BR_00000012,BR_00000003,numeric-chain-000090,1,6,54,1535,0.65,830,850,DC53D+Z,IF钢,SPHETI-3,软钢,normal_real,,,,,,,
diagnostic_candidate,True,0002001603-000140,0002001603-000140,0002001603-000140,BR_00000012,BR_00000003,numeric-chain-000090,1,7,23,1530,0.65,830,850,DC54D+Z,IF钢,SPHETI-3,软钢,normal_real,,,,,,,
diagnostic_candidate,True,0002002195-000200,0002002195-000200,0002002195-000200,BR_00000036,BR_00000003,numeric-chain-000090,1,8,24,1515,0.65,830,850,DC54D+Z,IF钢,SPHETI-3,软钢,normal_real,,,,,,,
diagnostic_candidate,True,0002002170-000320,0002002170-000320,0002002170-000320,BR_00000036,BR_00000003,numeric-chain-000090,1,9,23,1515,0.7,830,850,DC53D+Z,IF钢,SPHETI-3,软钢,normal_real,,,,,,,
diagnostic_candidate,True,0030118809-000040,0030118809-000040,0030118809-000040,BR_00000030,BR_00000003,numeric-chain-000090,1,10,23,1500,0.65,820,840,HC180BD+Z,加磷高强、烘烤硬化钢,H180BH1,软钢,normal_real,,,,,,,
diagnostic_candidate,True,0030104028-000030,0030104028-000030,0030104028-000030,BR_00000012,BR_00000003,numeric-chain-000090,1,11,23,1500,0.65,820,840,HC180BD+Z,加磷高强、烘烤硬化钢,H180BH1,软钢,normal_real,,,,,,,
diagnostic_candidate,True,0030103543-000040,0030103543-000040,0030103543-000040,BR_00000012,BR_00000003,numeric-chain-000090,1,12,96,1500,0.6,820,840,DC53D+Z,IF钢,SPHETI-5,软钢,normal_real,,,,,,,
diagnostic_candidate,True,0030108542-000060,0030108542-000060,0030108542-000060,BR_00000018,BR_00000003,numeric-chain-000090,1,13,96,1500,0.8,700,840,DC51D+Z,普碳,SPHC,软钢,normal_real,,,,,,,
diagnostic_candidate,True,0002002026-000010,0002002026-000010,0002002026-000010,BR_00000030,BR_00000003,numeric-chain-000090,1,14,23,1498,0.8,830,850,DC53D+Z,IF钢,SPHETI-3,软钢,normal_real,,,,,,,
diagnostic_candidate,True,0002001906-000020,0002001906-000020,0002001906-000020,BR_00000025,BR_00000003,numeric-chain-000090,1,15,23,1495,0.7,830,850,DC53D+Z,IF钢,SPHETI-3,软钢,normal_real,,,,,,,
diagnostic_candidate,True,0030118966-000010,0030118966-000010,0030118966-000010,BR_00000030,BR_00000003,numeric-chain-000090,1,16,96,1488,0.65,830,850,DC56D+Z,IF钢,SPHETI-3,软钢,normal_real,,,,,,,
diagnostic_candidate,True,0030121652-000080,0030121652-000080,0030121652-000080,BR_00000032,BR_00000003,numeric-chain-000090,1,17,24,1474,0.7,830,850,DC54D+Z,IF钢,SPHETI-5,软钢,normal_real,,,,,,,
diagnostic_candidate,True,0030108542-000150,0030108542-000150,0030108542-000150,BR_00000018,BR_00000003,numeric-chain-000090,1,18,72,1473,0.8,820,840,DX53D+Z-LG,IF钢,SPHETI-5,软钢,normal_real,,,,,,,
diagnostic_candidate,True,0030098173-000010,0030098173-000010,0030098173-000010,BR_00000006,BR_00000003,numeric-chain-000090,1,19,26,1470,0.7,830,850,SCG4+Z,IF钢,SPHETI-3,软钢,normal_real,,,,,,,
diagnostic_candidate,True,0002002021-000030,0002002021-000030,0002002021-000030,BR_00000030,BR_00000003,numeric-chain-000090,1,20,23,1464,0.65,830,850,DC53D+Z,IF钢,SPHETI-3,软钢,normal_real,,,,,,,
diagnostic_candidate,True,0030112575-000010,0030112575-000010,0030112575-000010,BR_00000024,BR_00000003,numeric-chain-000090,1,21,208,1455,0.7,830,850,SCG4+Z,IF钢,SPHETI-3,软钢,normal_real,,,,,,,
diagnostic_candidate,True,0030108260-000010,0030108260-000010,0030108260-000010,BR_00000018,BR_00000003,numeric-chain-000090,1,22,182,1455,0.7,830,850,SCG4+Z,IF钢,SPHETI-3,软钢,normal_real,,,,,,,
diagnostic_candidate,True,0030102674-000010,0030102674-000010,0030102674-000010,BR_00000012,BR_00000003,numeric-chain-000090,1,23,260,1455,0.7,830,850,SCG4+Z,IF钢,SPHETI-3,软钢,normal_real,,,,,,,
diagnostic_candidate,True,0030118991-000010,0030118991-000010,0030118991-000010,BR_00000030,BR_00000003,numeric-chain-000090,1,24,208,1455,0.7,830,850,SCG4+Z,IF钢,SPHETI-3,软钢,normal_real,,,,,,,
diagnostic_candidate,True,0002001614-000100,0002001614-000100,0002001614-000100,BR_00000012,BR_00000003,numeric-chain-000090,1,25,23,1455,0.6,830,850,DC53D+Z,IF钢,SPHETI-3,软钢,normal_real,,,,,,,
diagnostic_candidate,True,0002002184-000220,0002002184-000220,0002002184-000220,BR_00000036,BR_00000003,numeric-chain-000090,1,26,23,1455,0.6,830,850,DC53D+Z,IF钢,SPHETI-3,软钢,normal_real,,,,,,,
diagnostic_candidate,True,0002001400-000050,0002001400-000050,0002001400-000050,BR_00000003,BR_00000003,numeric-chain-000090,1,27,30,1455,0.65,830,850,DC53D+Z,IF钢,SPHETI-3,软钢,normal_real,,,,,,,
diagnostic_candidate,True,0002001998-000310,0002001998-000310,0002001998-000310,BR_00000030,BR_00000003,numeric-chain-000090,1,28,24,1450,0.65,830,850,DC54D+Z,IF钢,SPHETI-3,软钢,normal_real,,,,,,,
diagnostic_candidate,True,0002001612-000660,0002001612-000660,0002001612-000660,BR_00000012,BR_00000003,numeric-chain-000090,1,29,23,1442,0.65,830,850,DC54D+Z,IF钢,SPHETI-3,软钢,normal_real,,,,,,,
diagnostic_candidate,True,0002002009-000260,0002002009-000260,0002002009-000260,BR_00000030,BR_00000003,numeric-chain-000090,1,30,46,1432,0.65,830,850,DC54D+Z,IF钢,SPHETI-3,软钢,normal_real,,,,,,,
diagnostic_candidate,True,0002001423-000170,0002001423-000170,0002001423-000170,BR_00000006,BR_00000006,numeric-chain-000015,1,1,770,1343,1,830,850,DC54D+Z,IF钢,SPHETI-3,软钢,normal_real,,,,,,,
diagnostic_candidate,True,0002001463-000030,0002001463-000030,0002001463-000030,BR_00000006,BR_00000006,numeric-chain-000020,2,1,648,1165,1.2,820,840,DX53D+Z-CD,IF钢,SPHETI-5,软钢,normal_real,,,,,,,
diagnostic_candidate,True,0002001888-000010,0002001888-000010,0002001888-000010,BR_00000024,BR_00000006,numeric-chain-000022,3,1,20,1589,1.4,770,810,DC51D+Z,普碳,SPHC,软钢,normal_real,,,,,,,
diagnostic_candidate,True,0002001750-000550,0002001750-000550,0002001750-000550,BR_00000018,BR_00000006,numeric-chain-000022,3,2,24,1589,1.4,770,810,DC51D+Z,普碳,SPHC,软钢,normal_real,,,,,,,
diagnostic_candidate,True,0030105416-000030,0030105416-000030,0030105416-000030,BR_00000012,BR_00000006,numeric-chain-000022,3,3,48,1502,1.2,795,815,HC220YD+Z,加磷高强、烘烤硬化钢,H220Y,软钢,normal_real,,,,,,,
diagnostic_candidate,True,0030107311-000380,0030107311-000380,0030107311-000380,BR_00000018,BR_00000006,numeric-chain-000022,3,4,48,1500,1,700,840,DC51D+Z,普碳,SPHC,软钢,actual_transition,,,,,,,
diagnostic_candidate,True,0030105462-000040,0030105462-000040,0030105462-000040,BR_00000012,BR_00000006,numeric-chain-000022,3,5,24,1500,1.1,700,840,DC51D+Z,普碳,SPHC,软钢,actual_transition,,,,,,,
diagnostic_candidate,True,0030100952-000080,0030100952-000080,0030100952-000080,BR_00000008,BR_00000006,numeric-chain-000022,3,6,52,1500,1.2,770,810,DX51D+Z,深冲钢（PD）,SPHCQ,软钢,normal_real,,,,,,,
diagnostic_candidate,True,0030111511-000070,0030111511-000070,0030111511-000070,BR_00000020,BR_00000006,numeric-chain-000022,3,7,8,1495,1.2,770,810,DC51D+Z,深冲钢（PD）,SPHCQ,软钢,normal_real,,,,,,,
diagnostic_candidate,True,0002001612-000360,0002001612-000360,0002001612-000360,BR_00000012,BR_00000006,numeric-chain-000022,3,8,92,1484,1.2,770,810,DC51D+Z,普碳,SPHC,软钢,normal_real,,,,,,,
diagnostic_candidate,True,0002001889-000030,0002001889-000030,0002001889-000030,BR_00000024,BR_00000006,numeric-chain-000022,3,9,13,1482,1.2,770,810,DC51D+Z,普碳,SPHC,软钢,normal_real,,,,,,,
diagnostic_candidate,True,0002001612-000630,0002001612-000630,0002001612-000630,BR_00000012,BR_00000006,numeric-chain-000022,3,10,30,1444,1.4,770,810,DC51D+Z,普碳,SPHC,软钢,normal_real,,,,,,,
diagnostic_candidate,True,0002002009-000240,0002002009-000240,0002002009-000240,BR_00000030,BR_00000006,numeric-chain-000022,3,11,46,1442,1.4,770,810,DC51D+Z,普碳,SPHC,软钢,normal_real,,,,,,,
diagnostic_candidate,True,0002001889-000090,0002001889-000090,0002001889-000090,BR_00000024,BR_00000006,numeric-chain-000022,3,12,13,1442,1.4,770,810,DC51D+Z,普碳,SPHC,软钢,normal_real,,,,,,,
diagnostic_candidate,True,0002001751-000060,0002001751-000060,0002001751-000060,BR_00000018,BR_00000006,numeric-chain-000022,3,13,23,1420,1.6,770,810,DC51D+Z,普碳,SPHC,软钢,normal_real,,,,,,,
diagnostic_candidate,True,0002002024-000170,0002002024-000170,0002002024-000170,BR_00000030,BR_00000006,numeric-chain-000022,3,14,23,1420,1.6,770,810,DC51D+Z,普碳,SPHC,软钢,normal_real,,,,,,,
diagnostic_candidate,True,0030112972-000010,0030112972-000010,0030112972-000010,BR_00000024,BR_00000006,numeric-chain-000022,3,15,21,1402,2,770,810,DX52D+Z,深冲钢（PD）,SPHCQ,软钢,normal_real,,,,,,,
diagnostic_candidate,True,0002001455-000030,0002001455-000030,0002001455-000030,BR_00000006,BR_00000006,numeric-chain-000022,3,16,22,1395,2,770,810,DC51D+Z,普碳,SPHC,软钢,normal_real,,,,,,,
diagnostic_candidate,True,0002002185-000030,0002002185-000030,0002002185-000030,BR_00000036,BR_00000006,numeric-chain-000022,3,17,23,1373,1.6,770,810,DC51D+Z,IF钢,SPHETI-3,软钢,normal_real,,,,,,,
diagnostic_candidate,True,0030125101-000020,0030125101-000020,0030125101-000020,BR_00000036,BR_00000006,numeric-chain-000022,3,18,120,1360,1.5,700,840,DC51D+Z-Q,深冲钢（PD）,SPHCQ,软钢,normal_real,,,,,,,
diagnostic_candidate,True,0030116618-000050,0030116618-000050,0030116618-000050,BR_00000030,BR_00000006,numeric-chain-000022,3,19,72,1360,1.5,700,720,DC51D+Z-Q,深冲钢（PD）,SPHCQ,软钢,normal_real,,,,,,,
diagnostic_candidate,True,0010015684-000030,0010015684-000030,0010015684-000030,BR_00000018,BR_00000006,numeric-chain-000022,3,20,52,1355,1.95,700,840,DC51D+Z,普碳,SPHC,软钢,actual_transition,,,,,,,
diagnostic_candidate,True,0005000489-000030,0005000489-000030,0005000489-000030,BR_00000018,BR_00000006,numeric-chain-000022,3,21,23,1337,1.8,740,780,CR420LA,低合金高强,H420LAD-3,硬钢,normal_real,,,,,,,
diagnostic_candidate,True,0005000549-000080,0005000549-000080,0005000549-000080,BR_00000030,BR_00000006,numeric-chain-000022,3,22,23,1337,1.8,740,780,CR420LA,低合金高强,H420LAD-3,硬钢,normal_real,,,,,,,
diagnostic_candidate,True,0005000501-000070,0005000501-000070,0005000501-000070,BR_00000024,BR_00000006,numeric-chain-000022,3,23,21,1335,1.7,740,780,CR420LA,低合金高强,H420LAD-3,硬钢,normal_real,,,,,,,
diagnostic_candidate,True,0005000547-000090,0005000547-000090,0005000547-000090,BR_00000030,BR_00000006,numeric-chain-000022,3,24,42,1335,1.7,740,780,CR420LA,低合金高强,H420LAD-3,硬钢,normal_real,,,,,,,
diagnostic_candidate,True,0005000501-000140,0005000501-000140,0005000501-000140,BR_00000024,BR_00000006,numeric-chain-000022,3,25,42,1291,1.4,730,770,CR420LA,低合金高强,H420LAD-3,硬钢,normal_real,,,,,,,
diagnostic_candidate,True,0005000563-000180,0005000563-000180,0005000563-000180,BR_00000036,BR_00000006,numeric-chain-000022,3,26,21,1270,1.5,740,780,CR420LA,低合金高强,H420LAD-3,硬钢,normal_real,,,,,,,
diagnostic_candidate,True,0005000547-000240,0005000547-000240,0005000547-000240,BR_00000030,BR_00000006,numeric-chain-000022,3,27,42,1270,1.5,740,780,CR420LA,低合金高强,H420LAD-3,硬钢,normal_real,,,,,,,
diagnostic_candidate,True,0005000464-000180,0005000464-000180,0005000464-000180,BR_00000012,BR_00000006,numeric-chain-000022,3,28,21,1270,1.5,740,780,CR420LA,低合金高强,H420LAD-3,硬钢,normal_real,,,,,,,
diagnostic_candidate,True,0005000514-000020,0005000514-000020,0005000514-000020,BR_00000024,BR_00000006,numeric-chain-000022,3,29,23,1262,1.5,740,780,CR420LA,低合金高强,H420LAD-3,硬钢,normal_real,,,,,,,
diagnostic_candidate,True,0010019881-000040,0010019881-000040,0010019881-000040,BR_00000036,BR_00000006,numeric-chain-000022,3,30,96,1250,1.45,700,840,DC51D+Z,普碳,SPHC,软钢,actual_transition,,,,,,,
diagnostic_candidate,True,0030120939-000090,0030120939-000090,0030120939-000090,BR_00000032,BR_00000006,numeric-chain-000022,3,31,24,1250,1.5,810,830,HC180YD+Z,加磷高强、烘烤硬化钢,H180YD,软钢,normal_real,,,,,,,
diagnostic_candidate,True,0030124735-000080,0030124735-000080,0030124735-000080,BR_00000036,BR_00000006,numeric-chain-000022,3,32,24,1250,1.8,805,825,HC260YD+Z,加磷高强、烘烤硬化钢,H260Y,软钢,normal_real,,,,,,,
diagnostic_candidate,True,0030118415-000010,0030118415-000010,0030118415-000010,BR_00000030,BR_00000006,numeric-chain-000022,3,33,48,1240,2.25,805,825,HC260YD+Z,加磷高强、烘烤硬化钢,H260Y,软钢,normal_real,,,,,,,
diagnostic_candidate,True,0002002054-000290,0002002054-000290,0002002054-000290,BR_00000030,BR_00000006,numeric-chain-000022,3,34,141,1219,2,800,820,DX51D+Z-MD,普碳,SPHC,软钢,normal_real,,,,,,,
diagnostic_candidate,True,0002001899-000080,0002001899-000080,0002001899-000080,BR_00000024,BR_00000006,numeric-chain-000022,3,35,22,1219,2,800,820,DX51D+Z-MD,普碳,SPHC,软钢,normal_real,,,,,,,
diagnostic_candidate,True,0002002054-000180,0002002054-000180,0002002054-000180,BR_00000030,BR_00000006,numeric-chain-000022,3,36,166,1219,2.5,800,820,DX51D+Z-MD,普碳,SPHC,软钢,normal_real,,,,,,,
diagnostic_candidate,True,0002002054-000070,0002002054-000070,0002002054-000070,BR_00000030,BR_00000006,numeric-chain-000022,3,37,51,1219,2.5,800,820,DX51D+Z-MD,普碳,SPHC,软钢,normal_real,,,,,,,
diagnostic_candidate,True,0030121327-000010,0030121327-000010,0030121327-000010,BR_00000032,BR_00000006,numeric-chain-000022,3,38,24,1195,2.49,795,815,HC220YD+Z,加磷高强、烘烤硬化钢,H220Y,软钢,normal_real,,,,,,,
diagnostic_candidate,True,0002002202-000270,0002002202-000270,0002002202-000270,BR_00000036,BR_00000006,numeric-chain-000022,3,39,23,1185,2,770,810,DC51D+Z,IF钢,SPHETI-3,软钢,normal_real,,,,,,,
diagnostic_candidate,True,0030103224-000060,0030103224-000060,0030103224-000060,BR_00000012,BR_00000006,numeric-chain-000022,3,40,72,1180,2.5,700,840,DC51D+Z,普碳,SPHC,软钢,actual_transition,,,,,,,
diagnostic_candidate,True,0030102943-000040,0030102943-000040,0030102943-000040,BR_00000012,BR_00000006,numeric-chain-000022,3,41,72,1180,2.5,700,840,DC51D+Z,普碳,SPHC,软钢,actual_transition,,,,,,,
diagnostic_candidate,True,0030114668-000050,0030114668-000050,0030114668-000050,BR_00000024,BR_00000006,numeric-chain-000022,3,42,20,1065,2.4,715,735,CR380LA,低合金高强,H380LA-3,硬钢,normal_real,,,,,,,
diagnostic_candidate,True,0005000547-000450,0005000547-000450,0005000547-000450,BR_00000030,BR_00000006,numeric-chain-000022,3,43,40,1025,2.2,715,735,CR380LA,低合金高强,H380LA-3,硬钢,normal_real,,,,,,,
diagnostic_candidate,True,0005000501-000410,0005000501-000410,0005000501-000410,BR_00000024,BR_00000006,numeric-chain-000022,3,44,40,1025,2.2,715,735,CR380LA,低合金高强,H380LA-3,硬钢,normal_real,,,,,,,
diagnostic_candidate,True,0030107381-000030,0030107381-000030,0030107381-000030,BR_00000018,BR_00000006,numeric-chain-000027,4,1,132,1374,0.75,830,850,CR3,IF钢,SPHETI-36,软钢,normal_real,,,,,,,
diagnostic_candidate,True,0005000501-000030,0005000501-000030,0005000501-000030,BR_00000024,BR_00000006,numeric-chain-000027,4,2,42,1365,0.8,830,850,CR180BH,加磷高强、烘烤硬化钢,H180BH,软钢,normal_real,,,,,,,
diagnostic_candidate,True,0002002053-000030,0002002053-000030,0002002053-000030,BR_00000030,BR_00000006,numeric-chain-000027,4,3,24,1365,1,820,840,DX53D+Z-MD,IF钢,SPHETI-5,软钢,normal_real,,,,,,,
diagnostic_candidate,True,0005000486-000130,0005000486-000130,0005000486-000130,BR_00000018,BR_00000006,numeric-chain-000027,4,4,63,1350,0.8,830,850,CR180BH,加磷高强、烘烤硬化钢,H180BH,软钢,normal_real,,,,,,,
diagnostic_candidate,True,0005000547-000360,0005000547-000360,0005000547-000360,BR_00000030,BR_00000006,numeric-chain-000027,4,5,21,1341,0.7,830,850,CR3,IF钢,SPHETI-36,软钢,normal_real,,,,,,,
diagnostic_candidate,True,0005000501-000310,0005000501-000310,0005000501-000310,BR_00000024,BR_00000006,numeric-chain-000027,4,6,21,1341,0.7,830,850,CR3,IF钢,SPHETI-36,软钢,normal_real,,,,,,,
diagnostic_candidate,True,0002002176-000240,0002002176-000240,0002002176-000240,BR_00000036,BR_00000006,numeric-chain-000027,4,7,69,1335,0.65,820,840,DC53D+Z,IF钢,SPHETI-3,软钢,normal_real,,,,,,,
diagnostic_candidate,True,0002001890-000310,0002001890-000310,0002001890-000310,BR_00000024,BR_00000006,numeric-chain-000027,4,8,23,1335,0.65,820,840,DC53D+Z,IF钢,SPHETI-3,软钢,normal_real,,,,,,,
diagnostic_candidate,True,0002001871-000520,0002001871-000520,0002001871-000520,BR_00000024,BR_00000006,numeric-chain-000027,4,9,20,1335,0.65,820,840,DC53D+Z,IF钢,SPHETI-3,软钢,normal_real,,,,,,,
diagnostic_candidate,True,0002002026-000070,0002002026-000070,0002002026-000070,BR_00000030,BR_00000006,numeric-chain-000027,4,10,23,1330,0.8,810,830,180YD+Z,加磷高强、烘烤硬化钢,H180YD,软钢,normal_real,,,,,,,
diagnostic_candidate,True,0002002170-000410,0002002170-000410,0002002170-000410,BR_00000036,BR_00000006,numeric-chain-000027,4,11,23,1330,0.8,810,830,180YD+Z,加磷高强、烘烤硬化钢,H180YD,软钢,normal_real,,,,,,,
diagnostic_candidate,True,0010017872-000020,0010017872-000020,0010017872-000020,BR_00000030,BR_00000006,numeric-chain-000027,4,12,48,1325,0.6,820,840,DC53D+Z,IF钢,SPHETI-5,软钢,normal_real,,,,,,,
diagnostic_candidate,True,0030119945-000100,0030119945-000100,0030119945-000100,BR_00000030,BR_00000006,numeric-chain-000027,4,13,24,1324,0.8,830,850,DC54D+Z,IF钢,SPHETI-5,软钢,normal_real,,,,,,,
diagnostic_candidate,True,0030104498-000030,0030104498-000030,0030104498-000030,BR_00000012,BR_00000006,numeric-chain-000027,4,14,96,1320,0.6,700,840,DC51D+Z,普碳,SPHC,软钢,normal_real,,,,,,,
diagnostic_candidate,True,0030098172-000030,0030098172-000030,0030098172-000030,BR_00000006,BR_00000006,numeric-chain-000027,4,15,275,1315,0.6,830,850,SCG4+Z,IF钢,SPHETI-3,软钢,normal_real,,,,,,,
diagnostic_candidate,True,0030117285-000030,0030117285-000030,0030117285-000030,BR_00000030,BR_00000006,numeric-chain-000027,4,16,150,1315,0.6,830,850,SCG4+Z,IF钢,SPHETI-3,软钢,normal_real,,,,,,,
diagnostic_candidate,True,0030113466-000050,0030113466-000050,0030113466-000050,BR_00000024,BR_00000006,numeric-chain-000031,5,1,23,1150,2,700,840,DC51D+Z,普碳,SPHC,软钢,normal_real,,,,,,,
diagnostic_candidate,True,0030110554-000010,0030110554-000010,0030110554-000010,BR_00000018,BR_00000006,numeric-chain-000031,5,2,24,1145,2.45,795,815,HC220YD+Z,加磷高强、烘烤硬化钢,H220Y,软钢,normal_real,,,,,,,
diagnostic_candidate,True,0030115673-000070,0030115673-000070,0030115673-000070,BR_00000025,BR_00000006,numeric-chain-000031,5,3,8,1131,2,795,815,HC220YD+Z,加磷高强、烘烤硬化钢,H220Y,软钢,normal_real,,,,,,,
diagnostic_candidate,True,0002001751-000070,0002001751-000070,0002001751-000070,BR_00000018,BR_00000006,numeric-chain-000031,5,4,23,1125,1.6,770,810,DC51D+Z,普碳,SPHC,软钢,normal_real,,,,,,,
diagnostic_candidate,True,0002002023-000160,0002002023-000160,0002002023-000160,BR_00000030,BR_00000006,numeric-chain-000031,5,5,23,1125,1.6,770,810,DC51D+Z,普碳,SPHC,软钢,normal_real,,,,,,,
diagnostic_candidate,True,0030122476-000060,0030122476-000060,0030122476-000060,BR_00000036,BR_00000006,numeric-chain-000031,5,6,23,1115,1.6,770,810,DC51D+Z,深冲钢（PD）,SPHCQ,软钢,normal_real,,,,,,,
diagnostic_candidate,True,0002002185-000050,0002002185-000050,0002002185-000050,BR_00000036,BR_00000006,numeric-chain-000031,5,7,23,1113,1.5,770,810,DC51D+Z,IF钢,SPHETI-3,软钢,normal_real,,,,,,,
diagnostic_candidate,True,0002001461-000020,0002001461-000020,0002001461-000020,BR_00000006,BR_00000006,numeric-chain-000031,5,8,147,1100,1.5,770,810,DX51D+Z-WL,深冲钢（PD）,SPHCQ,软钢,normal_real,,,,,,,
diagnostic_candidate,True,0002002053-000160,0002002053-000160,0002002053-000160,BR_00000030,BR_00000006,numeric-chain-000031,5,9,60,1100,2,800,820,DX51D+Z-MD,普碳,SPHC,软钢,normal_real,,,,,,,
diagnostic_candidate,True,0030119726-000020,0030119726-000020,0030119726-000020,BR_00000030,BR_00000006,numeric-chain-000031,5,10,23,1099,2,805,825,HC260YD+Z,加磷高强、烘烤硬化钢,H260Y,软钢,normal_real,,,,,,,
diagnostic_candidate,True,0030120940-000110,0030120940-000110,0030120940-000110,BR_00000032,BR_00000006,numeric-chain-000031,5,11,23,1093,2,795,815,HC220YD+Z,加磷高强、烘烤硬化钢,H220Y,软钢,normal_real,,,,,,,
diagnostic_candidate,True,0030115673-000210,0030115673-000210,0030115673-000210,BR_00000025,BR_00000006,numeric-chain-000031,5,12,23,1093,2,795,815,HC220YD+Z,加磷高强、烘烤硬化钢,H220Y,软钢,normal_real,,,,,,,
diagnostic_candidate,True,0030111511-000040,0030111511-000040,0030111511-000040,BR_00000020,BR_00000006,numeric-chain-000031,5,13,8,1093,2,795,815,HC220YD+Z,加磷高强、烘烤硬化钢,H220Y,软钢,normal_real,,,,,,,
diagnostic_candidate,True,0002001873-000080,0002001873-000080,0002001873-000080,BR_00000024,BR_00000006,numeric-chain-000031,5,14,19,1085,2,770,810,DC51D+Z,普碳,SPHC,软钢,normal_real,,,,,,,
diagnostic_candidate,True,0002002202-000280,0002002202-000280,0002002202-000280,BR_00000036,BR_00000006,numeric-chain-000031,5,15,19,1085,2,770,810,DC51D+Z,IF钢,SPHETI-3,软钢,normal_real,,,,,,,
diagnostic_candidate,True,0030125207-000080,0030125207-000080,0030125207-000080,BR_00000036,BR_00000006,numeric-chain-000031,5,16,46,1078,2.5,770,810,DC51D+Z,深冲钢（PD）,SPHCQ,软钢,normal_real,,,,,,,
diagnostic_candidate,True,0002001780-000040,0002001780-000040,0002001780-000040,BR_00000024,BR_00000006,numeric-chain-000031,5,17,19,1040,2,770,810,DC51D+Z,普碳,SPHC,软钢,normal_real,,,,,,,
diagnostic_candidate,True,0002001454-000020,0002001454-000020,0002001454-000020,BR_00000006,BR_00000006,numeric-chain-000031,5,18,19,1040,2,770,810,DC51D+Z,普碳,SPHC,软钢,normal_real,,,,,,,
diagnostic_candidate,True,0030119862-000040,0030119862-000040,0030119862-000040,BR_00000030,BR_00000006,numeric-chain-000031,5,19,22,1036,2,795,815,HC220YD+Z,加磷高强、烘烤硬化钢,H220Y,软钢,normal_real,,,,,,,
diagnostic_candidate,True,0030105849-000030,0030105849-000030,0030105849-000030,BR_00000012,BR_00000006,numeric-chain-000031,5,20,88,1020,1.5,805,825,HC220YD+Z,加磷高强、烘烤硬化钢,H220Y,软钢,normal_real,,,,,,,
diagnostic_candidate,True,0030113466-000040,0030113466-000040,0030113466-000040,BR_00000024,BR_00000006,numeric-chain-000031,5,21,22,1010,2,700,840,DC51D+Z,普碳,SPHC,软钢,normal_real,,,,,,,
diagnostic_candidate,True,0030108214-000030,0030108214-000030,0030108214-000030,BR_00000018,BR_00000006,numeric-chain-000031,5,22,44,1000,1.5,805,825,HC220YD+Z,加磷高强、烘烤硬化钢,H220Y,软钢,normal_real,,,,,,,
diagnostic_candidate,True,0030107853-000020,0030107853-000020,0030107853-000020,BR_00000018,BR_00000006,numeric-chain-000033,6,1,120,1270,0.85,820,840,DC53D+Z,IF钢,SPHETI-5,软钢,normal_real,,,,,,,
diagnostic_candidate,True,0030105508-000020,0030105508-000020,0030105508-000020,BR_00000012,BR_00000006,numeric-chain-000033,6,2,48,1270,0.85,820,840,DC53D+Z,IF钢,SPHETI-5,软钢,normal_real,,,,,,,
diagnostic_candidate,True,0030102084-000060,0030102084-000060,0030102084-000060,BR_00000009,BR_00000006,numeric-chain-000033,6,3,22,1260,0.8,830,850,CR3,IF钢,SPHETI-36,软钢,normal_real,,,,,,,
diagnostic_candidate,True,0030123653-000060,0030123653-000060,0030123653-000060,BR_00000036,BR_00000006,numeric-chain-000033,6,4,96,1260,0.8,700,840,DC51D+Z,普碳,SPHC,软钢,normal_real,,,,,,,
diagnostic_candidate,True,0002001780-000060,0002001780-000060,0002001780-000060,BR_00000024,BR_00000006,numeric-chain-000033,6,5,23,1255,0.6,770,810,DC51D+Z,普碳,SPHC,软钢,normal_real,,,,,,,
diagnostic_candidate,True,0002001854-000250,0002001854-000250,0002001854-000250,BR_00000024,BR_00000006,numeric-chain-000033,6,6,23,1255,0.6,770,810,DC51D+Z,普碳,SPHC,软钢,normal_real,,,,,,,
diagnostic_candidate,True,0030103526-000010,0030103526-000010,0030103526-000010,BR_00000012,BR_00000006,numeric-chain-000033,6,7,48,1250,0.6,700,840,DC51D+Z,普碳,SPHC,软钢,actual_transition,,,,,,,
diagnostic_candidate,True,0002002053-000130,0002002053-000130,0002002053-000130,BR_00000030,BR_00000006,numeric-chain-000033,6,8,23,1250,0.6,820,840,DX53D+Z-MD,IF钢,SPHETI-5,软钢,normal_real,,,,,,,
diagnostic_candidate,True,0010013515-000020,0010013515-000020,0010013515-000020,BR_00000006,BR_00000006,numeric-chain-000033,6,9,48,1250,0.75,700,840,DC51D+Z,普碳,SPHC,软钢,actual_transition,,,,,,,
diagnostic_candidate,True,0002001757-000090,0002001757-000090,0002001757-000090,BR_00000018,BR_00000006,numeric-chain-000033,6,10,60,1250,0.8,820,840,DX53D+Z-MD,IF钢,SPHETI-5,软钢,normal_real,,,,,,,
diagnostic_candidate,True,0002002053-000140,0002002053-000140,0002002053-000140,BR_00000030,BR_00000006,numeric-chain-000033,6,11,46,1250,0.8,820,840,DX53D+Z-MD,IF钢,SPHETI-5,软钢,normal_real,,,,,,,
diagnostic_candidate,True,0002002006-000220,0002002006-000220,0002002006-000220,BR_00000030,BR_00000006,numeric-chain-000033,6,12,20,1250,1,830,850,DC53D+Z,IF钢,SPHETI-3,软钢,normal_real,,,,,,,
diagnostic_candidate,True,0030107311-000220,0030107311-000220,0030107311-000220,BR_00000018,BR_00000006,numeric-chain-000033,6,13,48,1250,1.2,700,840,DC51D+Z,普碳,SPHC,软钢,actual_transition,,,,,,,
diagnostic_candidate,True,0030106897-000050,0030106897-000050,0030106897-000050,BR_00000018,BR_00000006,numeric-chain-000033,6,14,72,1250,1.2,700,840,DC51D+Z,普碳,SPHC,软钢,actual_transition,,,,,,,
diagnostic_candidate,True,0030106242-000030,0030106242-000030,0030106242-000030,BR_00000012,BR_00000006,numeric-chain-000033,6,15,48,1250,1.2,770,810,DX52D+Z-LG,深冲钢（PD）,SPHCQ,软钢,normal_real,,,,,,,
diagnostic_candidate,True,0002001647-000050,0002001647-000050,0002001647-000050,BR_00000012,BR_00000006,numeric-chain-000033,6,16,292,1250,1.2,770,810,DX51D+Z-WL,深冲钢（PD）,SPHCQ,软钢,normal_real,,,,,,,
diagnostic_candidate,True,0030125168-000090,0030125168-000090,0030125168-000090,BR_00000036,BR_00000006,numeric-chain-000033,6,17,24,1250,1.2,770,810,DX52D+Z-LG,深冲钢（PD）,SPHCQ,软钢,normal_real,,,,,,,
diagnostic_candidate,True,0030103526-000060,0030103526-000060,0030103526-000060,BR_00000012,BR_00000006,numeric-chain-000033,6,18,48,1250,1.5,700,840,DC51D+Z,普碳,SPHC,软钢,actual_transition,,,,,,,
diagnostic_candidate,True,0030112554-000040,0030112554-000040,0030112554-000040,BR_00000024,BR_00000006,numeric-chain-000033,6,19,24,1250,1.5,700,840,DC51D+Z,普碳,SPHC,软钢,actual_transition,,,,,,,
diagnostic_candidate,True,0005000509-000140,0005000509-000140,0005000509-000140,BR_00000024,BR_00000006,numeric-chain-000033,6,20,7,1244,1.7,715,735,CR380LA,低合金高强,H380LA-3,硬钢,normal_real,,,,,,,
diagnostic_candidate,True,0030125101-000030,0030125101-000030,0030125101-000030,BR_00000036,BR_00000006,numeric-chain-000033,6,21,48,1242,1.5,700,840,DC51D+Z,普碳,SPHC,软钢,actual_transition,,,,,,,
diagnostic_candidate,True,0030121432-000010,0030121432-000010,0030121432-000010,BR_00000032,BR_00000006,numeric-chain-000033,6,22,48,1235,1.35,795,815,HC220YD+Z,加磷高强、烘烤硬化钢,H220Y,软钢,normal_real,,,,,,,
diagnostic_candidate,True,0005000501-000240,0005000501-000240,0005000501-000240,BR_00000024,BR_00000006,numeric-chain-000033,6,23,21,1225,1.2,800,820,CR210LA,普碳,SPHC,软钢,normal_real,,,,,,,
diagnostic_candidate,True,0005000547-000270,0005000547-000270,0005000547-000270,BR_00000030,BR_00000006,numeric-chain-000033,6,24,21,1225,1.2,800,820,CR210LA,普碳,SPHC,软钢,normal_real,,,,,,,
diagnostic_candidate,True,0002002024-000050,0002002024-000050,0002002024-000050,BR_00000030,BR_00000006,numeric-chain-000033,6,25,23,1218,1.2,770,810,DC51D+Z,普碳,SPHC,软钢,normal_real,,,,,,,
diagnostic_candidate,True,0002002202-000110,0002002202-000110,0002002202-000110,BR_00000036,BR_00000006,numeric-chain-000033,6,26,23,1218,1.2,770,810,DC51D+Z,普碳,SPHC,软钢,normal_real,,,,,,,
diagnostic_candidate,True,0002001874-000040,0002001874-000040,0002001874-000040,BR_00000024,BR_00000006,numeric-chain-000033,6,27,23,1215,1.2,770,810,DC51D+Z,普碳,SPHC,软钢,normal_real,,,,,,,
diagnostic_candidate,True,0002001612-000350,0002001612-000350,0002001612-000350,BR_00000012,BR_00000006,numeric-chain-000033,6,28,23,1201,1.2,770,810,DC51D+Z,普碳,SPHC,软钢,normal_real,,,,,,,
diagnostic_candidate,True,0002001756-000020,0002001756-000020,0002001756-000020,BR_00000018,BR_00000006,numeric-chain-000033,6,29,192,1195,1.2,770,810,DX51D+Z-WL,深冲钢（PD）,SPHCQ,软钢,normal_real,,,,,,,
diagnostic_candidate,True,0002001896-000010,0002001896-000010,0002001896-000010,BR_00000024,BR_00000006,numeric-chain-000033,6,30,110,1195,1.2,770,810,DX51D+Z-WL,深冲钢（PD）,SPHCQ,软钢,normal_real,,,,,,,
diagnostic_candidate,True,0002001457-000050,0002001457-000050,0002001457-000050,BR_00000006,BR_00000006,numeric-chain-000043,7,1,396,1050,1.2,820,840,DX53D+Z-CD,IF钢,SPHETI-5,软钢,normal_real,,,,,,,
diagnostic_candidate,True,0002001457-000020,0002001457-000020,0002001457-000020,BR_00000006,BR_00000006,numeric-chain-000044,8,1,198,1050,1.5,820,840,DX53D+Z-CD,IF钢,SPHETI-5,软钢,normal_real,,,,,,,
diagnostic_candidate,True,0030110597-000020,0030110597-000020,0030110597-000020,BR_00000018,BR_00000006,numeric-chain-000044,8,2,23,1050,1.5,820,840,DC53D+Z,IF钢,SPHETI-5,软钢,normal_real,,,,,,,
diagnostic_candidate,True,0005000546-000010,0005000546-000010,0005000546-000010,BR_00000030,BR_00000006,numeric-chain-000044,8,3,7,1015,1.4,830,850,CR3,IF钢,SPHETI-36,软钢,normal_real,,,,,,,
diagnostic_candidate,True,0030112291-000040,0030112291-000040,0030112291-000040,BR_00000024,BR_00000006,numeric-chain-000044,8,4,66,1000,1.4,700,840,DC51D+Z,普碳,SPHC,软钢,actual_transition,,,,,,,
diagnostic_candidate,True,0005000466-000050,0005000466-000050,0005000466-000050,BR_00000012,BR_00000006,numeric-chain-000044,8,5,36,995,1.3,730,770,CR420LA,低合金高强,H420LAD-3,硬钢,normal_real,,,,,,,
diagnostic_candidate,True,0005000501-000630,0005000501-000630,0005000501-000630,BR_00000024,BR_00000006,numeric-chain-000044,8,6,126,995,1.3,730,770,CR420LA,低合金高强,H420LAD-3,硬钢,normal_real,,,,,,,
diagnostic_candidate,True,0005000547-000550,0005000547-000550,0005000547-000550,BR_00000030,BR_00000006,numeric-chain-000044,8,7,18,980,1.3,725,745,CR380LA,低合金高强,H380LA-3,硬钢,normal_real,,,,,,,
diagnostic_candidate,True,0005000547-000490,0005000547-000490,0005000547-000490,BR_00000030,BR_00000006,numeric-chain-000044,8,8,16,900,1.5,715,735,CR380LA,低合金高强,H380LA-3,硬钢,normal_real,,,,,,,
diagnostic_candidate,True,0005000501-000440,0005000501-000440,0005000501-000440,BR_00000024,BR_00000006,numeric-chain-000044,8,9,48,900,1.5,715,735,CR380LA,低合金高强,H380LA-3,硬钢,normal_real,,,,,,,
diagnostic_candidate,True,0005000464-000430,0005000464-000430,0005000464-000430,BR_00000012,BR_00000006,numeric-chain-000044,8,10,16,900,1.5,715,735,CR380LA,低合金高强,H380LA-3,硬钢,normal_real,,,,,,,
diagnostic_candidate,True,0030107934-000020,0030107934-000020,0030107934-000020,BR_00000018,BR_00000006,numeric-chain-000046,9,1,96,1219,1,770,810,DX51D+Z,深冲钢（PD）,SPHCQ,软钢,normal_real,,,,,,,
diagnostic_candidate,True,0030106245-000040,0030106245-000040,0030106245-000040,BR_00000012,BR_00000006,numeric-chain-000046,9,2,24,1210,0.8,700,840,DC51D+Z,普碳,SPHC,软钢,normal_real,,,,,,,
diagnostic_candidate,True,0030105876-000040,0030105876-000040,0030105876-000040,BR_00000012,BR_00000006,numeric-chain-000046,9,3,144,1204,0.75,815,835,DX51D+Z,普碳,SPHC,软钢,normal_real,,,,,,,
diagnostic_candidate,True,0030124772-000020,0030124772-000020,0030124772-000020,BR_00000036,BR_00000006,numeric-chain-000046,9,4,24,1200,0.65,820,840,DC53D+Z,IF钢,SPHETI-5,软钢,normal_real,,,,,,,
diagnostic_candidate,True,0002001423-000380,0002001423-000380,0002001423-000380,BR_00000006,BR_00000006,numeric-chain-000046,9,5,352,1200,0.65,830,850,DC53D+Z,IF钢,SPHETI-3,软钢,normal_real,,,,,,,
diagnostic_candidate,True,0002001438-000600,0002001438-000600,0002001438-000600,BR_00000006,BR_00000006,numeric-chain-000046,9,6,20,1100,0.65,830,850,DC53D+Z,IF钢,SPHETI-3,软钢,normal_real,,,,,,,
diagnostic_candidate,True,0030117932-000020,0030117932-000020,0030117932-000020,BR_00000030,BR_00000006,numeric-chain-000050,10,1,161,1135,0.6,820,840,DC53D+Z,IF钢,SPHETI-5,软钢,normal_real,,,,,,,
diagnostic_candidate,True,0030118962-000010,0030118962-000010,0030118962-000010,BR_00000030,BR_00000006,numeric-chain-000050,10,2,23,1135,0.6,820,840,DX53D+Z,IF钢,SPHETI-5,软钢,normal_real,,,,,,,
diagnostic_candidate,True,0030114756-000030,0030114756-000030,0030114756-000030,BR_00000024,BR_00000006,numeric-chain-000050,10,3,23,1134,0.7,820,840,DC53D+Z,IF钢,SPHETI-5,软钢,normal_real,,,,,,,
diagnostic_candidate,True,0002002170-000180,0002002170-000180,0002002170-000180,BR_00000036,BR_00000006,numeric-chain-000050,10,4,46,1133,0.7,830,850,DC53D+Z,IF钢,SPHETI-3,软钢,normal_real,,,,,,,
diagnostic_candidate,True,0005000453-000020,0005000453-000020,0005000453-000020,BR_00000006,BR_00000006,numeric-chain-000050,10,5,21,1130,0.7,820,840,CR210BH,加磷高强、烘烤硬化钢,H220BH,软钢,normal_real,,,,,,,
diagnostic_candidate,True,0030118934-000060,0030118934-000060,0030118934-000060,BR_00000030,BR_00000006,numeric-chain-000050,10,6,483,1120,0.7,830,850,DX54D+Z,IF钢,SPHETI-5,软钢,normal_real,,,,,,,
diagnostic_candidate,True,0030114745-000010,0030114745-000010,0030114745-000010,BR_00000024,BR_00000006,numeric-chain-000056,11,1,23,1580,0.8,820,840,HC180BD+Z,加磷高强、烘烤硬化钢,H180BH1,软钢,normal_real,,,,,,,
diagnostic_candidate,True,0030108589-000020,0030108589-000020,0030108589-000020,BR_00000018,BR_00000006,numeric-chain-000056,11,2,23,1580,0.8,820,840,HC180BD+Z,加磷高强、烘烤硬化钢,H180BH1,软钢,normal_real,,,,,,,
diagnostic_candidate,True,0030121690-000010,0030121690-000010,0030121690-000010,BR_00000032,BR_00000006,numeric-chain-000056,11,3,23,1580,0.8,820,840,HC180BD+Z,加磷高强、烘烤硬化钢,H180BH1,软钢,normal_real,,,,,,,
diagnostic_candidate,True,0005000501-000680,0005000501-000680,0005000501-000680,BR_00000024,BR_00000006,numeric-chain-000056,11,4,21,1565,0.8,830,850,CR3,IF钢,SPHETI-36,软钢,normal_real,,,,,,,
diagnostic_candidate,True,0005000501-000360,0005000501-000360,0005000501-000360,BR_00000024,BR_00000006,numeric-chain-000056,11,5,21,1565,0.9,830,850,CR3,IF钢,SPHETI-36,软钢,normal_real,,,,,,,
diagnostic_candidate,True,0005000450-000090,0005000450-000090,0005000450-000090,BR_00000006,BR_00000006,numeric-chain-000056,11,6,21,1565,0.9,830,850,CR3,IF钢,SPHETI-36,软钢,normal_real,,,,,,,
diagnostic_candidate,True,0030102088-000110,0030102088-000110,0030102088-000110,BR_00000009,BR_00000006,numeric-chain-000056,11,7,132,1549,0.8,830,850,CR3,IF钢,SPHETI-36,软钢,normal_real,,,,,,,
diagnostic_candidate,True,0030104328-000030,0030104328-000030,0030104328-000030,BR_00000012,BR_00000006,numeric-chain-000056,11,8,66,1549,0.8,830,850,CR3,IF钢,SPHETI-36,软钢,normal_real,,,,,,,
diagnostic_candidate,True,0005000547-000720,0005000547-000720,0005000547-000720,BR_00000030,BR_00000006,numeric-chain-000056,11,9,21,1535,1,820,840,CR210BH,加磷高强、烘烤硬化钢,H220BH,软钢,normal_real,,,,,,,
diagnostic_candidate,True,0030121690-000020,0030121690-000020,0030121690-000020,BR_00000032,BR_00000006,numeric-chain-000056,11,10,24,1530,1,830,850,DC56D+Z,IF钢,SPHETI-3,软钢,normal_real,,,,,,,
diagnostic_candidate,True,0005000486-000580,0005000486-000580,0005000486-000580,BR_00000018,BR_00000006,numeric-chain-000056,11,11,42,1525,1,830,850,CR3,IF钢,SPHETI-36,软钢,normal_real,,,,,,,
diagnostic_candidate,True,0030104604-000020,0030104604-000020,0030104604-000020,BR_00000012,BR_00000006,numeric-chain-000056,11,12,24,1500,1,700,840,DC51D+Z,普碳,SPHC,软钢,actual_transition,,,,,,,
diagnostic_candidate,True,0002002195-000190,0002002195-000190,0002002195-000190,BR_00000036,BR_00000006,numeric-chain-000056,11,13,24,1500,1,830,850,DC54D+Z,IF钢,SPHETI-3,软钢,normal_real,,,,,,,
diagnostic_candidate,True,0030104596-000020,0030104596-000020,0030104596-000020,BR_00000012,BR_00000006,numeric-chain-000056,11,14,48,1500,1.2,700,840,DX51D+Z,普碳,SPHC,软钢,normal_real,,,,,,,
diagnostic_candidate,True,0030114040-000010,0030114040-000010,0030114040-000010,BR_00000024,BR_00000006,numeric-chain-000056,11,15,24,1500,1.2,830,850,DC51D+Z,IF钢,SPHETI-3,软钢,normal_real,,,,,,,
diagnostic_candidate,True,0030105462-000060,0030105462-000060,0030105462-000060,BR_00000012,BR_00000006,numeric-chain-000056,11,16,48,1500,1.4,700,840,DC51D+Z,普碳,SPHC,软钢,actual_transition,,,,,,,
diagnostic_candidate,True,0030107311-000340,0030107311-000340,0030107311-000340,BR_00000018,BR_00000006,numeric-chain-000056,11,17,48,1500,1.5,700,840,DC51D+Z,普碳,SPHC,软钢,actual_transition,,,,,,,
diagnostic_candidate,True,0030101703-000060,0030101703-000060,0030101703-000060,BR_00000008,BR_00000006,numeric-chain-000056,11,18,50,1500,1.5,700,840,DC51D+Z,普碳,SPHC,软钢,actual_transition,,,,,,,
diagnostic_candidate,True,0030101704-000050,0030101704-000050,0030101704-000050,BR_00000008,BR_00000006,numeric-chain-000056,11,19,52,1500,1.5,700,840,DC51D+Z,普碳,SPHC,软钢,actual_transition,,,,,,,
diagnostic_candidate,True,0002001757-000060,0002001757-000060,0002001757-000060,BR_00000018,BR_00000006,numeric-chain-000056,11,20,161,1460,1.2,815,835,DX51D+Z-MD,普碳,SPHC,软钢,normal_real,,,,,,,
diagnostic_candidate,True,0030103543-000100,0030103543-000100,0030103543-000100,BR_00000012,BR_00000006,numeric-chain-000056,11,21,48,1450,1,700,840,DC51D+Z,普碳,SPHC,软钢,normal_real,,,,,,,
diagnostic_candidate,True,0030105927-000050,0030105927-000050,0030105927-000050,BR_00000012,BR_00000006,numeric-chain-000056,11,22,96,1390,1.2,700,720,DX51D+Z3,深冲钢（PD）,DD12BB,软钢,normal_real,,,,,,,
diagnostic_candidate,True,0030108198-000030,0030108198-000030,0030108198-000030,BR_00000018,BR_00000006,numeric-chain-000056,11,23,48,1390,1.2,700,720,DX51D+Z3,深冲钢（PD）,DD12BB,软钢,normal_real,,,,,,,
diagnostic_candidate,True,0030106803-000020,0030106803-000020,0030106803-000020,BR_00000018,BR_00000006,numeric-chain-000056,11,24,24,1375,1.13,700,840,DC51D+Z,普碳,SPHC,软钢,actual_transition,,,,,,,
diagnostic_candidate,True,0005000547-000770,0005000547-000770,0005000547-000770,BR_00000030,BR_00000006,numeric-chain-000056,11,25,21,1365,1,730,750,CR380LA,低合金高强,H380LA-3,硬钢,normal_real,,,,,,,
diagnostic_candidate,True,0005000501-000730,0005000501-000730,0005000501-000730,BR_00000024,BR_00000006,numeric-chain-000056,11,26,21,1365,1,730,750,CR380LA,低合金高强,H380LA-3,硬钢,normal_real,,,,,,,
diagnostic_candidate,True,0005000464-000710,0005000464-000710,0005000464-000710,BR_00000012,BR_00000006,numeric-chain-000056,11,27,21,1365,1,730,750,CR380LA,低合金高强,H380LA-3,硬钢,normal_real,,,,,,,
diagnostic_candidate,True,0030103224-000030,0030103224-000030,0030103224-000030,BR_00000012,BR_00000006,numeric-chain-000056,11,28,72,1345,1,700,840,DC51D+Z,普碳,SPHC,软钢,actual_transition,,,,,,,
diagnostic_candidate,True,0005000464-000510,0005000464-000510,0005000464-000510,BR_00000012,BR_00000006,numeric-chain-000056,11,29,20,1325,1,790,810,CR240LA,低合金高强,H260LAD-3,硬钢,normal_real,,,,,,,
diagnostic_candidate,True,0030104329-000010,0030104329-000010,0030104329-000010,BR_00000012,BR_00000006,numeric-chain-000056,11,30,22,1320,0.8,780,820,CR270LA,低合金高强,H260LAD-3,硬钢,normal_real,,,,,,,
diagnostic_candidate,True,0005000547-000220,0005000547-000220,0005000547-000220,BR_00000030,BR_00000006,numeric-chain-000056,11,31,21,1308,0.8,810,830,CR240LA,低合金高强,H260LAD-3,硬钢,normal_real,,,,,,,
diagnostic_candidate,True,0030102943-000010,0030102943-000010,0030102943-000010,BR_00000012,BR_00000006,numeric-chain-000056,11,32,72,1290,0.8,700,840,DC51D+Z,普碳,SPHC,软钢,actual_transition,,,,,,,
diagnostic_candidate,True,0005000468-000010,0005000468-000010,0005000468-000010,BR_00000012,BR_00000006,numeric-chain-000056,11,33,22,1260,0.7,730,750,CR380LA,低合金高强,H380LA-3,硬钢,normal_real,,,,,,,
diagnostic_candidate,True,0005000545-000010,0005000545-000010,0005000545-000010,BR_00000030,BR_00000006,numeric-chain-000056,11,34,22,1260,0.7,730,750,CR380LA,低合金高强,H380LA-3,硬钢,normal_real,,,,,,,
diagnostic_candidate,True,0005000500-000020,0005000500-000020,0005000500-000020,BR_00000024,BR_00000006,numeric-chain-000056,11,35,22,1260,0.7,730,750,CR380LA,低合金高强,H380LA-3,硬钢,normal_real,,,,,,,
diagnostic_candidate,True,0030117991-000030,0030117991-000030,0030117991-000030,BR_00000030,BR_00000006,numeric-chain-000056,11,36,24,1250,0.75,700,840,DC51D+Z,普碳,SPHC,软钢,actual_transition,,,,,,,
diagnostic_candidate,True,0030117991-000010,0030117991-000010,0030117991-000010,BR_00000030,BR_00000006,numeric-chain-000056,11,37,72,1250,0.75,700,840,DC51D+Z,普碳,SPHC,软钢,actual_transition,,,,,,,
diagnostic_candidate,True,0030124871-000070,0030124871-000070,0030124871-000070,BR_00000036,BR_00000006,numeric-chain-000056,11,38,230,1250,0.75,820,840,DX53D+Z,IF钢,SPHETI-5,软钢,normal_real,,,,,,,
diagnostic_candidate,True,0002001899-000110,0002001899-000110,0002001899-000110,BR_00000024,BR_00000006,numeric-chain-000056,11,39,184,1250,0.8,820,840,DX53D+Z-MD,IF钢,SPHETI-5,软钢,normal_real,,,,,,,
diagnostic_candidate,True,0010020206-000080,0010020206-000080,0010020206-000080,BR_00000036,BR_00000006,numeric-chain-000057,12,1,168,1250,1,700,840,DC51D+Z,普碳,SPHC,软钢,actual_transition,,,,,,,
diagnostic_candidate,True,0030103526-000050,0030103526-000050,0030103526-000050,BR_00000012,BR_00000006,numeric-chain-000057,12,2,48,1250,1.2,700,840,DC51D+Z,普碳,SPHC,软钢,actual_transition,,,,,,,
diagnostic_candidate,True,0030098178-000020,0030098178-000020,0030098178-000020,BR_00000006,BR_00000006,numeric-chain-000057,12,3,48,1250,1.4,700,840,DC51D+Z,普碳,SPHC,软钢,actual_transition,,,,,,,
diagnostic_candidate,True,0030102517-000100,0030102517-000100,0030102517-000100,BR_00000009,BR_00000006,numeric-chain-000057,12,4,75,1250,1.6,700,720,DC51D+Z,普碳,SPHC,软钢,actual_transition,,,,,,,
diagnostic_candidate,True,0030103526-000180,0030103526-000180,0030103526-000180,BR_00000012,BR_00000006,numeric-chain-000057,12,5,72,1250,2,700,720,DC51D+Z,普碳,SPHC,软钢,actual_transition,,,,,,,
diagnostic_candidate,True,0030123653-000010,0030123653-000010,0030123653-000010,BR_00000036,BR_00000006,numeric-chain-000057,12,6,96,1225,1.5,700,840,DC51D+Z,普碳,SPHC,软钢,normal_real,,,,,,,
diagnostic_candidate,True,0030113335-000100,0030113335-000100,0030113335-000100,BR_00000024,BR_00000006,numeric-chain-000057,12,7,8,1220,1.2,810,830,HC180YD+Z,加磷高强、烘烤硬化钢,H180YD,软钢,normal_real,,,,,,,
diagnostic_candidate,True,0002001899-000020,0002001899-000020,0002001899-000020,BR_00000024,BR_00000006,numeric-chain-000057,12,8,22,1219,1,815,835,DX51D+Z-MD,普碳,SPHC,软钢,normal_real,,,,,,,
diagnostic_candidate,True,0002002054-000020,0002002054-000020,0002002054-000020,BR_00000030,BR_00000006,numeric-chain-000057,12,9,141,1219,1.2,815,835,DX51D+Z-MD,普碳,SPHC,软钢,normal_real,,,,,,,
diagnostic_candidate,True,0002001899-000100,0002001899-000100,0002001899-000100,BR_00000024,BR_00000006,numeric-chain-000057,12,10,44,1219,1.2,815,835,DX51D+Z-MD,普碳,SPHC,软钢,normal_real,,,,,,,
diagnostic_candidate,True,0030124440-000040,0030124440-000040,0030124440-000040,BR_00000036,BR_00000006,numeric-chain-000057,12,11,24,1206,1.3,700,840,DC51D+Z,普碳,SPHC,软钢,normal_real,,,,,,,
diagnostic_candidate,True,0002001871-000180,0002001871-000180,0002001871-000180,BR_00000024,BR_00000006,numeric-chain-000057,12,12,13,1199,1.2,770,810,DC51D+Z,普碳,SPHC,软钢,normal_real,,,,,,,
diagnostic_candidate,True,0002001647-000080,0002001647-000080,0002001647-000080,BR_00000012,BR_00000006,numeric-chain-000057,12,13,92,1195,1.2,770,810,DX51D+Z-WL,深冲钢（PD）,SPHCQ,软钢,normal_real,,,,,,,
diagnostic_candidate,True,0002001457-000030,0002001457-000030,0002001457-000030,BR_00000006,BR_00000006,numeric-chain-000057,12,14,291,1195,1.2,770,810,DX51D+Z-WL,深冲钢（PD）,SPHCQ,软钢,normal_real,,,,,,,
diagnostic_candidate,True,0002001756-000070,0002001756-000070,0002001756-000070,BR_00000018,BR_00000006,numeric-chain-000057,12,15,242,1195,1.2,770,810,DX51D+Z-WL,深冲钢（PD）,SPHCQ,软钢,normal_real,,,,,,,
diagnostic_candidate,True,0002001896-000020,0002001896-000020,0002001896-000020,BR_00000024,BR_00000006,numeric-chain-000057,12,16,66,1180,1.2,770,810,DX51D+Z-WL,深冲钢（PD）,SPHCQ,软钢,normal_real,,,,,,,
diagnostic_candidate,True,0002002170-000050,0002002170-000050,0002002170-000050,BR_00000036,BR_00000006,numeric-chain-000057,12,17,23,1175,1.2,770,810,DC51D+Z,普碳,SPHC,软钢,normal_real,,,,,,,
diagnostic_candidate,True,0030108565-000010,0030108565-000010,0030108565-000010,BR_00000018,BR_00000006,numeric-chain-000057,12,18,24,1160,1,800,820,HC260YD+Z,加磷高强、烘烤硬化钢,H260Y,软钢,normal_real,,,,,,,
diagnostic_candidate,True,0030115408-000050,0030115408-000050,0030115408-000050,BR_00000024,BR_00000006,numeric-chain-000057,12,19,24,1160,1,800,820,HC260YD+Z,加磷高强、烘烤硬化钢,H260Y,软钢,normal_real,,,,,,,
diagnostic_candidate,True,0030100152-000010,0030100152-000010,0030100152-000010,BR_00000006,BR_00000006,numeric-chain-000057,12,20,24,1160,1,800,820,HC260YD+Z,加磷高强、烘烤硬化钢,H260Y,软钢,normal_real,,,,,,,
diagnostic_candidate,True,0030124440-000030,0030124440-000030,0030124440-000030,BR_00000036,BR_00000006,numeric-chain-000057,12,21,24,1155,0.9,770,810,DX52D+Z,深冲钢（PD）,SPHCQ,软钢,normal_real,,,,,,,
diagnostic_candidate,True,0002002202-000210,0002002202-000210,0002002202-000210,BR_00000036,BR_00000006,numeric-chain-000057,12,22,23,1155,1,770,810,DC51D+Z,普碳,SPHC,软钢,normal_real,,,,,,,
diagnostic_candidate,True,0002002023-000030,0002002023-000030,0002002023-000030,BR_00000030,BR_00000006,numeric-chain-000057,12,23,23,1155,1,770,810,DC51D+Z,普碳,SPHC,软钢,normal_real,,,,,,,
diagnostic_candidate,True,0002001873-000090,0002001873-000090,0002001873-000090,BR_00000024,BR_00000006,numeric-chain-000057,12,24,30,1155,1,770,810,DC51D+Z,普碳,SPHC,软钢,normal_real,,,,,,,
diagnostic_candidate,True,0002001612-000180,0002001612-000180,0002001612-000180,BR_00000012,BR_00000006,numeric-chain-000057,12,25,35,1155,1.2,770,810,DC51D+Z,普碳,SPHC,软钢,normal_real,,,,,,,
diagnostic_candidate,True,0002002024-000040,0002002024-000040,0002002024-000040,BR_00000030,BR_00000006,numeric-chain-000057,12,26,23,1153,1.2,770,810,DC51D+Z,普碳,SPHC,软钢,normal_real,,,,,,,
diagnostic_candidate,True,0002001890-000120,0002001890-000120,0002001890-000120,BR_00000024,BR_00000006,numeric-chain-000057,12,27,13,1153,1.2,770,810,DC51D+Z,普碳,SPHC,软钢,normal_real,,,,,,,
diagnostic_candidate,True,0002001871-000130,0002001871-000130,0002001871-000130,BR_00000024,BR_00000006,numeric-chain-000057,12,28,13,1153,1.2,770,810,DC51D+Z,普碳,SPHC,软钢,normal_real,,,,,,,
diagnostic_candidate,True,0030120939-000040,0030120939-000040,0030120939-000040,BR_00000032,BR_00000006,numeric-chain-000057,12,29,69,1150,1.2,770,810,DC52D+Z,深冲钢（PD）,SPHCQ,软钢,normal_real,,,,,,,
diagnostic_candidate,True,0005000511-000010,0005000511-000010,0005000511-000010,BR_00000024,BR_00000006,numeric-chain-000057,12,30,7,1133,1.2,800,820,CR210LA,普碳,SPHC,软钢,normal_real,,,,,,,
diagnostic_candidate,True,0030119862-000100,0030119862-000100,0030119862-000100,BR_00000030,BR_00000006,numeric-chain-000057,12,31,23,1133,1,770,810,DC51D+Z,深冲钢（PD）,SPHCQ,软钢,normal_real,,,,,,,
diagnostic_candidate,True,0030106995-000060,0030106995-000060,0030106995-000060,BR_00000013,BR_00000006,numeric-chain-000057,12,32,46,1120,1.2,795,815,HC220YD+Z,加磷高强、烘烤硬化钢,H220Y,软钢,normal_real,,,,,,,
diagnostic_candidate,True,0002002023-000120,0002002023-000120,0002002023-000120,BR_00000030,BR_00000006,numeric-chain-000057,12,33,23,1115,1.2,770,810,DC51D+Z,普碳,SPHC,软钢,normal_real,,,,,,,
diagnostic_candidate,True,0002002202-000220,0002002202-000220,0002002202-000220,BR_00000036,BR_00000006,numeric-chain-000057,12,34,23,1115,1.2,770,810,DC51D+Z,普碳,SPHC,软钢,normal_real,,,,,,,
diagnostic_candidate,True,0002001873-000100,0002001873-000100,0002001873-000100,BR_00000024,BR_00000006,numeric-chain-000057,12,35,23,1115,1.4,770,810,DC51D+Z,普碳,SPHC,软钢,normal_real,,,,,,,
diagnostic_candidate,True,0002001612-000120,0002001612-000120,0002001612-000120,BR_00000012,BR_00000006,numeric-chain-000057,12,36,30,1105,1.2,770,810,DC51D+Z,普碳,SPHC,软钢,normal_real,,,,,,,
diagnostic_candidate,True,0030120939-000030,0030120939-000030,0030120939-000030,BR_00000032,BR_00000006,numeric-chain-000057,12,37,23,1100,1.2,770,810,DC52D+Z,深冲钢（PD）,SPHCQ,软钢,normal_real,,,,,,,
diagnostic_candidate,True,0005000547-000650,0005000547-000650,0005000547-000650,BR_00000030,BR_00000006,numeric-chain-000060,13,1,63,1205,1,830,850,CR3,IF钢,SPHETI-36,软钢,normal_real,,,,,,,
diagnostic_candidate,True,0005000501-000590,0005000501-000590,0005000501-000590,BR_00000024,BR_00000006,numeric-chain-000060,13,2,63,1205,1,830,850,CR3,IF钢,SPHETI-36,软钢,normal_real,,,,,,,
diagnostic_candidate,True,0005000486-000600,0005000486-000600,0005000486-000600,BR_00000018,BR_00000006,numeric-chain-000060,13,3,21,1205,1,830,850,CR3,IF钢,SPHETI-36,软钢,normal_real,,,,,,,
diagnostic_candidate,True,0030125147-000010,0030125147-000010,0030125147-000010,BR_00000036,BR_00000006,numeric-chain-000060,13,4,24,1200,1,820,840,DC53D+Z,IF钢,SPHETI-5,软钢,normal_real,,,,,,,
diagnostic_candidate,True,0002002058-000010,0002002058-000010,0002002058-000010,BR_00000030,BR_00000006,numeric-chain-000060,13,5,69,1200,1,820,840,DX53D+Z-CD,IF钢,SPHETI-5,软钢,normal_real,,,,,,,
diagnostic_candidate,True,0002001897-000020,0002001897-000020,0002001897-000020,BR_00000024,BR_00000006,numeric-chain-000060,13,6,72,1200,1,820,840,DX53D+Z-CD,IF钢,SPHETI-5,软钢,normal_real,,,,,,,
diagnostic_candidate,True,0002001627-000080,0002001627-000080,0002001627-000080,BR_00000012,BR_00000006,numeric-chain-000060,13,7,23,1200,1.2,830,850,DC54D+Z,IF钢,SPHETI-3,软钢,normal_real,,,,,,,
diagnostic_candidate,True,0030108517-000020,0030108517-000020,0030108517-000020,BR_00000018,BR_00000006,numeric-chain-000060,13,8,24,1194,1.3,830,850,DC54D+Z,IF钢,SPHETI-5,软钢,normal_real,,,,,,,
diagnostic_candidate,True,0030107688-000040,0030107688-000040,0030107688-000040,BR_00000018,BR_00000006,numeric-chain-000060,13,9,20,1193,1.4,820,840,CR210BH,加磷高强、烘烤硬化钢,H220BH,软钢,normal_real,,,,,,,
diagnostic_candidate,True,0030117286-000040,0030117286-000040,0030117286-000040,BR_00000030,BR_00000006,numeric-chain-000060,13,10,20,1193,1.4,820,840,CR210BH,加磷高强、烘烤硬化钢,H220BH,软钢,normal_real,,,,,,,
diagnostic_candidate,True,0030098082-000020,0030098082-000020,0030098082-000020,BR_00000006,BR_00000006,numeric-chain-000060,13,11,24,1190,1.2,830,850,CR2,IF钢,SPHETI-3,软钢,normal_real,,,,,,,
diagnostic_candidate,True,0002001756-000010,0002001756-000010,0002001756-000010,BR_00000018,BR_00000006,numeric-chain-000060,13,12,200,1185,1.2,820,840,DX53D+Z-CD,IF钢,SPHETI-5,软钢,normal_real,,,,,,,
diagnostic_candidate,True,0002001854-000300,0002001854-000300,0002001854-000300,BR_00000024,BR_00000006,numeric-chain-000062,14,1,23,1147,0.6,770,810,DC51D+Z,普碳,SPHC,软钢,normal_real,,,,,,,
diagnostic_candidate,True,0030124800-000070,0030124800-000070,0030124800-000070,BR_00000036,BR_00000006,numeric-chain-000062,14,2,23,1146,0.5,770,810,DX52D+Z,深冲钢（PD）,SPHCQ,软钢,normal_real,,,,,,,
diagnostic_candidate,True,0002001867-000100,0002001867-000100,0002001867-000100,BR_00000024,BR_00000006,numeric-chain-000062,14,3,69,1130,0.6,770,790,220YD+Z,加磷高强、烘烤硬化钢,H220Y,软钢,normal_real,,,,,,,
diagnostic_candidate,True,0002002170-000370,0002002170-000370,0002002170-000370,BR_00000036,BR_00000006,numeric-chain-000062,14,4,23,1130,0.7,770,810,DC51D+Z,IF钢,SPHETI-3,软钢,normal_real,,,,,,,
diagnostic_candidate,True,0030105394-000030,0030105394-000030,0030105394-000030,BR_00000012,BR_00000006,numeric-chain-000062,14,5,23,1130,0.8,790,810,HC260YD+Z,加磷高强、烘烤硬化钢,H260Y,软钢,normal_real,,,,,,,
diagnostic_candidate,True,0030120974-000030,0030120974-000030,0030120974-000030,BR_00000032,BR_00000006,numeric-chain-000062,14,6,23,1130,0.8,790,810,HC260YD+Z,加磷高强、烘烤硬化钢,H260Y,软钢,normal_real,,,,,,,
diagnostic_candidate,True,0002001414-000060,0002001414-000060,0002001414-000060,BR_00000006,BR_00000006,numeric-chain-000062,14,7,44,1124,0.6,770,810,DC51D+Z,普碳,SPHC,软钢,normal_real,,,,,,,
diagnostic_candidate,True,0002001867-000110,0002001867-000110,0002001867-000110,BR_00000024,BR_00000006,numeric-chain-000062,14,8,30,1120,0.6,780,800,220YD+Z,加磷高强、烘烤硬化钢,H220Y,软钢,normal_real,,,,,,,
diagnostic_candidate,True,0002001744-000070,0002001744-000070,0002001744-000070,BR_00000018,BR_00000006,numeric-chain-000062,14,9,23,1110,0.65,770,810,DC51D+Z,普碳,SPHC,软钢,normal_real,,,,,,,
diagnostic_candidate,True,0002001871-000040,0002001871-000040,0002001871-000040,BR_00000024,BR_00000006,numeric-chain-000062,14,10,15,1108,0.65,770,810,DC51D+Z,普碳,SPHC,软钢,normal_real,,,,,,,
diagnostic_candidate,True,0002001767-000010,0002001767-000010,0002001767-000010,BR_00000018,BR_00000006,numeric-chain-000062,14,11,96,1105,0.6,770,810,DC51D+Z,普碳,SPHC,软钢,normal_real,,,,,,,
diagnostic_candidate,True,0002001635-000030,0002001635-000030,0002001635-000030,BR_00000012,BR_00000006,numeric-chain-000062,14,12,21,1105,0.6,770,810,DC51D+Z,普碳,SPHC,软钢,normal_real,,,,,,,
diagnostic_candidate,True,0002001890-000140,0002001890-000140,0002001890-000140,BR_00000024,BR_00000006,numeric-chain-000062,14,13,13,1105,0.7,770,810,DC51D+Z,普碳,SPHC,软钢,normal_real,,,,,,,
diagnostic_candidate,True,0002001612-000190,0002001612-000190,0002001612-000190,BR_00000012,BR_00000006,numeric-chain-000062,14,14,13,1098,0.65,770,810,DC51D+Z,普碳,SPHC,软钢,normal_real,,,,,,,
diagnostic_candidate,True,0002002185-000110,0002002185-000110,0002002185-000110,BR_00000036,BR_00000006,numeric-chain-000062,14,15,19,1097,0.65,770,810,DC51D+Z,IF钢,SPHETI-3,软钢,normal_real,,,,,,,
diagnostic_candidate,True,0002001880-000120,0002001880-000120,0002001880-000120,BR_00000024,BR_00000006,numeric-chain-000062,14,16,70,1095,0.65,770,810,DC51D+Z,普碳,SPHC,软钢,normal_real,,,,,,,
diagnostic_candidate,True,0002001873-000020,0002001873-000020,0002001873-000020,BR_00000024,BR_00000006,numeric-chain-000062,14,17,19,1095,0.7,770,810,DC51D+Z,IF钢,SPHETI-3,软钢,normal_real,,,,,,,
diagnostic_candidate,True,0002002035-000080,0002002035-000080,0002002035-000080,BR_00000030,BR_00000006,numeric-chain-000062,14,18,24,1090,0.65,770,810,DC51D+Z,普碳,SPHC,软钢,normal_real,,,,,,,
diagnostic_candidate,True,0002002044-000040,0002002044-000040,0002002044-000040,BR_00000030,BR_00000006,numeric-chain-000062,14,19,23,1090,0.65,770,810,DC51D+Z,普碳,SPHC,软钢,normal_real,,,,,,,
diagnostic_candidate,True,0030108542-000090,0030108542-000090,0030108542-000090,BR_00000018,BR_00000006,numeric-chain-000062,14,20,24,1090,0.8,770,810,DX52D+Z-LG,深冲钢（PD）,SPHCQ,软钢,normal_real,,,,,,,
diagnostic_candidate,True,0002002176-000200,0002002176-000200,0002002176-000200,BR_00000036,BR_00000006,numeric-chain-000062,14,21,15,1080,0.6,770,810,DC51D+Z,普碳,SPHC,软钢,normal_real,,,,,,,
diagnostic_candidate,True,0002001890-000280,0002001890-000280,0002001890-000280,BR_00000024,BR_00000006,numeric-chain-000062,14,22,20,1078,0.6,770,810,DC51D+Z,普碳,SPHC,软钢,normal_real,,,,,,,
diagnostic_candidate,True,0002001871-000480,0002001871-000480,0002001871-000480,BR_00000024,BR_00000006,numeric-chain-000062,14,23,30,1078,0.6,770,810,DC51D+Z,普碳,SPHC,软钢,normal_real,,,,,,,
diagnostic_candidate,True,0030117933-000010,0030117933-000010,0030117933-000010,BR_00000030,BR_00000006,numeric-chain-000062,14,24,138,1075,0.7,700,840,DX51D+Z,普碳,SPHC,软钢,normal_real,,,,,,,
diagnostic_candidate,True,0010019680-000020,0010019680-000020,0010019680-000020,BR_00000036,BR_00000006,numeric-chain-000062,14,25,69,1072,0.75,730,750,DC51D+Z-D,普碳,SPHC,软钢,normal_real,,,,,,,
diagnostic_candidate,True,0030114159-000030,0030114159-000030,0030114159-000030,BR_00000024,BR_00000006,numeric-chain-000062,14,26,30,1055,0.6,730,750,DX51D+Z,普碳,SPHC,软钢,normal_real,,,,,,,
diagnostic_candidate,True,0030107598-000020,0030107598-000020,0030107598-000020,BR_00000018,BR_00000006,numeric-chain-000062,14,27,100,1055,0.6,730,750,DX51D+Z,普碳,SPHC,软钢,normal_real,,,,,,,
diagnostic_candidate,True,0030124826-000040,0030124826-000040,0030124826-000040,BR_00000036,BR_00000006,numeric-chain-000062,14,28,50,1055,0.6,730,750,DX51D+Z,普碳,SPHC,软钢,normal_real,,,,,,,
diagnostic_candidate,True,0030119031-000040,0030119031-000040,0030119031-000040,BR_00000030,BR_00000006,numeric-chain-000062,14,29,30,1055,0.6,730,750,DX51D+Z,普碳,SPHC,软钢,normal_real,,,,,,,
diagnostic_candidate,True,0030124824-000040,0030124824-000040,0030124824-000040,BR_00000036,BR_00000006,numeric-chain-000062,14,30,100,1055,0.6,730,750,DX51D+Z,普碳,SPHC,软钢,normal_real,,,,,,,
diagnostic_candidate,True,0030114160-000020,0030114160-000020,0030114160-000020,BR_00000024,BR_00000006,numeric-chain-000062,14,31,20,1055,0.6,730,750,DX51D+Z,普碳,SPHC,软钢,normal_real,,,,,,,
diagnostic_candidate,True,0030107632-000040,0030107632-000040,0030107632-000040,BR_00000018,BR_00000006,numeric-chain-000062,14,32,40,1055,0.6,730,750,DX51D+Z,普碳,SPHC,软钢,normal_real,,,,,,,
diagnostic_candidate,True,0030113777-000010,0030113777-000010,0030113777-000010,BR_00000024,BR_00000006,numeric-chain-000062,14,33,110,1050,0.7,700,840,DX51D+Z,普碳,SPHC,软钢,normal_real,,,,,,,
diagnostic_candidate,True,0030107632-000030,0030107632-000030,0030107632-000030,BR_00000018,BR_00000006,numeric-chain-000062,14,34,20,1050,0.75,730,750,DX51D+Z,普碳,SPHC,软钢,normal_real,,,,,,,
diagnostic_candidate,True,0030114159-000020,0030114159-000020,0030114159-000020,BR_00000024,BR_00000006,numeric-chain-000062,14,35,20,1050,0.75,730,750,DX51D+Z,普碳,SPHC,软钢,normal_real,,,,,,,
diagnostic_candidate,True,0030114160-000010,0030114160-000010,0030114160-000010,BR_00000024,BR_00000006,numeric-chain-000062,14,36,20,1050,0.75,730,750,DX51D+Z,普碳,SPHC,软钢,normal_real,,,,,,,
diagnostic_candidate,True,0030105404-000060,0030105404-000060,0030105404-000060,BR_00000012,BR_00000006,numeric-chain-000062,14,37,22,1034,0.95,700,840,DC51D+Z,普碳,SPHC,软钢,normal_real,,,,,,,
diagnostic_candidate,True,0030118632-000040,0030118632-000040,0030118632-000040,BR_00000030,BR_00000006,numeric-chain-000062,14,38,63,1029,0.8,830,850,DC56D+Z,IF钢,SPHETI-3,软钢,normal_real,,,,,,,
diagnostic_candidate,True,0030113311-000010,0030113311-000010,0030113311-000010,BR_00000024,BR_00000006,numeric-chain-000062,14,39,242,1020,1,830,850,HDX53D+Z-SN,IF钢,SPHETI-3,软钢,normal_real,,,,,,,
diagnostic_candidate,True,0030113525-000030,0030113525-000030,0030113525-000030,BR_00000024,BR_00000006,numeric-chain-000062,14,40,21,1010,1.1,830,850,DC56D+Z,IF钢,SPHETI-3,软钢,normal_real,,,,,,,
diagnostic_candidate,True,0005000514-000030,0005000514-000030,0005000514-000030,BR_00000024,BR_00000006,numeric-chain-000062,14,41,24,1005,1,830,850,CR3,IF钢,SPHETI-36,软钢,normal_real,,,,,,,
diagnostic_candidate,True,0030115673-000080,0030115673-000080,0030115673-000080,BR_00000025,BR_00000006,numeric-chain-000062,14,42,22,1005,1,830,850,DC56D+Z,IF钢,SPHETI-3,软钢,normal_real,,,,,,,
diagnostic_candidate,True,0030124437-000020,0030124437-000020,0030124437-000020,BR_00000036,BR_00000006,numeric-chain-000062,14,43,22,1003,0.8,830,850,DC54D+Z,IF钢,SPHETI-5,软钢,normal_real,,,,,,,
diagnostic_candidate,True,0030122480-000090,0030122480-000090,0030122480-000090,BR_00000036,BR_00000006,numeric-chain-000062,14,44,22,990,0.7,830,850,DX53D+Z,IF钢,SPHETI-5,软钢,normal_real,,,,,,,
diagnostic_candidate,True,0002001890-000180,0002001890-000180,0002001890-000180,BR_00000024,BR_00000006,numeric-chain-000062,14,45,40,971,0.7,830,850,DC54D+Z,IF钢,SPHETI-3,软钢,normal_real,,,,,,,
diagnostic_candidate,True,0005000486-000330,0005000486-000330,0005000486-000330,BR_00000018,BR_00000006,numeric-chain-000062,14,46,18,968,0.8,830,850,CR180BH,加磷高强、烘烤硬化钢,H180BH,软钢,normal_real,,,,,,,
diagnostic_candidate,True,0002001612-000730,0002001612-000730,0002001612-000730,BR_00000012,BR_00000006,numeric-chain-000062,14,47,72,950,0.7,830,850,DC53D+Z,IF钢,SPHETI-3,软钢,normal_real,,,,,,,
diagnostic_candidate,True,0030118093-000010,0030118093-000010,0030118093-000010,BR_00000030,BR_00000006,numeric-chain-000067,15,1,168,1165,0.6,700,840,DC51D+Z,普碳,SPHC,软钢,normal_real,,,,,,,
diagnostic_candidate,True,0010019680-000030,0010019680-000030,0010019680-000030,BR_00000036,BR_00000006,numeric-chain-000067,15,2,48,1160,0.6,700,840,DC51D+Z-D,普碳,SPHC,软钢,normal_real,,,,,,,
diagnostic_candidate,True,0030108199-000010,0030108199-000010,0030108199-000010,BR_00000018,BR_00000006,numeric-chain-000067,15,3,138,1120,0.6,700,720,DX51D+Z3,深冲钢（PD）,DD12BB,软钢,normal_real,,,,,,,
diagnostic_candidate,True,0030105931-000010,0030105931-000010,0030105931-000010,BR_00000012,BR_00000006,numeric-chain-000067,15,4,46,1110,0.6,700,840,DC51D+Z,普碳,SPHC,软钢,normal_real,,,,,,,
diagnostic_candidate,True,0030124827-000020,0030124827-000020,0030124827-000020,BR_00000036,BR_00000006,numeric-chain-000067,15,5,50,1100,0.75,730,750,DX51D+Z,普碳,SPHC,软钢,normal_real,,,,,,,
diagnostic_candidate,True,0030124871-000130,0030124871-000130,0030124871-000130,BR_00000036,BR_00000006,numeric-chain-000067,15,6,180,1100,0.75,730,750,DX51D+Z,普碳,SPHC,软钢,normal_real,,,,,,,
diagnostic_candidate,True,0030112291-000020,0030112291-000020,0030112291-000020,BR_00000024,BR_00000006,numeric-chain-000067,15,7,46,1100,0.8,700,840,DC51D+Z,普碳,SPHC,软钢,actual_transition,,,,,,,
diagnostic_candidate,True,0030119650-000010,0030119650-000010,0030119650-000010,BR_00000030,BR_00000006,numeric-chain-000067,15,8,20,1085,0.8,780,800,HC220YD+Z-GL,加磷高强、烘烤硬化钢,H220Y,,normal_real,,,,,,,
diagnostic_candidate,True,0030108326-000050,0030108326-000050,0030108326-000050,BR_00000018,BR_00000006,numeric-chain-000067,15,9,23,1079,1,700,840,DC51D+Z,普碳,SPHC,软钢,actual_transition,,,,,,,
diagnostic_candidate,True,0030124824-000010,0030124824-000010,0030124824-000010,BR_00000036,BR_00000006,numeric-chain-000067,15,10,20,1060,0.95,710,730,DX51D+Z,普碳,SPHC,软钢,normal_real,,,,,,,
diagnostic_candidate,True,0030119031-000010,0030119031-000010,0030119031-000010,BR_00000030,BR_00000006,numeric-chain-000067,15,11,20,1060,0.95,710,730,DX51D+Z,普碳,SPHC,软钢,normal_real,,,,,,,
diagnostic_candidate,True,0030103543-000050,0030103543-000050,0030103543-000050,BR_00000012,BR_00000006,numeric-chain-000067,15,12,44,1010,0.8,700,840,DC51D+Z,普碳,SPHC,软钢,normal_real,,,,,,,
diagnostic_candidate,True,0005000547-000670,0005000547-000670,0005000547-000670,BR_00000030,BR_00000006,numeric-chain-000067,15,13,40,1005,0.8,830,850,CR3,IF钢,SPHETI-36,软钢,normal_real,,,,,,,
diagnostic_candidate,True,0030119215-000010,0030119215-000010,0030119215-000010,BR_00000030,BR_00000006,numeric-chain-000067,15,14,22,1001,0.6,820,840,DC53D+Z,IF钢,SPHETI-5,软钢,normal_real,,,,,,,
diagnostic_candidate,True,0030105110-000050,0030105110-000050,0030105110-000050,BR_00000012,BR_00000006,numeric-chain-000067,15,15,44,1001,0.6,820,840,DC53D+Z,IF钢,SPHETI-5,软钢,normal_real,,,,,,,
diagnostic_candidate,True,0010018206-000010,0010018206-000010,0010018206-000010,BR_00000030,BR_00000006,numeric-chain-000067,15,16,110,1000,0.5,700,840,DC51D+Z,普碳,SPHC,软钢,actual_transition,,,,,,,
diagnostic_candidate,True,0030124078-000010,0030124078-000010,0030124078-000010,BR_00000036,BR_00000006,numeric-chain-000067,15,17,44,1000,0.6,830,850,DC56D+Z,IF钢,SPHETI-3,软钢,normal_real,,,,,,,
diagnostic_candidate,True,0030110337-000010,0030110337-000010,0030110337-000010,BR_00000018,BR_00000006,numeric-chain-000067,15,18,24,1000,0.6,830,850,DC54D+Z,IF钢,SPHETI-5,软钢,normal_real,,,,,,,
diagnostic_candidate,True,0002001749-000040,0002001749-000040,0002001749-000040,BR_00000018,BR_00000006,numeric-chain-000067,15,19,22,980,0.6,830,850,DC54D+Z,IF钢,SPHETI-3,软钢,normal_real,,,,,,,
diagnostic_candidate,True,0030113335-000020,0030113335-000020,0030113335-000020,BR_00000024,BR_00000006,numeric-chain-000067,15,20,20,980,0.7,830,850,DC56D+Z,IF钢,SPHETI-3,软钢,normal_real,,,,,,,
diagnostic_candidate,True,0005000547-000380,0005000547-000380,0005000547-000380,BR_00000030,BR_00000006,numeric-chain-000067,15,21,18,968,0.8,830,850,CR180BH,加磷高强、烘烤硬化钢,H180BH,软钢,normal_real,,,,,,,
diagnostic_candidate,True,0030107381-000100,0030107381-000100,0030107381-000100,BR_00000018,BR_00000006,numeric-chain-000067,15,22,18,955,1,830,850,CR3,IF钢,SPHETI-36,软钢,normal_real,,,,,,,
diagnostic_candidate,True,0005000486-000260,0005000486-000260,0005000486-000260,BR_00000018,BR_00000006,numeric-chain-000067,15,23,18,928,1.2,820,840,CR210BH,加磷高强、烘烤硬化钢,H220BH,软钢,normal_real,,,,,,,
diagnostic_candidate,True,0005000464-000210,0005000464-000210,0005000464-000210,BR_00000012,BR_00000006,numeric-chain-000067,15,24,18,928,1.2,820,840,CR210BH,加磷高强、烘烤硬化钢,H220BH,软钢,normal_real,,,,,,,
diagnostic_candidate,True,0030107409-000010,0030107409-000010,0030107409-000010,BR_00000018,BR_00000006,numeric-chain-000067,15,25,36,914,1.5,830,850,CR180BH,加磷高强、烘烤硬化钢,H180BH,软钢,normal_real,,,,,,,
diagnostic_candidate,True,0030122760-000020,0030122760-000020,0030122760-000020,BR_00000036,BR_00000006,numeric-chain-000067,15,26,72,914,1.5,830,850,CR180BH,加磷高强、烘烤硬化钢,H180BH,软钢,normal_real,,,,,,,
diagnostic_candidate,True,0030122480-000070,0030122480-000070,0030122480-000070,BR_00000036,BR_00000006,numeric-chain-000067,15,27,108,905,1.2,820,840,DX53D+Z,IF钢,SPHETI-5,软钢,normal_real,,,,,,,
diagnostic_candidate,True,0005000563-000170,0005000563-000170,0005000563-000170,BR_00000036,BR_00000006,numeric-chain-000067,15,28,48,900,1.2,830,850,CR180BH,加磷高强、烘烤硬化钢,H180BH,软钢,normal_real,,,,,,,
diagnostic_candidate,True,0005000501-000190,0005000501-000190,0005000501-000190,BR_00000024,BR_00000006,numeric-chain-000067,15,29,48,900,1.2,830,850,CR180BH,加磷高强、烘烤硬化钢,H180BH,软钢,normal_real,,,,,,,
diagnostic_candidate,True,0005000547-000320,0005000547-000320,0005000547-000320,BR_00000030,BR_00000006,numeric-chain-000067,15,30,16,900,1.2,830,850,CR3,IF钢,SPHETI-36,软钢,normal_real,,,,,,,
diagnostic_candidate,True,0002001612-000080,0002001612-000080,0002001612-000080,BR_00000012,BR_00000006,numeric-chain-000067,15,31,88,900,1,830,850,DC53D+Z,IF钢,SPHETI-3,软钢,normal_real,,,,,,,
diagnostic_candidate,True,0002001890-000040,0002001890-000040,0002001890-000040,BR_00000024,BR_00000006,numeric-chain-000067,15,32,30,898,1,830,850,DC53D+Z,IF钢,SPHETI-3,软钢,normal_real,,,,,,,
diagnostic_candidate,True,0002001981-000070,0002001981-000070,0002001981-000070,BR_00000030,BR_00000006,numeric-chain-000067,15,33,84,895,0.8,830,850,DC53D+Z,IF钢,SPHETI-3,软钢,normal_real,,,,,,,
diagnostic_candidate,True,0002001438-000110,0002001438-000110,0002001438-000110,BR_00000006,BR_00000006,numeric-chain-000067,15,34,154,895,0.8,830,850,DC53D+Z,IF钢,SPHETI-3,软钢,normal_real,,,,,,,
diagnostic_candidate,True,0002001750-000150,0002001750-000150,0002001750-000150,BR_00000018,BR_00000006,numeric-chain-000067,15,35,30,895,0.8,830,850,DC53D+Z,IF钢,SPHETI-3,软钢,normal_real,,,,,,,
diagnostic_candidate,True,0002001750-000700,0002001750-000700,0002001750-000700,BR_00000018,BR_00000006,numeric-chain-000067,15,36,20,848,0.65,830,850,DC53D+Z,IF钢,SPHETI-3,软钢,normal_real,,,,,,,
diagnostic_candidate,True,0002001749-000010,0002001749-000010,0002001749-000010,BR_00000018,BR_00000006,numeric-chain-000067,15,37,18,820,0.6,830,850,DC54D+Z,IF钢,SPHETI-3,软钢,normal_real,,,,,,,
diagnostic_candidate,True,0030117110-000020,0030117110-000020,0030117110-000020,BR_00000030,BR_00000006,numeric-chain-000072,16,1,66,1312,0.75,830,850,CR3,IF钢,SPHETI-36,软钢,normal_real,,,,,,,
diagnostic_candidate,True,0030107381-000020,0030107381-000020,0030107381-000020,BR_00000018,BR_00000006,numeric-chain-000072,16,2,44,1312,0.75,830,850,CR3,IF钢,SPHETI-36,软钢,normal_real,,,,,,,
diagnostic_candidate,True,0030125150-000020,0030125150-000020,0030125150-000020,BR_00000036,BR_00000006,numeric-chain-000072,16,3,24,1305,0.7,820,840,DC53D+Z,IF钢,SPHETI-5,软钢,normal_real,,,,,,,
diagnostic_candidate,True,0030119860-000020,0030119860-000020,0030119860-000020,BR_00000030,BR_00000006,numeric-chain-000072,16,4,24,1305,0.7,820,840,DC53D+Z,IF钢,SPHETI-5,软钢,normal_real,,,,,,,
diagnostic_candidate,True,0030124683-000020,0030124683-000020,0030124683-000020,BR_00000036,BR_00000006,numeric-chain-000072,16,5,48,1305,0.7,820,840,DC53D+Z,IF钢,SPHETI-5,软钢,normal_real,,,,,,,
diagnostic_candidate,True,0030109893-000010,0030109893-000010,0030109893-000010,BR_00000018,BR_00000006,numeric-chain-000072,16,6,72,1300,0.7,810,830,HC180YD+Z,加磷高强、烘烤硬化钢,H180YD,软钢,normal_real,,,,,,,
diagnostic_candidate,True,0030104498-000020,0030104498-000020,0030104498-000020,BR_00000012,BR_00000006,numeric-chain-000072,16,7,144,1295,0.6,700,840,DC51D+Z,普碳,SPHC,软钢,normal_real,,,,,,,
diagnostic_candidate,True,0002001780-000090,0002001780-000090,0002001780-000090,BR_00000024,BR_00000006,numeric-chain-000072,16,8,23,1280,0.6,770,810,DC51D+Z,普碳,SPHC,软钢,normal_real,,,,,,,
diagnostic_candidate,True,0030118941-000010,0030118941-000010,0030118941-000010,BR_00000030,BR_00000006,numeric-chain-000072,16,9,100,1270,0.5,700,840,DX51D+Z,普碳,SPHC,软钢,actual_transition,,,,,,,
diagnostic_candidate,True,0002001648-000080,0002001648-000080,0002001648-000080,BR_00000012,BR_00000006,numeric-chain-000072,16,10,108,1258,0.4,815,835,DX51D+Z-MD,普碳,SPHC,软钢,normal_real,,,,,,,
diagnostic_candidate,True,0002001462-000010,0002001462-000010,0002001462-000010,BR_00000006,BR_00000006,numeric-chain-000072,16,11,52,1258,0.4,815,835,DX51D+Z-MD,普碳,SPHC,软钢,normal_real,,,,,,,
diagnostic_candidate,True,0030107561-000010,0030107561-000010,0030107561-000010,BR_00000018,BR_00000006,numeric-chain-000072,16,12,24,1250,0.5,700,840,DC51D+Z,普碳,SPHC,软钢,actual_transition,,,,,,,
diagnostic_candidate,True,0030104290-000040,0030104290-000040,0030104290-000040,BR_00000012,BR_00000006,numeric-chain-000072,16,13,48,1250,0.5,700,840,DC51D+Z,普碳,SPHC,软钢,actual_transition,,,,,,,
diagnostic_candidate,True,0030104291-000010,0030104291-000010,0030104291-000010,BR_00000012,BR_00000006,numeric-chain-000072,16,14,48,1250,0.5,700,840,DC51D+Z,普碳,SPHC,软钢,actual_transition,,,,,,,
diagnostic_candidate,True,0030112554-000060,0030112554-000060,0030112554-000060,BR_00000024,BR_00000006,numeric-chain-000072,16,15,24,1250,0.6,700,840,DC51D+Z,普碳,SPHC,软钢,actual_transition,,,,,,,
diagnostic_candidate,True,0030112554-000020,0030112554-000020,0030112554-000020,BR_00000024,BR_00000006,numeric-chain-000072,16,16,24,1250,0.75,700,840,DC51D+Z,普碳,SPHC,软钢,actual_transition,,,,,,,
diagnostic_candidate,True,0030104291-000020,0030104291-000020,0030104291-000020,BR_00000012,BR_00000006,numeric-chain-000072,16,17,72,1250,0.75,700,840,DC51D+Z,普碳,SPHC,软钢,actual_transition,,,,,,,
diagnostic_candidate,True,0030119031-000030,0030119031-000030,0030119031-000030,BR_00000030,BR_00000006,numeric-chain-000072,16,18,20,1250,0.75,730,750,DX51D+Z,普碳,SPHC,软钢,normal_real,,,,,,,
diagnostic_candidate,True,0010019881-000020,0010019881-000020,0010019881-000020,BR_00000036,BR_00000006,numeric-chain-000072,16,19,24,1250,0.95,700,840,DC51D+Z,普碳,SPHC,软钢,actual_transition,,,,,,,
diagnostic_candidate,True,0030107311-000040,0030107311-000040,0030107311-000040,BR_00000018,BR_00000006,numeric-chain-000072,16,20,48,1250,0.95,700,840,DC51D+Z,普碳,SPHC,软钢,actual_transition,,,,,,,
diagnostic_candidate,True,0030124871-000030,0030124871-000030,0030124871-000030,BR_00000036,BR_00000006,numeric-chain-000072,16,21,20,1250,0.95,710,730,DX51D+Z,普碳,SPHC,软钢,normal_real,,,,,,,
diagnostic_candidate,True,0030108198-000010,0030108198-000010,0030108198-000010,BR_00000018,BR_00000006,numeric-chain-000072,16,22,309,1250,1,700,720,DX51D+Z3,深冲钢（PD）,DD12BB,软钢,normal_real,,,,,,,
diagnostic_candidate,True,0030123916-000030,0030123916-000030,0030123916-000030,BR_00000036,BR_00000006,numeric-chain-000072,16,23,69,1250,1,700,840,DC51D+Z,普碳,SPHC,软钢,actual_transition,,,,,,,
diagnostic_candidate,True,0010015684-000010,0010015684-000010,0010015684-000010,BR_00000018,BR_00000006,numeric-chain-000072,16,24,72,1250,1.15,700,840,DC51D+Z,普碳,SPHC,软钢,actual_transition,,,,,,,
diagnostic_candidate,True,0010018614-000030,0010018614-000030,0010018614-000030,BR_00000030,BR_00000006,numeric-chain-000072,16,25,144,1250,1.15,700,840,DC51D+Z,普碳,SPHC,软钢,actual_transition,,,,,,,
diagnostic_candidate,True,0030124871-000020,0030124871-000020,0030124871-000020,BR_00000036,BR_00000006,numeric-chain-000072,16,26,20,1250,1.15,710,730,DX51D+Z,普碳,SPHC,软钢,normal_real,,,,,,,
diagnostic_candidate,True,0030122897-000050,0030122897-000050,0030122897-000050,BR_00000036,BR_00000006,numeric-chain-000072,16,27,24,1250,1.2,700,840,DC51D+Z,普碳,SPHC,软钢,actual_transition,,,,,,,
diagnostic_candidate,True,0002001623-000030,0002001623-000030,0002001623-000030,BR_00000012,BR_00000006,numeric-chain-000072,16,28,96,1250,1.2,770,810,DX51D+Z-WL,深冲钢（PD）,SPHCQ,软钢,normal_real,,,,,,,
diagnostic_candidate,True,0030107561-000060,0030107561-000060,0030107561-000060,BR_00000018,BR_00000006,numeric-chain-000072,16,29,48,1250,1.4,700,840,DC51D+Z,普碳,SPHC,软钢,actual_transition,,,,,,,
diagnostic_candidate,True,0030102517-000060,0030102517-000060,0030102517-000060,BR_00000009,BR_00000006,numeric-chain-000072,16,30,75,1250,1.4,700,840,DC51D+Z,普碳,SPHC,软钢,actual_transition,,,,,,,
diagnostic_candidate,True,0030112575-000050,0030112575-000050,0030112575-000050,BR_00000024,BR_00000006,numeric-chain-000080,17,1,96,1210,0.6,830,850,SCG4+Z,IF钢,SPHETI-3,软钢,normal_real,,,,,,,
diagnostic_candidate,True,0030108260-000050,0030108260-000050,0030108260-000050,BR_00000018,BR_00000006,numeric-chain-000080,17,2,48,1210,0.6,830,850,SCG4+Z,IF钢,SPHETI-3,软钢,normal_real,,,,,,,
diagnostic_candidate,True,0002002021-000060,0002002021-000060,0002002021-000060,BR_00000030,BR_00000006,numeric-chain-000080,17,3,69,1210,0.6,830,850,DC56D+Z,IF钢,SPHETI-3,软钢,normal_real,,,,,,,
diagnostic_candidate,True,0030106242-000110,0030106242-000110,0030106242-000110,BR_00000012,BR_00000006,numeric-chain-000080,17,4,48,1203,0.5,820,840,DX53D+Z-LG,IF钢,SPHETI-5,软钢,normal_real,,,,,,,
diagnostic_candidate,True,0030123916-000010,0030123916-000010,0030123916-000010,BR_00000036,BR_00000006,numeric-chain-000080,17,5,23,1200,0.4,700,840,DC51D+Z,普碳,SPHC,软钢,actual_transition,,,,,,,
diagnostic_candidate,True,0030118641-000010,0030118641-000010,0030118641-000010,BR_00000030,BR_00000006,numeric-chain-000080,17,6,46,1200,0.4,700,840,DC51D+Z,普碳,SPHC,软钢,actual_transition,,,,,,,
diagnostic_candidate,True,0002001647-000030,0002001647-000030,0002001647-000030,BR_00000012,BR_00000006,numeric-chain-000080,17,7,66,1200,0.45,815,835,DX51D+Z-MD,普碳,SPHC,软钢,normal_real,,,,,,,
diagnostic_candidate,True,0030106242-000090,0030106242-000090,0030106242-000090,BR_00000012,BR_00000006,numeric-chain-000080,17,8,48,1173,0.5,820,840,DX53D+Z-LG,IF钢,SPHETI-5,软钢,normal_real,,,,,,,
diagnostic_candidate,True,0030098660-000100,0030098660-000100,0030098660-000100,BR_00000006,BR_00000006,numeric-chain-000080,17,9,48,1173,0.5,820,840,DX53D+Z-LG,IF钢,SPHETI-5,软钢,normal_real,,,,,,,
diagnostic_candidate,True,0030108542-000030,0030108542-000030,0030108542-000030,BR_00000018,BR_00000006,numeric-chain-000080,17,10,48,1173,0.5,820,840,DX53D+Z-LG,IF钢,SPHETI-5,软钢,normal_real,,,,,,,
diagnostic_candidate,True,0030106720-000150,0030106720-000150,0030106720-000150,BR_00000018,BR_00000006,numeric-chain-000080,17,11,48,1170,0.45,820,840,DC53D+Z,IF钢,SPHETI-5,软钢,normal_real,,,,,,,
diagnostic_candidate,True,0002001757-000160,0002001757-000160,0002001757-000160,BR_00000018,BR_00000006,numeric-chain-000080,17,12,51,1165,0.4,815,835,DX51D+Z-MD,普碳,SPHC,软钢,normal_real,,,,,,,
diagnostic_candidate,True,0002001898-000040,0002001898-000040,0002001898-000040,BR_00000024,BR_00000006,numeric-chain-000080,17,13,44,1165,0.4,815,835,DX51D+Z-MD,普碳,SPHC,软钢,normal_real,,,,,,,
diagnostic_candidate,True,0002001648-000070,0002001648-000070,0002001648-000070,BR_00000012,BR_00000006,numeric-chain-000080,17,14,24,1165,0.4,815,835,DX51D+Z-MD,普碳,SPHC,软钢,normal_real,,,,,,,
diagnostic_candidate,True,0002002054-000220,0002002054-000220,0002002054-000220,BR_00000030,BR_00000006,numeric-chain-000080,17,15,21,1165,0.4,815,835,DX51D+Z-MD,普碳,SPHC,软钢,normal_real,,,,,,,
diagnostic_candidate,True,0030098660-000070,0030098660-000070,0030098660-000070,BR_00000006,BR_00000006,numeric-chain-000080,17,16,24,1160,0.4,820,840,DX53D+Z-LG,IF钢,SPHETI-5,软钢,normal_real,,,,,,,
diagnostic_candidate,True,0030108585-000050,0030108585-000050,0030108585-000050,BR_00000018,BR_00000006,numeric-chain-000080,17,17,48,1156,0.4,700,840,DC51D+Z-Q,深冲钢（PD）,SPHCQ,软钢,normal_real,,,,,,,
diagnostic_candidate,True,0030113258-000050,0030113258-000050,0030113258-000050,BR_00000024,BR_00000006,numeric-chain-000080,17,18,24,1156,0.4,700,840,DC51D+Z,普碳,SPHC,软钢,normal_real,,,,,,,
diagnostic_candidate,True,0002002055-000080,0002002055-000080,0002002055-000080,BR_00000030,BR_00000006,numeric-chain-000080,17,19,341,1150,0.5,815,835,DX51D+Z-MD,普碳,SPHC,软钢,normal_real,,,,,,,
diagnostic_candidate,True,0002002054-000040,0002002054-000040,0002002054-000040,BR_00000030,BR_00000006,numeric-chain-000080,17,20,191,1150,0.5,815,835,DX51D+Z-MD,普碳,SPHC,软钢,normal_real,,,,,,,
diagnostic_candidate,True,0030121703-000030,0030121703-000030,0030121703-000030,BR_00000032,BR_00000006,numeric-chain-000083,18,1,24,1568,1.45,830,850,DC54D+Z,IF钢,SPHETI-5,软钢,normal_real,,,,,,,
diagnostic_candidate,True,0030124871-000050,0030124871-000050,0030124871-000050,BR_00000036,BR_00000006,numeric-chain-000083,18,2,20,1540,1.15,820,840,DX53D+Z,IF钢,SPHETI-5,软钢,normal_real,,,,,,,
diagnostic_candidate,True,0005000450-000310,0005000450-000310,0005000450-000310,BR_00000006,BR_00000006,numeric-chain-000083,18,3,21,1535,1,820,840,CR210BH,加磷高强、烘烤硬化钢,H220BH,软钢,normal_real,,,,,,,
diagnostic_candidate,True,0005000547-000630,0005000547-000630,0005000547-000630,BR_00000030,BR_00000006,numeric-chain-000083,18,4,42,1525,1,830,850,CR3,IF钢,SPHETI-36,软钢,normal_real,,,,,,,
diagnostic_candidate,True,0030105931-000080,0030105931-000080,0030105931-000080,BR_00000012,BR_00000006,numeric-chain-000083,18,5,48,1510,1,820,840,DC53D+Z,IF钢,SPHETI-5,软钢,normal_real,,,,,,,
diagnostic_candidate,True,0030105071-000020,0030105071-000020,0030105071-000020,BR_00000012,BR_00000006,numeric-chain-000083,18,6,72,1500,1,700,840,DX51D+Z,普碳,SPHC,软钢,normal_real,,,,,,,
diagnostic_candidate,True,0002002006-000270,0002002006-000270,0002002006-000270,BR_00000030,BR_00000006,numeric-chain-000083,18,7,14,1500,1,770,810,DC51D+Z,IF钢,SPHETI-3,软钢,normal_real,,,,,,,
diagnostic_candidate,True,0030107935-000010,0030107935-000010,0030107935-000010,BR_00000018,BR_00000006,numeric-chain-000083,18,8,120,1500,1.15,700,840,DC51D+Z,普碳,SPHC,软钢,actual_transition,,,,,,,
diagnostic_candidate,True,0030105462-000050,0030105462-000050,0030105462-000050,BR_00000012,BR_00000006,numeric-chain-000083,18,9,120,1500,1.2,700,840,DC51D+Z,普碳,SPHC,软钢,actual_transition,,,,,,,
diagnostic_candidate,True,0030115673-000120,0030115673-000120,0030115673-000120,BR_00000025,BR_00000006,numeric-chain-000083,18,10,8,1495,1.2,770,810,DC51D+Z,深冲钢（PD）,SPHCQ,软钢,normal_real,,,,,,,
diagnostic_candidate,True,0002002009-000100,0002002009-000100,0002002009-000100,BR_00000030,BR_00000006,numeric-chain-000083,18,11,69,1482,1.2,770,810,DC51D+Z,普碳,SPHC,软钢,normal_real,,,,,,,
diagnostic_candidate,True,0002002024-000020,0002002024-000020,0002002024-000020,BR_00000030,BR_00000006,numeric-chain-000083,18,12,23,1480,1,770,810,DC51D+Z,普碳,SPHC,软钢,normal_real,,,,,,,
diagnostic_candidate,True,0030120974-000040,0030120974-000040,0030120974-000040,BR_00000032,BR_00000006,numeric-chain-000083,18,13,24,1475,1,790,810,HC220YD+Z,加磷高强、烘烤硬化钢,H220Y,软钢,normal_real,,,,,,,
diagnostic_candidate,True,0002001906-000070,0002001906-000070,0002001906-000070,BR_00000025,BR_00000006,numeric-chain-000083,18,14,46,1445,1,770,810,DC51D+Z,普碳,SPHC,软钢,normal_real,,,,,,,
diagnostic_candidate,True,0030106228-000060,0030106228-000060,0030106228-000060,BR_00000012,BR_00000006,numeric-chain-000083,18,15,48,1430,1,700,840,DC51D+Z,普碳,SPHC,软钢,actual_transition,,,,,,,
diagnostic_candidate,True,0005000509-000190,0005000509-000190,0005000509-000190,BR_00000024,BR_00000006,numeric-chain-000083,18,16,20,1398,1.2,760,780,CR240LA,低合金高强,H260LAD-3,硬钢,normal_real,,,,,,,
diagnostic_candidate,True,0030117111-000030,0030117111-000030,0030117111-000030,BR_00000030,BR_00000006,numeric-chain-000083,18,17,374,1390,1.3,750,770,CR290Y490T-DP,双相钢,W500X,硬钢,normal_real,,,,,,,
diagnostic_candidate,True,0030107409-000020,0030107409-000020,0030107409-000020,BR_00000018,BR_00000006,numeric-chain-000083,18,18,110,1390,1.3,750,770,CR290Y490T-DP,双相钢,W500X,硬钢,normal_real,,,,,,,
diagnostic_candidate,True,0005000501-000210,0005000501-000210,0005000501-000210,BR_00000024,BR_00000006,numeric-chain-000083,18,19,21,1385,1.4,730,770,CR420LA,低合金高强,H420LAD-3,硬钢,normal_real,,,,,,,
diagnostic_candidate,True,0030110864-000050,0030110864-000050,0030110864-000050,BR_00000019,BR_00000006,numeric-chain-000083,18,20,24,1375,1.13,700,840,DC51D+Z,普碳,SPHC,软钢,actual_transition,,,,,,,
diagnostic_candidate,True,0030106626-000030,0030106626-000030,0030106626-000030,BR_00000018,BR_00000006,numeric-chain-000083,18,21,96,1370,1,830,850,DC56D+Z,IF钢,SPHETI-3,软钢,normal_real,,,,,,,
diagnostic_candidate,True,0005000501-000560,0005000501-000560,0005000501-000560,BR_00000024,BR_00000006,numeric-chain-000083,18,22,21,1365,1,830,850,CR180BH,加磷高强、烘烤硬化钢,H180BH,软钢,normal_real,,,,,,,
diagnostic_candidate,True,0002001614-000120,0002001614-000120,0002001614-000120,BR_00000012,BR_00000006,numeric-chain-000083,18,23,115,1364,1,830,850,DC54D+Z,IF钢,SPHETI-3,软钢,normal_real,,,,,,,
diagnostic_candidate,True,0005000547-000760,0005000547-000760,0005000547-000760,BR_00000030,BR_00000006,numeric-chain-000083,18,24,21,1360,0.9,820,840,CR210BH,加磷高强、烘烤硬化钢,H220BH,软钢,normal_real,,,,,,,
diagnostic_candidate,True,0005000464-000700,0005000464-000700,0005000464-000700,BR_00000012,BR_00000006,numeric-chain-000083,18,25,42,1360,0.9,820,840,CR210BH,加磷高强、烘烤硬化钢,H220BH,软钢,normal_real,,,,,,,
diagnostic_candidate,True,0030125150-000030,0030125150-000030,0030125150-000030,BR_00000036,BR_00000006,numeric-chain-000083,18,26,96,1360,0.7,810,830,HC180YD+Z,加磷高强、烘烤硬化钢,H180YD,软钢,normal_real,,,,,,,
diagnostic_candidate,True,0030124683-000040,0030124683-000040,0030124683-000040,BR_00000036,BR_00000006,numeric-chain-000083,18,27,192,1360,0.7,810,830,HC180YD+Z,加磷高强、烘烤硬化钢,H180YD,软钢,normal_real,,,,,,,
diagnostic_candidate,True,0030105830-000040,0030105830-000040,0030105830-000040,BR_00000012,BR_00000006,numeric-chain-000083,18,28,120,1359,0.7,810,830,HC180YD+Z,加磷高强、烘烤硬化钢,H180YD,软钢,normal_real,,,,,,,
diagnostic_candidate,True,0030104028-000010,0030104028-000010,0030104028-000010,BR_00000012,BR_00000006,numeric-chain-000083,18,29,46,1350,0.6,820,840,HC180BD+Z,加磷高强、烘烤硬化钢,H180BH1,软钢,normal_real,,,,,,,
diagnostic_candidate,True,0030118802-000010,0030118802-000010,0030118802-000010,BR_00000030,BR_00000006,numeric-chain-000084,19,1,92,1350,0.6,820,840,HC180BD+Z,加磷高强、烘烤硬化钢,H180BH1,软钢,normal_real,,,,,,,
diagnostic_candidate,True,0010019718-000010,0010019718-000010,0010019718-000010,BR_00000036,BR_00000006,numeric-chain-000084,19,2,58,1350,0.5,700,840,DC51D+Z,普碳,SPHC,软钢,actual_transition,,,,,,,
diagnostic_candidate,True,0030106720-000140,0030106720-000140,0030106720-000140,BR_00000018,BR_00000006,numeric-chain-000084,19,3,48,1340,0.45,820,840,DC53D+Z,IF钢,SPHETI-5,软钢,normal_real,,,,,,,
diagnostic_candidate,True,0030106987-000030,0030106987-000030,0030106987-000030,BR_00000018,BR_00000006,numeric-chain-000084,19,4,48,1330,0.45,700,840,DX51D+Z,普碳,SPHC,软钢,actual_transition,,,,,,,
diagnostic_candidate,True,0030106720-000130,0030106720-000130,0030106720-000130,BR_00000018,BR_00000006,numeric-chain-000084,19,5,24,1320,0.45,820,840,DC53D+Z,IF钢,SPHETI-5,软钢,normal_real,,,,,,,
diagnostic_candidate,True,0030106720-000080,0030106720-000080,0030106720-000080,BR_00000018,BR_00000006,numeric-chain-000084,19,6,24,1320,0.45,820,840,DC53D+Z,IF钢,SPHETI-5,软钢,normal_real,,,,,,,
diagnostic_candidate,True,0030106987-000120,0030106987-000120,0030106987-000120,BR_00000018,BR_00000006,numeric-chain-000084,19,7,120,1315,0.45,700,840,DX51D+Z,普碳,SPHC,软钢,actual_transition,,,,,,,
diagnostic_candidate,True,0030098660-000020,0030098660-000020,0030098660-000020,BR_00000006,BR_00000006,numeric-chain-000084,19,8,72,1306,0.4,700,840,DC51D+Z,普碳,SPHC,软钢,normal_real,,,,,,,
diagnostic_candidate,True,0030119098-000010,0030119098-000010,0030119098-000010,BR_00000030,BR_00000006,numeric-chain-000084,19,9,48,1306,0.4,700,840,DC51D+Z,普碳,SPHC,软钢,normal_real,,,,,,,
diagnostic_candidate,True,0030108585-000020,0030108585-000020,0030108585-000020,BR_00000018,BR_00000006,numeric-chain-000084,19,10,48,1306,0.4,700,840,DC51D+Z,普碳,SPHC,软钢,normal_real,,,,,,,
diagnostic_candidate,True,0030106987-000070,0030106987-000070,0030106987-000070,BR_00000018,BR_00000006,numeric-chain-000084,19,11,168,1300,0.45,700,840,DX51D+Z,普碳,SPHC,软钢,actual_transition,,,,,,,
diagnostic_candidate,True,0002001647-000100,0002001647-000100,0002001647-000100,BR_00000012,BR_00000006,numeric-chain-000084,19,12,46,1300,0.45,815,835,DX51D+Z-MD,普碳,SPHC,软钢,normal_real,,,,,,,
diagnostic_candidate,True,0010019718-000020,0010019718-000020,0010019718-000020,BR_00000036,BR_00000006,numeric-chain-000084,19,13,58,1300,0.5,700,840,DC51D+Z,普碳,SPHC,软钢,actual_transition,,,,,,,
diagnostic_candidate,True,0030105927-000030,0030105927-000030,0030105927-000030,BR_00000012,BR_00000006,numeric-chain-000084,19,14,24,1300,0.6,700,720,DX51D+Z3,深冲钢（PD）,DD12BB,软钢,normal_real,,,,,,,
diagnostic_candidate,True,0030114755-000020,0030114755-000020,0030114755-000020,BR_00000024,BR_00000006,numeric-chain-000084,19,15,48,1295,0.6,700,840,DC51D+Z,普碳,SPHC,软钢,normal_real,,,,,,,
diagnostic_candidate,True,0030118006-000050,0030118006-000050,0030118006-000050,BR_00000030,BR_00000006,numeric-chain-000084,19,16,72,1290,0.8,700,840,DC51D+Z,普碳,SPHC,软钢,normal_real,,,,,,,
diagnostic_candidate,True,0030118006-000080,0030118006-000080,0030118006-000080,BR_00000030,BR_00000006,numeric-chain-000084,19,17,24,1290,0.8,820,840,DC53D+Z,IF钢,SPHETI-5,软钢,normal_real,,,,,,,
diagnostic_candidate,True,0002002195-000110,0002002195-000110,0002002195-000110,BR_00000036,BR_00000006,numeric-chain-000084,19,18,110,1285,0.6,830,850,DC54D+Z,IF钢,SPHETI-3,软钢,normal_real,,,,,,,
diagnostic_candidate,True,0002001998-000130,0002001998-000130,0002001998-000130,BR_00000030,BR_00000006,numeric-chain-000084,19,19,240,1285,0.6,830,850,DC54D+Z,IF钢,SPHETI-3,软钢,normal_real,,,,,,,
diagnostic_candidate,True,0030105876-000060,0030105876-000060,0030105876-000060,BR_00000012,BR_00000006,numeric-chain-000097,20,1,900,1374,0.6,820,840,DX53D+Z-MD,IF钢,SPHETI-5,软钢,normal_real,,,,,,,
diagnostic_candidate,True,0030099810-000040,0030099810-000040,0030099810-000040,BR_00000006,BR_00000006,numeric-chain-000097,20,2,52,1371,0.7,815,835,DX51D+Z,普碳,SPHC,软钢,normal_real,,,,,,,
diagnostic_candidate,True,0030110381-000110,0030110381-000110,0030110381-000110,BR_00000018,BR_00000006,numeric-chain-000097,20,3,10,1370,0.8,810,830,HC180YD+Z,加磷高强、烘烤硬化钢,H180YD,软钢,normal_real,,,,,,,
diagnostic_candidate,True,0030119098-000050,0030119098-000050,0030119098-000050,BR_00000030,BR_00000006,numeric-chain-000097,20,4,24,1365,0.6,700,840,DX51D+Z,普碳,SPHC,软钢,normal_real,,,,,,,
diagnostic_candidate,True,0030118957-000010,0030118957-000010,0030118957-000010,BR_00000030,BR_00000006,numeric-chain-000097,20,5,48,1360,0.7,700,720,DX51D+Z3,深冲钢（PD）,DD12BB,软钢,normal_real,,,,,,,
diagnostic_candidate,True,0030105871-000010,0030105871-000010,0030105871-000010,BR_00000012,BR_00000006,numeric-chain-000097,20,6,48,1355,0.6,700,840,DX51D+Z,普碳,SPHC,软钢,normal_real,,,,,,,
diagnostic_candidate,True,0002002026-000100,0002002026-000100,0002002026-000100,BR_00000030,BR_00000006,numeric-chain-000097,20,7,23,1355,0.65,830,850,DC53D+Z,IF钢,SPHETI-3,软钢,normal_real,,,,,,,
diagnostic_candidate,True,0002002184-000010,0002002184-000010,0002002184-000010,BR_00000036,BR_00000006,numeric-chain-000097,20,8,23,1354,0.65,830,850,DC56D+Z,IF钢,SPHETI-3,软钢,normal_real,,,,,,,
diagnostic_candidate,True,0030119862-000140,0030119862-000140,0030119862-000140,BR_00000030,BR_00000006,numeric-chain-000097,20,9,24,1353,0.7,830,850,DC53D+Z,IF钢,SPHETI-3,软钢,normal_real,,,,,,,
diagnostic_candidate,True,0005000547-000170,0005000547-000170,0005000547-000170,BR_00000030,BR_00000006,numeric-chain-000097,20,10,105,1350,0.8,830,850,CR180BH,加磷高强、烘烤硬化钢,H180BH,软钢,normal_real,,,,,,,
diagnostic_candidate,True,0005000464-000130,0005000464-000130,0005000464-000130,BR_00000012,BR_00000006,numeric-chain-000097,20,11,42,1350,0.8,830,850,CR180BH,加磷高强、烘烤硬化钢,H180BH,软钢,normal_real,,,,,,,
diagnostic_candidate,True,0030108542-000080,0030108542-000080,0030108542-000080,BR_00000018,BR_00000006,numeric-chain-000097,20,12,24,1350,0.8,700,840,DC51D+Z,普碳,SPHC,软钢,normal_real,,,,,,,
diagnostic_candidate,True,0030106963-000010,0030106963-000010,0030106963-000010,BR_00000013,BR_00000006,numeric-chain-000097,20,13,24,1341,0.8,700,720,DX51D+Z3,深冲钢（PD）,DD12BB,软钢,normal_real,,,,,,,
diagnostic_candidate,True,0030119098-000060,0030119098-000060,0030119098-000060,BR_00000030,BR_00000006,numeric-chain-000100,21,1,24,1333,0.6,700,840,DX51D+Z,普碳,SPHC,软钢,normal_real,,,,,,,
diagnostic_candidate,True,0030105927-000040,0030105927-000040,0030105927-000040,BR_00000012,BR_00000006,numeric-chain-000100,21,2,72,1330,0.8,700,720,DX51D+Z3,深冲钢（PD）,DD12BB,软钢,normal_real,,,,,,,
diagnostic_candidate,True,0030114755-000040,0030114755-000040,0030114755-000040,BR_00000024,BR_00000006,numeric-chain-000100,21,3,72,1325,0.8,700,840,DC51D+Z,普碳,SPHC,软钢,normal_real,,,,,,,
diagnostic_candidate,True,0002001871-000230,0002001871-000230,0002001871-000230,BR_00000024,BR_00000006,numeric-chain-000100,21,4,80,971,0.7,830,850,DC54D+Z,IF钢,SPHETI-3,软钢,normal_real,,,,,,,
diagnostic_candidate,True,0005000501-000330,0005000501-000330,0005000501-000330,BR_00000024,BR_00000006,numeric-chain-000100,21,5,36,968,0.8,830,850,CR180BH,加磷高强、烘烤硬化钢,H180BH,软钢,normal_real,,,,,,,
diagnostic_candidate,True,0005000563-000270,0005000563-000270,0005000563-000270,BR_00000036,BR_00000006,numeric-chain-000100,21,6,18,968,0.8,830,850,CR180BH,加磷高强、烘烤硬化钢,H180BH,软钢,normal_real,,,,,,,
diagnostic_candidate,True,0030117110-000090,0030117110-000090,0030117110-000090,BR_00000030,BR_00000006,numeric-chain-000100,21,7,22,955,1,830,850,CR3,IF钢,SPHETI-36,软钢,normal_real,,,,,,,
diagnostic_candidate,True,0030108875-000060,0030108875-000060,0030108875-000060,BR_00000018,BR_00000006,numeric-chain-000100,21,8,23,940,0.8,830,850,CR3,IF钢,SPHETI-36,软钢,normal_real,,,,,,,
diagnostic_candidate,True,0030115672-000010,0030115672-000010,0030115672-000010,BR_00000025,BR_00000006,numeric-chain-000100,21,9,36,939,0.8,830,850,DC56D+Z,IF钢,SPHETI-3,软钢,normal_real,,,,,,,
diagnostic_candidate,True,0002001425-000040,0002001425-000040,0002001425-000040,BR_00000006,BR_00000006,numeric-chain-000100,21,10,44,938,0.65,830,850,DC53D+Z,IF钢,SPHETI-3,软钢,normal_real,,,,,,,
diagnostic_candidate,True,0030118802-000030,0030118802-000030,0030118802-000030,BR_00000030,BR_00000006,numeric-chain-000100,21,11,36,935,0.65,820,840,DC56D+Z,IF钢,SPHETI-3,软钢,normal_real,,,,,,,
diagnostic_candidate,True,0030123256-000020,0030123256-000020,0030123256-000020,BR_00000036,BR_00000006,numeric-chain-000100,21,12,102,930,0.65,820,840,HC180BD+Z,加磷高强、烘烤硬化钢,H180BH1,软钢,normal_real,,,,,,,
diagnostic_candidate,True,0002001612-000470,0002001612-000470,0002001612-000470,BR_00000012,BR_00000006,numeric-chain-000100,21,13,20,915,0.6,810,830,180YD+Z,加磷高强、烘烤硬化钢,H180YD,软钢,normal_real,,,,,,,
diagnostic_candidate,True,0002001890-000200,0002001890-000200,0002001890-000200,BR_00000024,BR_00000006,numeric-chain-000100,21,14,40,913,0.6,810,830,180YD+Z,加磷高强、烘烤硬化钢,H180YD,软钢,normal_real,,,,,,,
diagnostic_candidate,True,0005000501-000620,0005000501-000620,0005000501-000620,BR_00000024,BR_00000006,numeric-chain-000100,21,15,32,900,0.7,820,840,CR210BH,加磷高强、烘烤硬化钢,H220BH,软钢,normal_real,,,,,,,
diagnostic_candidate,True,0002002184-000020,0002002184-000020,0002002184-000020,BR_00000036,BR_00000006,numeric-chain-000100,21,16,16,883,0.65,830,850,DC53D+Z,IF钢,SPHETI-3,软钢,normal_real,,,,,,,
diagnostic_candidate,True,0002001890-000300,0002001890-000300,0002001890-000300,BR_00000024,BR_00000006,numeric-chain-000100,21,17,13,862,0.65,830,850,DC53D+Z,IF钢,SPHETI-3,软钢,normal_real,,,,,,,
diagnostic_candidate,True,0002001867-000310,0002001867-000310,0002001867-000310,BR_00000024,BR_00000006,numeric-chain-000100,21,18,16,840,0.6,830,850,DC56D+Z,IF钢,SPHETI-3,软钢,normal_real,,,,,,,
diagnostic_candidate,True,0030105927-000080,0030105927-000080,0030105927-000080,BR_00000012,BR_00000006,numeric-chain-000102,22,1,216,1250,2,700,720,DX51D+Z3,深冲钢（PD）,DD12BB,软钢,normal_real,,,,,,,
diagnostic_candidate,True,0030107311-000400,0030107311-000400,0030107311-000400,BR_00000018,BR_00000006,numeric-chain-000102,22,2,24,1250,2,700,720,DC51D+Z,普碳,SPHC,软钢,actual_transition,,,,,,,
diagnostic_candidate,True,0030124735-000130,0030124735-000130,0030124735-000130,BR_00000036,BR_00000006,numeric-chain-000102,22,3,24,1250,2.45,700,720,DC51D+Z,普碳,SPHC,软钢,actual_transition,,,,,,,
diagnostic_candidate,True,0030105113-000010,0030105113-000010,0030105113-000010,BR_00000012,BR_00000006,numeric-chain-000102,22,4,24,1250,2.45,700,720,DC51D+Z,普碳,SPHC,软钢,actual_transition,,,,,,,
diagnostic_candidate,True,0030107311-000280,0030107311-000280,0030107311-000280,BR_00000018,BR_00000006,numeric-chain-000102,22,5,48,1250,2.5,700,720,DC51D+Z,普碳,SPHC,软钢,actual_transition,,,,,,,
diagnostic_candidate,True,0010018679-000060,0010018679-000060,0010018679-000060,BR_00000030,BR_00000006,numeric-chain-000102,22,6,200,1250,2.5,700,720,DC51D+Z,普碳,SPHC,软钢,actual_transition,,,,,,,
diagnostic_candidate,True,0030121724-000020,0030121724-000020,0030121724-000020,BR_00000032,BR_00000006,numeric-chain-000102,22,7,264,1250,2.5,700,720,DC51D+Z,普碳,SPHC,软钢,actual_transition,,,,,,,
diagnostic_candidate,True,0030107561-000080,0030107561-000080,0030107561-000080,BR_00000018,BR_00000006,numeric-chain-000102,22,8,96,1250,2.5,700,720,DC51D+Z,普碳,SPHC,软钢,actual_transition,,,,,,,
diagnostic_candidate,True,0030108873-000030,0030108873-000030,0030108873-000030,BR_00000018,BR_00000006,numeric-chain-000102,22,9,360,1250,2.5,700,720,DC51D+Z,普碳,SPHC,软钢,actual_transition,,,,,,,
diagnostic_candidate,True,0030122898-000040,0030122898-000040,0030122898-000040,BR_00000036,BR_00000006,numeric-chain-000102,22,10,240,1250,2.5,700,720,DC51D+Z,普碳,SPHC,软钢,actual_transition,,,,,,,
diagnostic_candidate,True,0030099052-000030,0030099052-000030,0030099052-000030,BR_00000006,BR_00000006,numeric-chain-000102,22,11,72,1219,2.5,700,720,DC51D+Z,普碳,SPHC,软钢,actual_transition,,,,,,,
diagnostic_candidate,True,0030102614-000010,0030102614-000010,0030102614-000010,BR_00000012,BR_00000006,numeric-chain-000102,22,12,100,1219,2.5,700,720,DC51D+Z,普碳,SPHC,软钢,actual_transition,,,,,,,
diagnostic_candidate,True,0030121540-000040,0030121540-000040,0030121540-000040,BR_00000032,BR_00000006,numeric-chain-000102,22,13,24,1185,2.4,700,720,DC51D+Z,普碳,SPHC,软钢,actual_transition,,,,,,,
diagnostic_candidate,True,0030117931-000010,0030117931-000010,0030117931-000010,BR_00000030,BR_00000006,numeric-chain-000102,22,14,24,1176,2.5,700,720,DC51D+Z,普碳,SPHC,软钢,normal_real,,,,,,,
diagnostic_candidate,True,0030118921-000020,0030118921-000020,0030118921-000020,BR_00000030,BR_00000006,numeric-chain-000102,22,15,23,1110,2.49,700,720,DC51D+Z,普碳,SPHC,软钢,actual_transition,,,,,,,
diagnostic_candidate,True,0010017445-000020,0010017445-000020,0010017445-000020,BR_00000025,BR_00000006,numeric-chain-000102,22,16,110,1000,2,700,720,DC51D+Z,普碳,SPHC,软钢,actual_transition,,,,,,,
diagnostic_candidate,True,0010018679-000040,0010018679-000040,0010018679-000040,BR_00000030,BR_00000006,numeric-chain-000102,22,17,110,1000,2,700,720,DC51D+Z,普碳,SPHC,软钢,actual_transition,,,,,,,
diagnostic_candidate,True,0002002195-000120,0002002195-000120,0002002195-000120,BR_00000036,BR_00000006,numeric-chain-000105,23,1,72,1315,0.65,770,810,DC51D+Z,普碳,SPHC,软钢,normal_real,,,,,,,
diagnostic_candidate,True,0030112161-000030,0030112161-000030,0030112161-000030,BR_00000024,BR_00000006,numeric-chain-000105,23,2,48,1315,0.65,790,810,HC260YD+Z,加磷高强、烘烤硬化钢,H260Y,软钢,normal_real,,,,,,,
diagnostic_candidate,True,0002001906-000150,0002001906-000150,0002001906-000150,BR_00000025,BR_00000006,numeric-chain-000105,23,3,23,1310,0.6,770,810,DC51D+Z,普碳,SPHC,软钢,normal_real,,,,,,,
diagnostic_candidate,True,0002001780-000070,0002001780-000070,0002001780-000070,BR_00000024,BR_00000006,numeric-chain-000105,23,4,23,1310,0.6,770,810,DC51D+Z,普碳,SPHC,软钢,normal_real,,,,,,,
diagnostic_candidate,True,0002001635-000070,0002001635-000070,0002001635-000070,BR_00000012,BR_00000006,numeric-chain-000105,23,5,24,1307,0.65,770,810,DC51D+Z,普碳,SPHC,软钢,normal_real,,,,,,,
diagnostic_candidate,True,0002001614-000150,0002001614-000150,0002001614-000150,BR_00000012,BR_00000006,numeric-chain-000105,23,6,23,1298,0.6,770,810,DC51D+Z,普碳,SPHC,软钢,normal_real,,,,,,,
diagnostic_candidate,True,0030108220-000030,0030108220-000030,0030108220-000030,BR_00000018,BR_00000006,numeric-chain-000105,23,7,96,1295,0.8,780,800,HC220YD+Z,加磷高强、烘烤硬化钢,H220Y,软钢,normal_real,,,,,,,
diagnostic_candidate,True,0002001744-000260,0002001744-000260,0002001744-000260,BR_00000018,BR_00000006,numeric-chain-000105,23,8,13,1290,0.65,770,810,DC51D+Z,普碳,SPHC,软钢,normal_real,,,,,,,
diagnostic_candidate,True,0002001854-000150,0002001854-000150,0002001854-000150,BR_00000024,BR_00000006,numeric-chain-000105,23,9,46,1290,0.65,770,810,DC51D+Z,普碳,SPHC,软钢,normal_real,,,,,,,
diagnostic_candidate,True,0030114754-000020,0030114754-000020,0030114754-000020,BR_00000024,BR_00000006,numeric-chain-000105,23,10,24,1290,0.8,700,840,DC51D+Z,普碳,SPHC,软钢,normal_real,,,,,,,
diagnostic_candidate,True,0005000464-000620,0005000464-000620,0005000464-000620,BR_00000012,BR_00000006,numeric-chain-000105,23,11,84,1285,0.9,830,850,CR4,IF钢,SPHETI-36,软钢,normal_real,,,,,,,
diagnostic_candidate,True,0005000547-000700,0005000547-000700,0005000547-000700,BR_00000030,BR_00000006,numeric-chain-000105,23,12,126,1285,0.9,830,850,CR4,IF钢,SPHETI-36,软钢,normal_real,,,,,,,
diagnostic_candidate,True,0030113335-000060,0030113335-000060,0030113335-000060,BR_00000024,BR_00000006,numeric-chain-000105,23,13,8,1285,0.8,830,850,DC54D+Z,IF钢,SPHETI-5,软钢,normal_real,,,,,,,
diagnostic_candidate,True,0002002170-000340,0002002170-000340,0002002170-000340,BR_00000036,BR_00000006,numeric-chain-000105,23,14,23,1280,0.65,830,850,DC54D+Z,IF钢,SPHETI-3,软钢,normal_real,,,,,,,
diagnostic_candidate,True,0002001780-000130,0002001780-000130,0002001780-000130,BR_00000024,BR_00000006,numeric-chain-000105,23,15,23,1280,0.65,830,850,DC54D+Z,IF钢,SPHETI-3,软钢,normal_real,,,,,,,
diagnostic_candidate,True,0002001780-000050,0002001780-000050,0002001780-000050,BR_00000024,BR_00000006,numeric-chain-000105,23,16,23,1250,0.65,830,850,DC53D+Z,IF钢,SPHETI-3,软钢,normal_real,,,,,,,
diagnostic_candidate,True,0030107311-000290,0030107311-000290,0030107311-000290,BR_00000018,BR_00000006,numeric-chain-000105,23,17,24,1250,0.7,700,840,DC51D+Z,普碳,SPHC,软钢,actual_transition,,,,,,,
diagnostic_candidate,True,0030125207-000050,0030125207-000050,0030125207-000050,BR_00000036,BR_00000006,numeric-chain-000105,23,18,48,1233,0.7,770,810,DC51D+Z,深冲钢（PD）,SPHCQ,软钢,normal_real,,,,,,,
diagnostic_candidate,True,0002001750-000480,0002001750-000480,0002001750-000480,BR_00000018,BR_00000006,numeric-chain-000105,23,19,20,1230,0.6,770,810,DC51D+Z,普碳,SPHC,软钢,normal_real,,,,,,,
diagnostic_candidate,True,0002001420-000030,0002001420-000030,0002001420-000030,BR_00000006,BR_00000006,numeric-chain-000105,23,20,22,1230,0.65,770,810,DC51D+Z,普碳,SPHC,软钢,normal_real,,,,,,,
diagnostic_candidate,True,0030106245-000030,0030106245-000030,0030106245-000030,BR_00000012,BR_00000006,numeric-chain-000105,23,21,72,1230,0.8,700,840,DC51D+Z,普碳,SPHC,软钢,normal_real,,,,,,,
diagnostic_candidate,True,0030103545-000030,0030103545-000030,0030103545-000030,BR_00000012,BR_00000006,numeric-chain-000105,23,22,144,1230,0.8,820,840,DC53D+Z,IF钢,SPHETI-5,软钢,normal_real,,,,,,,
diagnostic_candidate,True,0002001899-000050,0002001899-000050,0002001899-000050,BR_00000024,BR_00000006,numeric-chain-000105,23,23,22,1219,0.8,815,835,DX51D+Z-MD,普碳,SPHC,软钢,normal_real,,,,,,,
diagnostic_candidate,True,0002002054-000170,0002002054-000170,0002002054-000170,BR_00000030,BR_00000006,numeric-chain-000105,23,24,92,1219,0.8,815,835,DX51D+Z-MD,普碳,SPHC,软钢,normal_real,,,,,,,
diagnostic_candidate,True,0002002053-000090,0002002053-000090,0002002053-000090,BR_00000030,BR_00000006,numeric-chain-000105,23,25,81,1219,0.8,815,835,DX51D+Z-MD,普碳,SPHC,软钢,normal_real,,,,,,,
diagnostic_candidate,True,0002001899-000010,0002001899-000010,0002001899-000010,BR_00000024,BR_00000006,numeric-chain-000105,23,26,128,1219,0.8,815,835,DX51D+Z-MD,普碳,SPHC,软钢,normal_real,,,,,,,
diagnostic_candidate,True,0002002054-000250,0002002054-000250,0002002054-000250,BR_00000030,BR_00000006,numeric-chain-000105,23,27,191,1219,0.8,815,835,DX51D+Z-MD,普碳,SPHC,软钢,normal_real,,,,,,,
diagnostic_candidate,True,0002001648-000020,0002001648-000020,0002001648-000020,BR_00000012,BR_00000006,numeric-chain-000105,23,28,348,1219,1,815,835,DX51D+Z-MD,普碳,SPHC,软钢,normal_real,,,,,,,
diagnostic_candidate,True,0002001755-000010,0002001755-000010,0002001755-000010,BR_00000018,BR_00000006,numeric-chain-000105,23,29,92,1219,1,815,835,DX51D+Z-MD,普碳,SPHC,软钢,normal_real,,,,,,,
diagnostic_candidate,True,0030109975-000020,0030109975-000020,0030109975-000020,BR_00000018,BR_00000006,numeric-chain-000105,23,30,24,1210,1,700,840,DX51D+Z-TG20,普碳,TG20SPHC,软钢,normal_real,,,,,,,
diagnostic_candidate,True,0002001578-000020,0002001578-000020,0002001578-000020,BR_00000008,BR_00000006,numeric-chain-000107,24,1,161,1530,0.6,830,850,DC53D+Z,IF钢,SPHETI-3,软钢,normal_real,,,,,,,
diagnostic_candidate,True,0030102456-000030,0030102456-000030,0030102456-000030,BR_00000009,BR_00000006,numeric-chain-000107,24,2,120,1250,0.75,700,840,DC51D+Z,普碳,SPHC,软钢,actual_transition,,,,,,,
diagnostic_candidate,True,0002001854-000080,0002001854-000080,0002001854-000080,BR_00000024,BR_00000006,numeric-chain-000107,24,3,115,1160,0.7,830,850,DC53D+Z,IF钢,SPHETI-3,软钢,normal_real,,,,,,,
diagnostic_candidate,True,0002001603-000090,0002001603-000090,0002001603-000090,BR_00000012,BR_00000006,numeric-chain-000107,24,4,92,1160,0.7,830,850,DC53D+Z,IF钢,SPHETI-3,软钢,normal_real,,,,,,,
diagnostic_candidate,True,0002001880-000150,0002001880-000150,0002001880-000150,BR_00000024,BR_00000006,numeric-chain-000107,24,5,23,1158,0.65,830,850,DC53D+Z,IF钢,SPHETI-3,软钢,normal_real,,,,,,,
diagnostic_candidate,True,0002001420-000060,0002001420-000060,0002001420-000060,BR_00000006,BR_00000006,numeric-chain-000107,24,6,22,1155,0.65,830,850,DC54D+Z,IF钢,SPHETI-3,软钢,normal_real,,,,,,,
diagnostic_candidate,True,0002001628-000050,0002001628-000050,0002001628-000050,BR_00000012,BR_00000006,numeric-chain-000107,24,7,23,1155,0.65,830,850,DC54D+Z,IF钢,SPHETI-3,软钢,normal_real,,,,,,,
diagnostic_candidate,True,0002001612-000200,0002001612-000200,0002001612-000200,BR_00000012,BR_00000006,numeric-chain-000107,24,8,40,1155,0.7,830,850,DC54D+Z,IF钢,SPHETI-3,软钢,normal_real,,,,,,,
diagnostic_candidate,True,0030105931-000030,0030105931-000030,0030105931-000030,BR_00000012,BR_00000006,numeric-chain-000107,24,9,23,1150,0.6,820,840,DC53D+Z,IF钢,SPHETI-5,软钢,normal_real,,,,,,,
diagnostic_candidate,True,0030120757-000030,0030120757-000030,0030120757-000030,BR_00000031,BR_00000006,numeric-chain-000107,24,10,23,1150,0.7,830,850,DC54D+Z,IF钢,SPHETI-5,软钢,normal_real,,,,,,,
diagnostic_candidate,True,0002002053-000040,0002002053-000040,0002002053-000040,BR_00000030,BR_00000006,numeric-chain-000107,24,11,40,1150,0.8,820,840,DX53D+Z-MD,IF钢,SPHETI-5,软钢,normal_real,,,,,,,
diagnostic_candidate,True,0030113312-000020,0030113312-000020,0030113312-000020,BR_00000024,BR_00000006,numeric-chain-000107,24,12,46,1145,1,830,850,HDX53D+Z-SN,IF钢,SPHETI-3,软钢,normal_real,,,,,,,
diagnostic_candidate,True,0005000571-000020,0005000571-000020,0005000571-000020,BR_00000036,BR_00000006,numeric-chain-000108,25,1,7,1135,1.2,830,850,CR4,IF钢,SPHETI-36,软钢,normal_real,,,,,,,
diagnostic_candidate,True,0030103543-000150,0030103543-000150,0030103543-000150,BR_00000012,BR_00000006,numeric-chain-000108,25,2,92,1125,1.5,820,840,DC53D+Z,IF钢,SPHETI-5,软钢,normal_real,,,,,,,
diagnostic_candidate,True,0005000514-000120,0005000514-000120,0005000514-000120,BR_00000024,BR_00000006,numeric-chain-000108,25,3,23,1105,1.2,830,850,CR3,IF钢,SPHETI-36,软钢,normal_real,,,,,,,
diagnostic_candidate,True,0005000575-000020,0005000575-000020,0005000575-000020,BR_00000036,BR_00000006,numeric-chain-000108,25,4,20,1105,1.5,830,850,CR3,IF钢,SPHETI-36,软钢,normal_real,,,,,,,
diagnostic_candidate,True,0030119862-000020,0030119862-000020,0030119862-000020,BR_00000030,BR_00000006,numeric-chain-000108,25,5,23,1082,1.6,830,850,DC56D+Z,IF钢,SPHETI-3,软钢,normal_real,,,,,,,
diagnostic_candidate,True,0002001757-000100,0002001757-000100,0002001757-000100,BR_00000018,BR_00000006,numeric-chain-000108,25,6,22,1060,1.5,820,840,DX53D+Z-CD,IF钢,SPHETI-5,软钢,normal_real,,,,,,,
diagnostic_candidate,True,0002001459-000020,0002001459-000020,0002001459-000020,BR_00000006,BR_00000006,numeric-chain-000108,25,7,46,1060,1.5,820,840,DX53D+Z-CD,IF钢,SPHETI-5,软钢,normal_real,,,,,,,
diagnostic_candidate,True,0002001648-000040,0002001648-000040,0002001648-000040,BR_00000012,BR_00000006,numeric-chain-000108,25,8,108,1060,1.5,820,840,DX53D+Z-CD,IF钢,SPHETI-5,软钢,normal_real,,,,,,,
diagnostic_candidate,True,0030120940-000120,0030120940-000120,0030120940-000120,BR_00000032,BR_00000006,numeric-chain-000108,25,9,46,1055,1.2,830,850,DC56D+Z,IF钢,SPHETI-3,软钢,normal_real,,,,,,,
diagnostic_candidate,True,0030115673-000220,0030115673-000220,0030115673-000220,BR_00000025,BR_00000006,numeric-chain-000108,25,10,46,1055,1.2,830,850,DC56D+Z,IF钢,SPHETI-3,软钢,normal_real,,,,,,,
diagnostic_candidate,True,0030101704-000070,0030101704-000070,0030101704-000070,BR_00000008,BR_00000006,numeric-chain-000108,25,11,63,1000,1.2,700,840,DC51D+Z,普碳,SPHC,软钢,actual_transition,,,,,,,
diagnostic_candidate,True,0005000501-000670,0005000501-000670,0005000501-000670,BR_00000024,BR_00000006,numeric-chain-000117,26,1,42,1530,0.7,720,740,CR270LA,低合金高强,H260LAD-3,硬钢,normal_real,,,,,,,
diagnostic_candidate,True,0005000464-000650,0005000464-000650,0005000464-000650,BR_00000012,BR_00000006,numeric-chain-000117,26,2,21,1530,0.7,720,740,CR270LA,低合金高强,H260LAD-3,硬钢,normal_real,,,,,,,
diagnostic_candidate,True,0005000450-000320,0005000450-000320,0005000450-000320,BR_00000006,BR_00000006,numeric-chain-000117,26,3,21,1530,0.7,720,740,CR270LA,低合金高强,H260LAD-3,硬钢,normal_real,,,,,,,
diagnostic_candidate,True,0030107311-000300,0030107311-000300,0030107311-000300,BR_00000018,BR_00000006,numeric-chain-000117,26,4,48,1500,0.7,700,840,DC51D+Z,普碳,SPHC,软钢,actual_transition,,,,,,,
diagnostic_candidate,True,0030125168-000080,0030125168-000080,0030125168-000080,BR_00000036,BR_00000006,numeric-chain-000117,26,5,24,1500,0.8,700,840,DX51D+Z,普碳,SPHC,软钢,normal_real,,,,,,,
diagnostic_candidate,True,0030112954-000050,0030112954-000050,0030112954-000050,BR_00000024,BR_00000006,numeric-chain-000117,26,6,24,1500,1,700,840,DC51D+Z,普碳,SPHC,软钢,actual_transition,,,,,,,
diagnostic_candidate,True,0030107311-000310,0030107311-000310,0030107311-000310,BR_00000018,BR_00000006,numeric-chain-000117,26,7,24,1500,1,700,840,DC51D+Z,普碳,SPHC,软钢,actual_transition,,,,,,,
diagnostic_candidate,True,0030107311-000210,0030107311-000210,0030107311-000210,BR_00000018,BR_00000006,numeric-chain-000117,26,8,24,1500,1,700,840,DC51D+Z,普碳,SPHC,软钢,actual_transition,,,,,,,
diagnostic_candidate,True,0030104596-000010,0030104596-000010,0030104596-000010,BR_00000012,BR_00000006,numeric-chain-000117,26,9,48,1500,1.2,700,840,DX51D+Z,普碳,SPHC,软钢,normal_real,,,,,,,
diagnostic_candidate,True,0030107311-000330,0030107311-000330,0030107311-000330,BR_00000018,BR_00000006,numeric-chain-000117,26,10,72,1500,1.2,700,840,DC51D+Z,普碳,SPHC,软钢,actual_transition,,,,,,,
diagnostic_candidate,True,0030107934-000040,0030107934-000040,0030107934-000040,BR_00000018,BR_00000006,numeric-chain-000117,26,11,96,1500,1.2,770,810,DX51D+Z,深冲钢（PD）,SPHCQ,软钢,normal_real,,,,,,,
diagnostic_candidate,True,0030109817-000030,0030109817-000030,0030109817-000030,BR_00000018,BR_00000006,numeric-chain-000117,26,12,48,1500,1.45,700,840,DX51D+Z,普碳,SPHC,软钢,normal_real,,,,,,,
diagnostic_candidate,True,0030107311-000390,0030107311-000390,0030107311-000390,BR_00000018,BR_00000006,numeric-chain-000117,26,13,24,1500,1.5,700,840,DC51D+Z,普碳,SPHC,软钢,actual_transition,,,,,,,
diagnostic_candidate,True,0005000509-000110,0005000509-000110,0005000509-000110,BR_00000024,BR_00000006,numeric-chain-000117,26,14,7,1453,1.5,720,760,HC260LAD+Z,低合金高强,H260LAD-3,硬钢,normal_real,,,,,,,
diagnostic_candidate,True,0005000532-000010,0005000532-000010,0005000532-000010,BR_00000024,BR_00000006,numeric-chain-000117,26,15,24,1429,1.5,740,760,CR340LA,低合金高强,H340LA-3,硬钢,normal_real,,,,,,,
diagnostic_candidate,True,0030112686-000060,0030112686-000060,0030112686-000060,BR_00000024,BR_00000006,numeric-chain-000117,26,16,44,1418,1.3,730,770,CR420LA,低合金高强,H420LAD-3,硬钢,normal_real,,,,,,,
diagnostic_candidate,True,0030107381-000080,0030107381-000080,0030107381-000080,BR_00000018,BR_00000006,numeric-chain-000117,26,17,88,1418,1.3,730,770,CR420LA,低合金高强,H420LAD-3,硬钢,normal_real,,,,,,,
diagnostic_candidate,True,0005000469-000070,0005000469-000070,0005000469-000070,BR_00000012,BR_00000006,numeric-chain-000117,26,18,7,1404,1.6,760,780,CR240LA,低合金高强,H260LAD-3,硬钢,normal_real,,,,,,,
diagnostic_candidate,True,0005000547-000820,0005000547-000820,0005000547-000820,BR_00000030,BR_00000006,numeric-chain-000117,26,19,21,1384,1.5,760,780,CR240LA,低合金高强,H260LAD-3,硬钢,normal_real,,,,,,,
diagnostic_candidate,True,0005000511-000020,0005000511-000020,0005000511-000020,BR_00000024,BR_00000006,numeric-chain-000117,26,20,7,1323,1.2,760,780,CR240LA,低合金高强,H260LAD-3,硬钢,normal_real,,,,,,,
diagnostic_candidate,True,0005000547-000160,0005000547-000160,0005000547-000160,BR_00000030,BR_00000006,numeric-chain-000117,26,21,42,1291,1.4,730,770,CR420LA,低合金高强,H420LAD-3,硬钢,normal_real,,,,,,,
diagnostic_candidate,True,0005000464-000120,0005000464-000120,0005000464-000120,BR_00000012,BR_00000006,numeric-chain-000117,26,22,21,1291,1.4,730,770,CR420LA,低合金高强,H420LAD-3,硬钢,normal_real,,,,,,,
diagnostic_candidate,True,0005000563-000120,0005000563-000120,0005000563-000120,BR_00000036,BR_00000006,numeric-chain-000117,26,23,21,1291,1.4,730,770,CR420LA,低合金高强,H420LAD-3,硬钢,normal_real,,,,,,,
diagnostic_candidate,True,0005000501-000220,0005000501-000220,0005000501-000220,BR_00000024,BR_00000006,numeric-chain-000117,26,24,21,1270,1.5,740,780,CR420LA,低合金高强,H420LAD-3,硬钢,normal_real,,,,,,,
diagnostic_candidate,True,0005000489-000070,0005000489-000070,0005000489-000070,BR_00000018,BR_00000006,numeric-chain-000117,26,25,23,1262,1.5,740,780,CR420LA,低合金高强,H420LAD-3,硬钢,normal_real,,,,,,,
diagnostic_candidate,True,0005000562-000040,0005000562-000040,0005000562-000040,BR_00000036,BR_00000006,numeric-chain-000117,26,26,46,1262,1.5,740,780,CR420LA,低合金高强,H420LAD-3,硬钢,normal_real,,,,,,,
diagnostic_candidate,True,0005000556-000010,0005000556-000010,0005000556-000010,BR_00000030,BR_00000006,numeric-chain-000117,26,27,10,1249,1.5,740,780,CR420LA,低合金高强,H420LAD-3,硬钢,normal_real,,,,,,,
diagnostic_candidate,True,0005000546-000140,0005000546-000140,0005000546-000140,BR_00000030,BR_00000006,numeric-chain-000117,26,28,20,1242,1.6,730,770,HC260LAD+Z,低合金高强,H260LAD-3,硬钢,normal_real,,,,,,,
diagnostic_candidate,True,0005000513-000010,0005000513-000010,0005000513-000010,BR_00000024,BR_00000006,numeric-chain-000117,26,29,7,1211,1.5,760,780,CR240LA,低合金高强,H260LAD-3,硬钢,normal_real,,,,,,,
diagnostic_candidate,True,0005000530-000010,0005000530-000010,0005000530-000010,BR_00000024,BR_00000006,numeric-chain-000117,26,30,10,1205,2,740,780,CR460LA,低合金高强,H420LAD-3,硬钢,normal_real,,,,,,,
diagnostic_candidate,True,0030118780-000010,0030118780-000010,0030118780-000010,BR_00000030,BR_00000006,numeric-chain-000117,26,31,48,1205,1.5,735,755,HC500LAD+Z,低合金高强,H500LAD-3,硬钢,normal_real,,,,,,,
diagnostic_candidate,True,0030118780-000020,0030118780-000020,0030118780-000020,BR_00000030,BR_00000006,numeric-chain-000117,26,32,72,1200,1.5,735,755,HC500LAD+Z,低合金高强,H500LAD-3,硬钢,normal_real,,,,,,,
diagnostic_candidate,True,0005000549-000050,0005000549-000050,0005000549-000050,BR_00000030,BR_00000006,numeric-chain-000117,26,33,23,1197,1.5,740,780,CR420LA,低合金高强,H420LAD-3,硬钢,normal_real,,,,,,,
diagnostic_candidate,True,0005000463-000040,0005000463-000040,0005000463-000040,BR_00000012,BR_00000006,numeric-chain-000117,26,34,23,1195,1.4,730,770,CR420LA,低合金高强,H420LAD-3,硬钢,normal_real,,,,,,,
diagnostic_candidate,True,0005000575-000030,0005000575-000030,0005000575-000030,BR_00000036,BR_00000006,numeric-chain-000117,26,35,20,1195,1.4,730,770,CR420LA,低合金高强,H420LAD-3,硬钢,normal_real,,,,,,,
diagnostic_candidate,True,0005000462-000050,0005000462-000050,0005000462-000050,BR_00000012,BR_00000006,numeric-chain-000117,26,36,23,1174,1.5,740,760,CR340LA,低合金高强,H340LA-3,硬钢,normal_real,,,,,,,
diagnostic_candidate,True,0005000511-000040,0005000511-000040,0005000511-000040,BR_00000024,BR_00000006,numeric-chain-000117,26,37,23,1174,1.5,740,760,CR340LA,低合金高强,H340LA-3,硬钢,normal_real,,,,,,,
diagnostic_candidate,True,0005000547-000570,0005000547-000570,0005000547-000570,BR_00000030,BR_00000006,numeric-chain-000117,26,38,20,1166,1.2,730,770,CR420LA,低合金高强,H420LAD-3,硬钢,normal_real,,,,,,,
diagnostic_candidate,True,0005000501-000490,0005000501-000490,0005000501-000490,BR_00000024,BR_00000006,numeric-chain-000117,26,39,20,1166,1.2,730,770,CR420LA,低合金高强,H420LAD-3,硬钢,normal_real,,,,,,,
diagnostic_candidate,True,0005000464-000490,0005000464-000490,0005000464-000490,BR_00000012,BR_00000006,numeric-chain-000117,26,40,20,1166,1.2,730,770,CR420LA,低合金高强,H420LAD-3,硬钢,normal_real,,,,,,,
diagnostic_candidate,True,0005000547-000800,0005000547-000800,0005000547-000800,BR_00000030,BR_00000006,numeric-chain-000117,26,41,120,1115,1.2,725,745,CR380LA,低合金高强,H380LA-3,硬钢,normal_real,,,,,,,
diagnostic_candidate,True,0005000501-000760,0005000501-000760,0005000501-000760,BR_00000024,BR_00000006,numeric-chain-000117,26,42,120,1115,1.2,725,745,CR380LA,低合金高强,H380LA-3,硬钢,normal_real,,,,,,,
diagnostic_candidate,True,0005000547-000520,0005000547-000520,0005000547-000520,BR_00000030,BR_00000006,numeric-chain-000117,26,43,21,1100,1.4,715,735,CR380LA,低合金高强,H380LA-3,硬钢,normal_real,,,,,,,
diagnostic_candidate,True,0030099161-000010,0030099161-000010,0030099161-000010,BR_00000006,BR_00000006,numeric-chain-000117,26,44,44,1092,1.6,715,735,CR380LA,低合金高强,H380LA-3,硬钢,normal_real,,,,,,,
diagnostic_candidate,True,0005000509-000060,0005000509-000060,0005000509-000060,BR_00000024,BR_00000006,numeric-chain-000117,26,45,7,1087,1.5,715,735,CR380LA,低合金高强,H380LA-3,硬钢,normal_real,,,,,,,
diagnostic_candidate,True,0005000547-000460,0005000547-000460,0005000547-000460,BR_00000030,BR_00000006,numeric-chain-000117,26,46,20,1053,1.2,725,745,CR380LA,低合金高强,H380LA-3,硬钢,normal_real,,,,,,,
diagnostic_candidate,True,0005000547-000560,0005000547-000560,0005000547-000560,BR_00000030,BR_00000006,numeric-chain-000117,26,47,20,1015,1.3,725,745,CR380LA,低合金高强,H380LA-3,硬钢,normal_real,,,,,,,
diagnostic_candidate,True,0005000466-000020,0005000466-000020,0005000466-000020,BR_00000012,BR_00000006,numeric-chain-000117,26,48,20,1015,1.3,725,745,CR380LA,低合金高强,H380LA-3,硬钢,normal_real,,,,,,,
diagnostic_candidate,True,0005000501-000480,0005000501-000480,0005000501-000480,BR_00000024,BR_00000006,numeric-chain-000117,26,49,20,1015,1.3,725,745,CR380LA,低合金高强,H380LA-3,硬钢,normal_real,,,,,,,
diagnostic_candidate,True,0010018679-000020,0010018679-000020,0010018679-000020,BR_00000030,BR_00000006,numeric-chain-000117,26,50,220,1000,1.2,700,840,DC51D+Z,普碳,SPHC,软钢,actual_transition,,,,,,,
diagnostic_candidate,True,0030122488-000010,0030122488-000010,0030122488-000010,BR_00000036,BR_00000006,numeric-chain-000117,26,51,110,1000,1.25,820,840,DC53D+Z,IF钢,SPHETI-5,软钢,normal_real,,,,,,,
diagnostic_candidate,True,0002001412-000010,0002001412-000010,0002001412-000010,BR_00000006,BR_00000006,numeric-chain-000123,27,1,208,1260,2,830,850,DX53D+Z-CY,IF钢,SPHETI-5,软钢,normal_real,,,,,,,
diagnostic_candidate,True,0005000486-000200,0005000486-000200,0005000486-000200,BR_00000018,BR_00000006,numeric-chain-000123,27,2,21,1256,1.5,820,860,CR3,IF钢,SPHETI-36,软钢,normal_real,,,,,,,
diagnostic_candidate,True,0005000571-000030,0005000571-000030,0005000571-000030,BR_00000036,BR_00000006,numeric-chain-000123,27,3,7,1256,2,830,850,CR180BH,加磷高强、烘烤硬化钢,H180BH,软钢,normal_real,,,,,,,
diagnostic_candidate,True,0030121327-000030,0030121327-000030,0030121327-000030,BR_00000032,BR_00000006,numeric-chain-000123,27,4,25,1250,2.4,830,850,DC56D+Z,IF钢,SPHETI-3,软钢,normal_real,,,,,,,
diagnostic_candidate,True,0030122647-000560,0030122647-000560,0030122647-000560,BR_00000036,BR_00000006,numeric-chain-000123,27,5,72,1250,2.49,820,840,DC53D+Z,IF钢,SPHETI-5,软钢,normal_real,,,,,,,
diagnostic_candidate,True,0030119938-000320,0030119938-000320,0030119938-000320,BR_00000030,BR_00000006,numeric-chain-000123,27,6,48,1250,2.49,820,840,DC53D+Z,IF钢,SPHETI-5,软钢,normal_real,,,,,,,
diagnostic_candidate,True,0030113335-000040,0030113335-000040,0030113335-000040,BR_00000024,BR_00000006,numeric-chain-000123,27,7,15,1235,2.5,815,835,HC180YD+Z,加磷高强、烘烤硬化钢,H180YD,软钢,normal_real,,,,,,,
diagnostic_candidate,True,0030110381-000080,0030110381-000080,0030110381-000080,BR_00000018,BR_00000006,numeric-chain-000123,27,8,31,1235,2.5,815,835,HC180YD+Z,加磷高强、烘烤硬化钢,H180YD,软钢,normal_real,,,,,,,
diagnostic_candidate,True,0005000486-000540,0005000486-000540,0005000486-000540,BR_00000018,BR_00000006,numeric-chain-000123,27,9,20,1221,2.2,820,840,CR210BH,加磷高强、烘烤硬化钢,H220BH,软钢,normal_real,,,,,,,
diagnostic_candidate,True,0005000547-000590,0005000547-000590,0005000547-000590,BR_00000030,BR_00000006,numeric-chain-000123,27,10,20,1221,2.2,820,840,CR210BH,加磷高强、烘烤硬化钢,H220BH,软钢,normal_real,,,,,,,
diagnostic_candidate,True,0002001899-000130,0002001899-000130,0002001899-000130,BR_00000024,BR_00000006,numeric-chain-000123,27,11,24,1219,2,820,840,DX53D+Z-MD,IF钢,SPHETI-5,软钢,normal_real,,,,,,,
diagnostic_candidate,True,0030116618-000010,0030116618-000010,0030116618-000010,BR_00000030,BR_00000006,numeric-chain-000123,27,12,48,1204,1.5,820,840,DC53D+Z,IF钢,SPHETI-5,软钢,normal_real,,,,,,,
diagnostic_candidate,True,0030119945-000140,0030119945-000140,0030119945-000140,BR_00000030,BR_00000006,numeric-chain-000123,27,13,24,1195,1.3,830,850,DC54D+Z,IF钢,SPHETI-5,软钢,normal_real,,,,,,,
diagnostic_candidate,True,0005000501-000520,0005000501-000520,0005000501-000520,BR_00000024,BR_00000006,numeric-chain-000123,27,14,20,1185,1.2,820,840,CR210BH,加磷高强、烘烤硬化钢,H220BH,软钢,normal_real,,,,,,,
diagnostic_candidate,True,0002002021-000080,0002002021-000080,0002002021-000080,BR_00000030,BR_00000006,numeric-chain-000123,27,15,23,1180,1,830,850,DC56D+Z,IF钢,SPHETI-3,软钢,normal_real,,,,,,,
diagnostic_candidate,True,0002001895-000070,0002001895-000070,0002001895-000070,BR_00000024,BR_00000006,numeric-chain-000123,27,16,252,1165,1,820,840,DX53D+Z-CD,IF钢,SPHETI-5,软钢,normal_real,,,,,,,
diagnostic_candidate,True,0030114680-000010,0030114680-000010,0030114680-000010,BR_00000024,BR_00000006,numeric-chain-000123,27,17,72,1155,1.2,830,850,DC54D+Z,IF钢,SPHETI-5,软钢,normal_real,,,,,,,
diagnostic_candidate,True,0030119597-000010,0030119597-000010,0030119597-000010,BR_00000030,BR_00000006,numeric-chain-000123,27,18,48,1155,1.2,830,850,DC54D+Z,IF钢,SPHETI-5,软钢,normal_real,,,,,,,
diagnostic_candidate,True,0030124170-000010,0030124170-000010,0030124170-000010,BR_00000036,BR_00000006,numeric-chain-000123,27,19,69,1145,1,830,850,HDX53D+Z-SN,IF钢,SPHETI-3,软钢,normal_real,,,,,,,
diagnostic_candidate,True,0030118261-000010,0030118261-000010,0030118261-000010,BR_00000030,BR_00000006,numeric-chain-000124,28,1,69,1145,1,830,850,HDX53D+Z-SN,IF钢,SPHETI-3,软钢,normal_real,,,,,,,
diagnostic_candidate,True,0030113311-000020,0030113311-000020,0030113311-000020,BR_00000024,BR_00000006,numeric-chain-000124,28,2,138,1145,1,830,850,HDX53D+Z-SN,IF钢,SPHETI-3,软钢,normal_real,,,,,,,
diagnostic_candidate,True,0005000509-000040,0005000509-000040,0005000509-000040,BR_00000024,BR_00000006,numeric-chain-000124,28,3,7,1143,1.2,830,850,CR4,IF钢,SPHETI-36,软钢,normal_real,,,,,,,
diagnostic_candidate,True,0002001744-000050,0002001744-000050,0002001744-000050,BR_00000018,BR_00000006,numeric-chain-000124,28,4,23,1135,1,830,850,DC53D+Z,IF钢,SPHETI-3,软钢,normal_real,,,,,,,
diagnostic_candidate,True,0002001867-000180,0002001867-000180,0002001867-000180,BR_00000024,BR_00000006,numeric-chain-000124,28,5,23,1134,1,830,850,DC56D+Z,IF钢,SPHETI-3,软钢,normal_real,,,,,,,
diagnostic_candidate,True,0002002184-000090,0002002184-000090,0002002184-000090,BR_00000036,BR_00000006,numeric-chain-000124,28,6,30,1134,1,830,850,DC56D+Z,IF钢,SPHETI-3,软钢,normal_real,,,,,,,
diagnostic_candidate,True,0030117931-000050,0030117931-000050,0030117931-000050,BR_00000030,BR_00000006,numeric-chain-000124,28,7,96,1125,0.8,820,840,DC53D+Z,IF钢,SPHETI-5,软钢,normal_real,,,,,,,
diagnostic_candidate,True,0002002170-000310,0002002170-000310,0002002170-000310,BR_00000036,BR_00000006,numeric-chain-000124,28,8,23,1120,0.6,810,830,180YD+Z,加磷高强、烘烤硬化钢,H180YD,软钢,normal_real,,,,,,,
diagnostic_candidate,True,0030119041-000020,0030119041-000020,0030119041-000020,BR_00000030,BR_00000006,numeric-chain-000124,28,9,69,1120,0.6,820,840,HC180BD+Z,加磷高强、烘烤硬化钢,H180BH1,软钢,normal_real,,,,,,,
diagnostic_candidate,True,0030111485-000020,0030111485-000020,0030111485-000020,BR_00000024,BR_00000006,numeric-chain-000124,28,10,69,1120,0.6,820,840,HC180BD+Z,加磷高强、烘烤硬化钢,H180BH1,软钢,normal_real,,,,,,,
diagnostic_candidate,True,0030118764-000030,0030118764-000030,0030118764-000030,BR_00000030,BR_00000006,numeric-chain-000124,28,11,23,1120,0.65,820,840,HC180BD+Z,加磷高强、烘烤硬化钢,H180BH1,软钢,normal_real,,,,,,,
diagnostic_candidate,True,0030124772-000060,0030124772-000060,0030124772-000060,BR_00000036,BR_00000006,numeric-chain-000124,28,12,23,1120,0.65,830,850,DC54D+Z,IF钢,SPHETI-5,软钢,normal_real,,,,,,,
diagnostic_candidate,True,0030119959-000010,0030119959-000010,0030119959-000010,BR_00000030,BR_00000006,numeric-chain-000124,28,13,23,1120,0.65,830,850,DC54D+Z,IF钢,SPHETI-5,软钢,normal_real,,,,,,,
diagnostic_candidate,True,0005000501-000350,0005000501-000350,0005000501-000350,BR_00000024,BR_00000006,numeric-chain-000124,28,14,20,1100,0.8,830,850,CR180BH,加磷高强、烘烤硬化钢,H180BH,软钢,normal_real,,,,,,,
diagnostic_candidate,True,0002002180-000270,0002002180-000270,0002002180-000270,BR_00000036,BR_00000006,numeric-chain-000124,28,15,20,1100,0.65,830,850,DC53D+Z,IF钢,SPHETI-3,软钢,normal_real,,,,,,,
diagnostic_candidate,True,0002001768-000070,0002001768-000070,0002001768-000070,BR_00000018,BR_00000006,numeric-chain-000124,28,16,40,1095,0.7,830,850,DC53D+Z,IF钢,SPHETI-3,软钢,normal_real,,,,,,,
diagnostic_candidate,True,0002002170-000210,0002002170-000210,0002002170-000210,BR_00000036,BR_00000006,numeric-chain-000124,28,17,50,1095,0.7,830,850,DC53D+Z,IF钢,SPHETI-3,软钢,normal_real,,,,,,,
diagnostic_candidate,True,0002001854-000090,0002001854-000090,0002001854-000090,BR_00000024,BR_00000006,numeric-chain-000124,28,18,57,1095,0.7,830,850,DC53D+Z,IF钢,SPHETI-3,软钢,normal_real,,,,,,,
diagnostic_candidate,True,0030102862-000020,0030102862-000020,0030102862-000020,BR_00000012,BR_00000006,numeric-chain-000124,28,19,23,1094,0.8,820,840,DC53D+Z,IF钢,SPHETI-5,软钢,normal_real,,,,,,,
diagnostic_candidate,True,0030107415-000030,0030107415-000030,0030107415-000030,BR_00000018,BR_00000006,numeric-chain-000124,28,20,23,1094,0.8,820,840,DC53D+Z,IF钢,SPHETI-5,软钢,normal_real,,,,,,,
diagnostic_candidate,True,0030124438-000010,0030124438-000010,0030124438-000010,BR_00000036,BR_00000006,numeric-chain-000124,28,21,23,1083,0.8,830,850,DC54D+Z,IF钢,SPHETI-5,软钢,normal_real,,,,,,,
diagnostic_candidate,True,0030119011-000010,0030119011-000010,0030119011-000010,BR_00000030,BR_00000006,numeric-chain-000124,28,22,23,1083,0.8,830,850,DC54D+Z,IF钢,SPHETI-5,软钢,normal_real,,,,,,,
diagnostic_candidate,True,0030114490-000010,0030114490-000010,0030114490-000010,BR_00000024,BR_00000006,numeric-chain-000124,28,23,23,1083,0.8,830,850,DC54D+Z,IF钢,SPHETI-5,软钢,normal_real,,,,,,,
diagnostic_candidate,True,0030110865-000100,0030110865-000100,0030110865-000100,BR_00000019,BR_00000006,numeric-chain-000124,28,24,23,1070,0.65,830,850,DC54D+Z,IF钢,SPHETI-5,软钢,normal_real,,,,,,,
diagnostic_candidate,True,0030112161-000020,0030112161-000020,0030112161-000020,BR_00000024,BR_00000006,numeric-chain-000124,28,25,40,1070,0.67,820,840,HC220BD+Z,加磷高强、烘烤硬化钢,H220BH,软钢,normal_real,,,,,,,
diagnostic_candidate,True,0030121690-000040,0030121690-000040,0030121690-000040,BR_00000032,BR_00000006,numeric-chain-000124,28,26,20,1070,0.67,820,840,HC220BD+Z,加磷高强、烘烤硬化钢,H220BH4,软钢,normal_real,,,,,,,
diagnostic_candidate,True,0030122480-000080,0030122480-000080,0030122480-000080,BR_00000036,BR_00000006,numeric-chain-000124,28,27,69,1060,0.65,830,850,DX53D+Z,IF钢,SPHETI-5,软钢,normal_real,,,,,,,
diagnostic_candidate,True,0002001461-000010,0002001461-000010,0002001461-000010,BR_00000006,BR_00000006,numeric-chain-000124,28,28,92,1060,0.8,820,840,DX53D+Z-CD,IF钢,SPHETI-5,软钢,normal_real,,,,,,,
diagnostic_candidate,True,0002001622-000050,0002001622-000050,0002001622-000050,BR_00000012,BR_00000006,numeric-chain-000124,28,29,48,1060,0.8,820,840,DX53D+Z-CD,IF钢,SPHETI-5,软钢,normal_real,,,,,,,
diagnostic_candidate,True,0030118934-000020,0030118934-000020,0030118934-000020,BR_00000030,BR_00000006,numeric-chain-000124,28,30,460,1060,0.95,820,840,HX220BD+Z,加磷高强、烘烤硬化钢,H220BH4,软钢,normal_real,,,,,,,
diagnostic_candidate,True,0030106188-000030,0030106188-000030,0030106188-000030,BR_00000012,BR_00000007,numeric-chain-000051,1,1,23,1110,0.7,830,850,DC57D+Z,IF钢,SPHETI-3,软钢,normal_real,,,,,,,
diagnostic_candidate,True,0005000547-000400,0005000547-000400,0005000547-000400,BR_00000030,BR_00000007,numeric-chain-000051,1,2,20,1100,0.8,830,850,CR180BH,加磷高强、烘烤硬化钢,H180BH,软钢,normal_real,,,,,,,
diagnostic_candidate,True,0005000563-000290,0005000563-000290,0005000563-000290,BR_00000036,BR_00000007,numeric-chain-000051,1,3,20,1100,0.8,830,850,CR180BH,加磷高强、烘烤硬化钢,H180BH,软钢,normal_real,,,,,,,
diagnostic_candidate,True,0005000464-000300,0005000464-000300,0005000464-000300,BR_00000012,BR_00000007,numeric-chain-000051,1,4,40,1100,0.8,830,850,CR180BH,加磷高强、烘烤硬化钢,H180BH,软钢,normal_real,,,,,,,
diagnostic_candidate,True,0005000486-000350,0005000486-000350,0005000486-000350,BR_00000018,BR_00000007,numeric-chain-000051,1,5,20,1100,0.8,830,850,CR180BH,加磷高强、烘烤硬化钢,H180BH,软钢,normal_real,,,,,,,
diagnostic_candidate,True,0005000464-000150,0005000464-000150,0005000464-000150,BR_00000012,BR_00000007,numeric-chain-000051,1,6,20,1100,1,830,850,CR3,IF钢,SPHETI-36,软钢,normal_real,,,,,,,
diagnostic_candidate,True,0005000486-000150,0005000486-000150,0005000486-000150,BR_00000018,BR_00000007,numeric-chain-000051,1,7,20,1100,1,830,850,CR3,IF钢,SPHETI-36,软钢,normal_real,,,,,,,
diagnostic_candidate,True,0005000501-000170,0005000501-000170,0005000501-000170,BR_00000024,BR_00000007,numeric-chain-000051,1,8,20,1100,1,830,850,CR3,IF钢,SPHETI-36,软钢,normal_real,,,,,,,
diagnostic_candidate,True,0002002053-000020,0002002053-000020,0002002053-000020,BR_00000030,BR_00000007,numeric-chain-000051,1,9,23,1100,0.8,820,840,DX53D+Z-MD,IF钢,SPHETI-5,软钢,normal_real,,,,,,,
diagnostic_candidate,True,0030113466-000070,0030113466-000070,0030113466-000070,BR_00000024,BR_00000007,numeric-chain-000051,1,10,23,1100,0.8,820,840,DC53D+Z,IF钢,SPHETI-5,软钢,normal_real,,,,,,,
diagnostic_candidate,True,0030105862-000070,0030105862-000070,0030105862-000070,BR_00000012,BR_00000007,numeric-chain-000051,1,11,46,1095,0.7,810,830,HC180YD+Z,加磷高强、烘烤硬化钢,H180YD,软钢,normal_real,,,,,,,
diagnostic_candidate,True,0030118809-000020,0030118809-000020,0030118809-000020,BR_00000030,BR_00000007,numeric-chain-000051,1,12,40,1085,0.6,820,840,HC180BD+Z,加磷高强、烘烤硬化钢,H180BH1,软钢,normal_real,,,,,,,
diagnostic_candidate,True,0002001890-000270,0002001890-000270,0002001890-000270,BR_00000024,BR_00000007,numeric-chain-000051,1,13,13,1083,0.65,810,830,180YD+Z,加磷高强、烘烤硬化钢,H180YD,软钢,normal_real,,,,,,,
diagnostic_candidate,True,0002001871-000440,0002001871-000440,0002001871-000440,BR_00000024,BR_00000007,numeric-chain-000051,1,14,33,1083,0.65,810,830,180YD+Z,加磷高强、烘烤硬化钢,H180YD,软钢,normal_real,,,,,,,
diagnostic_candidate,True,0030119032-000020,0030119032-000020,0030119032-000020,BR_00000030,BR_00000007,numeric-chain-000051,1,15,300,1080,0.75,820,840,DX53D+Z,IF钢,SPHETI-5,软钢,normal_real,,,,,,,
diagnostic_candidate,True,0030117931-000060,0030117931-000060,0030117931-000060,BR_00000030,BR_00000007,numeric-chain-000051,1,16,23,1080,0.8,820,840,DC53D+Z,IF钢,SPHETI-5,软钢,normal_real,,,,,,,
diagnostic_candidate,True,0030105424-000010,0030105424-000010,0030105424-000010,BR_00000012,BR_00000007,numeric-chain-000051,1,17,40,1070,0.6,820,840,HC180BD+Z,加磷高强、烘烤硬化钢,H180BH1,软钢,normal_real,,,,,,,
diagnostic_candidate,True,0030114761-000010,0030114761-000010,0030114761-000010,BR_00000024,BR_00000007,numeric-chain-000051,1,18,40,1070,0.6,820,840,HC180BD+Z,加磷高强、烘烤硬化钢,H180BH1,软钢,normal_real,,,,,,,
diagnostic_candidate,True,0030111485-000010,0030111485-000010,0030111485-000010,BR_00000024,BR_00000007,numeric-chain-000051,1,19,60,1070,0.6,820,840,HC180BD+Z,加磷高强、烘烤硬化钢,H180BH1,软钢,normal_real,,,,,,,
diagnostic_candidate,True,0030100802-000010,0030100802-000010,0030100802-000010,BR_00000007,BR_00000007,numeric-chain-000051,1,20,23,1070,0.65,830,850,DC54D+Z,IF钢,SPHETI-3,软钢,normal_real,,,,,,,
diagnostic_candidate,True,0002001648-000090,0002001648-000090,0002001648-000090,BR_00000012,BR_00000007,numeric-chain-000051,1,21,48,1060,0.8,820,840,DX53D+Z-CD,IF钢,SPHETI-5,软钢,normal_real,,,,,,,
diagnostic_candidate,True,0002001757-000050,0002001757-000050,0002001757-000050,BR_00000018,BR_00000007,numeric-chain-000051,1,22,44,1060,0.8,820,840,DX53D+Z-CD,IF钢,SPHETI-5,软钢,normal_real,,,,,,,
diagnostic_candidate,True,0030115562-000010,0030115562-000010,0030115562-000010,BR_00000025,BR_00000007,numeric-chain-000051,1,23,69,1060,0.95,820,840,DC53D+Z,IF钢,SPHETI-5,软钢,normal_real,,,,,,,
diagnostic_candidate,True,0002002055-000040,0002002055-000040,0002002055-000040,BR_00000030,BR_00000007,numeric-chain-000081,2,1,591,1150,0.5,815,835,DX51D+Z-MD,普碳,SPHC,软钢,normal_real,,,,,,,
diagnostic_candidate,True,0030125168-000050,0030125168-000050,0030125168-000050,BR_00000036,BR_00000007,numeric-chain-000081,2,2,24,1145,0.4,700,840,DC51D+Z,普碳,SPHC,软钢,normal_real,,,,,,,
diagnostic_candidate,True,0030119098-000020,0030119098-000020,0030119098-000020,BR_00000030,BR_00000007,numeric-chain-000081,2,3,24,1145,0.4,700,840,DC51D+Z-Q,深冲钢（PD）,SPHCQ,软钢,normal_real,,,,,,,
diagnostic_candidate,True,0030106987-000100,0030106987-000100,0030106987-000100,BR_00000018,BR_00000007,numeric-chain-000081,2,4,24,1135,0.45,700,840,DX51D+Z,普碳,SPHC,软钢,actual_transition,,,,,,,
diagnostic_candidate,True,0002001647-000070,0002001647-000070,0002001647-000070,BR_00000012,BR_00000007,numeric-chain-000081,2,5,22,1130,0.45,815,835,DX51D+Z-MD,普碳,SPHC,软钢,normal_real,,,,,,,
diagnostic_candidate,True,0002002054-000330,0002002054-000330,0002002054-000330,BR_00000030,BR_00000007,numeric-chain-000081,2,6,42,1130,0.5,820,840,DX53D+Z-CD,IF钢,SPHETI-5,软钢,normal_real,,,,,,,
diagnostic_candidate,True,0002002054-000130,0002002054-000130,0002002054-000130,BR_00000030,BR_00000007,numeric-chain-000081,2,7,42,1110,0.4,815,835,DX51D+Z-MD,普碳,SPHC,软钢,normal_real,,,,,,,
diagnostic_candidate,True,0002001898-000060,0002001898-000060,0002001898-000060,BR_00000024,BR_00000007,numeric-chain-000081,2,8,22,1110,0.4,815,835,DX51D+Z-MD,普碳,SPHC,软钢,normal_real,,,,,,,
diagnostic_candidate,True,0030100474-000040,0030100474-000040,0030100474-000040,BR_00000007,BR_00000007,numeric-chain-000081,2,9,46,1100,0.45,700,840,DX51D+Z,普碳,SPHC,软钢,actual_transition,,,,,,,
diagnostic_candidate,True,0030123654-000010,0030123654-000010,0030123654-000010,BR_00000036,BR_00000007,numeric-chain-000081,2,10,48,1066,0.5,715,735,DX51D+Z1,普碳,SPHC,软钢,normal_real,,,,,,,
diagnostic_candidate,True,0030113865-000020,0030113865-000020,0030113865-000020,BR_00000024,BR_00000007,numeric-chain-000081,2,11,23,1000,0.4,700,840,DC51D+Z,普碳,SPHC,软钢,actual_transition,,,,,,,
diagnostic_candidate,True,0030111117-000010,0030111117-000010,0030111117-000010,BR_00000019,BR_00000007,numeric-chain-000081,2,12,66,1000,0.4,830,850,DC56D+Z,IF钢,SPHETI-3,软钢,normal_real,,,,,,,
diagnostic_candidate,True,0030114951-000010,0030114951-000010,0030114951-000010,BR_00000025,BR_00000007,numeric-chain-000081,2,13,110,1000,0.45,700,840,DX51D+Z,普碳,SPHC,软钢,actual_transition,,,,,,,
diagnostic_candidate,True,0030120882-000010,0030120882-000010,0030120882-000010,BR_00000032,BR_00000007,numeric-chain-000081,2,14,110,1000,0.45,700,840,DX51D+Z,普碳,SPHC,软钢,actual_transition,,,,,,,
diagnostic_candidate,True,0030106987-000140,0030106987-000140,0030106987-000140,BR_00000018,BR_00000007,numeric-chain-000081,2,15,88,1000,0.5,700,840,DX51D+Z,普碳,SPHC,软钢,actual_transition,,,,,,,
diagnostic_candidate,True,0010019618-000010,0010019618-000010,0010019618-000010,BR_00000036,BR_00000007,numeric-chain-000081,2,16,198,1000,0.5,700,840,DC51D+Z,普碳,SPHC,软钢,actual_transition,,,,,,,
diagnostic_candidate,True,0030116392-000010,0030116392-000010,0030116392-000010,BR_00000030,BR_00000007,numeric-chain-000081,2,17,44,1000,0.6,830,850,DC56D+Z,IF钢,SPHETI-3,软钢,normal_real,,,,,,,
diagnostic_candidate,True,0030112554-000010,0030112554-000010,0030112554-000010,BR_00000024,BR_00000007,numeric-chain-000081,2,18,110,1000,0.8,700,840,DC51D+Z,普碳,SPHC,软钢,actual_transition,,,,,,,
diagnostic_candidate,True,0030122488-000030,0030122488-000030,0030122488-000030,BR_00000036,BR_00000007,numeric-chain-000081,2,19,110,1000,0.9,770,810,DC52D+Z,深冲钢（PD）,SPHCQ,软钢,normal_real,,,,,,,
diagnostic_candidate,True,0010018679-000010,0010018679-000010,0010018679-000010,BR_00000030,BR_00000007,numeric-chain-000081,2,20,100,1000,1,700,840,DC51D+Z,普碳,SPHC,软钢,actual_transition,,,,,,,
diagnostic_candidate,True,0002001871-000380,0002001871-000380,0002001871-000380,BR_00000024,BR_00000007,numeric-chain-000081,2,21,20,1000,1,770,810,DC51D+Z,普碳,SPHC,软钢,normal_real,,,,,,,
diagnostic_candidate,True,0030113505-000020,0030113505-000020,0030113505-000020,BR_00000024,BR_00000007,numeric-chain-000081,2,22,22,1000,1,800,820,HC260YD+Z,加磷高强、烘烤硬化钢,H260Y,软钢,normal_real,,,,,,,
diagnostic_candidate,True,0030125207-000140,0030125207-000140,0030125207-000140,BR_00000036,BR_00000007,numeric-chain-000081,2,23,44,993,1,800,820,HC260YD+Z,加磷高强、烘烤硬化钢,H260Y,软钢,normal_real,,,,,,,
diagnostic_candidate,True,0002001751-000020,0002001751-000020,0002001751-000020,BR_00000018,BR_00000007,numeric-chain-000081,2,24,20,980,1,770,810,DC51D+Z,普碳,SPHC,软钢,normal_real,,,,,,,
diagnostic_candidate,True,0002002023-000090,0002002023-000090,0002002023-000090,BR_00000030,BR_00000007,numeric-chain-000081,2,25,16,980,1,770,810,DC51D+Z,普碳,SPHC,软钢,normal_real,,,,,,,
diagnostic_candidate,True,0030105416-000060,0030105416-000060,0030105416-000060,BR_00000012,BR_00000007,numeric-chain-000081,2,26,22,960,1,800,820,HC260YD+Z,加磷高强、烘烤硬化钢,H260Y,软钢,normal_real,,,,,,,
diagnostic_candidate,True,0030110545-000010,0030110545-000010,0030110545-000010,BR_00000018,BR_00000008,numeric-chain-000045,1,1,48,1581,1,700,840,DC51D+Z,普碳,SPHC,软钢,actual_transition,,,,,,,
diagnostic_candidate,True,0002001750-000030,0002001750-000030,0002001750-000030,BR_00000018,BR_00000008,numeric-chain-000045,1,2,24,1575,1,770,810,DC51D+Z,普碳,SPHC,软钢,normal_real,,,,,,,
diagnostic_candidate,True,0002002202-000190,0002002202-000190,0002002202-000190,BR_00000036,BR_00000008,numeric-chain-000045,1,3,23,1555,1,770,810,DC51D+Z,IF钢,SPHETI-3,软钢,normal_real,,,,,,,
diagnostic_candidate,True,0002002024-000110,0002002024-000110,0002002024-000110,BR_00000030,BR_00000008,numeric-chain-000045,1,4,23,1555,1,770,810,DC51D+Z,普碳,SPHC,软钢,normal_real,,,,,,,
diagnostic_candidate,True,0002001627-000060,0002001627-000060,0002001627-000060,BR_00000012,BR_00000008,numeric-chain-000045,1,5,23,1555,1,770,810,DC51D+Z,普碳,SPHC,软钢,normal_real,,,,,,,
diagnostic_candidate,True,0030103543-000110,0030103543-000110,0030103543-000110,BR_00000012,BR_00000008,numeric-chain-000045,1,6,72,1522,1,770,810,DC52D+Z,深冲钢（PD）,SPHCQ,软钢,normal_real,,,,,,,
diagnostic_candidate,True,0002002184-000170,0002002184-000170,0002002184-000170,BR_00000036,BR_00000008,numeric-chain-000045,1,7,23,1512,1.2,770,810,DC51D+Z,普碳,SPHC,软钢,normal_real,,,,,,,
diagnostic_candidate,True,0030109817-000020,0030109817-000020,0030109817-000020,BR_00000018,BR_00000008,numeric-chain-000045,1,8,144,1500,1.2,700,840,DX51D+Z,普碳,SPHC,软钢,normal_real,,,,,,,
diagnostic_candidate,True,0030109817-000010,0030109817-000010,0030109817-000010,BR_00000018,BR_00000008,numeric-chain-000045,1,9,144,1500,1.2,700,840,DX51D+Z,普碳,SPHC,软钢,normal_real,,,,,,,
diagnostic_candidate,True,0030101703-000050,0030101703-000050,0030101703-000050,BR_00000008,BR_00000008,numeric-chain-000045,1,10,25,1500,1.47,700,840,DC51D+Z,普碳,SPHC,软钢,actual_transition,,,,,,,
diagnostic_candidate,True,0030110864-000030,0030110864-000030,0030110864-000030,BR_00000019,BR_00000008,numeric-chain-000045,1,11,24,1500,1.6,830,850,DC54D+Z,IF钢,SPHETI-5,软钢,normal_real,,,,,,,
diagnostic_candidate,True,0030110866-000020,0030110866-000020,0030110866-000020,BR_00000019,BR_00000008,numeric-chain-000045,1,12,24,1500,1.6,830,850,DC54D+Z,IF钢,SPHETI-5,软钢,normal_real,,,,,,,
diagnostic_candidate,True,0030121192-000010,0030121192-000010,0030121192-000010,BR_00000032,BR_00000008,numeric-chain-000045,1,13,24,1500,1.6,830,850,DC54D+Z,IF钢,SPHETI-5,软钢,normal_real,,,,,,,
diagnostic_candidate,True,0030106850-000010,0030106850-000010,0030106850-000010,BR_00000013,BR_00000008,numeric-chain-000045,1,14,25,1495,1.55,830,850,DC54D+Z,IF钢,SPHETI-3,软钢,normal_real,,,,,,,
diagnostic_candidate,True,0005000509-000050,0005000509-000050,0005000509-000050,BR_00000024,BR_00000008,numeric-chain-000045,1,15,7,1468,1.5,830,850,CR180BH,加磷高强、烘烤硬化钢,H180BH,软钢,normal_real,,,,,,,
diagnostic_candidate,True,0030110867-000030,0030110867-000030,0030110867-000030,BR_00000019,BR_00000008,numeric-chain-000045,1,16,72,1440,1.5,820,840,HC220BD+Z,加磷高强、烘烤硬化钢,H220BH,软钢,normal_real,,,,,,,
diagnostic_candidate,True,0030106804-000040,0030106804-000040,0030106804-000040,BR_00000018,BR_00000008,numeric-chain-000045,1,17,72,1440,1.5,820,840,HC220BD+Z,加磷高强、烘烤硬化钢,H220BH,软钢,normal_real,,,,,,,
diagnostic_candidate,True,0030110865-000030,0030110865-000030,0030110865-000030,BR_00000019,BR_00000008,numeric-chain-000045,1,18,72,1440,1.5,820,840,HC220BD+Z,加磷高强、烘烤硬化钢,H220BH,软钢,normal_real,,,,,,,
diagnostic_candidate,True,0010017875-000040,0010017875-000040,0010017875-000040,BR_00000030,BR_00000008,numeric-chain-000045,1,19,72,1435,1.5,700,840,DC51D+Z-D,普碳,SPHC,软钢,normal_real,,,,,,,
diagnostic_candidate,True,0010017875-000030,0010017875-000030,0010017875-000030,BR_00000030,BR_00000008,numeric-chain-000045,1,20,144,1430,1.5,700,720,DC51D+Z-D,普碳,SPHC,软钢,normal_real,,,,,,,
diagnostic_candidate,True,0030105927-000070,0030105927-000070,0030105927-000070,BR_00000012,BR_00000008,numeric-chain-000045,1,21,96,1420,1.5,700,720,DX51D+Z3,深冲钢（PD）,DD12BB,软钢,normal_real,,,,,,,
diagnostic_candidate,True,0030124583-000010,0030124583-000010,0030124583-000010,BR_00000036,BR_00000008,numeric-chain-000045,1,22,24,1388,1.6,700,720,DC51D+Z,普碳,SPHC,软钢,actual_transition,,,,,,,
diagnostic_candidate,True,0030124735-000110,0030124735-000110,0030124735-000110,BR_00000036,BR_00000008,numeric-chain-000045,1,23,24,1350,1.4,700,840,DX51D+Z,普碳,SPHC,软钢,actual_transition,,,,,,,
diagnostic_candidate,True,0030124735-000070,0030124735-000070,0030124735-000070,BR_00000036,BR_00000008,numeric-chain-000045,1,24,24,1350,1.4,805,825,HC260YD+Z,加磷高强、烘烤硬化钢,H260Y,软钢,normal_real,,,,,,,
diagnostic_candidate,True,0030115672-000030,0030115672-000030,0030115672-000030,BR_00000025,BR_00000008,numeric-chain-000045,1,25,48,1325,1.6,795,815,HC220YD+Z,加磷高强、烘烤硬化钢,H220Y,软钢,normal_real,,,,,,,
diagnostic_candidate,True,0030105416-000110,0030105416-000110,0030105416-000110,BR_00000012,BR_00000008,numeric-chain-000045,1,26,24,1317,1.8,805,825,HC260YD+Z,加磷高强、烘烤硬化钢,H260Y,软钢,normal_real,,,,,,,
diagnostic_candidate,True,0030105416-000100,0030105416-000100,0030105416-000100,BR_00000012,BR_00000008,numeric-chain-000045,1,27,24,1278,1.6,805,825,HC260YD+Z,加磷高强、烘烤硬化钢,H260Y,软钢,normal_real,,,,,,,
diagnostic_candidate,True,0030106626-000010,0030106626-000010,0030106626-000010,BR_00000018,BR_00000008,numeric-chain-000045,1,28,24,1257,1.6,805,825,HC260YD+Z,加磷高强、烘烤硬化钢,H260Y,软钢,normal_real,,,,,,,
diagnostic_candidate,True,0030112291-000050,0030112291-000050,0030112291-000050,BR_00000024,BR_00000008,numeric-chain-000045,1,29,24,1250,1.4,700,840,DC51D+Z,普碳,SPHC,软钢,actual_transition,,,,,,,
diagnostic_candidate,True,0030108320-000050,0030108320-000050,0030108320-000050,BR_00000018,BR_00000008,numeric-chain-000045,1,30,24,1250,1.4,700,840,DC51D+Z,普碳,SPHC,软钢,actual_transition,,,,,,,
diagnostic_candidate,True,0030105930-000020,0030105930-000020,0030105930-000020,BR_00000012,BR_00000008,numeric-chain-000045,1,31,168,1250,1.5,700,720,DX51D+Z3,深冲钢（PD）,DD12BB,软钢,normal_real,,,,,,,
diagnostic_candidate,True,0030104290-000030,0030104290-000030,0030104290-000030,BR_00000012,BR_00000008,numeric-chain-000045,1,32,24,1250,1.5,700,840,DC51D+Z,普碳,SPHC,软钢,actual_transition,,,,,,,
diagnostic_candidate,True,0030120939-000050,0030120939-000050,0030120939-000050,BR_00000032,BR_00000008,numeric-chain-000045,1,33,24,1250,1.5,770,810,DC52D+Z,深冲钢（PD）,SPHCQ,软钢,normal_real,,,,,,,
diagnostic_candidate,True,0002002202-000020,0002002202-000020,0002002202-000020,BR_00000036,BR_00000008,numeric-chain-000045,1,34,23,1245,1.2,770,810,DC51D+Z,普碳,SPHC,软钢,normal_real,,,,,,,
diagnostic_candidate,True,0030105605-000080,0030105605-000080,0030105605-000080,BR_00000012,BR_00000008,numeric-chain-000045,1,35,192,1233,1,790,810,HC220YD+Z,加磷高强、烘烤硬化钢,H220Y,软钢,normal_real,,,,,,,
diagnostic_candidate,True,0030119865-000010,0030119865-000010,0030119865-000010,BR_00000030,BR_00000008,numeric-chain-000045,1,36,24,1229,1.2,795,815,HC220YD+Z,加磷高强、烘烤硬化钢,H220Y,软钢,normal_real,,,,,,,
diagnostic_candidate,True,0002002202-000040,0002002202-000040,0002002202-000040,BR_00000036,BR_00000008,numeric-chain-000045,1,37,23,1227,1,770,810,DC51D+Z,IF钢,SPHETI-3,软钢,normal_real,,,,,,,
diagnostic_candidate,True,0002001906-000130,0002001906-000130,0002001906-000130,BR_00000025,BR_00000008,numeric-chain-000045,1,38,46,1225,0.8,770,810,DC51D+Z,普碳,SPHC,软钢,normal_real,,,,,,,
diagnostic_candidate,True,0002001854-000240,0002001854-000240,0002001854-000240,BR_00000024,BR_00000008,numeric-chain-000045,1,39,23,1225,0.8,770,810,DC51D+Z,普碳,SPHC,软钢,normal_real,,,,,,,
diagnostic_candidate,True,0002002006-000010,0002002006-000010,0002002006-000010,BR_00000030,BR_00000008,numeric-chain-000045,1,40,20,1220,1,770,810,DC51D+Z,IF钢,SPHETI-3,软钢,normal_real,,,,,,,
diagnostic_candidate,True,0002001871-000320,0002001871-000320,0002001871-000320,BR_00000024,BR_00000008,numeric-chain-000058,2,1,13,1098,1,770,810,DC51D+Z,普碳,SPHC,软钢,normal_real,,,,,,,
diagnostic_candidate,True,0030113525-000010,0030113525-000010,0030113525-000010,BR_00000024,BR_00000008,numeric-chain-000058,2,2,23,1085,0.9,700,840,DC51D+Z,普碳,SPHC,软钢,normal_real,,,,,,,
diagnostic_candidate,True,0030124800-000030,0030124800-000030,0030124800-000030,BR_00000036,BR_00000008,numeric-chain-000058,2,3,23,1084,0.8,770,810,DX52D+Z,深冲钢（PD）,SPHCQ,软钢,normal_real,,,,,,,
diagnostic_candidate,True,0002002024-000090,0002002024-000090,0002002024-000090,BR_00000030,BR_00000008,numeric-chain-000058,2,4,19,1080,0.7,770,810,DC51D+Z,普碳,SPHC,软钢,normal_real,,,,,,,
diagnostic_candidate,True,0002001633-000170,0002001633-000170,0002001633-000170,BR_00000012,BR_00000008,numeric-chain-000058,2,5,22,1078,0.7,770,810,DC51D+Z,普碳,SPHC,软钢,normal_real,,,,,,,
diagnostic_candidate,True,0002001867-000220,0002001867-000220,0002001867-000220,BR_00000024,BR_00000008,numeric-chain-000058,2,6,19,1064,0.6,770,810,DC51D+Z,普碳,SPHC,软钢,normal_real,,,,,,,
diagnostic_candidate,True,0002002021-000150,0002002021-000150,0002002021-000150,BR_00000030,BR_00000008,numeric-chain-000058,2,7,19,1063,0.6,770,810,DC51D+Z,普碳,SPHC,软钢,normal_real,,,,,,,
diagnostic_candidate,True,0002001633-000160,0002001633-000160,0002001633-000160,BR_00000012,BR_00000008,numeric-chain-000058,2,8,23,1063,0.65,770,810,DC51D+Z,普碳,SPHC,软钢,normal_real,,,,,,,
diagnostic_candidate,True,0002001880-000100,0002001880-000100,0002001880-000100,BR_00000024,BR_00000008,numeric-chain-000058,2,9,69,1063,0.65,770,810,DC51D+Z,普碳,SPHC,软钢,normal_real,,,,,,,
diagnostic_candidate,True,0002001986-000040,0002001986-000040,0002001986-000040,BR_00000030,BR_00000008,numeric-chain-000058,2,10,20,1063,0.65,770,810,DC51D+Z,普碳,SPHC,软钢,normal_real,,,,,,,
diagnostic_candidate,True,0002001627-000010,0002001627-000010,0002001627-000010,BR_00000012,BR_00000008,numeric-chain-000058,2,11,20,1060,0.7,770,810,DC51D+Z,普碳,SPHC,软钢,normal_real,,,,,,,
diagnostic_candidate,True,0030119862-000170,0030119862-000170,0030119862-000170,BR_00000030,BR_00000008,numeric-chain-000058,2,12,92,1060,0.7,790,810,HC260YD+Z,加磷高强、烘烤硬化钢,H260Y,软钢,normal_real,,,,,,,
diagnostic_candidate,True,0002001998-000060,0002001998-000060,0002001998-000060,BR_00000030,BR_00000008,numeric-chain-000058,2,13,92,1051,0.65,770,810,DC51D+Z,普碳,SPHC,软钢,normal_real,,,,,,,
diagnostic_candidate,True,0002002195-000040,0002002195-000040,0002002195-000040,BR_00000036,BR_00000008,numeric-chain-000058,2,14,72,1051,0.65,770,810,DC51D+Z,普碳,SPHC,软钢,normal_real,,,,,,,
diagnostic_candidate,True,0002001880-000090,0002001880-000090,0002001880-000090,BR_00000024,BR_00000008,numeric-chain-000058,2,15,70,1051,0.65,770,810,DC51D+Z,普碳,SPHC,软钢,normal_real,,,,,,,
diagnostic_candidate,True,0030120951-000010,0030120951-000010,0030120951-000010,BR_00000032,BR_00000008,numeric-chain-000058,2,16,96,1050,0.7,700,840,DX51D+Z,普碳,SPHC,软钢,normal_real,,,,,,,
diagnostic_candidate,True,0002001750-000470,0002001750-000470,0002001750-000470,BR_00000018,BR_00000008,numeric-chain-000058,2,17,20,1045,0.6,770,810,DC51D+Z,普碳,SPHC,软钢,normal_real,,,,,,,
diagnostic_candidate,True,0002001765-000060,0002001765-000060,0002001765-000060,BR_00000018,BR_00000008,numeric-chain-000058,2,18,22,1040,0.65,770,810,DC51D+Z,普碳,SPHC,软钢,normal_real,,,,,,,
diagnostic_candidate,True,0002002195-000220,0002002195-000220,0002002195-000220,BR_00000036,BR_00000008,numeric-chain-000058,2,19,80,1040,0.65,770,810,DC51D+Z,普碳,SPHC,软钢,normal_real,,,,,,,
diagnostic_candidate,True,0002001880-000080,0002001880-000080,0002001880-000080,BR_00000024,BR_00000008,numeric-chain-000058,2,20,66,1040,0.65,770,810,DC51D+Z,普碳,SPHC,软钢,normal_real,,,,,,,
diagnostic_candidate,True,0030125207-000120,0030125207-000120,0030125207-000120,BR_00000036,BR_00000008,numeric-chain-000058,2,21,22,1039,0.7,790,810,HC260YD+Z,加磷高强、烘烤硬化钢,H260Y,软钢,normal_real,,,,,,,
diagnostic_candidate,True,0002001744-000170,0002001744-000170,0002001744-000170,BR_00000018,BR_00000008,numeric-chain-000058,2,22,13,1034,0.65,770,810,DC51D+Z,普碳,SPHC,软钢,normal_real,,,,,,,
diagnostic_candidate,True,0002002021-000230,0002002021-000230,0002002021-000230,BR_00000030,BR_00000008,numeric-chain-000058,2,23,19,1030,0.6,770,810,DC51D+Z,IF钢,SPHETI-3,软钢,normal_real,,,,,,,
diagnostic_candidate,True,0002002184-000210,0002002184-000210,0002002184-000210,BR_00000036,BR_00000008,numeric-chain-000058,2,24,25,1030,0.6,770,810,DC51D+Z,IF钢,SPHETI-3,软钢,normal_real,,,,,,,
diagnostic_candidate,True,0002001744-000100,0002001744-000100,0002001744-000100,BR_00000018,BR_00000008,numeric-chain-000058,2,25,13,1022,0.65,770,810,DC51D+Z,普碳,SPHC,软钢,normal_real,,,,,,,
diagnostic_candidate,True,0002001750-000110,0002001750-000110,0002001750-000110,BR_00000018,BR_00000008,numeric-chain-000058,2,26,40,1020,0.6,770,810,DC51D+Z,普碳,SPHC,软钢,normal_real,,,,,,,
diagnostic_candidate,True,0002002180-000030,0002002180-000030,0002002180-000030,BR_00000036,BR_00000008,numeric-chain-000058,2,27,89,1020,0.6,770,810,DC51D+Z,IF钢,SPHETI-3,软钢,normal_real,,,,,,,
diagnostic_candidate,True,0002002006-000030,0002002006-000030,0002002006-000030,BR_00000030,BR_00000008,numeric-chain-000058,2,28,39,1020,0.6,770,810,DC51D+Z,IF钢,SPHETI-3,软钢,normal_real,,,,,,,
diagnostic_candidate,True,0002001981-000030,0002001981-000030,0002001981-000030,BR_00000030,BR_00000008,numeric-chain-000058,2,29,49,1020,0.6,770,810,DC51D+Z,普碳,SPHC,软钢,normal_real,,,,,,,
diagnostic_candidate,True,0002001871-000090,0002001871-000090,0002001871-000090,BR_00000024,BR_00000008,numeric-chain-000058,2,30,20,1020,0.65,770,810,DC51D+Z,普碳,SPHC,软钢,normal_real,,,,,,,
diagnostic_candidate,True,0002001890-000080,0002001890-000080,0002001890-000080,BR_00000024,BR_00000008,numeric-chain-000058,2,31,15,1020,0.65,770,810,DC51D+Z,普碳,SPHC,软钢,normal_real,,,,,,,
diagnostic_candidate,True,0030114040-000060,0030114040-000060,0030114040-000060,BR_00000024,BR_00000008,numeric-chain-000058,2,32,44,1017,0.7,780,800,HC220YD+Z,加磷高强、烘烤硬化钢,H220Y,软钢,normal_real,,,,,,,
diagnostic_candidate,True,0002001880-000060,0002001880-000060,0002001880-000060,BR_00000024,BR_00000008,numeric-chain-000058,2,33,22,1013,0.7,770,810,DC51D+Z,普碳,SPHC,软钢,normal_real,,,,,,,
diagnostic_candidate,True,0030118029-000050,0030118029-000050,0030118029-000050,BR_00000030,BR_00000008,numeric-chain-000058,2,34,22,1010,0.7,780,800,HC220YD+Z,加磷高强、烘烤硬化钢,H220Y,软钢,normal_real,,,,,,,
diagnostic_candidate,True,0030115673-000050,0030115673-000050,0030115673-000050,BR_00000025,BR_00000008,numeric-chain-000058,2,35,22,1010,0.7,780,800,HC220YD+Z,加磷高强、烘烤硬化钢,H220Y,软钢,normal_real,,,,,,,
diagnostic_candidate,True,0030122898-000010,0030122898-000010,0030122898-000010,BR_00000036,BR_00000008,numeric-chain-000058,2,36,50,1000,0.8,700,840,DC51D+Z,普碳,SPHC,软钢,actual_transition,,,,,,,
diagnostic_candidate,True,0002001750-000250,0002001750-000250,0002001750-000250,BR_00000018,BR_00000008,numeric-chain-000058,2,37,24,990,0.65,810,830,180YD+Z,加磷高强、烘烤硬化钢,H180YD,软钢,normal_real,,,,,,,
diagnostic_candidate,True,0002002180-000010,0002002180-000010,0002002180-000010,BR_00000036,BR_00000008,numeric-chain-000058,2,38,39,985,0.6,810,830,180YD+Z,加磷高强、烘烤硬化钢,H180YD,软钢,normal_real,,,,,,,
diagnostic_candidate,True,0030109100-000010,0030109100-000010,0030109100-000010,BR_00000018,BR_00000008,numeric-chain-000058,2,39,140,975,0.65,810,830,HC180YD+Z,加磷高强、烘烤硬化钢,H180YD,软钢,normal_real,,,,,,,
diagnostic_candidate,True,0030105189-000010,0030105189-000010,0030105189-000010,BR_00000012,BR_00000008,numeric-chain-000058,2,40,40,975,0.65,810,830,HC180YD+Z,加磷高强、烘烤硬化钢,H180YD,软钢,normal_real,,,,,,,
diagnostic_candidate,True,0030123145-000010,0030123145-000010,0030123145-000010,BR_00000036,BR_00000008,numeric-chain-000058,2,41,60,975,0.65,810,830,HC180YD+Z,加磷高强、烘烤硬化钢,H180YD,软钢,normal_real,,,,,,,
diagnostic_candidate,True,0002001744-000210,0002001744-000210,0002001744-000210,BR_00000018,BR_00000008,numeric-chain-000058,2,42,17,915,0.6,810,830,180YD+Z,加磷高强、烘烤硬化钢,H180YD,软钢,normal_real,,,,,,,
diagnostic_candidate,True,0002002009-000160,0002002009-000160,0002002009-000160,BR_00000030,BR_00000008,numeric-chain-000058,2,43,30,913,0.6,810,830,180YD+Z,加磷高强、烘烤硬化钢,H180YD,软钢,normal_real,,,,,,,
diagnostic_candidate,True,0005000464-000600,0005000464-000600,0005000464-000600,BR_00000012,BR_00000008,numeric-chain-000058,2,44,32,900,0.7,820,840,CR210BH,加磷高强、烘烤硬化钢,H220BH,软钢,normal_real,,,,,,,
diagnostic_candidate,True,0030122080-000010,0030122080-000010,0030122080-000010,BR_00000033,BR_00000008,numeric-chain-000058,2,45,54,865,0.8,830,850,DX53D+Z,IF钢,SPHETI-5,软钢,normal_real,,,,,,,
diagnostic_candidate,True,0002001578-000010,0002001578-000010,0002001578-000010,BR_00000008,BR_00000008,numeric-chain-000058,2,46,64,840,1,830,850,DC54D+Z,IF钢,SPHETI-3,软钢,normal_real,,,,,,,
diagnostic_candidate,True,0002001867-000320,0002001867-000320,0002001867-000320,BR_00000024,BR_00000008,numeric-chain-000058,2,47,16,830,1,830,850,DC56D+Z,IF钢,SPHETI-3,软钢,normal_real,,,,,,,
diagnostic_candidate,True,0002001750-000240,0002001750-000240,0002001750-000240,BR_00000018,BR_00000008,numeric-chain-000058,2,48,54,830,1.2,830,850,DC54D+Z,IF钢,SPHETI-3,软钢,normal_real,,,,,,,
diagnostic_candidate,True,0030108542-000120,0030108542-000120,0030108542-000120,BR_00000018,BR_00000008,numeric-chain-000075,3,1,24,1568,0.7,820,840,DX53D+Z-LG,IF钢,SPHETI-5,软钢,normal_real,,,,,,,
diagnostic_candidate,True,0030105830-000010,0030105830-000010,0030105830-000010,BR_00000012,BR_00000008,numeric-chain-000075,3,2,48,1560,0.65,830,850,DC54D+Z,IF钢,SPHETI-3,软钢,normal_real,,,,,,,
diagnostic_candidate,True,0030108589-000010,0030108589-000010,0030108589-000010,BR_00000018,BR_00000008,numeric-chain-000075,3,3,24,1546,0.6,830,850,DC56D+Z,IF钢,SPHETI-3,软钢,normal_real,,,,,,,
diagnostic_candidate,True,0030110599-000010,0030110599-000010,0030110599-000010,BR_00000018,BR_00000008,numeric-chain-000075,3,4,48,1503,0.6,830,850,DC54D+Z,IF钢,SPHETI-5,软钢,normal_real,,,,,,,
diagnostic_candidate,True,0030105848-000010,0030105848-000010,0030105848-000010,BR_00000012,BR_00000008,numeric-chain-000075,3,5,72,1503,0.6,830,850,DC54D+Z,IF钢,SPHETI-3,软钢,normal_real,,,,,,,
diagnostic_candidate,True,0030123255-000020,0030123255-000020,0030123255-000020,BR_00000036,BR_00000008,numeric-chain-000075,3,6,46,1500,0.65,820,840,HC180BD+Z,加磷高强、烘烤硬化钢,H180BH1,软钢,normal_real,,,,,,,
diagnostic_candidate,True,0002001889-000080,0002001889-000080,0002001889-000080,BR_00000024,BR_00000008,numeric-chain-000075,3,7,13,1500,0.65,830,850,DC53D+Z,IF钢,SPHETI-3,软钢,normal_real,,,,,,,
diagnostic_candidate,True,0002001768-000110,0002001768-000110,0002001768-000110,BR_00000018,BR_00000008,numeric-chain-000075,3,8,23,1495,0.7,830,850,DC53D+Z,IF钢,SPHETI-3,软钢,normal_real,,,,,,,
diagnostic_candidate,True,0030107313-000020,0030107313-000020,0030107313-000020,BR_00000018,BR_00000008,numeric-chain-000075,3,9,72,1490,0.65,830,850,DC56D+Z,IF钢,SPHETI-3,软钢,normal_real,,,,,,,
diagnostic_candidate,True,0030118006-000070,0030118006-000070,0030118006-000070,BR_00000030,BR_00000008,numeric-chain-000075,3,10,216,1480,0.8,700,840,DC51D+Z,普碳,SPHC,软钢,normal_real,,,,,,,
diagnostic_candidate,True,0030124871-000110,0030124871-000110,0030124871-000110,BR_00000036,BR_00000008,numeric-chain-000075,3,11,140,1460,0.6,730,750,DX51D+Z,普碳,SPHC,软钢,normal_real,,,,,,,
diagnostic_candidate,True,0030102066-000020,0030102066-000020,0030102066-000020,BR_00000008,BR_00000008,numeric-chain-000075,3,12,72,1440,0.6,700,840,DX51D+Z,普碳,SPHC,软钢,actual_transition,,,,,,,
diagnostic_candidate,True,0002001767-000090,0002001767-000090,0002001767-000090,BR_00000018,BR_00000008,numeric-chain-000075,3,13,26,1425,0.65,770,810,DC51D+Z,普碳,SPHC,软钢,normal_real,,,,,,,
diagnostic_candidate,True,0002001617-000220,0002001617-000220,0002001617-000220,BR_00000012,BR_00000008,numeric-chain-000075,3,14,154,1420,0.6,770,810,DC51D+Z,普碳,SPHC,软钢,normal_real,,,,,,,
diagnostic_candidate,True,0030119985-000020,0030119985-000020,0030119985-000020,BR_00000030,BR_00000008,numeric-chain-000075,3,15,24,1400,0.8,700,840,DC51D+Z,普碳,SPHC,软钢,actual_transition,,,,,,,
diagnostic_candidate,True,0005000501-000020,0005000501-000020,0005000501-000020,BR_00000024,BR_00000008,numeric-chain-000075,3,16,21,1385,1,720,760,CR420LA,低合金高强,H420LAD-3,硬钢,normal_real,,,,,,,
diagnostic_candidate,True,0005000464-000020,0005000464-000020,0005000464-000020,BR_00000012,BR_00000008,numeric-chain-000075,3,17,21,1385,1,720,760,CR420LA,低合金高强,H420LAD-3,硬钢,normal_real,,,,,,,
diagnostic_candidate,True,0005000547-000020,0005000547-000020,0005000547-000020,BR_00000030,BR_00000008,numeric-chain-000075,3,18,42,1385,1,720,760,CR420LA,低合金高强,H420LAD-3,硬钢,normal_real,,,,,,,
diagnostic_candidate,True,0005000489-000040,0005000489-000040,0005000489-000040,BR_00000018,BR_00000008,numeric-chain-000075,3,19,23,1350,0.8,715,735,CR270LA,低合金高强,H260LAD-3,硬钢,normal_real,,,,,,,
diagnostic_candidate,True,0005000499-000010,0005000499-000010,0005000499-000010,BR_00000019,BR_00000008,numeric-chain-000075,3,20,7,1344,1,720,760,CR460LA,低合金高强,H420LAD-3,硬钢,normal_real,,,,,,,
diagnostic_candidate,True,0030117111-000010,0030117111-000010,0030117111-000010,BR_00000030,BR_00000008,numeric-chain-000075,3,21,66,1320,0.8,715,735,CR270LA,低合金高强,H260LAD-3,硬钢,normal_real,,,,,,,
diagnostic_candidate,True,0030122760-000010,0030122760-000010,0030122760-000010,BR_00000036,BR_00000008,numeric-chain-000075,3,22,110,1320,0.8,715,735,CR270LA,低合金高强,H260LAD-3,硬钢,normal_real,,,,,,,
diagnostic_candidate,True,0030103224-000020,0030103224-000020,0030103224-000020,BR_00000012,BR_00000008,numeric-chain-000075,3,23,144,1290,0.8,700,840,DC51D+Z,普碳,SPHC,软钢,actual_transition,,,,,,,
diagnostic_candidate,True,0030124731-000010,0030124731-000010,0030124731-000010,BR_00000036,BR_00000008,numeric-chain-000075,3,24,48,1290,0.9,830,850,DC54D+Z,IF钢,SPHETI-5,软钢,normal_real,,,,,,,
diagnostic_candidate,True,0005000486-000650,0005000486-000650,0005000486-000650,BR_00000018,BR_00000008,numeric-chain-000075,3,25,147,1285,0.9,830,850,CR4,IF钢,SPHETI-36,软钢,normal_real,,,,,,,
diagnostic_candidate,True,0030115673-000160,0030115673-000160,0030115673-000160,BR_00000025,BR_00000008,numeric-chain-000075,3,26,48,1285,1,830,850,DC56D+Z,IF钢,SPHETI-3,软钢,normal_real,,,,,,,
diagnostic_candidate,True,0030108855-000010,0030108855-000010,0030108855-000010,BR_00000018,BR_00000008,numeric-chain-000075,3,27,24,1265,1,820,840,DC53D+Z,IF钢,SPHETI-5,软钢,normal_real,,,,,,,
diagnostic_candidate,True,0030102088-000080,0030102088-000080,0030102088-000080,BR_00000009,BR_00000008,numeric-chain-000075,3,28,66,1260,0.8,830,850,CR3,IF钢,SPHETI-36,软钢,normal_real,,,,,,,
diagnostic_candidate,True,0002001867-000060,0002001867-000060,0002001867-000060,BR_00000024,BR_00000008,numeric-chain-000075,3,29,46,1260,0.6,830,850,DC53D+Z,IF钢,SPHETI-3,软钢,normal_real,,,,,,,
diagnostic_candidate,True,0030104290-000050,0030104290-000050,0030104290-000050,BR_00000012,BR_00000008,numeric-chain-000075,3,30,24,1250,0.6,700,840,DC51D+Z,普碳,SPHC,软钢,actual_transition,,,,,,,
diagnostic_candidate,True,0030108212-000010,0030108212-000010,0030108212-000010,BR_00000018,BR_00000008,numeric-chain-000113,4,1,24,1543,1.4,805,825,HC260YD+Z,加磷高强、烘烤硬化钢,H260Y,软钢,normal_real,,,,,,,
diagnostic_candidate,True,0030112459-000020,0030112459-000020,0030112459-000020,BR_00000024,BR_00000008,numeric-chain-000113,4,2,48,1525,1.38,810,830,HC180YD+Z,加磷高强、烘烤硬化钢,H180YD,软钢,normal_real,,,,,,,
diagnostic_candidate,True,0010018614-000070,0010018614-000070,0010018614-000070,BR_00000030,BR_00000008,numeric-chain-000113,4,3,24,1500,1.45,700,840,DC51D+Z,普碳,SPHC,软钢,actual_transition,,,,,,,
diagnostic_candidate,True,0030102517-000110,0030102517-000110,0030102517-000110,BR_00000009,BR_00000008,numeric-chain-000113,4,4,50,1500,1.6,700,720,DC51D+Z,普碳,SPHC,软钢,actual_transition,,,,,,,
diagnostic_candidate,True,0030100868-000060,0030100868-000060,0030100868-000060,BR_00000008,BR_00000008,numeric-chain-000113,4,5,24,1500,1.78,700,720,DC51D+Z,普碳,SPHC,软钢,actual_transition,,,,,,,
diagnostic_candidate,True,0030107311-000090,0030107311-000090,0030107311-000090,BR_00000018,BR_00000008,numeric-chain-000113,4,6,48,1500,1.95,700,720,DC51D+Z,普碳,SPHC,软钢,actual_transition,,,,,,,
diagnostic_candidate,True,0030107311-000350,0030107311-000350,0030107311-000350,BR_00000018,BR_00000008,numeric-chain-000113,4,7,24,1500,2,700,720,DC51D+Z,普碳,SPHC,软钢,actual_transition,,,,,,,
diagnostic_candidate,True,0030107311-000110,0030107311-000110,0030107311-000110,BR_00000018,BR_00000008,numeric-chain-000113,4,8,48,1500,2,700,720,DC51D+Z,普碳,SPHC,软钢,actual_transition,,,,,,,
diagnostic_candidate,True,0030107311-000270,0030107311-000270,0030107311-000270,BR_00000018,BR_00000008,numeric-chain-000113,4,9,48,1500,2,700,720,DC51D+Z,普碳,SPHC,软钢,actual_transition,,,,,,,
diagnostic_candidate,True,0030107311-000410,0030107311-000410,0030107311-000410,BR_00000018,BR_00000008,numeric-chain-000113,4,10,24,1500,2,700,720,DC51D+Z,普碳,SPHC,软钢,actual_transition,,,,,,,
diagnostic_candidate,True,0030112954-000070,0030112954-000070,0030112954-000070,BR_00000024,BR_00000008,numeric-chain-000113,4,11,24,1500,2,700,720,DC51D+Z,普碳,SPHC,软钢,actual_transition,,,,,,,
diagnostic_candidate,True,0010017424-000020,0010017424-000020,0010017424-000020,BR_00000024,BR_00000008,numeric-chain-000113,4,12,96,1500,2,700,720,DC51D+Z-D,普碳,SPHC,软钢,normal_real,,,,,,,
diagnostic_candidate,True,0030104603-000110,0030104603-000110,0030104603-000110,BR_00000012,BR_00000008,numeric-chain-000113,4,13,24,1500,2.49,700,720,DC51D+Z,普碳,SPHC,软钢,actual_transition,,,,,,,
diagnostic_candidate,True,0010018679-000130,0010018679-000130,0010018679-000130,BR_00000030,BR_00000008,numeric-chain-000113,4,14,96,1500,2.5,700,720,DC51D+Z,普碳,SPHC,软钢,actual_transition,,,,,,,
diagnostic_candidate,True,0030102943-000070,0030102943-000070,0030102943-000070,BR_00000012,BR_00000008,numeric-chain-000113,4,15,144,1500,2.5,700,720,DC51D+Z,普碳,SPHC,软钢,actual_transition,,,,,,,
diagnostic_candidate,True,0030101768-000150,0030101768-000150,0030101768-000150,BR_00000008,BR_00000008,numeric-chain-000113,4,16,96,1500,2.5,700,720,DC51D+Z,普碳,SPHC,软钢,actual_transition,,,,,,,
diagnostic_candidate,True,0030108873-000040,0030108873-000040,0030108873-000040,BR_00000018,BR_00000008,numeric-chain-000113,4,17,72,1500,2.5,700,720,DC51D+Z,普碳,SPHC,软钢,actual_transition,,,,,,,
diagnostic_candidate,True,0030108872-000080,0030108872-000080,0030108872-000080,BR_00000018,BR_00000008,numeric-chain-000113,4,18,24,1500,2.5,700,720,DC51D+Z,普碳,SPHC,软钢,actual_transition,,,,,,,
diagnostic_candidate,True,0030107311-000130,0030107311-000130,0030107311-000130,BR_00000018,BR_00000008,numeric-chain-000113,4,19,24,1500,2.5,700,720,DC51D+Z,普碳,SPHC,软钢,actual_transition,,,,,,,
diagnostic_candidate,True,0010017445-000080,0010017445-000080,0010017445-000080,BR_00000025,BR_00000008,numeric-chain-000113,4,20,96,1500,2.5,700,720,DC51D+Z,普碳,SPHC,软钢,actual_transition,,,,,,,
diagnostic_candidate,True,0030103545-000050,0030103545-000050,0030103545-000050,BR_00000012,BR_00000008,numeric-chain-000113,4,21,48,1420,2.5,700,840,DC51D+Z,普碳,SPHC,软钢,normal_real,,,,,,,
diagnostic_candidate,True,0030119916-000060,0030119916-000060,0030119916-000060,BR_00000030,BR_00000008,numeric-chain-000113,4,22,24,1400,2,820,840,DC53D+Z,IF钢,SPHETI-5,软钢,normal_real,,,,,,,
diagnostic_candidate,True,0005000463-000030,0005000463-000030,0005000463-000030,BR_00000012,BR_00000008,numeric-chain-000113,4,23,23,1398,1.8,830,850,CR3,IF钢,SPHETI-36,软钢,normal_real,,,,,,,
diagnostic_candidate,True,0030105416-000240,0030105416-000240,0030105416-000240,BR_00000012,BR_00000008,numeric-chain-000113,4,24,24,1380,1.5,830,850,DC54D+Z,IF钢,SPHETI-3,软钢,normal_real,,,,,,,
diagnostic_candidate,True,0005000562-000050,0005000562-000050,0005000562-000050,BR_00000036,BR_00000008,numeric-chain-000113,4,25,23,1370,1.5,830,850,CR3,IF钢,SPHETI-36,软钢,normal_real,,,,,,,
diagnostic_candidate,True,0005000486-000070,0005000486-000070,0005000486-000070,BR_00000018,BR_00000008,numeric-chain-000113,4,26,20,1349,1.6,820,860,CR3,IF钢,SPHETI-36,软钢,normal_real,,,,,,,
diagnostic_candidate,True,0005000547-000070,0005000547-000070,0005000547-000070,BR_00000030,BR_00000008,numeric-chain-000113,4,27,20,1349,1.6,830,850,CR3,IF钢,SPHETI-36,软钢,normal_real,,,,,,,
diagnostic_candidate,True,0005000486-000750,0005000486-000750,0005000486-000750,BR_00000018,BR_00000008,numeric-chain-000113,4,28,42,1345,1.5,830,850,CR180BH,加磷高强、烘烤硬化钢,H180BH,软钢,normal_real,,,,,,,
diagnostic_candidate,True,0005000464-000730,0005000464-000730,0005000464-000730,BR_00000012,BR_00000008,numeric-chain-000113,4,29,42,1345,1.5,830,850,CR180BH,加磷高强、烘烤硬化钢,H180BH,软钢,normal_real,,,,,,,
diagnostic_candidate,True,0005000501-000750,0005000501-000750,0005000501-000750,BR_00000024,BR_00000008,numeric-chain-000113,4,30,63,1345,1.5,830,850,CR180BH,加磷高强、烘烤硬化钢,H180BH,软钢,normal_real,,,,,,,
diagnostic_candidate,True,0030113335-000030,0030113335-000030,0030113335-000030,BR_00000024,BR_00000008,numeric-chain-000113,4,31,15,1295,1.4,830,850,DC56D+Z,IF钢,SPHETI-3,软钢,normal_real,,,,,,,
diagnostic_candidate,True,0030110602-000010,0030110602-000010,0030110602-000010,BR_00000018,BR_00000008,numeric-chain-000113,4,32,72,1293,1.2,830,850,DC54D+Z,IF钢,SPHETI-5,软钢,normal_real,,,,,,,
diagnostic_candidate,True,0030120940-000060,0030120940-000060,0030120940-000060,BR_00000032,BR_00000008,numeric-chain-000113,4,33,24,1285,1,830,850,DC56D+Z,IF钢,SPHETI-3,软钢,normal_real,,,,,,,
diagnostic_candidate,True,0030117110-000080,0030117110-000080,0030117110-000080,BR_00000030,BR_00000008,numeric-chain-000113,4,34,44,1260,0.8,830,850,CR3,IF钢,SPHETI-36,软钢,normal_real,,,,,,,
diagnostic_candidate,True,0030106799-000010,0030106799-000010,0030106799-000010,BR_00000013,BR_00000008,numeric-chain-000113,4,35,72,1260,0.7,830,850,DC56D+Z,IF钢,SPHETI-3,软钢,normal_real,,,,,,,
diagnostic_candidate,True,0002002195-000180,0002002195-000180,0002002195-000180,BR_00000036,BR_00000008,numeric-chain-000113,4,36,25,1258,0.8,830,850,DC53D+Z,IF钢,SPHETI-3,软钢,normal_real,,,,,,,
diagnostic_candidate,True,0010018206-000040,0010018206-000040,0010018206-000040,BR_00000030,BR_00000008,numeric-chain-000113,4,37,96,1250,0.6,700,840,DC51D+Z,普碳,SPHC,软钢,actual_transition,,,,,,,
diagnostic_candidate,True,0030104290-000060,0030104290-000060,0030104290-000060,BR_00000012,BR_00000008,numeric-chain-000113,4,38,24,1250,0.75,700,840,DC51D+Z,普碳,SPHC,软钢,actual_transition,,,,,,,
diagnostic_candidate,True,0002002035-000110,0002002035-000110,0002002035-000110,BR_00000030,BR_00000008,numeric-chain-000113,4,39,48,1245,0.65,770,810,DC51D+Z,普碳,SPHC,软钢,normal_real,,,,,,,
diagnostic_candidate,True,0030118093-000060,0030118093-000060,0030118093-000060,BR_00000030,BR_00000008,numeric-chain-000126,5,1,44,1048,0.8,820,840,DC53D+Z,IF钢,SPHETI-5,软钢,normal_real,,,,,,,
diagnostic_candidate,True,0030114676-000020,0030114676-000020,0030114676-000020,BR_00000024,BR_00000008,numeric-chain-000126,5,2,88,1040,0.7,820,840,DC53D+Z,IF钢,SPHETI-5,软钢,normal_real,,,,,,,
diagnostic_candidate,True,0002002180-000350,0002002180-000350,0002002180-000350,BR_00000036,BR_00000008,numeric-chain-000126,5,3,20,1025,0.6,810,830,180YD+Z,加磷高强、烘烤硬化钢,H180YD,软钢,normal_real,,,,,,,
diagnostic_candidate,True,0002001750-000190,0002001750-000190,0002001750-000190,BR_00000018,BR_00000008,numeric-chain-000126,5,4,24,1025,0.6,810,830,180YD+Z,加磷高强、烘烤硬化钢,H180YD,软钢,normal_real,,,,,,,
diagnostic_candidate,True,0002002006-000230,0002002006-000230,0002002006-000230,BR_00000030,BR_00000008,numeric-chain-000126,5,5,84,1020,0.6,810,830,180YD+Z,加磷高强、烘烤硬化钢,H180YD,软钢,normal_real,,,,,,,
diagnostic_candidate,True,0002001750-000640,0002001750-000640,0002001750-000640,BR_00000018,BR_00000008,numeric-chain-000126,5,6,20,1020,0.6,810,830,180YD+Z,加磷高强、烘烤硬化钢,H180YD,软钢,normal_real,,,,,,,
diagnostic_candidate,True,0002001895-000050,0002001895-000050,0002001895-000050,BR_00000024,BR_00000008,numeric-chain-000126,5,7,22,1020,0.6,815,835,DX51D+Z-MD,普碳,SPHC,软钢,normal_real,,,,,,,
diagnostic_candidate,True,0002002054-000300,0002002054-000300,0002002054-000300,BR_00000030,BR_00000008,numeric-chain-000126,5,8,112,1020,0.6,815,835,DX51D+Z-MD,普碳,SPHC,软钢,normal_real,,,,,,,
diagnostic_candidate,True,0002002009-000250,0002002009-000250,0002002009-000250,BR_00000030,BR_00000008,numeric-chain-000126,5,9,23,1014,0.65,810,830,180YD+Z,加磷高强、烘烤硬化钢,H180YD,软钢,normal_real,,,,,,,
diagnostic_candidate,True,0030123256-000010,0030123256-000010,0030123256-000010,BR_00000036,BR_00000008,numeric-chain-000126,5,10,100,1010,0.65,820,840,HC180BD+Z,加磷高强、烘烤硬化钢,H180BH1,软钢,normal_real,,,,,,,
diagnostic_candidate,True,0030118799-000010,0030118799-000010,0030118799-000010,BR_00000030,BR_00000008,numeric-chain-000126,5,11,76,1010,0.65,820,840,HC180BD+Z,加磷高强、烘烤硬化钢,H180BH1,软钢,normal_real,,,,,,,
diagnostic_candidate,True,0030109100-000020,0030109100-000020,0030109100-000020,BR_00000018,BR_00000008,numeric-chain-000126,5,12,160,1010,0.8,810,830,HC180YD+Z,加磷高强、烘烤硬化钢,H180YD,软钢,normal_real,,,,,,,
diagnostic_candidate,True,0030114487-000020,0030114487-000020,0030114487-000020,BR_00000024,BR_00000008,numeric-chain-000126,5,13,160,1010,0.8,810,830,HC180YD+Z,加磷高强、烘烤硬化钢,H180YD,软钢,normal_real,,,,,,,
diagnostic_candidate,True,0002001898-000020,0002001898-000020,0002001898-000020,BR_00000024,BR_00000008,numeric-chain-000126,5,14,22,1005,0.8,815,835,DX51D+Z-MD,普碳,SPHC,软钢,normal_real,,,,,,,
diagnostic_candidate,True,0030120875-000010,0030120875-000010,0030120875-000010,BR_00000032,BR_00000008,numeric-chain-000126,5,15,48,1000,0.8,700,840,DC51D+Z,普碳,SPHC,软钢,actual_transition,,,,,,,
diagnostic_candidate,True,0030101956-000010,0030101956-000010,0030101956-000010,BR_00000008,BR_00000008,numeric-chain-000126,5,16,44,1000,0.8,820,840,DC53D+Z,IF钢,SPHETI-5,软钢,normal_real,,,,,,,
diagnostic_candidate,True,0030119047-000010,0030119047-000010,0030119047-000010,BR_00000030,BR_00000008,numeric-chain-000126,5,17,22,1000,1,830,850,DC54D+Z,IF钢,SPHETI-5,软钢,normal_real,,,,,,,
diagnostic_candidate,True,0030104604-000030,0030104604-000030,0030104604-000030,BR_00000012,BR_00000008,numeric-chain-000126,5,18,88,1000,1.2,700,840,DC51D+Z,普碳,SPHC,软钢,actual_transition,,,,,,,
diagnostic_candidate,True,0005000464-000610,0005000464-000610,0005000464-000610,BR_00000012,BR_00000008,numeric-chain-000126,5,19,36,995,1.3,730,770,CR420LA,低合金高强,H420LAD-3,硬钢,normal_real,,,,,,,
diagnostic_candidate,True,0005000547-000690,0005000547-000690,0005000547-000690,BR_00000030,BR_00000008,numeric-chain-000126,5,20,108,995,1.3,730,770,CR420LA,低合金高强,H420LAD-3,硬钢,normal_real,,,,,,,
diagnostic_candidate,True,0005000464-000110,0005000464-000110,0005000464-000110,BR_00000012,BR_00000008,numeric-chain-000126,5,21,18,975,1.2,730,770,CR420LA,低合金高强,H420LAD-3,硬钢,normal_real,,,,,,,
diagnostic_candidate,True,0005000501-000290,0005000501-000290,0005000501-000290,BR_00000024,BR_00000008,numeric-chain-000126,5,22,54,940,1.4,730,770,CR420LA,低合金高强,H420LAD-3,硬钢,normal_real,,,,,,,
diagnostic_candidate,True,0005000547-000340,0005000547-000340,0005000547-000340,BR_00000030,BR_00000008,numeric-chain-000126,5,23,72,940,1.4,730,770,CR420LA,低合金高强,H420LAD-3,硬钢,normal_real,,,,,,,
diagnostic_candidate,True,0005000464-000220,0005000464-000220,0005000464-000220,BR_00000012,BR_00000008,numeric-chain-000126,5,24,16,900,1.5,740,780,CR420LA,低合金高强,H420LAD-3,硬钢,normal_real,,,,,,,
diagnostic_candidate,True,0005000501-000010,0005000501-000010,0005000501-000010,BR_00000024,BR_00000008,numeric-chain-000126,5,25,90,897,1.8,740,780,CR420LA,低合金高强,H420LAD-3,硬钢,normal_real,,,,,,,
diagnostic_candidate,True,0005000563-000010,0005000563-000010,0005000563-000010,BR_00000036,BR_00000008,numeric-chain-000126,5,26,72,897,1.8,740,780,CR420LA,低合金高强,H420LAD-3,硬钢,normal_real,,,,,,,
diagnostic_candidate,True,0005000514-000110,0005000514-000110,0005000514-000110,BR_00000024,BR_00000008,numeric-chain-000127,6,1,23,1496,2.2,735,755,CR240LA,低合金高强,H260LAD-3,硬钢,normal_real,,,,,,,
diagnostic_candidate,True,0030114668-000040,0030114668-000040,0030114668-000040,BR_00000024,BR_00000008,numeric-chain-000127,6,2,23,1397,2,740,780,CR420LA,低合金高强,H420LAD-3,硬钢,normal_real,,,,,,,
diagnostic_candidate,True,0005000555-000050,0005000555-000050,0005000555-000050,BR_00000030,BR_00000008,numeric-chain-000127,6,3,23,1366,2.5,760,780,CR340LA,低合金高强,H340LA-3,硬钢,normal_real,,,,,,,
diagnostic_candidate,True,0005000548-000020,0005000548-000020,0005000548-000020,BR_00000030,BR_00000008,numeric-chain-000127,6,4,7,1361,2,755,775,CR240LA,低合金高强,H260LAD-3,硬钢,normal_real,,,,,,,
diagnostic_candidate,True,0005000463-000070,0005000463-000070,0005000463-000070,BR_00000012,BR_00000008,numeric-chain-000127,6,5,23,1339,2.5,760,780,CR340LA,低合金高强,H340LA-3,硬钢,normal_real,,,,,,,
diagnostic_candidate,True,0005000563-000100,0005000563-000100,0005000563-000100,BR_00000036,BR_00000008,numeric-chain-000127,6,6,21,1325,2,755,775,CR240LA,低合金高强,H260LAD-3,硬钢,normal_real,,,,,,,
diagnostic_candidate,True,0030107881-000010,0030107881-000010,0030107881-000010,BR_00000018,BR_00000008,numeric-chain-000127,6,7,23,1307,1.5,700,840,DC51D+Z,普碳,SPHC,软钢,actual_transition,,,,,,,
diagnostic_candidate,True,0002001780-000150,0002001780-000150,0002001780-000150,BR_00000024,BR_00000008,numeric-chain-000127,6,8,23,1300,1.2,770,810,DC51D+Z,普碳,SPHC,软钢,normal_real,,,,,,,
diagnostic_candidate,True,0002001906-000160,0002001906-000160,0002001906-000160,BR_00000025,BR_00000008,numeric-chain-000127,6,9,16,1295,1.4,770,810,DC51D+Z,普碳,SPHC,软钢,normal_real,,,,,,,
diagnostic_candidate,True,0002001854-000260,0002001854-000260,0002001854-000260,BR_00000024,BR_00000008,numeric-chain-000127,6,10,46,1295,1.4,770,810,DC51D+Z,普碳,SPHC,软钢,normal_real,,,,,,,
diagnostic_candidate,True,0002002024-000190,0002002024-000190,0002002024-000190,BR_00000030,BR_00000008,numeric-chain-000127,6,11,23,1285,1.6,770,810,DC51D+Z,普碳,SPHC,软钢,normal_real,,,,,,,
diagnostic_candidate,True,0002002024-000200,0002002024-000200,0002002024-000200,BR_00000030,BR_00000008,numeric-chain-000127,6,12,23,1283,2,770,810,DC51D+Z,普碳,SPHC,软钢,normal_real,,,,,,,
diagnostic_candidate,True,0002001873-000070,0002001873-000070,0002001873-000070,BR_00000024,BR_00000008,numeric-chain-000127,6,13,23,1283,2,770,810,DC51D+Z,普碳,SPHC,软钢,normal_real,,,,,,,
diagnostic_candidate,True,0002002170-000040,0002002170-000040,0002002170-000040,BR_00000036,BR_00000008,numeric-chain-000127,6,14,23,1251,1.8,770,810,DC51D+Z,普碳,SPHC,软钢,normal_real,,,,,,,
diagnostic_candidate,True,0002001860-000510,0002001860-000510,0002001860-000510,BR_00000024,BR_00000008,numeric-chain-000127,6,15,24,1251,1.8,770,810,DC51D+Z,普碳,SPHC,软钢,normal_real,,,,,,,
diagnostic_candidate,True,0030102732-000240,0030102732-000240,0030102732-000240,BR_00000009,BR_00000008,numeric-chain-000127,6,16,48,1250,1.5,700,840,DC51D+Z,普碳,SPHC,软钢,actual_transition,,,,,,,
diagnostic_candidate,True,0030102517-000120,0030102517-000120,0030102517-000120,BR_00000009,BR_00000008,numeric-chain-000127,6,17,75,1250,1.8,700,720,DC51D+Z,普碳,SPHC,软钢,actual_transition,,,,,,,
diagnostic_candidate,True,0030105930-000030,0030105930-000030,0030105930-000030,BR_00000012,BR_00000008,numeric-chain-000127,6,18,144,1250,2,700,720,DX51D+Z3,深冲钢（PD）,DD12BB,软钢,normal_real,,,,,,,
diagnostic_candidate,True,0030103526-000160,0030103526-000160,0030103526-000160,BR_00000012,BR_00000008,numeric-chain-000127,6,19,48,1250,2,700,720,DC51D+Z,普碳,SPHC,软钢,actual_transition,,,,,,,
diagnostic_candidate,True,0030112954-000040,0030112954-000040,0030112954-000040,BR_00000024,BR_00000008,numeric-chain-000127,6,20,24,1250,2.5,700,720,DC51D+Z,普碳,SPHC,软钢,actual_transition,,,,,,,
diagnostic_candidate,True,0030120875-000020,0030120875-000020,0030120875-000020,BR_00000032,BR_00000008,numeric-chain-000127,6,21,48,1250,2.5,700,720,DC51D+Z,普碳,SPHC,软钢,actual_transition,,,,,,,
diagnostic_candidate,True,0030122899-000050,0030122899-000050,0030122899-000050,BR_00000036,BR_00000008,numeric-chain-000127,6,22,240,1250,2.5,700,720,DC51D+Z,普碳,SPHC,软钢,actual_transition,,,,,,,
diagnostic_candidate,True,0010017445-000050,0010017445-000050,0010017445-000050,BR_00000025,BR_00000008,numeric-chain-000127,6,23,216,1250,2.5,700,720,DC51D+Z,普碳,SPHC,软钢,actual_transition,,,,,,,
diagnostic_candidate,True,0030101768-000140,0030101768-000140,0030101768-000140,BR_00000008,BR_00000008,numeric-chain-000127,6,24,96,1250,2.5,700,720,DC51D+Z,普碳,SPHC,软钢,actual_transition,,,,,,,
diagnostic_candidate,True,0030107311-000120,0030107311-000120,0030107311-000120,BR_00000018,BR_00000008,numeric-chain-000127,6,25,48,1250,2.5,700,720,DC51D+Z,普碳,SPHC,软钢,actual_transition,,,,,,,
diagnostic_candidate,True,0030102943-000050,0030102943-000050,0030102943-000050,BR_00000012,BR_00000008,numeric-chain-000127,6,26,72,1250,2.5,700,840,DC51D+Z,普碳,SPHC,软钢,actual_transition,,,,,,,
diagnostic_candidate,True,0030119862-000110,0030119862-000110,0030119862-000110,BR_00000030,BR_00000008,numeric-chain-000127,6,27,24,1243,2,770,810,DC51D+Z,深冲钢（PD）,SPHCQ,软钢,normal_real,,,,,,,
diagnostic_candidate,True,0030106199-000050,0030106199-000050,0030106199-000050,BR_00000012,BR_00000008,numeric-chain-000127,6,28,24,1243,2,770,810,DC51D+Z,深冲钢（PD）,SPHCQ,软钢,normal_real,,,,,,,
diagnostic_candidate,True,0030114755-000050,0030114755-000050,0030114755-000050,BR_00000024,BR_00000008,numeric-chain-000127,6,29,24,1240,1.5,700,840,DC51D+Z,普碳,SPHC,软钢,normal_real,,,,,,,
diagnostic_candidate,True,0002002053-000010,0002002053-000010,0002002053-000010,BR_00000030,BR_00000008,numeric-chain-000127,6,30,21,1219,1.5,815,835,DX51D+Z-MD,普碳,SPHC,软钢,normal_real,,,,,,,
diagnostic_candidate,True,0005000548-000050,0005000548-000050,0005000548-000050,BR_00000030,BR_00000008,numeric-chain-000127,6,31,7,1214,1.5,820,840,CR240BH,加磷高强、烘烤硬化钢,H240BH,软钢,normal_real,,,,,,,
diagnostic_candidate,True,0002002074-000010,0002002074-000010,0002002074-000010,BR_00000036,BR_00000008,numeric-chain-000127,6,32,150,1200,2,820,840,DX53D+Z-MD,IF钢,SPHETI-5,软钢,normal_real,,,,,,,
diagnostic_candidate,True,0030119938-000310,0030119938-000310,0030119938-000310,BR_00000030,BR_00000008,numeric-chain-000127,6,33,96,1200,2.49,820,840,DC53D+Z,IF钢,SPHETI-5,软钢,normal_real,,,,,,,
diagnostic_candidate,True,0030122647-000550,0030122647-000550,0030122647-000550,BR_00000036,BR_00000008,numeric-chain-000127,6,34,72,1200,2.49,820,840,DC53D+Z,IF钢,SPHETI-5,软钢,normal_real,,,,,,,
diagnostic_candidate,True,0005000546-000050,0005000546-000050,0005000546-000050,BR_00000030,BR_00000008,numeric-chain-000127,6,35,7,1196,2,830,850,CR180BH,加磷高强、烘烤硬化钢,H180BH,软钢,normal_real,,,,,,,
diagnostic_candidate,True,0005000509-000020,0005000509-000020,0005000509-000020,BR_00000024,BR_00000008,numeric-chain-000127,6,36,7,1196,2,830,850,CR180BH,加磷高强、烘烤硬化钢,H180BH,软钢,normal_real,,,,,,,
diagnostic_candidate,True,0005000483-000060,0005000483-000060,0005000483-000060,BR_00000014,BR_00000008,numeric-chain-000127,6,37,14,1188,2.1,830,850,CR180BH,加磷高强、烘烤硬化钢,H180BH,软钢,normal_real,,,,,,,
diagnostic_candidate,True,0030110551-000040,0030110551-000040,0030110551-000040,BR_00000018,BR_00000008,numeric-chain-000127,6,38,20,1185,1.8,820,860,CR3,IF钢,SPHETI-36,软钢,normal_real,,,,,,,
diagnostic_candidate,True,0030118981-000050,0030118981-000050,0030118981-000050,BR_00000030,BR_00000008,numeric-chain-000127,6,39,20,1185,1.8,820,860,CR3,IF钢,SPHETI-36,软钢,normal_real,,,,,,,
diagnostic_candidate,True,0030105923-000080,0030105923-000080,0030105923-000080,BR_00000012,BR_00000008,numeric-chain-000127,6,40,20,1185,1.8,820,860,CR3,IF钢,SPHETI-36,软钢,normal_real,,,,,,,
diagnostic_candidate,True,0030114755-000060,0030114755-000060,0030114755-000060,BR_00000024,BR_00000008,numeric-chain-000127,6,41,24,1170,1.5,820,840,DC53D+Z,IF钢,SPHETI-5,软钢,normal_real,,,,,,,
diagnostic_candidate,True,0030105931-000110,0030105931-000110,0030105931-000110,BR_00000012,BR_00000008,numeric-chain-000127,6,42,24,1170,1.5,820,840,DC53D+Z,IF钢,SPHETI-5,软钢,normal_real,,,,,,,
diagnostic_candidate,True,0030120757-000050,0030120757-000050,0030120757-000050,BR_00000031,BR_00000008,numeric-chain-000127,6,43,24,1164,2,830,850,DC54D+Z,IF钢,SPHETI-5,软钢,normal_real,,,,,,,
diagnostic_candidate,True,0030123141-000010,0030123141-000010,0030123141-000010,BR_00000036,BR_00000009,numeric-chain-000017,1,1,50,1275,0.6,830,850,SCG4+Z,IF钢,SPHETI-3,软钢,normal_real,,,,,,,
diagnostic_candidate,True,0030106720-000120,0030106720-000120,0030106720-000120,BR_00000018,BR_00000009,numeric-chain-000017,1,2,24,1250,0.5,700,840,DC51D+Z,普碳,SPHC,软钢,actual_transition,,,,,,,
diagnostic_candidate,True,0002002054-000350,0002002054-000350,0002002054-000350,BR_00000030,BR_00000009,numeric-chain-000017,1,3,192,1250,0.5,815,835,DX51D+Z-MD,普碳,SPHC,软钢,normal_real,,,,,,,
diagnostic_candidate,True,0002002054-000080,0002002054-000080,0002002054-000080,BR_00000030,BR_00000009,numeric-chain-000017,1,4,52,1250,0.5,815,835,DX51D+Z-MD,普碳,SPHC,软钢,normal_real,,,,,,,
diagnostic_candidate,True,0002002055-000010,0002002055-000010,0002002055-000010,BR_00000030,BR_00000009,numeric-chain-000017,1,5,116,1250,0.5,815,835,DX51D+Z-MD,普碳,SPHC,软钢,normal_real,,,,,,,
diagnostic_candidate,True,0030108542-000040,0030108542-000040,0030108542-000040,BR_00000018,BR_00000009,numeric-chain-000017,1,6,48,1250,0.5,820,840,DX53D+Z-LG,IF钢,SPHETI-5,软钢,normal_real,,,,,,,
diagnostic_candidate,True,0030107311-000010,0030107311-000010,0030107311-000010,BR_00000018,BR_00000009,numeric-chain-000017,1,7,24,1250,0.6,700,840,DC51D+Z,普碳,SPHC,软钢,actual_transition,,,,,,,
diagnostic_candidate,True,0002001867-000050,0002001867-000050,0002001867-000050,BR_00000024,BR_00000009,numeric-chain-000017,1,8,46,1250,0.6,770,790,220YD+Z,加磷高强、烘烤硬化钢,H220Y,软钢,normal_real,,,,,,,
diagnostic_candidate,True,0030102517-000020,0030102517-000020,0030102517-000020,BR_00000009,BR_00000009,numeric-chain-000017,1,9,75,1250,0.7,700,840,DC51D+Z,普碳,SPHC,软钢,actual_transition,,,,,,,
diagnostic_candidate,True,0002002055-000060,0002002055-000060,0002002055-000060,BR_00000030,BR_00000009,numeric-chain-000017,1,10,22,1250,0.8,815,835,DX51D+Z-MD,普碳,SPHC,软钢,normal_real,,,,,,,
diagnostic_candidate,True,0030113466-000010,0030113466-000010,0030113466-000010,BR_00000024,BR_00000009,numeric-chain-000017,1,11,48,1240,0.6,700,840,DC51D+Z,普碳,SPHC,软钢,normal_real,,,,,,,
diagnostic_candidate,True,0030114754-000010,0030114754-000010,0030114754-000010,BR_00000024,BR_00000009,numeric-chain-000017,1,12,24,1240,0.6,700,840,DC51D+Z,普碳,SPHC,软钢,normal_real,,,,,,,
diagnostic_candidate,True,0002002054-000320,0002002054-000320,0002002054-000320,BR_00000030,BR_00000009,numeric-chain-000017,1,13,23,1235,0.5,820,840,DX53D+Z-CD,IF钢,SPHETI-5,软钢,normal_real,,,,,,,
diagnostic_candidate,True,0002001898-000030,0002001898-000030,0002001898-000030,BR_00000024,BR_00000009,numeric-chain-000017,1,14,72,1225,0.5,820,840,DX53D+Z-CD,IF钢,SPHETI-5,软钢,normal_real,,,,,,,
diagnostic_candidate,True,0002001757-000130,0002001757-000130,0002001757-000130,BR_00000018,BR_00000009,numeric-chain-000017,1,15,60,1225,0.5,820,840,DX53D+Z-CD,IF钢,SPHETI-5,软钢,normal_real,,,,,,,
diagnostic_candidate,True,0030125168-000040,0030125168-000040,0030125168-000040,BR_00000036,BR_00000009,numeric-chain-000017,1,16,48,1219,0.4,700,840,DC51D+Z,普碳,SPHC,软钢,normal_real,,,,,,,
diagnostic_candidate,True,0030106720-000050,0030106720-000050,0030106720-000050,BR_00000018,BR_00000009,numeric-chain-000017,1,17,24,1205,0.4,700,840,DC51D+Z,普碳,SPHC,软钢,actual_transition,,,,,,,
diagnostic_candidate,True,0030106987-000060,0030106987-000060,0030106987-000060,BR_00000018,BR_00000009,numeric-chain-000017,1,18,168,1200,0.45,700,840,DX51D+Z,普碳,SPHC,软钢,actual_transition,,,,,,,
diagnostic_candidate,True,0002001775-000020,0002001775-000020,0002001775-000020,BR_00000024,BR_00000009,numeric-chain-000017,1,19,330,1200,0.5,820,840,DX53D+Z-CD,IF钢,SPHETI-5,软钢,normal_real,,,,,,,
diagnostic_candidate,True,0030108256-000010,0030108256-000010,0030108256-000010,BR_00000018,BR_00000009,numeric-chain-000017,1,20,24,1195,0.5,830,850,DX54D+Z,IF钢,SPHETI-3,软钢,normal_real,,,,,,,
diagnostic_candidate,True,0005000547-000060,0005000547-000060,0005000547-000060,BR_00000030,BR_00000009,numeric-chain-000023,2,1,36,1585,1.2,680,700,CR270LA,低合金高强,H260LAD-3,硬钢,normal_real,,,,,,,
diagnostic_candidate,True,0005000501-000060,0005000501-000060,0005000501-000060,BR_00000024,BR_00000009,numeric-chain-000023,2,2,18,1585,1.2,680,700,CR270LA,低合金高强,H260LAD-3,硬钢,normal_real,,,,,,,
diagnostic_candidate,True,0030112686-000050,0030112686-000050,0030112686-000050,BR_00000024,BR_00000009,numeric-chain-000023,2,3,198,1412,1.2,680,700,CR270LA,低合金高强,H260LAD-3,硬钢,normal_real,,,,,,,
diagnostic_candidate,True,0030102084-000040,0030102084-000040,0030102084-000040,BR_00000009,BR_00000009,numeric-chain-000023,2,4,154,1412,1.2,680,700,CR270LA,低合金高强,H260LAD-3,硬钢,normal_real,,,,,,,
diagnostic_candidate,True,0030104328-000020,0030104328-000020,0030104328-000020,BR_00000012,BR_00000009,numeric-chain-000023,2,5,88,1412,1.2,680,700,CR270LA,低合金高强,H260LAD-3,硬钢,normal_real,,,,,,,
diagnostic_candidate,True,0030117110-000060,0030117110-000060,0030117110-000060,BR_00000030,BR_00000009,numeric-chain-000023,2,6,88,1412,1.2,680,700,CR270LA,低合金高强,H260LAD-3,硬钢,normal_real,,,,,,,
diagnostic_candidate,True,0005000514-000100,0005000514-000100,0005000514-000100,BR_00000024,BR_00000009,numeric-chain-000023,2,7,23,1113,1.4,670,690,CR270LA,低合金高强,H260LAD-3,硬钢,normal_real,,,,,,,
diagnostic_candidate,True,0005000464-000060,0005000464-000060,0005000464-000060,BR_00000012,BR_00000009,numeric-chain-000024,3,1,18,1585,1.2,680,700,CR270LA,低合金高强,H260LAD-3,硬钢,normal_real,,,,,,,
diagnostic_candidate,True,0030102088-000060,0030102088-000060,0030102088-000060,BR_00000009,BR_00000009,numeric-chain-000024,3,2,220,1412,1.2,680,700,CR270LA,低合金高强,H260LAD-3,硬钢,normal_real,,,,,,,
diagnostic_candidate,True,0030107381-000070,0030107381-000070,0030107381-000070,BR_00000018,BR_00000009,numeric-chain-000024,3,3,88,1412,1.2,680,700,CR270LA,低合金高强,H260LAD-3,硬钢,normal_real,,,,,,,
diagnostic_candidate,True,0005000464-000560,0005000464-000560,0005000464-000560,BR_00000012,BR_00000009,numeric-chain-000024,3,4,20,1050,1,685,705,CR270LA,低合金高强,H260LAD-3,硬钢,normal_real,,,,,,,
diagnostic_candidate,True,0005000547-000640,0005000547-000640,0005000547-000640,BR_00000030,BR_00000009,numeric-chain-000024,3,5,20,1050,1,685,705,CR270LA,低合金高强,H260LAD-3,硬钢,normal_real,,,,,,,
diagnostic_candidate,True,0005000501-000580,0005000501-000580,0005000501-000580,BR_00000024,BR_00000009,numeric-chain-000024,3,6,20,1050,1,685,705,CR270LA,低合金高强,H260LAD-3,硬钢,normal_real,,,,,,,
diagnostic_candidate,True,0005000571-000010,0005000571-000010,0005000571-000010,BR_00000036,BR_00000009,numeric-chain-000024,3,7,7,870,1,685,705,CR270LA,低合金高强,H260LAD-3,硬钢,normal_real,,,,,,,
diagnostic_candidate,True,0030107311-000150,0030107311-000150,0030107311-000150,BR_00000018,BR_00000009,numeric-chain-000028,4,1,72,1500,0.5,700,840,DC51D+Z,普碳,SPHC,软钢,actual_transition,,,,,,,
diagnostic_candidate,True,0030107089-000010,0030107089-000010,0030107089-000010,BR_00000018,BR_00000009,numeric-chain-000028,4,2,96,1500,0.5,700,840,DC51D+Z,普碳,SPHC,软钢,actual_transition,,,,,,,
diagnostic_candidate,True,0030123143-000030,0030123143-000030,0030123143-000030,BR_00000036,BR_00000009,numeric-chain-000028,4,3,175,1315,0.6,830,850,SCG4+Z,IF钢,SPHETI-3,软钢,normal_real,,,,,,,
diagnostic_candidate,True,0030103920-000030,0030103920-000030,0030103920-000030,BR_00000012,BR_00000009,numeric-chain-000028,4,4,100,1315,0.6,830,850,SCG4+Z,IF钢,SPHETI-3,软钢,normal_real,,,,,,,
diagnostic_candidate,True,0002001750-000140,0002001750-000140,0002001750-000140,BR_00000018,BR_00000009,numeric-chain-000028,4,5,64,1315,0.6,830,850,DC53D+Z,IF钢,SPHETI-3,软钢,normal_real,,,,,,,
diagnostic_candidate,True,0030102088-000020,0030102088-000020,0030102088-000020,BR_00000009,BR_00000009,numeric-chain-000028,4,6,88,1312,0.75,830,850,CR3,IF钢,SPHETI-36,软钢,normal_real,,,,,,,
diagnostic_candidate,True,0030122759-000020,0030122759-000020,0030122759-000020,BR_00000036,BR_00000009,numeric-chain-000028,4,7,22,1312,0.75,830,850,CR3,IF钢,SPHETI-36,软钢,normal_real,,,,,,,
diagnostic_candidate,True,0030112686-000010,0030112686-000010,0030112686-000010,BR_00000024,BR_00000009,numeric-chain-000028,4,8,44,1312,0.75,830,850,CR3,IF钢,SPHETI-36,软钢,normal_real,,,,,,,
diagnostic_candidate,True,0002001733-000010,0002001733-000010,0002001733-000010,BR_00000018,BR_00000009,numeric-chain-000036,5,1,31,1583,0.65,770,810,DC51D+Z,普碳,SPHC,软钢,normal_real,,,,,,,
diagnostic_candidate,True,0002001845-000010,0002001845-000010,0002001845-000010,BR_00000024,BR_00000009,numeric-chain-000036,5,2,92,1583,0.65,770,810,DC51D+Z,普碳,SPHC,软钢,normal_real,,,,,,,
diagnostic_candidate,True,0002001995-000010,0002001995-000010,0002001995-000010,BR_00000030,BR_00000009,numeric-chain-000036,5,3,79,1583,0.65,770,810,DC51D+Z,IF钢,SPHETI-3,软钢,normal_real,,,,,,,
diagnostic_candidate,True,0002001874-000080,0002001874-000080,0002001874-000080,BR_00000024,BR_00000009,numeric-chain-000036,5,4,23,1545,0.65,770,810,DC51D+Z,普碳,SPHC,软钢,normal_real,,,,,,,
diagnostic_candidate,True,0002001628-000020,0002001628-000020,0002001628-000020,BR_00000012,BR_00000009,numeric-chain-000036,5,5,23,1545,0.65,770,810,DC51D+Z,普碳,SPHC,软钢,normal_real,,,,,,,
diagnostic_candidate,True,0002001750-000340,0002001750-000340,0002001750-000340,BR_00000018,BR_00000009,numeric-chain-000036,5,6,24,1510,0.6,770,810,DC51D+Z,普碳,SPHC,软钢,normal_real,,,,,,,
diagnostic_candidate,True,0030102732-000060,0030102732-000060,0030102732-000060,BR_00000009,BR_00000009,numeric-chain-000036,5,7,48,1500,0.5,700,840,DC51D+Z,普碳,SPHC,软钢,actual_transition,,,,,,,
diagnostic_candidate,True,0010018206-000080,0010018206-000080,0010018206-000080,BR_00000030,BR_00000009,numeric-chain-000036,5,8,96,1500,0.5,700,840,DC51D+Z,普碳,SPHC,软钢,actual_transition,,,,,,,
diagnostic_candidate,True,0030114756-000020,0030114756-000020,0030114756-000020,BR_00000024,BR_00000009,numeric-chain-000036,5,9,148,1480,0.5,820,840,DC53D+Z,IF钢,SPHETI-5,软钢,normal_real,,,,,,,
diagnostic_candidate,True,0002002020-000130,0002002020-000130,0002002020-000130,BR_00000030,BR_00000009,numeric-chain-000036,5,10,69,1455,0.6,830,850,DC53D+Z,IF钢,SPHETI-3,软钢,normal_real,,,,,,,
diagnostic_candidate,True,0002001633-000190,0002001633-000190,0002001633-000190,BR_00000012,BR_00000009,numeric-chain-000036,5,11,48,1450,0.65,830,850,DC54D+Z,IF钢,SPHETI-3,软钢,normal_real,,,,,,,
diagnostic_candidate,True,0005000486-000340,0005000486-000340,0005000486-000340,BR_00000018,BR_00000009,numeric-chain-000036,5,12,84,1448,0.8,830,850,CR3,IF钢,SPHETI-36,软钢,normal_real,,,,,,,
diagnostic_candidate,True,0030117284-000020,0030117284-000020,0030117284-000020,BR_00000030,BR_00000009,numeric-chain-000036,5,13,156,1440,0.7,830,850,SCG4+Z,IF钢,SPHETI-3,软钢,normal_real,,,,,,,
diagnostic_candidate,True,0002001780-000030,0002001780-000030,0002001780-000030,BR_00000024,BR_00000009,numeric-chain-000036,5,14,23,1440,0.65,830,850,DC53D+Z,IF钢,SPHETI-3,软钢,normal_real,,,,,,,
diagnostic_candidate,True,0002001768-000040,0002001768-000040,0002001768-000040,BR_00000018,BR_00000009,numeric-chain-000036,5,15,46,1434,0.7,830,850,DC53D+Z,IF钢,SPHETI-3,软钢,normal_real,,,,,,,
diagnostic_candidate,True,0002001603-000130,0002001603-000130,0002001603-000130,BR_00000012,BR_00000009,numeric-chain-000036,5,16,69,1434,0.7,830,850,DC53D+Z,IF钢,SPHETI-3,软钢,normal_real,,,,,,,
diagnostic_candidate,True,0030118991-000040,0030118991-000040,0030118991-000040,BR_00000030,BR_00000009,numeric-chain-000036,5,17,182,1430,0.65,830,850,SCG4+Z,IF钢,SPHETI-3,软钢,normal_real,,,,,,,
diagnostic_candidate,True,0030112575-000040,0030112575-000040,0030112575-000040,BR_00000024,BR_00000009,numeric-chain-000036,5,18,156,1430,0.65,830,850,SCG4+Z,IF钢,SPHETI-3,软钢,normal_real,,,,,,,
diagnostic_candidate,True,0030123143-000040,0030123143-000040,0030123143-000040,BR_00000036,BR_00000009,numeric-chain-000036,5,19,78,1430,0.65,830,850,SCG4+Z,IF钢,SPHETI-3,软钢,normal_real,,,,,,,
diagnostic_candidate,True,0030106242-000010,0030106242-000010,0030106242-000010,BR_00000012,BR_00000009,numeric-chain-000036,5,20,48,1395,0.6,820,840,DX53D+Z-LG,IF钢,SPHETI-5,软钢,normal_real,,,,,,,
diagnostic_candidate,True,0030112575-000020,0030112575-000020,0030112575-000020,BR_00000024,BR_00000009,numeric-chain-000036,5,21,208,1390,0.7,830,850,SCG4+Z,IF钢,SPHETI-3,软钢,normal_real,,,,,,,
diagnostic_candidate,True,0030119860-000010,0030119860-000010,0030119860-000010,BR_00000030,BR_00000009,numeric-chain-000040,6,1,72,1360,0.7,820,840,DC53D+Z,IF钢,SPHETI-5,软钢,normal_real,,,,,,,
diagnostic_candidate,True,0002002184-000040,0002002184-000040,0002002184-000040,BR_00000036,BR_00000009,numeric-chain-000040,6,2,92,1354,0.7,830,850,DC56D+Z,IF钢,SPHETI-3,软钢,normal_real,,,,,,,
diagnostic_candidate,True,0030123255-000010,0030123255-000010,0030123255-000010,BR_00000036,BR_00000009,numeric-chain-000040,6,3,92,1350,0.6,820,840,HC180BD+Z,加磷高强、烘烤硬化钢,H180BH1,软钢,normal_real,,,,,,,
diagnostic_candidate,True,0030114755-000010,0030114755-000010,0030114755-000010,BR_00000024,BR_00000009,numeric-chain-000040,6,4,72,1350,0.8,700,840,DC51D+Z,普碳,SPHC,软钢,normal_real,,,,,,,
diagnostic_candidate,True,0030125207-000070,0030125207-000070,0030125207-000070,BR_00000036,BR_00000009,numeric-chain-000040,6,5,24,1349,0.9,770,810,DC51D+Z,深冲钢（PD）,SPHCQ,软钢,normal_real,,,,,,,
diagnostic_candidate,True,0002002024-000060,0002002024-000060,0002002024-000060,BR_00000030,BR_00000009,numeric-chain-000040,6,6,23,1341,1,770,810,DC51D+Z,普碳,SPHC,软钢,normal_real,,,,,,,
diagnostic_candidate,True,0002001627-000030,0002001627-000030,0002001627-000030,BR_00000012,BR_00000009,numeric-chain-000040,6,7,23,1341,1,770,810,DC51D+Z,普碳,SPHC,软钢,normal_real,,,,,,,
diagnostic_candidate,True,0030108542-000100,0030108542-000100,0030108542-000100,BR_00000018,BR_00000009,numeric-chain-000040,6,8,48,1335,0.8,770,810,DX52D+Z-LG,深冲钢（PD）,SPHCQ,软钢,normal_real,,,,,,,
diagnostic_candidate,True,0002002185-000120,0002002185-000120,0002002185-000120,BR_00000036,BR_00000009,numeric-chain-000040,6,9,23,1333,0.8,770,810,DC51D+Z,IF钢,SPHETI-3,软钢,normal_real,,,,,,,
diagnostic_candidate,True,0002001874-000070,0002001874-000070,0002001874-000070,BR_00000024,BR_00000009,numeric-chain-000040,6,10,23,1333,0.8,770,810,DC51D+Z,普碳,SPHC,软钢,normal_real,,,,,,,
diagnostic_candidate,True,0030124800-000020,0030124800-000020,0030124800-000020,BR_00000036,BR_00000009,numeric-chain-000040,6,11,24,1332,1,770,810,DX52D+Z,深冲钢（PD）,SPHCQ,软钢,normal_real,,,,,,,
diagnostic_candidate,True,0002001906-000040,0002001906-000040,0002001906-000040,BR_00000025,BR_00000009,numeric-chain-000040,6,12,23,1330,1,770,810,DC51D+Z,普碳,SPHC,软钢,normal_real,,,,,,,
diagnostic_candidate,True,0002002024-000010,0002002024-000010,0002002024-000010,BR_00000030,BR_00000009,numeric-chain-000040,6,13,23,1323,1.2,770,810,DC51D+Z,普碳,SPHC,软钢,normal_real,,,,,,,
diagnostic_candidate,True,0002001854-000210,0002001854-000210,0002001854-000210,BR_00000024,BR_00000009,numeric-chain-000040,6,14,23,1300,1.2,770,810,DC51D+Z,普碳,SPHC,软钢,normal_real,,,,,,,
diagnostic_candidate,True,0030106995-000070,0030106995-000070,0030106995-000070,BR_00000013,BR_00000009,numeric-chain-000040,6,15,48,1300,1.2,795,815,HC220YD+Z,加磷高强、烘烤硬化钢,H220Y,软钢,normal_real,,,,,,,
diagnostic_candidate,True,0030105416-000070,0030105416-000070,0030105416-000070,BR_00000012,BR_00000009,numeric-chain-000040,6,16,24,1299,1.1,800,820,HC260YD+Z,加磷高强、烘烤硬化钢,H260Y,软钢,normal_real,,,,,,,
diagnostic_candidate,True,0030114354-000020,0030114354-000020,0030114354-000020,BR_00000024,BR_00000009,numeric-chain-000040,6,17,24,1292,1.2,810,830,HC180YD+Z,加磷高强、烘烤硬化钢,H180YD,软钢,normal_real,,,,,,,
diagnostic_candidate,True,0030114739-000020,0030114739-000020,0030114739-000020,BR_00000024,BR_00000009,numeric-chain-000040,6,18,24,1282,1.2,810,830,HC180YD+Z,加磷高强、烘烤硬化钢,H180YD,软钢,normal_real,,,,,,,
diagnostic_candidate,True,0030104503-000040,0030104503-000040,0030104503-000040,BR_00000012,BR_00000009,numeric-chain-000040,6,19,48,1280,1,800,820,HC260YD+Z,加磷高强、烘烤硬化钢,H260Y,软钢,normal_real,,,,,,,
diagnostic_candidate,True,0030115672-000040,0030115672-000040,0030115672-000040,BR_00000025,BR_00000009,numeric-chain-000040,6,20,24,1280,1,800,820,HC260YD+Z,加磷高强、烘烤硬化钢,H260Y,软钢,normal_real,,,,,,,
diagnostic_candidate,True,0002001750-000050,0002001750-000050,0002001750-000050,BR_00000018,BR_00000009,numeric-chain-000040,6,21,24,1278,1.2,770,810,DC51D+Z,普碳,SPHC,软钢,normal_real,,,,,,,
diagnostic_candidate,True,0030102943-000020,0030102943-000020,0030102943-000020,BR_00000012,BR_00000009,numeric-chain-000040,6,22,72,1265,1,700,840,DC51D+Z,普碳,SPHC,软钢,actual_transition,,,,,,,
diagnostic_candidate,True,0030116618-000060,0030116618-000060,0030116618-000060,BR_00000030,BR_00000009,numeric-chain-000040,6,23,48,1259,1.2,820,840,DC53D+Z,IF钢,SPHETI-5,软钢,normal_real,,,,,,,
diagnostic_candidate,True,0030105416-000170,0030105416-000170,0030105416-000170,BR_00000012,BR_00000009,numeric-chain-000040,6,24,24,1253,1,830,850,DC56D+Z,IF钢,SPHETI-3,软钢,normal_real,,,,,,,
diagnostic_candidate,True,0030103526-000020,0030103526-000020,0030103526-000020,BR_00000012,BR_00000009,numeric-chain-000040,6,25,48,1250,0.8,700,840,DC51D+Z,普碳,SPHC,软钢,actual_transition,,,,,,,
diagnostic_candidate,True,0002001899-000150,0002001899-000150,0002001899-000150,BR_00000024,BR_00000009,numeric-chain-000040,6,26,66,1250,0.8,815,835,DX51D+Z-MD,普碳,SPHC,软钢,normal_real,,,,,,,
diagnostic_candidate,True,0030118641-000030,0030118641-000030,0030118641-000030,BR_00000030,BR_00000009,numeric-chain-000040,6,27,230,1250,1,700,840,DC51D+Z,普碳,SPHC,软钢,actual_transition,,,,,,,
diagnostic_candidate,True,0030107311-000200,0030107311-000200,0030107311-000200,BR_00000018,BR_00000009,numeric-chain-000040,6,28,48,1250,1,700,840,DC51D+Z,普碳,SPHC,软钢,actual_transition,,,,,,,
diagnostic_candidate,True,0030124735-000100,0030124735-000100,0030124735-000100,BR_00000036,BR_00000009,numeric-chain-000040,6,29,24,1250,1,700,840,DX51D+Z,普碳,SPHC,软钢,actual_transition,,,,,,,
diagnostic_candidate,True,0030102732-000220,0030102732-000220,0030102732-000220,BR_00000009,BR_00000009,numeric-chain-000040,6,30,48,1250,1,700,840,DC51D+Z,普碳,SPHC,软钢,actual_transition,,,,,,,
diagnostic_candidate,True,0030105098-000020,0030105098-000020,0030105098-000020,BR_00000012,BR_00000009,numeric-chain-000040,6,31,115,1250,1,700,840,DC51D+Z,普碳,SPHC,软钢,actual_transition,,,,,,,
diagnostic_candidate,True,0030114668-000020,0030114668-000020,0030114668-000020,BR_00000024,BR_00000009,numeric-chain-000040,6,32,23,1235,0.9,730,750,CR380LA,低合金高强,H380LA-3,硬钢,normal_real,,,,,,,
diagnostic_candidate,True,0030114668-000010,0030114668-000010,0030114668-000010,BR_00000024,BR_00000009,numeric-chain-000040,6,33,23,1205,1.1,740,760,CR300LA,低合金高强,H300LA-3,硬钢,normal_real,,,,,,,
diagnostic_candidate,True,0030117976-000020,0030117976-000020,0030117976-000020,BR_00000030,BR_00000009,numeric-chain-000040,6,34,120,1201,1,700,840,DC51D+Z,普碳,SPHC,软钢,actual_transition,,,,,,,
diagnostic_candidate,True,0005000464-000370,0005000464-000370,0005000464-000370,BR_00000012,BR_00000009,numeric-chain-000040,6,35,20,1190,1,790,810,CR240LA,低合金高强,H260LAD-3,硬钢,normal_real,,,,,,,
diagnostic_candidate,True,0005000501-000400,0005000501-000400,0005000501-000400,BR_00000024,BR_00000009,numeric-chain-000040,6,36,20,1190,1,790,810,CR240LA,低合金高强,H260LAD-3,硬钢,normal_real,,,,,,,
diagnostic_candidate,True,0005000547-000250,0005000547-000250,0005000547-000250,BR_00000030,BR_00000009,numeric-chain-000040,6,37,21,1157,1,790,810,CR240LA,低合金高强,H260LAD-3,硬钢,normal_real,,,,,,,
diagnostic_candidate,True,0005000547-000430,0005000547-000430,0005000547-000430,BR_00000030,BR_00000009,numeric-chain-000040,6,38,21,1145,1,790,810,CR240LA,低合金高强,H260LAD-3,硬钢,normal_real,,,,,,,
diagnostic_candidate,True,0005000464-000330,0005000464-000330,0005000464-000330,BR_00000012,BR_00000009,numeric-chain-000040,6,39,42,1145,1,790,810,CR240LA,低合金高强,H260LAD-3,硬钢,normal_real,,,,,,,
diagnostic_candidate,True,0005000563-000300,0005000563-000300,0005000563-000300,BR_00000036,BR_00000009,numeric-chain-000040,6,40,21,1145,1,790,810,CR240LA,低合金高强,H260LAD-3,硬钢,normal_real,,,,,,,
diagnostic_candidate,True,0005000501-000380,0005000501-000380,0005000501-000380,BR_00000024,BR_00000009,numeric-chain-000040,6,41,42,1145,1,790,810,CR240LA,低合金高强,H260LAD-3,硬钢,normal_real,,,,,,,
diagnostic_candidate,True,0005000501-000690,0005000501-000690,0005000501-000690,BR_00000024,BR_00000009,numeric-chain-000040,6,42,20,1135,0.9,790,810,CR240LA,低合金高强,H260LAD-3,硬钢,normal_real,,,,,,,
diagnostic_candidate,True,0030124574-000010,0030124574-000010,0030124574-000010,BR_00000036,BR_00000009,numeric-chain-000040,6,43,23,1100,1,700,840,DC51D+Z,普碳,SPHC,软钢,actual_transition,,,,,,,
diagnostic_candidate,True,0030120939-000070,0030120939-000070,0030120939-000070,BR_00000032,BR_00000009,numeric-chain-000040,6,44,23,1100,1.2,810,830,HC180YD+Z,加磷高强、烘烤硬化钢,H180YD,软钢,normal_real,,,,,,,
diagnostic_candidate,True,0002002054-000140,0002002054-000140,0002002054-000140,BR_00000030,BR_00000009,numeric-chain-000040,6,45,21,1100,1.2,815,835,DX51D+Z-MD,普碳,SPHC,软钢,normal_real,,,,,,,
diagnostic_candidate,True,0002001757-000070,0002001757-000070,0002001757-000070,BR_00000018,BR_00000009,numeric-chain-000040,6,46,22,1100,1.2,815,835,DX51D+Z-MD,普碳,SPHC,软钢,normal_real,,,,,,,
diagnostic_candidate,True,0030108260-000060,0030108260-000060,0030108260-000060,BR_00000018,BR_00000009,numeric-chain-000070,7,1,78,1360,0.65,830,850,SCG4+Z,IF钢,SPHETI-3,软钢,normal_real,,,,,,,
diagnostic_candidate,True,0030112573-000010,0030112573-000010,0030112573-000010,BR_00000024,BR_00000009,numeric-chain-000070,7,2,26,1360,0.65,830,850,SCG4+Z,IF钢,SPHETI-3,软钢,normal_real,,,,,,,
diagnostic_candidate,True,0030125150-000010,0030125150-000010,0030125150-000010,BR_00000036,BR_00000009,numeric-chain-000070,7,3,24,1360,0.7,820,840,DC53D+Z,IF钢,SPHETI-5,软钢,normal_real,,,,,,,
diagnostic_candidate,True,0030125207-000110,0030125207-000110,0030125207-000110,BR_00000036,BR_00000009,numeric-chain-000070,7,4,24,1353,0.7,830,850,DC53D+Z,IF钢,SPHETI-3,软钢,normal_real,,,,,,,
diagnostic_candidate,True,0030110865-000110,0030110865-000110,0030110865-000110,BR_00000019,BR_00000009,numeric-chain-000070,7,5,24,1350,0.62,830,850,DC56D+Z,IF钢,SPHETI-3,软钢,normal_real,,,,,,,
diagnostic_candidate,True,0030103224-000070,0030103224-000070,0030103224-000070,BR_00000012,BR_00000009,numeric-chain-000070,7,6,48,1345,0.6,820,840,DC53D+Z,IF钢,SPHETI-5,软钢,normal_real,,,,,,,
diagnostic_candidate,True,0002001860-000540,0002001860-000540,0002001860-000540,BR_00000024,BR_00000009,numeric-chain-000070,7,7,20,1343,0.65,810,830,180YD+Z,加磷高强、烘烤硬化钢,H180YD,软钢,normal_real,,,,,,,
diagnostic_candidate,True,0030111910-000010,0030111910-000010,0030111910-000010,BR_00000024,BR_00000009,numeric-chain-000070,7,8,24,1340,0.6,820,840,DX53D+Z,IF钢,SPHETI-5,软钢,normal_real,,,,,,,
diagnostic_candidate,True,0002002009-000280,0002002009-000280,0002002009-000280,BR_00000030,BR_00000009,numeric-chain-000070,7,9,80,1335,0.65,820,840,DC53D+Z,IF钢,SPHETI-3,软钢,normal_real,,,,,,,
diagnostic_candidate,True,0002001750-000170,0002001750-000170,0002001750-000170,BR_00000018,BR_00000009,numeric-chain-000070,7,10,20,1335,0.7,830,850,DC53D+Z,IF钢,SPHETI-3,软钢,normal_real,,,,,,,
diagnostic_candidate,True,0030107381-000110,0030107381-000110,0030107381-000110,BR_00000018,BR_00000009,numeric-chain-000070,7,11,66,1332,0.75,830,850,CR3,IF钢,SPHETI-36,软钢,normal_real,,,,,,,
diagnostic_candidate,True,0030112686-000070,0030112686-000070,0030112686-000070,BR_00000024,BR_00000009,numeric-chain-000070,7,12,22,1332,0.75,830,850,CR3,IF钢,SPHETI-36,软钢,normal_real,,,,,,,
diagnostic_candidate,True,0030117110-000100,0030117110-000100,0030117110-000100,BR_00000030,BR_00000009,numeric-chain-000070,7,13,44,1332,0.75,830,850,CR3,IF钢,SPHETI-36,软钢,normal_real,,,,,,,
diagnostic_candidate,True,0030102084-000080,0030102084-000080,0030102084-000080,BR_00000009,BR_00000009,numeric-chain-000070,7,14,132,1332,0.75,830,850,CR3,IF钢,SPHETI-36,软钢,normal_real,,,,,,,
diagnostic_candidate,True,0030123141-000020,0030123141-000020,0030123141-000020,BR_00000036,BR_00000009,numeric-chain-000070,7,15,100,1330,0.65,830,850,SCG4+Z,IF钢,SPHETI-3,软钢,normal_real,,,,,,,
diagnostic_candidate,True,0002001749-000050,0002001749-000050,0002001749-000050,BR_00000018,BR_00000009,numeric-chain-000086,8,1,240,1285,0.6,830,850,DC54D+Z,IF钢,SPHETI-3,软钢,normal_real,,,,,,,
diagnostic_candidate,True,0002001998-000280,0002001998-000280,0002001998-000280,BR_00000030,BR_00000009,numeric-chain-000086,8,2,24,1272,0.6,830,850,DC53D+Z,IF钢,SPHETI-3,软钢,normal_real,,,,,,,
diagnostic_candidate,True,0030112553-000010,0030112553-000010,0030112553-000010,BR_00000024,BR_00000009,numeric-chain-000086,8,3,48,1250,0.5,700,840,DC51D+Z,普碳,SPHC,软钢,actual_transition,,,,,,,
diagnostic_candidate,True,0030102517-000010,0030102517-000010,0030102517-000010,BR_00000009,BR_00000009,numeric-chain-000086,8,4,50,1250,0.5,700,840,DC51D+Z,普碳,SPHC,软钢,actual_transition,,,,,,,
diagnostic_candidate,True,0030120727-000030,0030120727-000030,0030120727-000030,BR_00000031,BR_00000009,numeric-chain-000086,8,5,300,1227,0.45,715,735,DX51D+Z1,普碳,SPHC,软钢,normal_real,,,,,,,
diagnostic_candidate,True,0030113258-000040,0030113258-000040,0030113258-000040,BR_00000024,BR_00000009,numeric-chain-000086,8,6,48,1219,0.4,700,840,DC51D+Z,普碳,SPHC,软钢,normal_real,,,,,,,
diagnostic_candidate,True,0030108585-000040,0030108585-000040,0030108585-000040,BR_00000018,BR_00000009,numeric-chain-000086,8,7,48,1219,0.4,700,840,DC51D+Z-Q,深冲钢（PD）,SPHCQ,软钢,normal_real,,,,,,,
diagnostic_candidate,True,0002001647-000060,0002001647-000060,0002001647-000060,BR_00000012,BR_00000009,numeric-chain-000086,8,8,44,1219,0.45,815,835,DX51D+Z-MD,普碳,SPHC,软钢,normal_real,,,,,,,
diagnostic_candidate,True,0030112555-000010,0030112555-000010,0030112555-000010,BR_00000024,BR_00000009,numeric-chain-000086,8,9,48,1219,0.5,700,840,DC51D+Z,普碳,SPHC,软钢,actual_transition,,,,,,,
diagnostic_candidate,True,0030106987-000040,0030106987-000040,0030106987-000040,BR_00000018,BR_00000009,numeric-chain-000086,8,10,48,1215,0.45,700,840,DX51D+Z,普碳,SPHC,软钢,actual_transition,,,,,,,
diagnostic_candidate,True,0030106720-000110,0030106720-000110,0030106720-000110,BR_00000018,BR_00000009,numeric-chain-000086,8,11,24,1205,0.4,700,840,DC51D+Z,普碳,SPHC,软钢,actual_transition,,,,,,,
diagnostic_candidate,True,0030107584-000010,0030107584-000010,0030107584-000010,BR_00000018,BR_00000009,numeric-chain-000086,8,12,46,1200,0.4,700,840,DC51D+Z,普碳,SPHC,软钢,actual_transition,,,,,,,
diagnostic_candidate,True,0030113865-000010,0030113865-000010,0030113865-000010,BR_00000024,BR_00000009,numeric-chain-000086,8,13,23,1200,0.4,700,840,DC51D+Z,普碳,SPHC,软钢,actual_transition,,,,,,,
diagnostic_candidate,True,0030125168-000060,0030125168-000060,0030125168-000060,BR_00000036,BR_00000009,numeric-chain-000086,8,14,24,1190,0.4,770,810,DX52D+Z-LG,深冲钢（PD）,SPHCQ,软钢,normal_real,,,,,,,
diagnostic_candidate,True,0030113258-000070,0030113258-000070,0030113258-000070,BR_00000024,BR_00000009,numeric-chain-000086,8,15,24,1190,0.4,770,810,DX52D+Z-LG,深冲钢（PD）,SPHCQ,软钢,normal_real,,,,,,,
diagnostic_candidate,True,0030119098-000030,0030119098-000030,0030119098-000030,BR_00000030,BR_00000009,numeric-chain-000086,8,16,24,1190,0.4,770,810,DX52D+Z-LG,深冲钢（PD）,SPHCQ,软钢,normal_real,,,,,,,
diagnostic_candidate,True,0030108542-000010,0030108542-000010,0030108542-000010,BR_00000018,BR_00000009,numeric-chain-000086,8,17,24,1190,0.4,770,810,DX52D+Z-LG,深冲钢（PD）,SPHCQ,软钢,normal_real,,,,,,,
diagnostic_candidate,True,0030106987-000130,0030106987-000130,0030106987-000130,BR_00000018,BR_00000009,numeric-chain-000086,8,18,48,1170,0.5,700,840,DX51D+Z,普碳,SPHC,软钢,actual_transition,,,,,,,
diagnostic_candidate,True,0002002020-000010,0002002020-000010,0002002020-000010,BR_00000030,BR_00000009,numeric-chain-000086,8,19,23,1170,0.6,770,810,DC51D+Z,普碳,SPHC,软钢,normal_real,,,,,,,
diagnostic_candidate,True,0030124800-000040,0030124800-000040,0030124800-000040,BR_00000036,BR_00000009,numeric-chain-000086,8,20,24,1164,0.8,770,810,DX52D+Z,深冲钢（PD）,SPHCQ,软钢,normal_real,,,,,,,
diagnostic_candidate,True,0030120939-000100,0030120939-000100,0030120939-000100,BR_00000032,BR_00000009,numeric-chain-000086,8,21,48,1160,0.7,780,800,HC220YD+Z,加磷高强、烘烤硬化钢,H220Y,软钢,normal_real,,,,,,,
diagnostic_candidate,True,0002001744-000080,0002001744-000080,0002001744-000080,BR_00000018,BR_00000009,numeric-chain-000086,8,22,13,1155,0.65,770,810,DC51D+Z,普碳,SPHC,软钢,normal_real,,,,,,,
diagnostic_candidate,True,0002002176-000010,0002002176-000010,0002002176-000010,BR_00000036,BR_00000009,numeric-chain-000086,8,23,15,1150,0.65,770,810,DC51D+Z,普碳,SPHC,软钢,normal_real,,,,,,,
diagnostic_candidate,True,0002001890-000030,0002001890-000030,0002001890-000030,BR_00000024,BR_00000009,numeric-chain-000086,8,24,13,1150,0.65,770,810,DC51D+Z,普碳,SPHC,软钢,normal_real,,,,,,,
diagnostic_candidate,True,0002001998-000090,0002001998-000090,0002001998-000090,BR_00000030,BR_00000009,numeric-chain-000086,8,25,300,1148,0.65,770,810,DC51D+Z,普碳,SPHC,软钢,normal_real,,,,,,,
diagnostic_candidate,True,0002001880-000140,0002001880-000140,0002001880-000140,BR_00000024,BR_00000009,numeric-chain-000086,8,26,276,1148,0.65,770,810,DC51D+Z,普碳,SPHC,软钢,normal_real,,,,,,,
diagnostic_candidate,True,0002001901-000130,0002001901-000130,0002001901-000130,BR_00000024,BR_00000009,numeric-chain-000086,8,27,46,1147,0.6,770,810,DC51D+Z,普碳,SPHC,软钢,normal_real,,,,,,,
diagnostic_candidate,True,0002001780-000110,0002001780-000110,0002001780-000110,BR_00000024,BR_00000009,numeric-chain-000086,8,28,23,1147,0.6,770,810,DC51D+Z,普碳,SPHC,软钢,normal_real,,,,,,,
diagnostic_candidate,True,0002002176-000170,0002002176-000170,0002002176-000170,BR_00000036,BR_00000009,numeric-chain-000086,8,29,17,1145,0.6,770,810,DC51D+Z,IF钢,SPHETI-3,软钢,normal_real,,,,,,,
diagnostic_candidate,True,0002001627-000020,0002001627-000020,0002001627-000020,BR_00000012,BR_00000009,numeric-chain-000086,8,30,23,1145,0.7,770,810,DC51D+Z,普碳,SPHC,软钢,normal_real,,,,,,,
diagnostic_candidate,True,0002001648-000110,0002001648-000110,0002001648-000110,BR_00000012,BR_00000009,numeric-chain-000093,9,1,208,1365,0.5,820,840,DX53D+Z-CD,IF钢,SPHETI-5,软钢,normal_real,,,,,,,
diagnostic_candidate,True,0002002054-000010,0002002054-000010,0002002054-000010,BR_00000030,BR_00000009,numeric-chain-000093,9,2,192,1365,0.5,820,840,DX53D+Z-CD,IF钢,SPHETI-5,软钢,normal_real,,,,,,,
diagnostic_candidate,True,0030106987-000080,0030106987-000080,0030106987-000080,BR_00000018,BR_00000009,numeric-chain-000093,9,3,96,1360,0.45,700,840,DX51D+Z,普碳,SPHC,软钢,actual_transition,,,,,,,
diagnostic_candidate,True,0030123654-000020,0030123654-000020,0030123654-000020,BR_00000036,BR_00000009,numeric-chain-000093,9,4,48,1346,0.5,715,735,DX51D+Z1,普碳,SPHC,软钢,normal_real,,,,,,,
diagnostic_candidate,True,0030113258-000030,0030113258-000030,0030113258-000030,BR_00000024,BR_00000009,numeric-chain-000093,9,5,48,1326,0.4,700,840,DC51D+Z,普碳,SPHC,软钢,normal_real,,,,,,,
diagnostic_candidate,True,0030125168-000030,0030125168-000030,0030125168-000030,BR_00000036,BR_00000009,numeric-chain-000093,9,6,48,1326,0.4,700,840,DC51D+Z,普碳,SPHC,软钢,normal_real,,,,,,,
diagnostic_candidate,True,0030108585-000030,0030108585-000030,0030108585-000030,BR_00000018,BR_00000009,numeric-chain-000093,9,7,48,1326,0.4,700,840,DC51D+Z-Q,深冲钢（PD）,SPHCQ,软钢,normal_real,,,,,,,
diagnostic_candidate,True,0030125168-000020,0030125168-000020,0030125168-000020,BR_00000036,BR_00000009,numeric-chain-000093,9,8,48,1306,0.4,700,840,DC51D+Z,普碳,SPHC,软钢,normal_real,,,,,,,
diagnostic_candidate,True,0030113258-000020,0030113258-000020,0030113258-000020,BR_00000024,BR_00000009,numeric-chain-000093,9,9,72,1306,0.4,700,840,DC51D+Z,普碳,SPHC,软钢,normal_real,,,,,,,
diagnostic_candidate,True,0030106969-000010,0030106969-000010,0030106969-000010,BR_00000013,BR_00000009,numeric-chain-000093,9,10,48,1303,0.5,820,840,DX53D+Z-LG,IF钢,SPHETI-5,软钢,normal_real,,,,,,,
diagnostic_candidate,True,0030108542-000050,0030108542-000050,0030108542-000050,BR_00000018,BR_00000009,numeric-chain-000093,9,11,24,1295,0.5,820,840,DX53D+Z-LG,IF钢,SPHETI-5,软钢,normal_real,,,,,,,
diagnostic_candidate,True,0030113258-000060,0030113258-000060,0030113258-000060,BR_00000024,BR_00000009,numeric-chain-000093,9,12,24,1278,0.4,700,840,DC51D+Z,普碳,SPHC,软钢,normal_real,,,,,,,
diagnostic_candidate,True,0030106720-000070,0030106720-000070,0030106720-000070,BR_00000018,BR_00000009,numeric-chain-000093,9,13,48,1275,0.45,820,840,DC53D+Z,IF钢,SPHETI-5,软钢,normal_real,,,,,,,
diagnostic_candidate,True,0002002054-000270,0002002054-000270,0002002054-000270,BR_00000030,BR_00000009,numeric-chain-000093,9,14,21,1258,0.4,815,835,DX51D+Z-MD,普碳,SPHC,软钢,normal_real,,,,,,,
diagnostic_candidate,True,0002001757-000140,0002001757-000140,0002001757-000140,BR_00000018,BR_00000009,numeric-chain-000093,9,15,92,1258,0.4,815,835,DX51D+Z-MD,普碳,SPHC,软钢,normal_real,,,,,,,
diagnostic_candidate,True,0002001898-000010,0002001898-000010,0002001898-000010,BR_00000024,BR_00000009,numeric-chain-000093,9,16,22,1258,0.4,815,835,DX51D+Z-MD,普碳,SPHC,软钢,normal_real,,,,,,,
diagnostic_candidate,True,0030106987-000110,0030106987-000110,0030106987-000110,BR_00000018,BR_00000009,numeric-chain-000093,9,17,48,1255,0.45,700,840,DX51D+Z,普碳,SPHC,软钢,actual_transition,,,,,,,
diagnostic_candidate,True,0030106720-000100,0030106720-000100,0030106720-000100,BR_00000018,BR_00000009,numeric-chain-000093,9,18,24,1250,0.4,700,840,DC51D+Z,普碳,SPHC,软钢,actual_transition,,,,,,,
diagnostic_candidate,True,0030106720-000040,0030106720-000040,0030106720-000040,BR_00000018,BR_00000009,numeric-chain-000093,9,19,48,1250,0.4,700,840,DC51D+Z,普碳,SPHC,软钢,actual_transition,,,,,,,
diagnostic_candidate,True,0030107311-000140,0030107311-000140,0030107311-000140,BR_00000018,BR_00000009,numeric-chain-000093,9,20,48,1250,0.5,700,840,DC51D+Z,普碳,SPHC,软钢,actual_transition,,,,,,,
diagnostic_candidate,True,0030106897-000010,0030106897-000010,0030106897-000010,BR_00000018,BR_00000009,numeric-chain-000093,9,21,48,1250,0.5,700,840,DC51D+Z,普碳,SPHC,软钢,actual_transition,,,,,,,
diagnostic_candidate,True,0030102732-000050,0030102732-000050,0030102732-000050,BR_00000009,BR_00000009,numeric-chain-000093,9,22,48,1250,0.5,700,840,DC51D+Z,普碳,SPHC,软钢,actual_transition,,,,,,,
diagnostic_candidate,True,0030106242-000100,0030106242-000100,0030106242-000100,BR_00000012,BR_00000009,numeric-chain-000093,9,23,48,1250,0.5,820,840,DX53D+Z-LG,IF钢,SPHETI-5,软钢,normal_real,,,,,,,
diagnostic_candidate,True,0030107311-000160,0030107311-000160,0030107311-000160,BR_00000018,BR_00000009,numeric-chain-000093,9,24,24,1250,0.6,700,840,DC51D+Z,普碳,SPHC,软钢,actual_transition,,,,,,,
diagnostic_candidate,True,0030124081-000010,0030124081-000010,0030124081-000010,BR_00000036,BR_00000009,numeric-chain-000093,9,25,48,1250,0.75,700,840,DC51D+Z,普碳,SPHC,软钢,actual_transition,,,,,,,
diagnostic_candidate,True,0002002054-000150,0002002054-000150,0002002054-000150,BR_00000030,BR_00000009,numeric-chain-000093,9,26,42,1250,0.8,815,835,DX51D+Z-MD,普碳,SPHC,软钢,normal_real,,,,,,,
diagnostic_candidate,True,0010014822-000010,0010014822-000010,0010014822-000010,BR_00000012,BR_00000009,numeric-chain-000093,9,27,24,1250,1,700,840,DC51D+Z,普碳,SPHC,软钢,actual_transition,,,,,,,
diagnostic_candidate,True,0005000464-000410,0005000464-000410,0005000464-000410,BR_00000012,BR_00000009,numeric-chain-000093,9,28,40,1230,0.8,715,735,CR270LA,低合金高强,H260LAD-3,硬钢,normal_real,,,,,,,
diagnostic_candidate,True,0005000547-000470,0005000547-000470,0005000547-000470,BR_00000030,BR_00000009,numeric-chain-000093,9,29,80,1230,0.8,715,735,CR270LA,低合金高强,H260LAD-3,硬钢,normal_real,,,,,,,
diagnostic_candidate,True,0005000501-000420,0005000501-000420,0005000501-000420,BR_00000024,BR_00000009,numeric-chain-000093,9,30,40,1230,0.8,715,735,CR270LA,低合金高强,H260LAD-3,硬钢,normal_real,,,,,,,
diagnostic_candidate,True,0005000501-000200,0005000501-000200,0005000501-000200,BR_00000024,BR_00000009,numeric-chain-000093,9,31,21,1210,0.8,720,760,CR420LA,低合金高强,H420LAD-3,硬钢,normal_real,,,,,,,
diagnostic_candidate,True,0005000547-000230,0005000547-000230,0005000547-000230,BR_00000030,BR_00000009,numeric-chain-000093,9,32,21,1210,0.8,720,760,CR420LA,低合金高强,H420LAD-3,硬钢,normal_real,,,,,,,
diagnostic_candidate,True,0005000501-000390,0005000501-000390,0005000501-000390,BR_00000024,BR_00000009,numeric-chain-000093,9,33,20,1185,0.8,730,750,CR380LA,低合金高强,H380LA-3,硬钢,normal_real,,,,,,,
diagnostic_candidate,True,0030118429-000020,0030118429-000020,0030118429-000020,BR_00000030,BR_00000009,numeric-chain-000093,9,34,22,1120,0.6,700,840,DC51D+Z,普碳,SPHC,软钢,actual_transition,,,,,,,
diagnostic_candidate,True,0005000501-000740,0005000501-000740,0005000501-000740,BR_00000024,BR_00000009,numeric-chain-000093,9,35,40,1105,0.8,810,830,CR240LA,低合金高强,H260LAD-3,硬钢,normal_real,,,,,,,
diagnostic_candidate,True,0030108320-000020,0030108320-000020,0030108320-000020,BR_00000018,BR_00000009,numeric-chain-000093,9,36,46,1100,0.8,700,840,DC51D+Z,普碳,SPHC,软钢,actual_transition,,,,,,,
diagnostic_candidate,True,0005000464-000250,0005000464-000250,0005000464-000250,BR_00000012,BR_00000009,numeric-chain-000093,9,37,20,1085,1,720,760,CR420LA,低合金高强,H420LAD-3,硬钢,normal_real,,,,,,,
diagnostic_candidate,True,0005000501-000300,0005000501-000300,0005000501-000300,BR_00000024,BR_00000009,numeric-chain-000093,9,38,20,1085,1,720,760,CR420LA,低合金高强,H420LAD-3,硬钢,normal_real,,,,,,,
diagnostic_candidate,True,0005000547-000350,0005000547-000350,0005000547-000350,BR_00000030,BR_00000009,numeric-chain-000093,9,39,20,1085,1,720,760,CR420LA,低合金高强,H420LAD-3,硬钢,normal_real,,,,,,,
diagnostic_candidate,True,0005000501-000040,0005000501-000040,0005000501-000040,BR_00000024,BR_00000009,numeric-chain-000093,9,40,20,1085,1.2,730,770,CR420LA,低合金高强,H420LAD-3,硬钢,normal_real,,,,,,,
diagnostic_candidate,True,0005000547-000040,0005000547-000040,0005000547-000040,BR_00000030,BR_00000009,numeric-chain-000093,9,41,20,1085,1.2,730,770,CR420LA,低合金高强,H420LAD-3,硬钢,normal_real,,,,,,,
diagnostic_candidate,True,0030119797-000010,0030119797-000010,0030119797-000010,BR_00000030,BR_00000009,numeric-chain-000093,9,42,23,1079,1,700,840,DC51D+Z,普碳,SPHC,软钢,actual_transition,,,,,,,
diagnostic_candidate,True,0005000546-000030,0005000546-000030,0005000546-000030,BR_00000030,BR_00000009,numeric-chain-000093,9,43,7,1075,1,790,810,CR240LA,低合金高强,H260LAD-3,硬钢,normal_real,,,,,,,
diagnostic_candidate,True,0002002176-000230,0002002176-000230,0002002176-000230,BR_00000036,BR_00000009,numeric-chain-000104,10,1,15,1555,0.6,770,810,DC51D+Z,普碳,SPHC,软钢,normal_real,,,,,,,
diagnostic_candidate,True,0010019718-000050,0010019718-000050,0010019718-000050,BR_00000036,BR_00000009,numeric-chain-000104,10,2,96,1550,0.5,700,840,DC51D+Z,普碳,SPHC,软钢,actual_transition,,,,,,,
diagnostic_candidate,True,0002001757-000120,0002001757-000120,0002001757-000120,BR_00000018,BR_00000009,numeric-chain-000104,10,3,96,1525,0.5,820,840,DX53D+Z-CD,IF钢,SPHETI-5,软钢,normal_real,,,,,,,
diagnostic_candidate,True,0030105462-000010,0030105462-000010,0030105462-000010,BR_00000012,BR_00000009,numeric-chain-000104,10,4,48,1500,0.5,700,840,DC51D+Z,普碳,SPHC,软钢,actual_transition,,,,,,,
diagnostic_candidate,True,0030102732-000260,0030102732-000260,0030102732-000260,BR_00000009,BR_00000009,numeric-chain-000104,10,5,48,1500,0.5,700,840,DC51D+Z,普碳,SPHC,软钢,actual_transition,,,,,,,
diagnostic_candidate,True,0030102732-000020,0030102732-000020,0030102732-000020,BR_00000009,BR_00000009,numeric-chain-000104,10,6,48,1500,0.5,700,840,DC51D+Z,普碳,SPHC,软钢,actual_transition,,,,,,,
diagnostic_candidate,True,0010019618-000020,0010019618-000020,0010019618-000020,BR_00000036,BR_00000009,numeric-chain-000104,10,7,192,1500,0.5,700,840,DC51D+Z,普碳,SPHC,软钢,actual_transition,,,,,,,
diagnostic_candidate,True,0030104603-000010,0030104603-000010,0030104603-000010,BR_00000012,BR_00000009,numeric-chain-000104,10,8,24,1500,0.5,700,840,DC51D+Z,普碳,SPHC,软钢,actual_transition,,,,,,,
diagnostic_candidate,True,0030105931-000040,0030105931-000040,0030105931-000040,BR_00000012,BR_00000009,numeric-chain-000104,10,9,168,1500,0.6,820,840,DC53D+Z,IF钢,SPHETI-5,软钢,normal_real,,,,,,,
diagnostic_candidate,True,0010017445-000060,0010017445-000060,0010017445-000060,BR_00000025,BR_00000009,numeric-chain-000104,10,10,96,1500,0.8,700,840,DC51D+Z,普碳,SPHC,软钢,actual_transition,,,,,,,
diagnostic_candidate,True,0005000501-000260,0005000501-000260,0005000501-000260,BR_00000024,BR_00000009,numeric-chain-000104,10,11,21,1490,0.7,800,820,CR2,IF钢,SPHETI-36,软钢,normal_real,,,,,,,
diagnostic_candidate,True,0005000486-000250,0005000486-000250,0005000486-000250,BR_00000018,BR_00000009,numeric-chain-000104,10,12,21,1490,0.7,800,820,CR2,IF钢,SPHETI-36,软钢,normal_real,,,,,,,
diagnostic_candidate,True,0030119797-000080,0030119797-000080,0030119797-000080,BR_00000030,BR_00000009,numeric-chain-000104,10,13,48,1479,0.7,770,810,DC52D+Z,深冲钢（PD）,SPHCQ,软钢,normal_real,,,,,,,
diagnostic_candidate,True,0002002009-000110,0002002009-000110,0002002009-000110,BR_00000030,BR_00000009,numeric-chain-000104,10,14,13,1470,0.65,770,810,DC51D+Z,普碳,SPHC,软钢,normal_real,,,,,,,
diagnostic_candidate,True,0002001767-000100,0002001767-000100,0002001767-000100,BR_00000018,BR_00000009,numeric-chain-000104,10,15,10,1470,0.65,770,810,DC51D+Z,普碳,SPHC,软钢,normal_real,,,,,,,
diagnostic_candidate,True,0002001750-000500,0002001750-000500,0002001750-000500,BR_00000018,BR_00000009,numeric-chain-000104,10,16,20,1467,0.6,770,810,DC51D+Z,普碳,SPHC,软钢,normal_real,,,,,,,
diagnostic_candidate,True,0002002176-000030,0002002176-000030,0002002176-000030,BR_00000036,BR_00000009,numeric-chain-000104,10,17,15,1465,0.65,770,810,DC51D+Z,IF钢,SPHETI-3,软钢,normal_real,,,,,,,
diagnostic_candidate,True,0030115408-000030,0030115408-000030,0030115408-000030,BR_00000024,BR_00000009,numeric-chain-000104,10,18,24,1465,0.8,780,800,HC220YD+Z,加磷高强、烘烤硬化钢,H220Y,软钢,normal_real,,,,,,,
diagnostic_candidate,True,0002002195-000140,0002002195-000140,0002002195-000140,BR_00000036,BR_00000009,numeric-chain-000104,10,19,72,1463,0.65,770,810,DC51D+Z,IF钢,SPHETI-3,软钢,normal_real,,,,,,,
diagnostic_candidate,True,0002001765-000020,0002001765-000020,0002001765-000020,BR_00000018,BR_00000009,numeric-chain-000104,10,20,96,1463,0.65,770,810,DC51D+Z,普碳,SPHC,软钢,normal_real,,,,,,,
diagnostic_candidate,True,0002001633-000200,0002001633-000200,0002001633-000200,BR_00000012,BR_00000009,numeric-chain-000104,10,21,24,1458,0.65,770,810,DC51D+Z,普碳,SPHC,软钢,normal_real,,,,,,,
diagnostic_candidate,True,0030108261-000020,0030108261-000020,0030108261-000020,BR_00000018,BR_00000009,numeric-chain-000104,10,22,25.99,1455,0.65,790,810,SCG260Y+Z,加磷高强、烘烤硬化钢,H260Y,软钢,normal_real,,,,,,,
diagnostic_candidate,True,0002002195-000250,0002002195-000250,0002002195-000250,BR_00000036,BR_00000009,numeric-chain-000104,10,23,24,1455,0.65,770,810,DC51D+Z,IF钢,SPHETI-3,软钢,normal_real,,,,,,,
diagnostic_candidate,True,0002002162-000040,0002002162-000040,0002002162-000040,BR_00000036,BR_00000009,numeric-chain-000104,10,24,168,1450,0.65,770,810,DC51D+Z,IF钢,SPHETI-3,软钢,normal_real,,,,,,,
diagnostic_candidate,True,0030106245-000060,0030106245-000060,0030106245-000060,BR_00000012,BR_00000009,numeric-chain-000104,10,25,24,1450,0.8,700,840,DC51D+Z,普碳,SPHC,软钢,normal_real,,,,,,,
diagnostic_candidate,True,0002001603-000150,0002001603-000150,0002001603-000150,BR_00000012,BR_00000009,numeric-chain-000104,10,26,69,1445,1,770,810,DC51D+Z,普碳,SPHC,软钢,normal_real,,,,,,,
diagnostic_candidate,True,0002002180-000380,0002002180-000380,0002002180-000380,BR_00000036,BR_00000009,numeric-chain-000104,10,27,20,1430,1,770,810,DC51D+Z,IF钢,SPHETI-3,软钢,normal_real,,,,,,,
diagnostic_candidate,True,0002001906-000050,0002001906-000050,0002001906-000050,BR_00000025,BR_00000009,numeric-chain-000104,10,28,23,1420,1,770,810,DC51D+Z,普碳,SPHC,软钢,normal_real,,,,,,,
diagnostic_candidate,True,0002002170-000230,0002002170-000230,0002002170-000230,BR_00000036,BR_00000009,numeric-chain-000104,10,29,23,1420,1,770,810,DC51D+Z,IF钢,SPHETI-3,软钢,normal_real,,,,,,,
diagnostic_candidate,True,0030114040-000070,0030114040-000070,0030114040-000070,BR_00000024,BR_00000009,numeric-chain-000104,10,30,24,1412,1.2,795,815,HC220YD+Z,加磷高强、烘烤硬化钢,H220Y,软钢,normal_real,,,,,,,
diagnostic_candidate,True,0030108208-000010,0030108208-000010,0030108208-000010,BR_00000018,BR_00000009,numeric-chain-000104,10,31,24,1370,1.5,805,825,HC260YD+Z,加磷高强、烘烤硬化钢,H260Y,软钢,normal_real,,,,,,,
diagnostic_candidate,True,0030114354-000010,0030114354-000010,0030114354-000010,BR_00000024,BR_00000009,numeric-chain-000104,10,32,24,1365,1.4,810,830,HC180YD+Z,加磷高强、烘烤硬化钢,H180YD,软钢,normal_real,,,,,,,
diagnostic_candidate,True,0030115410-000010,0030115410-000010,0030115410-000010,BR_00000024,BR_00000009,numeric-chain-000104,10,33,150,1330,1.2,800,820,HC260YD+Z,加磷高强、烘烤硬化钢,H260Y,软钢,normal_real,,,,,,,
diagnostic_candidate,True,0030121501-000010,0030121501-000010,0030121501-000010,BR_00000030,BR_00000009,numeric-chain-000104,10,34,75,1330,1.2,800,820,HC260YD+Z,加磷高强、烘烤硬化钢,H260Y,软钢,normal_real,,,,,,,
diagnostic_candidate,True,0002001860-000130,0002001860-000130,0002001860-000130,BR_00000024,BR_00000009,numeric-chain-000104,10,35,20,1329,1,770,810,DC51D+Z,普碳,SPHC,软钢,normal_real,,,,,,,
diagnostic_candidate,True,0030110599-000020,0030110599-000020,0030110599-000020,BR_00000018,BR_00000009,numeric-chain-000104,10,36,24,1323,0.8,790,810,HC260YD+Z,加磷高强、烘烤硬化钢,H260Y,软钢,normal_real,,,,,,,
diagnostic_candidate,True,0002001633-000070,0002001633-000070,0002001633-000070,BR_00000012,BR_00000009,numeric-chain-000104,10,37,20,1315,0.65,770,810,DC51D+Z,普碳,SPHC,软钢,normal_real,,,,,,,
diagnostic_candidate,True,0002001998-000140,0002001998-000140,0002001998-000140,BR_00000030,BR_00000009,numeric-chain-000104,10,38,48,1315,0.65,770,810,DC51D+Z,普碳,SPHC,软钢,normal_real,,,,,,,
diagnostic_candidate,True,0030103527-000020,0030103527-000020,0030103527-000020,BR_00000012,BR_00000009,numeric-chain-000106,11,1,72,1250,2.5,585,615,S350GD+Z,结构钢,S350X-1,软钢,normal_real,,,,,,,
diagnostic_candidate,True,0030103527-000010,0030103527-000010,0030103527-000010,BR_00000012,BR_00000009,numeric-chain-000106,11,2,24,1250,2,585,615,S350GD+Z,结构钢,S350X-1,软钢,normal_real,,,,,,,
diagnostic_candidate,True,virtual-000002,,,,BR_00000009,numeric-chain-000106,11,3,20.00,1250,1.50,585,840,SPHC,,SPHC,,virtual_sphc,,"{""accepted_sequence"":2,""prototype_id"":""virtual_sphc:1250x1.5"",""purpose"":""edge_bridge"",""related_partition_id"":null}",,,,,
diagnostic_candidate,True,virtual-000003,,,,BR_00000009,numeric-chain-000106,11,4,20.00,1250,1.20,585,840,SPHC,,SPHC,,virtual_sphc,,"{""accepted_sequence"":3,""prototype_id"":""virtual_sphc:1250x1.2"",""purpose"":""edge_bridge"",""related_partition_id"":null}",,,,,
diagnostic_candidate,True,0002001480-000020,0002001480-000020,0002001480-000020,BR_00000012,BR_00000009,numeric-chain-000106,11,5,392,1236,1,820,840,DX53D+Z-CD,IF钢,SPHETI-5,软钢,normal_real,,,,,,,
diagnostic_candidate,True,0002001898-000050,0002001898-000050,0002001898-000050,BR_00000024,BR_00000009,numeric-chain-000106,11,6,60,1203,0.8,815,835,DX51D+Z-MD,普碳,SPHC,软钢,normal_real,,,,,,,
diagnostic_candidate,True,0002001757-000200,0002001757-000200,0002001757-000200,BR_00000018,BR_00000009,numeric-chain-000106,11,7,60,1203,0.8,815,835,DX51D+Z-MD,普碳,SPHC,软钢,normal_real,,,,,,,
diagnostic_candidate,True,0030104498-000010,0030104498-000010,0030104498-000010,BR_00000012,BR_00000009,numeric-chain-000106,11,8,96,1202,0.8,700,840,DC51D+Z,普碳,SPHC,软钢,normal_real,,,,,,,
diagnostic_candidate,True,0030105927-000010,0030105927-000010,0030105927-000010,BR_00000012,BR_00000009,numeric-chain-000106,11,9,48,1180,0.6,700,720,DX51D+Z3,深冲钢（PD）,DD12BB,软钢,normal_real,,,,,,,
diagnostic_candidate,True,0030108199-000020,0030108199-000020,0030108199-000020,BR_00000018,BR_00000009,numeric-chain-000106,11,10,72,1180,0.6,700,720,DX51D+Z3,深冲钢（PD）,DD12BB,软钢,normal_real,,,,,,,
diagnostic_candidate,True,0030106245-000020,0030106245-000020,0030106245-000020,BR_00000012,BR_00000009,numeric-chain-000106,11,11,24,1171,0.8,700,840,DC51D+Z,普碳,SPHC,软钢,normal_real,,,,,,,
diagnostic_candidate,True,0030102084-000010,0030102084-000010,0030102084-000010,BR_00000009,BR_00000009,numeric-chain-000106,11,12,22,1170,0.7,830,850,CR3,IF钢,SPHETI-36,软钢,normal_real,,,,,,,
diagnostic_candidate,True,0030122759-000010,0030122759-000010,0030122759-000010,BR_00000036,BR_00000009,numeric-chain-000106,11,13,22,1170,0.7,830,850,CR3,IF钢,SPHETI-36,软钢,normal_real,,,,,,,
diagnostic_candidate,True,0002001854-000180,0002001854-000180,0002001854-000180,BR_00000024,BR_00000009,numeric-chain-000106,11,14,23,1170,0.65,830,850,DC54D+Z,IF钢,SPHETI-3,软钢,normal_real,,,,,,,
diagnostic_candidate,True,0030118934-000050,0030118934-000050,0030118934-000050,BR_00000030,BR_00000009,numeric-chain-000106,11,15,240,1160,0.7,830,850,DX54D+Z,IF钢,SPHETI-5,软钢,normal_real,,,,,,,
diagnostic_candidate,True,0002002170-000200,0002002170-000200,0002002170-000200,BR_00000036,BR_00000009,numeric-chain-000106,11,16,138,1160,0.7,830,850,DC53D+Z,IF钢,SPHETI-3,软钢,normal_real,,,,,,,
diagnostic_candidate,True,virtual-000001,,,,BR_00000009,numeric-chain-000106,11,17,20.00,1000,0.80,820,850,SPHC,,SPHC,,virtual_sphc,,"{""accepted_sequence"":1,""prototype_id"":""virtual_sphc:1000x0.8"",""purpose"":""edge_bridge"",""related_partition_id"":null}",,,,,
diagnostic_candidate,True,0002001756-000040,0002001756-000040,0002001756-000040,BR_00000018,BR_00000009,numeric-chain-000106,11,18,200,1050,1,820,840,DX53D+Z-CD,IF钢,SPHETI-5,软钢,normal_real,,,,,,,
diagnostic_candidate,True,0002001623-000010,0002001623-000010,0002001623-000010,BR_00000012,BR_00000009,numeric-chain-000106,11,19,96,1050,1.2,820,840,DX53D+Z-CD,IF钢,SPHETI-5,软钢,normal_real,,,,,,,
diagnostic_candidate,True,0002001648-000010,0002001648-000010,0002001648-000010,BR_00000012,BR_00000012,numeric-chain-000078,1,1,448,1236,1,820,840,DX53D+Z-CD,IF钢,SPHETI-5,软钢,normal_real,,,,,,,
diagnostic_candidate,True,0002001647-000040,0002001647-000040,0002001647-000040,BR_00000012,BR_00000012,numeric-chain-000110,2,1,308,1050,1.2,820,840,DX53D+Z-CD,IF钢,SPHETI-5,软钢,normal_real,,,,,,,
diagnostic_candidate,True,0030105044-000010,0030105044-000010,0030105044-000010,BR_00000012,BR_00000012,numeric-chain-000111,3,1,418,1020,1,830,850,HDX53D+Z-SN,IF钢,SPHETI-3,软钢,normal_real,,,,,,,
diagnostic_candidate,True,0030105927-000110,0030105927-000110,0030105927-000110,BR_00000012,BR_00000012,numeric-chain-000131,4,1,24,1340,0.6,680,700,DX51D+Z3,深冲钢（PD）,SPHCQ,软钢,normal_real,,,,,,,
diagnostic_candidate,True,0030105927-000090,0030105927-000090,0030105927-000090,BR_00000012,BR_00000012,numeric-chain-000131,4,2,192,1250,0.5,680,700,DX51D+Z3,深冲钢（PD）,SPHCQ,软钢,normal_real,,,,,,,
diagnostic_candidate,True,0030105930-000040,0030105930-000040,0030105930-000040,BR_00000012,BR_00000012,numeric-chain-000131,4,3,216,1250,0.5,680,700,DX51D+Z3,深冲钢（PD）,SPHCQ,软钢,normal_real,,,,,,,
diagnostic_candidate,True,0030108199-000030,0030108199-000030,0030108199-000030,BR_00000018,BR_00000012,numeric-chain-000131,4,4,192,1250,0.5,680,700,DX51D+Z3,深冲钢（PD）,SPHCQ,软钢,normal_real,,,,,,,
diagnostic_candidate,True,0030108199-000040,0030108199-000040,0030108199-000040,BR_00000018,BR_00000012,numeric-chain-000132,5,1,72,1250,1.2,680,700,DX51D+Z3,深冲钢（PD）,SPHCQ,软钢,normal_real,,,,,,,
diagnostic_candidate,True,0030105927-000130,0030105927-000130,0030105927-000130,BR_00000012,BR_00000012,numeric-chain-000132,5,2,23,1100,1.5,680,700,DX51D+Z3,深冲钢（PD）,SPHCQ,软钢,normal_real,,,,,,,
diagnostic_candidate,True,0002001612-000270,0002001612-000270,0002001612-000270,BR_00000012,BR_00000012,numeric-chain-000000,6,1,94,1595,0.8,770,810,DC51D+Z,普碳,SPHC,软钢,normal_real,,,,,,,
diagnostic_candidate,True,0002001612-000020,0002001612-000020,0002001612-000020,BR_00000012,BR_00000012,numeric-chain-000000,6,2,147,1562,0.8,770,810,DC51D+Z,普碳,SPHC,软钢,normal_real,,,,,,,
diagnostic_candidate,True,0002002009-000010,0002002009-000010,0002002009-000010,BR_00000030,BR_00000012,numeric-chain-000000,6,3,140,1560,0.8,770,810,DC51D+Z,普碳,SPHC,软钢,normal_real,,,,,,,
diagnostic_candidate,True,0002001750-000400,0002001750-000400,0002001750-000400,BR_00000018,BR_00000012,numeric-chain-000000,6,4,20,1555,0.6,770,810,DC51D+Z,普碳,SPHC,软钢,normal_real,,,,,,,
diagnostic_candidate,True,0002002021-000190,0002002021-000190,0002002021-000190,BR_00000030,BR_00000012,numeric-chain-000000,6,5,23,1548,0.6,770,810,DC51D+Z,IF钢,SPHETI-3,软钢,normal_real,,,,,,,
diagnostic_candidate,True,0002001765-000040,0002001765-000040,0002001765-000040,BR_00000018,BR_00000012,numeric-chain-000000,6,6,336,1510,0.6,770,810,DC51D+Z,IF钢,SPHETI-3,软钢,normal_real,,,,,,,
diagnostic_candidate,True,0002001998-000190,0002001998-000190,0002001998-000190,BR_00000030,BR_00000012,numeric-chain-000000,6,7,320,1510,0.6,770,810,DC51D+Z,IF钢,SPHETI-3,软钢,normal_real,,,,,,,
diagnostic_candidate,True,0030107311-000020,0030107311-000020,0030107311-000020,BR_00000018,BR_00000012,numeric-chain-000000,6,8,48,1500,0.6,700,840,DC51D+Z,普碳,SPHC,软钢,actual_transition,,,,,,,
diagnostic_candidate,True,0005000506-000010,0005000506-000010,0005000506-000010,BR_00000024,BR_00000012,numeric-chain-000000,6,9,7,1478,0.7,810,830,CR240LA,低合金高强,H260LAD-3,硬钢,normal_real,,,,,,,
diagnostic_candidate,True,0005000462-000030,0005000462-000030,0005000462-000030,BR_00000012,BR_00000012,numeric-chain-000000,6,10,23,1403,0.7,810,830,CR240LA,低合金高强,H260LAD-3,硬钢,normal_real,,,,,,,
diagnostic_candidate,True,0005000463-000010,0005000463-000010,0005000463-000010,BR_00000012,BR_00000012,numeric-chain-000000,6,11,23,1403,0.7,810,830,CR240LA,低合金高强,H260LAD-3,硬钢,normal_real,,,,,,,
diagnostic_candidate,True,0005000555-000010,0005000555-000010,0005000555-000010,BR_00000030,BR_00000012,numeric-chain-000000,6,12,23,1403,0.7,810,830,CR240LA,低合金高强,H260LAD-3,硬钢,normal_real,,,,,,,
diagnostic_candidate,True,0005000464-000340,0005000464-000340,0005000464-000340,BR_00000012,BR_00000012,numeric-chain-000000,6,13,21,1385,0.8,810,830,CR240LA,低合金高强,H260LAD-3,硬钢,normal_real,,,,,,,
diagnostic_candidate,True,0005000547-000440,0005000547-000440,0005000547-000440,BR_00000030,BR_00000012,numeric-chain-000000,6,14,21,1385,0.8,810,830,CR240LA,低合金高强,H260LAD-3,硬钢,normal_real,,,,,,,
diagnostic_candidate,True,0030107381-000120,0030107381-000120,0030107381-000120,BR_00000018,BR_00000012,numeric-chain-000000,6,15,66,1354,0.7,810,830,CR240LA,低合金高强,H260LAD-3,硬钢,normal_real,,,,,,,
diagnostic_candidate,True,0030112686-000080,0030112686-000080,0030112686-000080,BR_00000024,BR_00000012,numeric-chain-000000,6,16,22,1354,0.7,810,830,CR240LA,低合金高强,H260LAD-3,硬钢,normal_real,,,,,,,
diagnostic_candidate,True,0030117110-000110,0030117110-000110,0030117110-000110,BR_00000030,BR_00000012,numeric-chain-000000,6,17,44,1354,0.7,810,830,CR240LA,低合金高强,H260LAD-3,硬钢,normal_real,,,,,,,
diagnostic_candidate,True,0005000501-000110,0005000501-000110,0005000501-000110,BR_00000024,BR_00000012,numeric-chain-000000,6,18,20,1265,0.8,810,830,CR240LA,低合金高强,H260LAD-3,硬钢,normal_real,,,,,,,
diagnostic_candidate,True,0005000547-000130,0005000547-000130,0005000547-000130,BR_00000030,BR_00000012,numeric-chain-000000,6,19,20,1265,0.8,810,830,CR240LA,低合金高强,H260LAD-3,硬钢,normal_real,,,,,,,
diagnostic_candidate,True,0030106969-000020,0030106969-000020,0030106969-000020,BR_00000013,BR_00000012,numeric-chain-000000,6,20,72,1262,0.6,700,840,DX51D+Z,普碳,SPHC,软钢,actual_transition,,,,,,,
diagnostic_candidate,True,0030105927-000020,0030105927-000020,0030105927-000020,BR_00000012,BR_00000012,numeric-chain-000000,6,21,192,1250,0.6,700,720,DX51D+Z3,深冲钢（PD）,DD12BB,软钢,normal_real,,,,,,,
diagnostic_candidate,True,0030106987-000020,0030106987-000020,0030106987-000020,BR_00000018,BR_00000012,numeric-chain-000000,6,22,24,1250,0.6,700,840,DX51D+Z,普碳,SPHC,软钢,actual_transition,,,,,,,
diagnostic_candidate,True,0030119030-000010,0030119030-000010,0030119030-000010,BR_00000030,BR_00000012,numeric-chain-000000,6,23,20,1250,0.6,820,840,DX53D+Z,IF钢,SPHETI-5,软钢,normal_real,,,,,,,
diagnostic_candidate,True,0030107598-000010,0030107598-000010,0030107598-000010,BR_00000018,BR_00000012,numeric-chain-000000,6,24,25,1250,0.6,820,840,DX53D+Z,IF钢,SPHETI-5,软钢,normal_real,,,,,,,
diagnostic_candidate,True,0002001854-000230,0002001854-000230,0002001854-000230,BR_00000024,BR_00000012,numeric-chain-000000,6,25,50,1250,0.65,830,850,DC53D+Z,IF钢,SPHETI-3,软钢,normal_real,,,,,,,
diagnostic_candidate,True,0030107311-000360,0030107311-000360,0030107311-000360,BR_00000018,BR_00000012,numeric-chain-000000,6,26,24,1250,0.8,700,840,DC51D+Z,普碳,SPHC,软钢,actual_transition,,,,,,,
diagnostic_candidate,True,0030107311-000190,0030107311-000190,0030107311-000190,BR_00000018,BR_00000012,numeric-chain-000000,6,27,24,1250,0.8,700,840,DC51D+Z,普碳,SPHC,软钢,actual_transition,,,,,,,
diagnostic_candidate,True,0010017445-000030,0010017445-000030,0010017445-000030,BR_00000025,BR_00000012,numeric-chain-000000,6,28,144,1250,1,700,840,DC51D+Z,普碳,SPHC,软钢,actual_transition,,,,,,,
diagnostic_candidate,True,0002001622-000020,0002001622-000020,0002001622-000020,BR_00000012,BR_00000012,numeric-chain-000002,7,1,308,1236,1,820,840,DX53D+Z-CD,IF钢,SPHETI-5,软钢,normal_real,,,,,,,
diagnostic_candidate,True,0002002054-000230,0002002054-000230,0002002054-000230,BR_00000030,BR_00000012,numeric-chain-000002,7,2,50,1236,1,820,840,DX53D+Z-CD,IF钢,SPHETI-5,软钢,normal_real,,,,,,,
diagnostic_candidate,True,0002001614-000110,0002001614-000110,0002001614-000110,BR_00000012,BR_00000012,numeric-chain-000004,8,1,115,1230,0.65,830,850,DC56D+Z,IF钢,SPHETI-3,软钢,normal_real,,,,,,,
diagnostic_candidate,True,0030107015-000050,0030107015-000050,0030107015-000050,BR_00000012,BR_00000012,numeric-chain-000004,8,2,47.99,1230,0.7,830,850,DC54D+Z,IF钢,SPHETI-3,软钢,normal_real,,,,,,,
diagnostic_candidate,True,0002001880-000190,0002001880-000190,0002001880-000190,BR_00000024,BR_00000012,numeric-chain-000004,8,3,24,1220,0.65,830,850,DC53D+Z,IF钢,SPHETI-3,软钢,normal_real,,,,,,,
diagnostic_candidate,True,0002002184-000080,0002002184-000080,0002002184-000080,BR_00000036,BR_00000012,numeric-chain-000004,8,4,23,1220,0.8,830,850,DC56D+Z,IF钢,SPHETI-3,软钢,normal_real,,,,,,,
diagnostic_candidate,True,0002002026-000090,0002002026-000090,0002002026-000090,BR_00000030,BR_00000012,numeric-chain-000004,8,5,23,1218,0.65,830,850,DC54D+Z,IF钢,SPHETI-3,软钢,normal_real,,,,,,,
diagnostic_candidate,True,0002002170-000420,0002002170-000420,0002002170-000420,BR_00000036,BR_00000012,numeric-chain-000004,8,6,23,1218,0.65,830,850,DC54D+Z,IF钢,SPHETI-3,软钢,normal_real,,,,,,,
diagnostic_candidate,True,0030118991-000050,0030118991-000050,0030118991-000050,BR_00000030,BR_00000012,numeric-chain-000004,8,7,96,1210,0.6,830,850,SCG4+Z,IF钢,SPHETI-3,软钢,normal_real,,,,,,,
diagnostic_candidate,True,0030123143-000050,0030123143-000050,0030123143-000050,BR_00000036,BR_00000012,numeric-chain-000004,8,8,24,1210,0.6,830,850,SCG4+Z,IF钢,SPHETI-3,软钢,normal_real,,,,,,,
diagnostic_candidate,True,0002001614-000020,0002001614-000020,0002001614-000020,BR_00000012,BR_00000012,numeric-chain-000004,8,9,46,1210,0.6,830,850,DC56D+Z,IF钢,SPHETI-3,软钢,normal_real,,,,,,,
diagnostic_candidate,True,0002001750-000620,0002001750-000620,0002001750-000620,BR_00000018,BR_00000012,numeric-chain-000004,8,10,20,1210,0.65,830,850,DC53D+Z,IF钢,SPHETI-3,软钢,normal_real,,,,,,,
diagnostic_candidate,True,0030114756-000040,0030114756-000040,0030114756-000040,BR_00000024,BR_00000012,numeric-chain-000004,8,11,24,1205,0.8,820,840,DC53D+Z,IF钢,SPHETI-5,软钢,normal_real,,,,,,,
diagnostic_candidate,True,0030114637-000030,0030114637-000030,0030114637-000030,BR_00000024,BR_00000012,numeric-chain-000004,8,12,24,1200,0.65,830,850,DC54D+Z,IF钢,SPHETI-5,软钢,normal_real,,,,,,,
diagnostic_candidate,True,0030110865-000130,0030110865-000130,0030110865-000130,BR_00000019,BR_00000012,numeric-chain-000005,9,1,72,1200,0.65,830,850,DC56D+Z,IF钢,SPHETI-3,软钢,normal_real,,,,,,,
diagnostic_candidate,True,0030105830-000020,0030105830-000020,0030105830-000020,BR_00000012,BR_00000012,numeric-chain-000005,9,2,24,1200,0.7,830,850,DC54D+Z,IF钢,SPHETI-3,软钢,normal_real,,,,,,,
diagnostic_candidate,True,0030124871-000010,0030124871-000010,0030124871-000010,BR_00000036,BR_00000012,numeric-chain-000005,9,3,25,1200,0.75,820,840,DX53D+Z,IF钢,SPHETI-5,软钢,normal_real,,,,,,,
diagnostic_candidate,True,0002001880-000160,0002001880-000160,0002001880-000160,BR_00000024,BR_00000012,numeric-chain-000005,9,4,240,1195,0.65,830,850,DC53D+Z,IF钢,SPHETI-3,软钢,normal_real,,,,,,,
diagnostic_candidate,True,0002001998-000100,0002001998-000100,0002001998-000100,BR_00000030,BR_00000012,numeric-chain-000006,10,1,160,1195,0.65,830,850,DC53D+Z,IF钢,SPHETI-3,软钢,normal_real,,,,,,,
diagnostic_candidate,True,0002001765-000070,0002001765-000070,0002001765-000070,BR_00000018,BR_00000012,numeric-chain-000006,10,2,216,1195,0.65,830,850,DC53D+Z,IF钢,SPHETI-3,软钢,normal_real,,,,,,,
diagnostic_candidate,True,0030106245-000010,0030106245-000010,0030106245-000010,BR_00000012,BR_00000012,numeric-chain-000006,10,3,24,1190,0.6,820,840,DC53D+Z,IF钢,SPHETI-5,软钢,normal_real,,,,,,,
diagnostic_candidate,True,0002001614-000160,0002001614-000160,0002001614-000160,BR_00000012,BR_00000012,numeric-chain-000006,10,4,46,1190,0.65,830,850,DC53D+Z,IF钢,SPHETI-3,软钢,normal_real,,,,,,,
diagnostic_candidate,True,0030117931-000040,0030117931-000040,0030117931-000040,BR_00000030,BR_00000012,numeric-chain-000007,11,1,96,1190,0.8,820,840,DC53D+Z,IF钢,SPHETI-5,软钢,normal_real,,,,,,,
diagnostic_candidate,True,0002001998-000260,0002001998-000260,0002001998-000260,BR_00000030,BR_00000012,numeric-chain-000007,11,2,24,1186,0.7,830,850,DC54D+Z,IF钢,SPHETI-3,软钢,normal_real,,,,,,,
diagnostic_candidate,True,0030119862-000120,0030119862-000120,0030119862-000120,BR_00000030,BR_00000012,numeric-chain-000007,11,3,48,1183,0.8,830,850,DC51D+Z,IF钢,SPHETI-3,软钢,normal_real,,,,,,,
diagnostic_candidate,True,0030125102-000010,0030125102-000010,0030125102-000010,BR_00000036,BR_00000012,numeric-chain-000007,11,4,72,1182,0.7,820,840,DC53D+Z,IF钢,SPHETI-5,软钢,normal_real,,,,,,,
diagnostic_candidate,True,0030107381-000010,0030107381-000010,0030107381-000010,BR_00000018,BR_00000012,numeric-chain-000007,11,5,44,1170,0.7,830,850,CR3,IF钢,SPHETI-36,软钢,normal_real,,,,,,,
diagnostic_candidate,True,0002001901-000080,0002001901-000080,0002001901-000080,BR_00000024,BR_00000012,numeric-chain-000007,11,6,92,1170,0.65,830,850,DC54D+Z,IF钢,SPHETI-3,软钢,normal_real,,,,,,,
diagnostic_candidate,True,0030124871-000040,0030124871-000040,0030124871-000040,BR_00000036,BR_00000012,numeric-chain-000007,11,7,20,1160,0.6,820,840,DX53D+Z,IF钢,SPHETI-5,软钢,normal_real,,,,,,,
diagnostic_candidate,True,0002002152-000010,0002002152-000010,0002002152-000010,BR_00000036,BR_00000012,numeric-chain-000007,11,8,23,1155,0.65,810,830,HC180YD+Z,加磷高强、烘烤硬化钢,H180YD,软钢,normal_real,,,,,,,
diagnostic_candidate,True,0002002034-000010,0002002034-000010,0002002034-000010,BR_00000030,BR_00000012,numeric-chain-000007,11,9,46,1155,0.65,810,830,HC180YD+Z,加磷高强、烘烤硬化钢,H180YD,软钢,normal_real,,,,,,,
diagnostic_candidate,True,0002001841-000010,0002001841-000010,0002001841-000010,BR_00000024,BR_00000012,numeric-chain-000007,11,10,46,1155,0.65,810,830,HC180YD+Z,加磷高强、烘烤硬化钢,H180YD,软钢,normal_real,,,,,,,
diagnostic_candidate,True,0002001787-000010,0002001787-000010,0002001787-000010,BR_00000024,BR_00000012,numeric-chain-000007,11,11,69,1155,0.65,810,830,HC180YD+Z,加磷高强、烘烤硬化钢,H180YD,软钢,normal_real,,,,,,,
diagnostic_candidate,True,0002002054-000340,0002002054-000340,0002002054-000340,BR_00000030,BR_00000012,numeric-chain-000007,11,12,192,1150,0.6,815,835,DX51D+Z-MD,普碳,SPHC,软钢,normal_real,,,,,,,
diagnostic_candidate,True,0030103543-000030,0030103543-000030,0030103543-000030,BR_00000012,BR_00000012,numeric-chain-000007,11,13,46,1150,0.6,820,840,DC53D+Z,IF钢,SPHETI-5,软钢,normal_real,,,,,,,
diagnostic_candidate,True,0002001612-000720,0002001612-000720,0002001612-000720,BR_00000012,BR_00000012,numeric-chain-000009,12,1,48,1150,0.7,830,850,DC54D+Z,IF钢,SPHETI-3,软钢,normal_real,,,,,,,
diagnostic_candidate,True,0002001767-000070,0002001767-000070,0002001767-000070,BR_00000018,BR_00000012,numeric-chain-000009,12,2,23,1140,0.6,830,850,DC54D+Z,IF钢,SPHETI-3,软钢,normal_real,,,,,,,
diagnostic_candidate,True,0002001768-000060,0002001768-000060,0002001768-000060,BR_00000018,BR_00000012,numeric-chain-000009,12,3,46,1133,0.7,830,850,DC53D+Z,IF钢,SPHETI-3,软钢,normal_real,,,,,,,
diagnostic_candidate,True,0002001854-000050,0002001854-000050,0002001854-000050,BR_00000024,BR_00000012,numeric-chain-000009,12,4,69,1133,0.7,830,850,DC53D+Z,IF钢,SPHETI-3,软钢,normal_real,,,,,,,
diagnostic_candidate,True,0002001901-000020,0002001901-000020,0002001901-000020,BR_00000024,BR_00000012,numeric-chain-000009,12,5,23,1133,0.7,830,850,DC53D+Z,IF钢,SPHETI-3,软钢,normal_real,,,,,,,
diagnostic_candidate,True,0002001603-000060,0002001603-000060,0002001603-000060,BR_00000012,BR_00000012,numeric-chain-000009,12,6,69,1133,0.7,830,850,DC53D+Z,IF钢,SPHETI-3,软钢,normal_real,,,,,,,
diagnostic_candidate,True,0005000487-000010,0005000487-000010,0005000487-000010,BR_00000018,BR_00000012,numeric-chain-000009,12,7,21,1130,0.7,820,840,CR210BH,加磷高强、烘烤硬化钢,H220BH,软钢,normal_real,,,,,,,
diagnostic_candidate,True,0005000500-000030,0005000500-000030,0005000500-000030,BR_00000024,BR_00000012,numeric-chain-000009,12,8,42,1130,0.7,820,840,CR210BH,加磷高强、烘烤硬化钢,H220BH,软钢,normal_real,,,,,,,
diagnostic_candidate,True,0005000545-000020,0005000545-000020,0005000545-000020,BR_00000030,BR_00000012,numeric-chain-000009,12,9,42,1130,0.7,820,840,CR210BH,加磷高强、烘烤硬化钢,H220BH,软钢,normal_real,,,,,,,
diagnostic_candidate,True,0005000468-000020,0005000468-000020,0005000468-000020,BR_00000012,BR_00000012,numeric-chain-000009,12,10,21,1130,0.7,820,840,CR210BH,加磷高强、烘烤硬化钢,H220BH,软钢,normal_real,,,,,,,
diagnostic_candidate,True,0030103543-000060,0030103543-000060,0030103543-000060,BR_00000012,BR_00000012,numeric-chain-000009,12,11,46,1125,0.8,820,840,DC53D+Z,IF钢,SPHETI-5,软钢,normal_real,,,,,,,
diagnostic_candidate,True,0030104292-000010,0030104292-000010,0030104292-000010,BR_00000012,BR_00000012,numeric-chain-000009,12,12,23,1125,0.8,830,850,DC56D+Z,IF钢,SPHETI-3,软钢,normal_real,,,,,,,
diagnostic_candidate,True,0002001648-000130,0002001648-000130,0002001648-000130,BR_00000012,BR_00000012,numeric-chain-000009,12,13,168,1120,0.6,820,840,DX53D+Z-CD,IF钢,SPHETI-5,软钢,normal_real,,,,,,,
diagnostic_candidate,True,0030114761-000020,0030114761-000020,0030114761-000020,BR_00000024,BR_00000012,numeric-chain-000009,12,14,23,1120,0.6,820,840,HC180BD+Z,加磷高强、烘烤硬化钢,H180BH1,软钢,normal_real,,,,,,,
diagnostic_candidate,True,0002001767-000060,0002001767-000060,0002001767-000060,BR_00000018,BR_00000012,numeric-chain-000009,12,15,23,1117,0.6,830,850,DC54D+Z,IF钢,SPHETI-3,软钢,normal_real,,,,,,,
diagnostic_candidate,True,0030103543-000020,0030103543-000020,0030103543-000020,BR_00000012,BR_00000012,numeric-chain-000009,12,16,207,1107,0.6,820,840,DC53D+Z,IF钢,SPHETI-5,软钢,normal_real,,,,,,,
diagnostic_candidate,True,0030105931-000020,0030105931-000020,0030105931-000020,BR_00000012,BR_00000012,numeric-chain-000009,12,17,46,1107,0.6,820,840,DC53D+Z,IF钢,SPHETI-5,软钢,normal_real,,,,,,,
diagnostic_candidate,True,0002001757-000170,0002001757-000170,0002001757-000170,BR_00000018,BR_00000012,numeric-chain-000009,12,18,46,1100,0.5,815,835,DX51D+Z-MD,普碳,SPHC,软钢,normal_real,,,,,,,
diagnostic_candidate,True,0002001480-000010,0002001480-000010,0002001480-000010,BR_00000012,BR_00000012,numeric-chain-000009,12,19,460,1093,0.5,820,840,DX53D+Z-CD,IF钢,SPHETI-5,软钢,normal_real,,,,,,,
diagnostic_candidate,True,0002002073-000010,0002002073-000010,0002002073-000010,BR_00000036,BR_00000012,numeric-chain-000011,13,1,600,1065,0.5,820,840,DX53D+Z-CD,IF钢,SPHETI-5,软钢,normal_real,,,,,,,
diagnostic_candidate,True,0002001647-000090,0002001647-000090,0002001647-000090,BR_00000012,BR_00000012,numeric-chain-000011,13,2,22,1050,0.45,815,835,DX51D+Z-MD,普碳,SPHC,软钢,normal_real,,,,,,,
diagnostic_candidate,True,0030118093-000030,0030118093-000030,0030118093-000030,BR_00000030,BR_00000012,numeric-chain-000011,13,3,88,1050,0.5,820,840,DC53D+Z,IF钢,SPHETI-5,软钢,normal_real,,,,,,,
diagnostic_candidate,True,0030110545-000020,0030110545-000020,0030110545-000020,BR_00000018,BR_00000012,numeric-chain-000011,13,4,22,1041,0.5,820,840,DC53D+Z,IF钢,SPHETI-5,软钢,normal_real,,,,,,,
diagnostic_candidate,True,0030123916-000020,0030123916-000020,0030123916-000020,BR_00000036,BR_00000012,numeric-chain-000011,13,5,23,1000,0.4,700,840,DC51D+Z,普碳,SPHC,软钢,actual_transition,,,,,,,
diagnostic_candidate,True,0030118641-000020,0030118641-000020,0030118641-000020,BR_00000030,BR_00000012,numeric-chain-000011,13,6,46,1000,0.4,700,840,DC51D+Z,普碳,SPHC,软钢,actual_transition,,,,,,,
diagnostic_candidate,True,0030106987-000050,0030106987-000050,0030106987-000050,BR_00000018,BR_00000012,numeric-chain-000011,13,7,726,1000,0.45,700,840,DX51D+Z,普碳,SPHC,软钢,actual_transition,,,,,,,
diagnostic_candidate,True,0030107934-000010,0030107934-000010,0030107934-000010,BR_00000018,BR_00000012,numeric-chain-000011,13,8,220,1000,0.5,770,810,DX51D+Z,深冲钢（PD）,SPHCQ,软钢,normal_real,,,,,,,
diagnostic_candidate,True,0002001628-000110,0002001628-000110,0002001628-000110,BR_00000012,BR_00000012,numeric-chain-000011,13,9,40,990,0.6,770,810,DC51D+Z,普碳,SPHC,软钢,normal_real,,,,,,,
diagnostic_candidate,True,0002001744-000270,0002001744-000270,0002001744-000270,BR_00000018,BR_00000012,numeric-chain-000011,13,10,13,984,0.6,770,810,DC51D+Z,普碳,SPHC,软钢,normal_real,,,,,,,
diagnostic_candidate,True,0002001612-000700,0002001612-000700,0002001612-000700,BR_00000012,BR_00000012,numeric-chain-000011,13,11,35,984,0.6,770,810,DC51D+Z,普碳,SPHC,软钢,normal_real,,,,,,,
diagnostic_candidate,True,0002001890-000190,0002001890-000190,0002001890-000190,BR_00000024,BR_00000012,numeric-chain-000011,13,12,23,983,0.6,770,810,DC51D+Z,普碳,SPHC,软钢,normal_real,,,,,,,
diagnostic_candidate,True,0002001871-000260,0002001871-000260,0002001871-000260,BR_00000024,BR_00000012,numeric-chain-000011,13,13,20,983,0.6,770,810,DC51D+Z,普碳,SPHC,软钢,normal_real,,,,,,,
diagnostic_candidate,True,0002001890-000290,0002001890-000290,0002001890-000290,BR_00000024,BR_00000012,numeric-chain-000011,13,14,17,982,0.6,770,810,DC51D+Z,普碳,SPHC,软钢,normal_real,,,,,,,
diagnostic_candidate,True,0002001901-000140,0002001901-000140,0002001901-000140,BR_00000024,BR_00000012,numeric-chain-000011,13,15,46,975,0.6,770,810,DC51D+Z,普碳,SPHC,软钢,normal_real,,,,,,,
diagnostic_candidate,True,0002001780-000190,0002001780-000190,0002001780-000190,BR_00000024,BR_00000012,numeric-chain-000011,13,16,19,971,0.65,770,810,DC51D+Z,普碳,SPHC,软钢,normal_real,,,,,,,
diagnostic_candidate,True,0002002195-000010,0002002195-000010,0002002195-000010,BR_00000036,BR_00000012,numeric-chain-000011,13,17,10,918,0.65,770,810,DC51D+Z,普碳,SPHC,软钢,normal_real,,,,,,,
diagnostic_candidate,True,0030118415-000020,0030118415-000020,0030118415-000020,BR_00000030,BR_00000012,numeric-chain-000013,14,1,24,1590,0.7,700,840,DC51D+Z,普碳,SPHC,软钢,normal_real,,,,,,,
diagnostic_candidate,True,0030119862-000080,0030119862-000080,0030119862-000080,BR_00000030,BR_00000012,numeric-chain-000013,14,2,24,1589,0.7,770,810,DC51D+Z,深冲钢（PD）,SPHCQ,软钢,normal_real,,,,,,,
diagnostic_candidate,True,0030125207-000060,0030125207-000060,0030125207-000060,BR_00000036,BR_00000012,numeric-chain-000013,14,3,24,1589,0.7,770,810,DC51D+Z,深冲钢（PD）,SPHCQ,软钢,normal_real,,,,,,,
diagnostic_candidate,True,0002002185-000080,0002002185-000080,0002002185-000080,BR_00000036,BR_00000012,numeric-chain-000013,14,4,40,1540,0.7,770,810,DC51D+Z,IF钢,SPHETI-3,软钢,normal_real,,,,,,,
diagnostic_candidate,True,0030108883-000010,0030108883-000010,0030108883-000010,BR_00000018,BR_00000012,numeric-chain-000013,14,5,9.5,1530,0.7,790,810,SCG260Y+Z,加磷高强、烘烤硬化钢,H260Y,软钢,normal_real,,,,,,,
diagnostic_candidate,True,0030108883-000020,0030108883-000020,0030108883-000020,BR_00000018,BR_00000012,numeric-chain-000013,14,6,9.2,1520,0.7,790,810,SCG260Y+Z,加磷高强、烘烤硬化钢,H260Y,软钢,normal_real,,,,,,,
diagnostic_candidate,True,0002001874-000090,0002001874-000090,0002001874-000090,BR_00000024,BR_00000012,numeric-chain-000013,14,7,23,1510,0.65,770,810,DC51D+Z,普碳,SPHC,软钢,normal_real,,,,,,,
diagnostic_candidate,True,0002002185-000140,0002002185-000140,0002002185-000140,BR_00000036,BR_00000012,numeric-chain-000013,14,8,30,1510,0.65,770,810,DC51D+Z,IF钢,SPHETI-3,软钢,normal_real,,,,,,,
diagnostic_candidate,True,0002001628-000100,0002001628-000100,0002001628-000100,BR_00000012,BR_00000012,numeric-chain-000013,14,9,69,1510,0.65,770,810,DC51D+Z,普碳,SPHC,软钢,normal_real,,,,,,,
diagnostic_candidate,True,0002002176-000080,0002002176-000080,0002002176-000080,BR_00000036,BR_00000012,numeric-chain-000013,14,10,15,1498,0.65,770,810,DC51D+Z,IF钢,SPHETI-3,软钢,normal_real,,,,,,,
diagnostic_candidate,True,0002002035-000050,0002002035-000050,0002002035-000050,BR_00000030,BR_00000012,numeric-chain-000013,14,11,49,1490,0.65,770,810,DC51D+Z,普碳,SPHC,软钢,normal_real,,,,,,,
diagnostic_candidate,True,0002001633-000100,0002001633-000100,0002001633-000100,BR_00000012,BR_00000012,numeric-chain-000013,14,12,20,1490,0.65,770,810,DC51D+Z,普碳,SPHC,软钢,normal_real,,,,,,,
diagnostic_candidate,True,0002001986-000100,0002001986-000100,0002001986-000100,BR_00000030,BR_00000012,numeric-chain-000013,14,13,96,1490,0.65,770,810,DC51D+Z,普碳,SPHC,软钢,normal_real,,,,,,,
diagnostic_candidate,True,0002002162-000010,0002002162-000010,0002002162-000010,BR_00000036,BR_00000012,numeric-chain-000013,14,14,72,1470,0.65,770,810,DC51D+Z,IF钢,SPHETI-3,软钢,normal_real,,,,,,,
diagnostic_candidate,True,0002002044-000020,0002002044-000020,0002002044-000020,BR_00000030,BR_00000012,numeric-chain-000013,14,15,48,1470,0.65,770,810,DC51D+Z,普碳,SPHC,软钢,normal_real,,,,,,,
diagnostic_candidate,True,0002001986-000090,0002001986-000090,0002001986-000090,BR_00000030,BR_00000012,numeric-chain-000013,14,16,24,1463,0.65,770,810,DC51D+Z,普碳,SPHC,软钢,normal_real,,,,,,,
diagnostic_candidate,True,0002001998-000170,0002001998-000170,0002001998-000170,BR_00000030,BR_00000012,numeric-chain-000013,14,17,120,1463,0.65,770,810,DC51D+Z,普碳,SPHC,软钢,normal_real,,,,,,,
diagnostic_candidate,True,0002001986-000080,0002001986-000080,0002001986-000080,BR_00000030,BR_00000012,numeric-chain-000013,14,18,24,1455,0.65,770,810,DC51D+Z,普碳,SPHC,软钢,normal_real,,,,,,,
diagnostic_candidate,True,0030119862-000180,0030119862-000180,0030119862-000180,BR_00000030,BR_00000012,numeric-chain-000013,14,19,24,1453,0.7,790,810,HC260YD+Z,加磷高强、烘烤硬化钢,H260Y,软钢,normal_real,,,,,,,
diagnostic_candidate,True,0030108883-000030,0030108883-000030,0030108883-000030,BR_00000018,BR_00000012,numeric-chain-000013,14,20,8.7,1445,0.65,790,810,SCG260Y+Z,加磷高强、烘烤硬化钢,H260Y,软钢,normal_real,,,,,,,
diagnostic_candidate,True,0002001750-000490,0002001750-000490,0002001750-000490,BR_00000018,BR_00000012,numeric-chain-000013,14,21,28,1445,0.6,770,810,DC51D+Z,普碳,SPHC,软钢,normal_real,,,,,,,
diagnostic_candidate,True,0002001767-000030,0002001767-000030,0002001767-000030,BR_00000018,BR_00000012,numeric-chain-000013,14,22,24,1443,0.6,770,810,DC51D+Z,普碳,SPHC,软钢,normal_real,,,,,,,
diagnostic_candidate,True,0030123053-000010,0030123053-000010,0030123053-000010,BR_00000036,BR_00000012,numeric-chain-000013,14,23,48,1440,0.8,700,840,DC51D+Z,普碳,SPHC,软钢,actual_transition,,,,,,,
diagnostic_candidate,True,0002002170-000240,0002002170-000240,0002002170-000240,BR_00000036,BR_00000012,numeric-chain-000013,14,24,80,1434,0.7,830,850,DC53D+Z,IF钢,SPHETI-3,软钢,normal_real,,,,,,,
diagnostic_candidate,True,0030120728-000010,0030120728-000010,0030120728-000010,BR_00000031,BR_00000012,numeric-chain-000013,14,25,24,1426,0.8,830,850,DC54D+Z,IF钢,SPHETI-5,软钢,normal_real,,,,,,,
diagnostic_candidate,True,0002002053-000120,0002002053-000120,0002002053-000120,BR_00000030,BR_00000012,numeric-chain-000013,14,26,92,1400,0.8,820,840,DX53D+Z-MD,IF钢,SPHETI-5,软钢,normal_real,,,,,,,
diagnostic_candidate,True,0002002054-000200,0002002054-000200,0002002054-000200,BR_00000030,BR_00000012,numeric-chain-000013,14,27,192,1385,0.8,815,835,DX51D+Z-MD,普碳,SPHC,软钢,normal_real,,,,,,,
diagnostic_candidate,True,0002001775-000010,0002001775-000010,0002001775-000010,BR_00000024,BR_00000012,numeric-chain-000013,14,28,350,1383,0.8,820,840,DX53D+Z-CD,IF钢,SPHETI-5,软钢,normal_real,,,,,,,
diagnostic_candidate,True,0005000486-000030,0005000486-000030,0005000486-000030,BR_00000018,BR_00000012,numeric-chain-000013,14,29,63,1365,0.8,830,850,CR180BH,加磷高强、烘烤硬化钢,H180BH,软钢,normal_real,,,,,,,
diagnostic_candidate,True,0005000547-000620,0005000547-000620,0005000547-000620,BR_00000030,BR_00000012,numeric-chain-000013,14,30,21,1365,1,830,850,CR180BH,加磷高强、烘烤硬化钢,H180BH,软钢,normal_real,,,,,,,
diagnostic_candidate,True,0005000486-000570,0005000486-000570,0005000486-000570,BR_00000018,BR_00000012,numeric-chain-000013,14,31,21,1365,1,830,850,CR180BH,加磷高强、烘烤硬化钢,H180BH,软钢,normal_real,,,,,,,
diagnostic_candidate,True,0002002020-000080,0002002020-000080,0002002020-000080,BR_00000030,BR_00000012,numeric-chain-000013,14,32,115,1364,1,830,850,DC54D+Z,IF钢,SPHETI-3,软钢,normal_real,,,,,,,
diagnostic_candidate,True,0005000501-000720,0005000501-000720,0005000501-000720,BR_00000024,BR_00000012,numeric-chain-000013,14,33,42,1360,0.9,820,840,CR210BH,加磷高强、烘烤硬化钢,H220BH,软钢,normal_real,,,,,,,
diagnostic_candidate,True,0005000486-000720,0005000486-000720,0005000486-000720,BR_00000018,BR_00000012,numeric-chain-000013,14,34,42,1360,0.9,820,840,CR210BH,加磷高强、烘烤硬化钢,H220BH,软钢,normal_real,,,,,,,
diagnostic_candidate,True,0030119860-000040,0030119860-000040,0030119860-000040,BR_00000030,BR_00000012,numeric-chain-000014,15,1,240,1360,0.7,810,830,HC180YD+Z,加磷高强、烘烤硬化钢,H180YD,软钢,normal_real,,,,,,,
diagnostic_candidate,True,0030110381-000090,0030110381-000090,0030110381-000090,BR_00000018,BR_00000012,numeric-chain-000014,15,2,57,1355,0.7,810,830,HC180YD+Z,加磷高强、烘烤硬化钢,H180YD,软钢,normal_real,,,,,,,
diagnostic_candidate,True,0030113335-000010,0030113335-000010,0030113335-000010,BR_00000024,BR_00000012,numeric-chain-000014,15,3,28,1355,0.7,810,830,HC180YD+Z,加磷高强、烘烤硬化钢,H180YD,软钢,normal_real,,,,,,,
diagnostic_candidate,True,0030105380-000010,0030105380-000010,0030105380-000010,BR_00000012,BR_00000012,numeric-chain-000014,15,4,36,1355,0.7,810,830,HC180YD+Z,加磷高强、烘烤硬化钢,H180YD,软钢,normal_real,,,,,,,
diagnostic_candidate,True,0030113136-000010,0030113136-000010,0030113136-000010,BR_00000024,BR_00000012,numeric-chain-000014,15,5,46,1350,0.6,820,840,HC180BD+Z,加磷高强、烘烤硬化钢,H180BH1,软钢,normal_real,,,,,,,
diagnostic_candidate,True,0005000501-000150,0005000501-000150,0005000501-000150,BR_00000024,BR_00000012,numeric-chain-000014,15,6,63,1350,0.8,830,850,CR180BH,加磷高强、烘烤硬化钢,H180BH,软钢,normal_real,,,,,,,
diagnostic_candidate,True,0005000563-000130,0005000563-000130,0005000563-000130,BR_00000036,BR_00000012,numeric-chain-000014,15,7,42,1350,0.8,830,850,CR180BH,加磷高强、烘烤硬化钢,H180BH,软钢,normal_real,,,,,,,
diagnostic_candidate,True,0002001895-000010,0002001895-000010,0002001895-000010,BR_00000024,BR_00000012,numeric-chain-000014,15,8,69,1350,1,820,840,DX53D+Z-CD,IF钢,SPHETI-5,软钢,normal_real,,,,,,,
diagnostic_candidate,True,0002001757-000180,0002001757-000180,0002001757-000180,BR_00000018,BR_00000012,numeric-chain-000014,15,9,46,1350,1,820,840,DX53D+Z-CD,IF钢,SPHETI-5,软钢,normal_real,,,,,,,
diagnostic_candidate,True,0002002054-000030,0002002054-000030,0002002054-000030,BR_00000030,BR_00000012,numeric-chain-000014,15,10,142,1350,1,820,840,DX53D+Z-CD,IF钢,SPHETI-5,软钢,normal_real,,,,,,,
diagnostic_candidate,True,0002001648-000150,0002001648-000150,0002001648-000150,BR_00000012,BR_00000012,numeric-chain-000014,15,11,24,1350,1,820,840,DX53D+Z-CD,IF钢,SPHETI-5,软钢,normal_real,,,,,,,
diagnostic_candidate,True,0030108517-000010,0030108517-000010,0030108517-000010,BR_00000018,BR_00000012,numeric-chain-000014,15,12,24,1348,1,820,840,DC53D+Z,IF钢,SPHETI-5,软钢,normal_real,,,,,,,
diagnostic_candidate,True,0030103809-000010,0030103809-000010,0030103809-000010,BR_00000012,BR_00000012,numeric-chain-000014,15,13,96,1346,1,820,840,DX53D+Z,IF钢,SPHETI-5,软钢,normal_real,,,,,,,
diagnostic_candidate,True,0002001622-000040,0002001622-000040,0002001622-000040,BR_00000012,BR_00000012,numeric-chain-000021,16,1,192,1165,1.2,820,840,DX53D+Z-CD,IF钢,SPHETI-5,软钢,normal_real,,,,,,,
diagnostic_candidate,True,0030120939-000080,0030120939-000080,0030120939-000080,BR_00000032,BR_00000012,numeric-chain-000021,16,2,46,1150,1.2,810,830,HC180YD+Z,加磷高强、烘烤硬化钢,H180YD,软钢,normal_real,,,,,,,
diagnostic_candidate,True,0030105927-000120,0030105927-000120,0030105927-000120,BR_00000012,BR_00000012,numeric-chain-000021,16,3,46,1150,1.2,820,840,DX53D+Z,IF钢,SPHETI-5,软钢,normal_real,,,,,,,
diagnostic_candidate,True,0002002054-000050,0002002054-000050,0002002054-000050,BR_00000030,BR_00000012,numeric-chain-000021,16,4,42,1130,1.5,815,835,DX51D+Z-MD,普碳,SPHC,软钢,normal_real,,,,,,,
diagnostic_candidate,True,0002001895-000060,0002001895-000060,0002001895-000060,BR_00000024,BR_00000012,numeric-chain-000021,16,5,44,1130,1.5,815,835,DX51D+Z-MD,普碳,SPHC,软钢,normal_real,,,,,,,
diagnostic_candidate,True,0030119916-000090,0030119916-000090,0030119916-000090,BR_00000030,BR_00000012,numeric-chain-000021,16,6,46,1121,1.8,820,840,HC220BD+Z,加磷高强、烘烤硬化钢,H220BH4,软钢,normal_real,,,,,,,
diagnostic_candidate,True,0030114040-000040,0030114040-000040,0030114040-000040,BR_00000024,BR_00000012,numeric-chain-000021,16,7,46,1112,1.6,830,850,DC56D+Z,IF钢,SPHETI-3,软钢,normal_real,,,,,,,
diagnostic_candidate,True,0005000463-000020,0005000463-000020,0005000463-000020,BR_00000012,BR_00000012,numeric-chain-000021,16,8,22,1105,1.5,830,850,CR3,IF钢,SPHETI-36,软钢,normal_real,,,,,,,
diagnostic_candidate,True,0030120757-000010,0030120757-000010,0030120757-000010,BR_00000031,BR_00000012,numeric-chain-000021,16,9,23,1099,1.5,830,850,DC54D+Z,IF钢,SPHETI-5,软钢,normal_real,,,,,,,
diagnostic_candidate,True,0030114637-000010,0030114637-000010,0030114637-000010,BR_00000024,BR_00000012,numeric-chain-000021,16,10,23,1085,1.2,830,850,DC54D+Z,IF钢,SPHETI-5,软钢,normal_real,,,,,,,
diagnostic_candidate,True,0030120951-000020,0030120951-000020,0030120951-000020,BR_00000032,BR_00000012,numeric-chain-000021,16,11,96,1080,1,700,840,DX51D+Z,普碳,SPHC,软钢,normal_real,,,,,,,
diagnostic_candidate,True,0030120939-000060,0030120939-000060,0030120939-000060,BR_00000032,BR_00000012,numeric-chain-000021,16,12,46,1080,1.2,810,830,HC180YD+Z,加磷高强、烘烤硬化钢,H180YD,软钢,normal_real,,,,,,,
diagnostic_candidate,True,0030108326-000010,0030108326-000010,0030108326-000010,BR_00000018,BR_00000012,numeric-chain-000021,16,13,23,1079,1,700,840,DC51D+Z,普碳,SPHC,软钢,actual_transition,,,,,,,
diagnostic_candidate,True,0030125170-000010,0030125170-000010,0030125170-000010,BR_00000036,BR_00000012,numeric-chain-000021,16,14,20,1070,1.2,795,815,HC220YD+Z-GL,加磷高强、烘烤硬化钢,H220Y,,normal_real,,,,,,,
diagnostic_candidate,True,0030106850-000020,0030106850-000020,0030106850-000020,BR_00000013,BR_00000012,numeric-chain-000021,16,15,24,1054,1.3,790,810,HC220YD+Z,加磷高强、烘烤硬化钢,H220Y,软钢,normal_real,,,,,,,
diagnostic_candidate,True,0002001647-000010,0002001647-000010,0002001647-000010,BR_00000012,BR_00000012,numeric-chain-000021,16,16,80,1050,1.5,770,810,DX51D+Z-WL,深冲钢（PD）,SPHCQ,软钢,normal_real,,,,,,,
diagnostic_candidate,True,0030115892-000020,0030115892-000020,0030115892-000020,BR_00000026,BR_00000012,numeric-chain-000021,16,17,22,1040,1.4,795,815,HC220YD+Z,加磷高强、烘烤硬化钢,H220Y,软钢,normal_real,,,,,,,
diagnostic_candidate,True,0002002023-000150,0002002023-000150,0002002023-000150,BR_00000030,BR_00000012,numeric-chain-000021,16,18,19,1035,1.4,770,810,DC51D+Z,普碳,SPHC,软钢,normal_real,,,,,,,
diagnostic_candidate,True,0002002202-000300,0002002202-000300,0002002202-000300,BR_00000036,BR_00000012,numeric-chain-000021,16,19,30,1030,1.6,770,810,DC51D+Z,IF钢,SPHETI-3,软钢,normal_real,,,,,,,
diagnostic_candidate,True,0002002023-000010,0002002023-000010,0002002023-000010,BR_00000030,BR_00000012,numeric-chain-000021,16,20,19,1020,1.4,770,810,DC51D+Z,普碳,SPHC,软钢,normal_real,,,,,,,
diagnostic_candidate,True,0030125207-000130,0030125207-000130,0030125207-000130,BR_00000036,BR_00000012,numeric-chain-000021,16,21,22,1011,1.2,800,820,HC260YD+Z,加磷高强、烘烤硬化钢,H260Y,软钢,normal_real,,,,,,,
diagnostic_candidate,True,0030109896-000020,0030109896-000020,0030109896-000020,BR_00000018,BR_00000012,numeric-chain-000021,16,22,44,1005,1,800,820,HC260YD+Z,加磷高强、烘烤硬化钢,H260Y,软钢,normal_real,,,,,,,
diagnostic_candidate,True,0030122899-000020,0030122899-000020,0030122899-000020,BR_00000036,BR_00000012,numeric-chain-000021,16,23,220,1000,1,700,840,DC51D+Z,普碳,SPHC,软钢,actual_transition,,,,,,,
diagnostic_candidate,True,0030124826-000010,0030124826-000010,0030124826-000010,BR_00000036,BR_00000012,numeric-chain-000021,16,24,40,1000,1.15,710,730,DX51D+Z,普碳,SPHC,软钢,normal_real,,,,,,,
diagnostic_candidate,True,0030122899-000030,0030122899-000030,0030122899-000030,BR_00000036,BR_00000012,numeric-chain-000021,16,25,170,1000,1.2,700,840,DC51D+Z,普碳,SPHC,软钢,actual_transition,,,,,,,
diagnostic_candidate,True,0010018679-000030,0010018679-000030,0010018679-000030,BR_00000030,BR_00000012,numeric-chain-000021,16,26,198,1000,1.5,700,840,DC51D+Z,普碳,SPHC,软钢,actual_transition,,,,,,,
diagnostic_candidate,True,0005000486-000290,0005000486-000290,0005000486-000290,BR_00000018,BR_00000012,numeric-chain-000021,16,27,18,980,2,820,860,CR3,IF钢,SPHETI-36,软钢,normal_real,,,,,,,
diagnostic_candidate,True,0030117111-000020,0030117111-000020,0030117111-000020,BR_00000030,BR_00000012,numeric-chain-000021,16,28,18,914,1.5,830,850,CR180BH,加磷高强、烘烤硬化钢,H180BH,软钢,normal_real,,,,,,,
diagnostic_candidate,True,0005000486-000280,0005000486-000280,0005000486-000280,BR_00000018,BR_00000012,numeric-chain-000021,16,29,16,900,1.2,820,860,CR3,IF钢,SPHETI-36,软钢,normal_real,,,,,,,
diagnostic_candidate,True,0005000547-000210,0005000547-000210,0005000547-000210,BR_00000030,BR_00000012,numeric-chain-000021,16,30,80,900,1.2,830,850,CR180BH,加磷高强、烘烤硬化钢,H180BH,软钢,normal_real,,,,,,,
diagnostic_candidate,True,0002001871-000060,0002001871-000060,0002001871-000060,BR_00000024,BR_00000012,numeric-chain-000021,16,31,23,898,1,830,850,DC53D+Z,IF钢,SPHETI-3,软钢,normal_real,,,,,,,
diagnostic_candidate,True,0002001871-000410,0002001871-000410,0002001871-000410,BR_00000024,BR_00000012,numeric-chain-000021,16,32,50,857,1,830,850,DC53D+Z,IF钢,SPHETI-3,软钢,normal_real,,,,,,,
diagnostic_candidate,True,0002001612-000030,0002001612-000030,0002001612-000030,BR_00000012,BR_00000012,numeric-chain-000021,16,33,13,830,1,830,850,DC53D+Z,IF钢,SPHETI-3,软钢,normal_real,,,,,,,
diagnostic_candidate,True,0002002020-000060,0002002020-000060,0002002020-000060,BR_00000030,BR_00000012,numeric-chain-000021,16,34,80,830,1,830,850,DC56D+Z,IF钢,SPHETI-3,软钢,normal_real,,,,,,,
diagnostic_candidate,True,0005000501-000470,0005000501-000470,0005000501-000470,BR_00000024,BR_00000012,numeric-chain-000025,17,1,21,1585,1.4,715,735,CR380LA,低合金高强,H380LA-3,硬钢,normal_real,,,,,,,
diagnostic_candidate,True,0005000501-000450,0005000501-000450,0005000501-000450,BR_00000024,BR_00000012,numeric-chain-000025,17,2,21,1565,1.5,715,735,CR380LA,低合金高强,H380LA-3,硬钢,normal_real,,,,,,,
diagnostic_candidate,True,0005000547-000500,0005000547-000500,0005000547-000500,BR_00000030,BR_00000012,numeric-chain-000025,17,3,42,1565,1.5,715,735,CR380LA,低合金高强,H380LA-3,硬钢,normal_real,,,,,,,
diagnostic_candidate,True,0030112954-000060,0030112954-000060,0030112954-000060,BR_00000024,BR_00000012,numeric-chain-000025,17,4,24,1500,1.2,700,840,DC51D+Z,普碳,SPHC,软钢,actual_transition,,,,,,,
diagnostic_candidate,True,0010020206-000110,0010020206-000110,0010020206-000110,BR_00000036,BR_00000012,numeric-chain-000025,17,5,192,1500,1.2,700,840,DC51D+Z,普碳,SPHC,软钢,actual_transition,,,,,,,
diagnostic_candidate,True,0030119862-000130,0030119862-000130,0030119862-000130,BR_00000030,BR_00000012,numeric-chain-000025,17,6,24,1500,1.2,830,850,DC51D+Z,IF钢,SPHETI-3,软钢,normal_real,,,,,,,
diagnostic_candidate,True,0030125207-000100,0030125207-000100,0030125207-000100,BR_00000036,BR_00000012,numeric-chain-000025,17,7,24,1500,1.2,830,850,DC51D+Z,IF钢,SPHETI-3,软钢,normal_real,,,,,,,
diagnostic_candidate,True,0030106199-000010,0030106199-000010,0030106199-000010,BR_00000012,BR_00000012,numeric-chain-000025,17,8,24,1500,1.2,830,850,DC51D+Z,IF钢,SPHETI-3,软钢,normal_real,,,,,,,
diagnostic_candidate,True,0005000509-000030,0005000509-000030,0005000509-000030,BR_00000024,BR_00000012,numeric-chain-000025,17,9,7,1486,1.2,830,850,CR4,IF钢,SPHETI-36,软钢,normal_real,,,,,,,
diagnostic_candidate,True,0030121177-000010,0030121177-000010,0030121177-000010,BR_00000032,BR_00000012,numeric-chain-000025,17,10,24,1463,1,830,850,DC54D+Z,IF钢,SPHETI-5,软钢,normal_real,,,,,,,
diagnostic_candidate,True,0030114768-000010,0030114768-000010,0030114768-000010,BR_00000024,BR_00000012,numeric-chain-000025,17,11,7,1455,0.9,830,850,CR3,IF钢,SPHETI-36,软钢,normal_real,,,,,,,
diagnostic_candidate,True,0005000464-000290,0005000464-000290,0005000464-000290,BR_00000012,BR_00000012,numeric-chain-000025,17,12,63,1448,0.8,830,850,CR3,IF钢,SPHETI-36,软钢,normal_real,,,,,,,
diagnostic_candidate,True,0005000501-000340,0005000501-000340,0005000501-000340,BR_00000024,BR_00000012,numeric-chain-000025,17,13,63,1448,0.8,830,850,CR3,IF钢,SPHETI-36,软钢,normal_real,,,,,,,
diagnostic_candidate,True,0005000547-000390,0005000547-000390,0005000547-000390,BR_00000030,BR_00000012,numeric-chain-000025,17,14,63,1448,0.8,830,850,CR3,IF钢,SPHETI-36,软钢,normal_real,,,,,,,
diagnostic_candidate,True,0030123142-000020,0030123142-000020,0030123142-000020,BR_00000036,BR_00000012,numeric-chain-000025,17,15,182,1440,0.7,830,850,SCG4+Z,IF钢,SPHETI-3,软钢,normal_real,,,,,,,
diagnostic_candidate,True,0030123936-000010,0030123936-000010,0030123936-000010,BR_00000036,BR_00000012,numeric-chain-000025,17,16,182,1440,0.7,830,850,SCG4+Z,IF钢,SPHETI-3,软钢,normal_real,,,,,,,
diagnostic_candidate,True,0002002184-000030,0002002184-000030,0002002184-000030,BR_00000036,BR_00000012,numeric-chain-000025,17,17,23,1440,0.65,830,850,DC53D+Z,IF钢,SPHETI-3,软钢,normal_real,,,,,,,
diagnostic_candidate,True,0002001889-000100,0002001889-000100,0002001889-000100,BR_00000024,BR_00000012,numeric-chain-000025,17,18,13,1432,0.65,830,850,DC54D+Z,IF钢,SPHETI-3,软钢,normal_real,,,,,,,
diagnostic_candidate,True,0002001767-000020,0002001767-000020,0002001767-000020,BR_00000018,BR_00000012,numeric-chain-000025,17,19,72,1430,0.65,830,850,DC53D+Z,IF钢,SPHETI-3,软钢,normal_real,,,,,,,
diagnostic_candidate,True,0002001889-000070,0002001889-000070,0002001889-000070,BR_00000024,BR_00000012,numeric-chain-000025,17,20,60,1418,0.65,830,850,DC53D+Z,IF钢,SPHETI-3,软钢,normal_real,,,,,,,
diagnostic_candidate,True,0030124683-000030,0030124683-000030,0030124683-000030,BR_00000036,BR_00000012,numeric-chain-000025,17,21,48,1410,0.8,830,850,DC56D+Z,IF钢,SPHETI-3,软钢,normal_real,,,,,,,
diagnostic_candidate,True,0030108542-000160,0030108542-000160,0030108542-000160,BR_00000018,BR_00000012,numeric-chain-000025,17,22,48,1396,0.8,820,840,DX53D+Z-LG,IF钢,SPHETI-5,软钢,normal_real,,,,,,,
diagnostic_candidate,True,0030108260-000020,0030108260-000020,0030108260-000020,BR_00000018,BR_00000012,numeric-chain-000025,17,23,182,1390,0.7,830,850,SCG4+Z,IF钢,SPHETI-3,软钢,normal_real,,,,,,,
diagnostic_candidate,True,0030118991-000020,0030118991-000020,0030118991-000020,BR_00000030,BR_00000012,numeric-chain-000025,17,24,234,1390,0.7,830,850,SCG4+Z,IF钢,SPHETI-3,软钢,normal_real,,,,,,,
diagnostic_candidate,True,0030123654-000030,0030123654-000030,0030123654-000030,BR_00000036,BR_00000012,numeric-chain-000029,18,1,24,1304,0.7,830,850,DX53D+Z1,IF钢,SPHETI-5,软钢,normal_real,,,,,,,
diagnostic_candidate,True,0030108542-000130,0030108542-000130,0030108542-000130,BR_00000018,BR_00000012,numeric-chain-000029,18,2,24,1303,0.7,820,840,DX53D+Z-LG,IF钢,SPHETI-5,软钢,normal_real,,,,,,,
diagnostic_candidate,True,0002001750-000180,0002001750-000180,0002001750-000180,BR_00000018,BR_00000012,numeric-chain-000029,18,3,44,1300,0.65,810,830,180YD+Z,加磷高强、烘烤硬化钢,H180YD,软钢,normal_real,,,,,,,
diagnostic_candidate,True,0002001981-000190,0002001981-000190,0002001981-000190,BR_00000030,BR_00000012,numeric-chain-000029,18,4,49,1300,0.65,810,830,180YD+Z,加磷高强、烘烤硬化钢,H180YD,软钢,normal_real,,,,,,,
diagnostic_candidate,True,0030124735-000120,0030124735-000120,0030124735-000120,BR_00000036,BR_00000012,numeric-chain-000029,18,5,24,1300,0.65,820,840,DX53D+Z,IF钢,SPHETI-5,软钢,normal_real,,,,,,,
diagnostic_candidate,True,0002001867-000070,0002001867-000070,0002001867-000070,BR_00000024,BR_00000012,numeric-chain-000029,18,6,23,1300,0.65,830,850,DC54D+Z,IF钢,SPHETI-3,软钢,normal_real,,,,,,,
diagnostic_candidate,True,0030105110-000070,0030105110-000070,0030105110-000070,BR_00000012,BR_00000012,numeric-chain-000029,18,7,23,1300,0.75,820,840,HC220BD+Z,加磷高强、烘烤硬化钢,H220BH,软钢,normal_real,,,,,,,
diagnostic_candidate,True,0030106801-000010,0030106801-000010,0030106801-000010,BR_00000013,BR_00000012,numeric-chain-000029,18,8,96,1300,0.75,830,850,DC56D+Z,IF钢,SPHETI-3,软钢,normal_real,,,,,,,
diagnostic_candidate,True,0030110867-000020,0030110867-000020,0030110867-000020,BR_00000019,BR_00000012,numeric-chain-000029,18,9,72,1300,0.75,830,850,DC56D+Z,IF钢,SPHETI-3,软钢,normal_real,,,,,,,
diagnostic_candidate,True,0030110865-000020,0030110865-000020,0030110865-000020,BR_00000019,BR_00000012,numeric-chain-000029,18,10,72,1300,0.75,830,850,DC56D+Z,IF钢,SPHETI-3,软钢,normal_real,,,,,,,
diagnostic_candidate,True,0030121196-000020,0030121196-000020,0030121196-000020,BR_00000032,BR_00000012,numeric-chain-000029,18,11,24,1300,0.95,830,850,DC56D+Z,IF钢,SPHETI-3,软钢,normal_real,,,,,,,
diagnostic_candidate,True,0002002054-000100,0002002054-000100,0002002054-000100,BR_00000030,BR_00000012,numeric-chain-000029,18,12,220,1300,1,820,840,DX53D+Z-MD,IF钢,SPHETI-5,软钢,normal_real,,,,,,,
diagnostic_candidate,True,0002002053-000180,0002002053-000180,0002002053-000180,BR_00000030,BR_00000012,numeric-chain-000030,19,1,60,1300,1,820,840,DX53D+Z-MD,IF钢,SPHETI-5,软钢,normal_real,,,,,,,
diagnostic_candidate,True,0030119945-000110,0030119945-000110,0030119945-000110,BR_00000030,BR_00000012,numeric-chain-000030,19,2,24,1300,1,830,850,DC54D+Z,IF钢,SPHETI-5,软钢,normal_real,,,,,,,
diagnostic_candidate,True,0005000501-000640,0005000501-000640,0005000501-000640,BR_00000024,BR_00000012,numeric-chain-000030,19,3,168,1285,0.9,830,850,CR4,IF钢,SPHETI-36,软钢,normal_real,,,,,,,
diagnostic_candidate,True,0030106830-000010,0030106830-000010,0030106830-000010,BR_00000018,BR_00000012,numeric-chain-000030,19,4,72,1273,0.85,830,850,DC56D+Z,IF钢,SPHETI-3,软钢,normal_real,,,,,,,
diagnostic_candidate,True,0030107381-000090,0030107381-000090,0030107381-000090,BR_00000018,BR_00000012,numeric-chain-000030,19,5,44,1260,0.8,830,850,CR3,IF钢,SPHETI-36,软钢,normal_real,,,,,,,
diagnostic_candidate,True,0002001614-000060,0002001614-000060,0002001614-000060,BR_00000012,BR_00000012,numeric-chain-000030,19,6,23,1260,0.6,830,850,DC53D+Z,IF钢,SPHETI-3,软钢,normal_real,,,,,,,
diagnostic_candidate,True,0030103526-000100,0030103526-000100,0030103526-000100,BR_00000012,BR_00000012,numeric-chain-000030,19,7,24,1250,0.6,700,840,DC51D+Z,普碳,SPHC,软钢,actual_transition,,,,,,,
diagnostic_candidate,True,0030106897-000030,0030106897-000030,0030106897-000030,BR_00000018,BR_00000012,numeric-chain-000030,19,8,96,1250,0.75,700,840,DC51D+Z,普碳,SPHC,软钢,actual_transition,,,,,,,
diagnostic_candidate,True,0030105876-000050,0030105876-000050,0030105876-000050,BR_00000012,BR_00000012,numeric-chain-000030,19,9,744,1238,0.75,815,835,DX51D+Z,普碳,SPHC,软钢,normal_real,,,,,,,
diagnostic_candidate,True,0030114754-000030,0030114754-000030,0030114754-000030,BR_00000024,BR_00000012,numeric-chain-000030,19,10,24,1230,0.8,700,840,DC51D+Z,普碳,SPHC,软钢,normal_real,,,,,,,
diagnostic_candidate,True,0002002053-000150,0002002053-000150,0002002053-000150,BR_00000030,BR_00000012,numeric-chain-000030,19,11,42,1219,0.8,815,835,DX51D+Z-MD,普碳,SPHC,软钢,normal_real,,,,,,,
diagnostic_candidate,True,0002001899-000040,0002001899-000040,0002001899-000040,BR_00000024,BR_00000012,numeric-chain-000030,19,12,60,1219,1,815,835,DX51D+Z-MD,普碳,SPHC,软钢,normal_real,,,,,,,
diagnostic_candidate,True,0002002053-000080,0002002053-000080,0002002053-000080,BR_00000030,BR_00000012,numeric-chain-000030,19,13,23,1219,1.2,815,835,DX51D+Z-MD,普碳,SPHC,软钢,normal_real,,,,,,,
diagnostic_candidate,True,0002002054-000240,0002002054-000240,0002002054-000240,BR_00000030,BR_00000012,numeric-chain-000030,19,14,25,1219,1.2,820,840,DX53D+Z-MD,IF钢,SPHETI-5,软钢,normal_real,,,,,,,
diagnostic_candidate,True,0030118942-000010,0030118942-000010,0030118942-000010,BR_00000030,BR_00000012,numeric-chain-000030,19,15,48,1219,1.5,700,840,DX51D+Z,普碳,SPHC,软钢,actual_transition,,,,,,,
diagnostic_candidate,True,0002001899-000060,0002001899-000060,0002001899-000060,BR_00000024,BR_00000012,numeric-chain-000030,19,16,24,1219,1.5,820,840,DX53D+Z-MD,IF钢,SPHETI-5,软钢,normal_real,,,,,,,
diagnostic_candidate,True,0002002053-000100,0002002053-000100,0002002053-000100,BR_00000030,BR_00000012,numeric-chain-000030,19,17,92,1219,1.5,820,840,DX53D+Z-MD,IF钢,SPHETI-5,软钢,normal_real,,,,,,,
diagnostic_candidate,True,0030103543-000130,0030103543-000130,0030103543-000130,BR_00000012,BR_00000012,numeric-chain-000030,19,18,48,1205,1.5,700,840,DC51D+Z,普碳,SPHC,软钢,normal_real,,,,,,,
diagnostic_candidate,True,0002002195-000090,0002002195-000090,0002002195-000090,BR_00000036,BR_00000012,numeric-chain-000030,19,19,48,1200,1.6,795,815,220YD+Z,加磷高强、烘烤硬化钢,H220Y,软钢,normal_real,,,,,,,
diagnostic_candidate,True,0002001880-000170,0002001880-000170,0002001880-000170,BR_00000024,BR_00000012,numeric-chain-000030,19,20,24,1200,1.6,795,815,220YD+Z,加磷高强、烘烤硬化钢,H220Y,软钢,normal_real,,,,,,,
diagnostic_candidate,True,0002001643-000010,0002001643-000010,0002001643-000010,BR_00000012,BR_00000012,numeric-chain-000030,19,21,50,1200,1.6,795,815,220YD+Z,加磷高强、烘烤硬化钢,H220Y,软钢,normal_real,,,,,,,
diagnostic_candidate,True,0002002185-000020,0002002185-000020,0002002185-000020,BR_00000036,BR_00000012,numeric-chain-000030,19,22,23,1190,1.6,770,810,DC51D+Z,IF钢,SPHETI-3,软钢,normal_real,,,,,,,
diagnostic_candidate,True,0002001874-000010,0002001874-000010,0002001874-000010,BR_00000024,BR_00000012,numeric-chain-000030,19,23,23,1190,1.6,770,810,DC51D+Z,普碳,SPHC,软钢,normal_real,,,,,,,
diagnostic_candidate,True,0002001873-000060,0002001873-000060,0002001873-000060,BR_00000024,BR_00000012,numeric-chain-000030,19,24,23,1185,2,770,810,DC51D+Z,普碳,SPHC,软钢,normal_real,,,,,,,
diagnostic_candidate,True,0002002023-000170,0002002023-000170,0002002023-000170,BR_00000030,BR_00000012,numeric-chain-000030,19,25,23,1175,1.6,770,810,DC51D+Z,普碳,SPHC,软钢,normal_real,,,,,,,
diagnostic_candidate,True,0002002202-000260,0002002202-000260,0002002202-000260,BR_00000036,BR_00000012,numeric-chain-000030,19,26,23,1175,1.6,770,810,DC51D+Z,普碳,SPHC,软钢,normal_real,,,,,,,
diagnostic_candidate,True,0002001751-000080,0002001751-000080,0002001751-000080,BR_00000018,BR_00000012,numeric-chain-000030,19,27,23,1175,1.6,770,810,DC51D+Z,普碳,SPHC,软钢,normal_real,,,,,,,
diagnostic_candidate,True,0002002024-000180,0002002024-000180,0002002024-000180,BR_00000030,BR_00000012,numeric-chain-000030,19,28,23,1175,1.6,770,810,DC51D+Z,普碳,SPHC,软钢,normal_real,,,,,,,
diagnostic_candidate,True,0002002185-000040,0002002185-000040,0002002185-000040,BR_00000036,BR_00000012,numeric-chain-000030,19,29,40,1165,1.6,770,810,DC51D+Z,IF钢,SPHETI-3,软钢,normal_real,,,,,,,
diagnostic_candidate,True,0030115673-000110,0030115673-000110,0030115673-000110,BR_00000025,BR_00000012,numeric-chain-000030,19,30,24,1165,1.8,800,820,HC220YD+Z,加磷高强、烘烤硬化钢,H220Y,软钢,normal_real,,,,,,,
diagnostic_candidate,True,0030111511-000050,0030111511-000050,0030111511-000050,BR_00000020,BR_00000012,numeric-chain-000030,19,31,8,1165,1.8,800,820,HC220YD+Z,加磷高强、烘烤硬化钢,H220Y,软钢,normal_real,,,,,,,
diagnostic_candidate,True,0030124871-000100,0030124871-000100,0030124871-000100,BR_00000036,BR_00000012,numeric-chain-000032,20,1,210,1585,0.75,730,750,DX51D+Z,普碳,SPHC,软钢,normal_real,,,,,,,
diagnostic_candidate,True,0030124871-000090,0030124871-000090,0030124871-000090,BR_00000036,BR_00000012,numeric-chain-000032,20,2,70,1550,0.75,730,750,DX51D+Z,普碳,SPHC,软钢,normal_real,,,,,,,
diagnostic_candidate,True,0030110545-000030,0030110545-000030,0030110545-000030,BR_00000018,BR_00000012,numeric-chain-000032,20,3,24,1520,0.8,700,840,DC51D+Z,普碳,SPHC,软钢,actual_transition,,,,,,,
diagnostic_candidate,True,0002001998-000330,0002001998-000330,0002001998-000330,BR_00000030,BR_00000012,numeric-chain-000032,20,4,48,1515,0.65,830,850,DC54D+Z,IF钢,SPHETI-3,软钢,normal_real,,,,,,,
diagnostic_candidate,True,0030113136-000030,0030113136-000030,0030113136-000030,BR_00000024,BR_00000012,numeric-chain-000032,20,5,23,1500,0.65,820,840,HC180BD+Z,加磷高强、烘烤硬化钢,H180BH1,软钢,normal_real,,,,,,,
diagnostic_candidate,True,0002002009-000170,0002002009-000170,0002002009-000170,BR_00000030,BR_00000012,numeric-chain-000032,20,6,23,1500,0.65,830,850,DC53D+Z,IF钢,SPHETI-3,软钢,normal_real,,,,,,,
diagnostic_candidate,True,0030107311-000030,0030107311-000030,0030107311-000030,BR_00000018,BR_00000012,numeric-chain-000032,20,7,24,1500,0.7,700,840,DC51D+Z,普碳,SPHC,软钢,actual_transition,,,,,,,
diagnostic_candidate,True,0030121196-000030,0030121196-000030,0030121196-000030,BR_00000032,BR_00000012,numeric-chain-000032,20,8,72,1500,0.7,770,790,HC340/590DPD+Z,双相钢,W590X4,硬钢,normal_real,,,,,,,
diagnostic_candidate,True,0010018763-000010,0010018763-000010,0010018763-000010,BR_00000030,BR_00000012,numeric-chain-000032,20,9,96,1500,0.8,700,840,DC51D+Z,普碳,SPHC,软钢,actual_transition,,,,,,,
diagnostic_candidate,True,0030105071-000010,0030105071-000010,0030105071-000010,BR_00000012,BR_00000012,numeric-chain-000032,20,10,48,1500,0.8,700,840,DX51D+Z,普碳,SPHC,软钢,normal_real,,,,,,,
diagnostic_candidate,True,0030106969-000030,0030106969-000030,0030106969-000030,BR_00000013,BR_00000012,numeric-chain-000032,20,11,24,1500,0.8,700,840,DC51D+Z,普碳,SPHC,软钢,actual_transition,,,,,,,
diagnostic_candidate,True,0030104603-000050,0030104603-000050,0030104603-000050,BR_00000012,BR_00000012,numeric-chain-000032,20,12,24,1500,0.9,700,840,DC51D+Z,普碳,SPHC,软钢,actual_transition,,,,,,,
diagnostic_candidate,True,0005000501-000600,0005000501-000600,0005000501-000600,BR_00000024,BR_00000012,numeric-chain-000032,20,13,46,1490,0.9,790,810,CR240LA,低合金高强,H260LAD-3,硬钢,normal_real,,,,,,,
diagnostic_candidate,True,0030105893-000010,0030105893-000010,0030105893-000010,BR_00000012,BR_00000012,numeric-chain-000032,20,14,48,1450,0.8,700,840,DC51D+Z,普碳,SPHC,软钢,actual_transition,,,,,,,
diagnostic_candidate,True,0002001768-000030,0002001768-000030,0002001768-000030,BR_00000018,BR_00000012,numeric-chain-000032,20,15,46,1445,1,770,810,DC51D+Z,普碳,SPHC,软钢,normal_real,,,,,,,
diagnostic_candidate,True,0002002170-000250,0002002170-000250,0002002170-000250,BR_00000036,BR_00000012,numeric-chain-000032,20,16,69,1445,1,770,810,DC51D+Z,IF钢,SPHETI-3,软钢,normal_real,,,,,,,
diagnostic_candidate,True,0002001750-000230,0002001750-000230,0002001750-000230,BR_00000018,BR_00000012,numeric-chain-000032,20,17,24,1430,1,770,810,DC51D+Z,普碳,SPHC,软钢,normal_real,,,,,,,
diagnostic_candidate,True,0002001768-000150,0002001768-000150,0002001768-000150,BR_00000018,BR_00000012,numeric-chain-000032,20,18,23,1420,1,770,810,DC51D+Z,普碳,SPHC,软钢,normal_real,,,,,,,
diagnostic_candidate,True,0002001603-000120,0002001603-000120,0002001603-000120,BR_00000012,BR_00000012,numeric-chain-000032,20,19,23,1420,1,770,810,DC51D+Z,普碳,SPHC,软钢,normal_real,,,,,,,
diagnostic_candidate,True,0030119862-000030,0030119862-000030,0030119862-000030,BR_00000030,BR_00000012,numeric-chain-000032,20,20,24,1402,1.2,795,815,HC220YD+Z,加磷高强、烘烤硬化钢,H220Y,软钢,normal_real,,,,,,,
diagnostic_candidate,True,0002001780-000140,0002001780-000140,0002001780-000140,BR_00000024,BR_00000012,numeric-chain-000032,20,21,23,1390,1,770,810,DC51D+Z,普碳,SPHC,软钢,normal_real,,,,,,,
diagnostic_candidate,True,0002001744-000240,0002001744-000240,0002001744-000240,BR_00000018,BR_00000012,numeric-chain-000032,20,22,13,1385,1.2,770,810,DC51D+Z,普碳,SPHC,软钢,normal_real,,,,,,,
diagnostic_candidate,True,0002001860-000010,0002001860-000010,0002001860-000010,BR_00000024,BR_00000012,numeric-chain-000032,20,23,20,1383,1,770,810,DC51D+Z,普碳,SPHC,软钢,normal_real,,,,,,,
diagnostic_candidate,True,0002002006-000040,0002002006-000040,0002002006-000040,BR_00000030,BR_00000012,numeric-chain-000032,20,24,20,1380,1.2,770,810,DC51D+Z,IF钢,SPHETI-3,软钢,normal_real,,,,,,,
diagnostic_candidate,True,0002002195-000240,0002002195-000240,0002002195-000240,BR_00000036,BR_00000012,numeric-chain-000032,20,25,24,1363,1,770,810,DC51D+Z,普碳,SPHC,软钢,normal_real,,,,,,,
diagnostic_candidate,True,0002001633-000180,0002001633-000180,0002001633-000180,BR_00000012,BR_00000012,numeric-chain-000032,20,26,24,1363,1,770,810,DC51D+Z,普碳,SPHC,软钢,normal_real,,,,,,,
diagnostic_candidate,True,0002001768-000080,0002001768-000080,0002001768-000080,BR_00000018,BR_00000012,numeric-chain-000032,20,27,23,1360,1.2,770,810,DC51D+Z,普碳,SPHC,软钢,normal_real,,,,,,,
diagnostic_candidate,True,0002002170-000260,0002002170-000260,0002002170-000260,BR_00000036,BR_00000012,numeric-chain-000032,20,28,23,1360,1.2,770,810,DC51D+Z,IF钢,SPHETI-3,软钢,normal_real,,,,,,,
diagnostic_candidate,True,0002001854-000140,0002001854-000140,0002001854-000140,BR_00000024,BR_00000012,numeric-chain-000032,20,29,46,1360,1.2,770,810,DC51D+Z,普碳,SPHC,软钢,normal_real,,,,,,,
diagnostic_candidate,True,0002001906-000080,0002001906-000080,0002001906-000080,BR_00000025,BR_00000012,numeric-chain-000032,20,30,23,1360,1.2,770,810,DC51D+Z,普碳,SPHC,软钢,normal_real,,,,,,,
diagnostic_candidate,True,0002002006-000200,0002002006-000200,0002002006-000200,BR_00000030,BR_00000012,numeric-chain-000032,20,31,20,1353,1.2,770,810,DC51D+Z,IF钢,SPHETI-3,软钢,normal_real,,,,,,,
diagnostic_candidate,True,0030106163-000020,0030106163-000020,0030106163-000020,BR_00000012,BR_00000012,numeric-chain-000032,20,32,48,1343,1,790,810,HC220YD+Z,加磷高强、烘烤硬化钢,H220Y,软钢,normal_real,,,,,,,
diagnostic_candidate,True,0002002202-000130,0002002202-000130,0002002202-000130,BR_00000036,BR_00000012,numeric-chain-000032,20,33,23,1341,1,770,810,DC51D+Z,IF钢,SPHETI-3,软钢,normal_real,,,,,,,
diagnostic_candidate,True,0002001603-000110,0002001603-000110,0002001603-000110,BR_00000012,BR_00000012,numeric-chain-000032,20,34,46,1330,1,770,810,DC51D+Z,普碳,SPHC,软钢,normal_real,,,,,,,
diagnostic_candidate,True,0002001854-000100,0002001854-000100,0002001854-000100,BR_00000024,BR_00000012,numeric-chain-000032,20,35,50,1330,1,770,810,DC51D+Z,普碳,SPHC,软钢,normal_real,,,,,,,
diagnostic_candidate,True,0002002170-000220,0002002170-000220,0002002170-000220,BR_00000036,BR_00000012,numeric-chain-000032,20,36,46,1330,1,770,810,DC51D+Z,IF钢,SPHETI-3,软钢,normal_real,,,,,,,
diagnostic_candidate,True,0002001768-000120,0002001768-000120,0002001768-000120,BR_00000018,BR_00000012,numeric-chain-000032,20,37,23,1330,1,770,810,DC51D+Z,普碳,SPHC,软钢,normal_real,,,,,,,
diagnostic_candidate,True,0002001867-000260,0002001867-000260,0002001867-000260,BR_00000024,BR_00000012,numeric-chain-000032,20,38,23,1312,1,770,810,DC51D+Z,普碳,SPHC,软钢,normal_real,,,,,,,
diagnostic_candidate,True,0002002021-000180,0002002021-000180,0002002021-000180,BR_00000030,BR_00000012,numeric-chain-000032,20,39,23,1312,1,770,810,DC51D+Z,普碳,SPHC,软钢,normal_real,,,,,,,
diagnostic_candidate,True,0002002170-000350,0002002170-000350,0002002170-000350,BR_00000036,BR_00000012,numeric-chain-000032,20,40,23,1300,1.2,770,810,DC51D+Z,IF钢,SPHETI-3,软钢,normal_real,,,,,,,
diagnostic_candidate,True,0030114040-000020,0030114040-000020,0030114040-000020,BR_00000024,BR_00000012,numeric-chain-000032,20,41,24,1291,1,770,810,DC51D+Z,深冲钢（PD）,SPHCQ,软钢,normal_real,,,,,,,
diagnostic_candidate,True,0030105612-000100,0030105612-000100,0030105612-000100,BR_00000012,BR_00000012,numeric-chain-000032,20,42,24,1280,1,800,820,HC260YD+Z,加磷高强、烘烤硬化钢,H260Y,软钢,normal_real,,,,,,,
diagnostic_candidate,True,0030107853-000010,0030107853-000010,0030107853-000010,BR_00000018,BR_00000012,numeric-chain-000032,20,43,240,1270,0.85,810,830,HC180YD+Z,加磷高强、烘烤硬化钢,H180YD,软钢,normal_real,,,,,,,
diagnostic_candidate,True,0030105508-000010,0030105508-000010,0030105508-000010,BR_00000012,BR_00000012,numeric-chain-000032,20,44,120,1270,0.85,810,830,HC180YD+Z,加磷高强、烘烤硬化钢,H180YD,软钢,normal_real,,,,,,,
diagnostic_candidate,True,0002001479-000010,0002001479-000010,0002001479-000010,BR_00000012,BR_00000012,numeric-chain-000042,21,1,253,1060,1,820,840,DX53D+Z-CD,IF钢,SPHETI-5,软钢,normal_real,,,,,,,
diagnostic_candidate,True,0002001757-000010,0002001757-000010,0002001757-000010,BR_00000018,BR_00000012,numeric-chain-000042,21,2,96,1060,1,820,840,DX53D+Z-CD,IF钢,SPHETI-5,软钢,normal_real,,,,,,,
diagnostic_candidate,True,0030111511-000030,0030111511-000030,0030111511-000030,BR_00000020,BR_00000012,numeric-chain-000042,21,3,8,1055,1.2,830,850,DC56D+Z,IF钢,SPHETI-3,软钢,normal_real,,,,,,,
diagnostic_candidate,True,0002001756-000050,0002001756-000050,0002001756-000050,BR_00000018,BR_00000012,numeric-chain-000034,22,1,342,1195,1.2,770,810,DX51D+Z-WL,深冲钢（PD）,SPHCQ,软钢,normal_real,,,,,,,
diagnostic_candidate,True,0030125184-000010,0030125184-000010,0030125184-000010,BR_00000036,BR_00000012,numeric-chain-000034,22,2,48,1183,1,790,810,HC220YD+Z,加磷高强、烘烤硬化钢,H220Y,软钢,normal_real,,,,,,,
diagnostic_candidate,True,0002002059-000010,0002002059-000010,0002002059-000010,BR_00000030,BR_00000012,numeric-chain-000034,22,3,92,1180,1.2,770,810,DX51D+Z-WL,深冲钢（PD）,SPHCQ,软钢,normal_real,,,,,,,
diagnostic_candidate,True,0002001612-000110,0002001612-000110,0002001612-000110,BR_00000012,BR_00000012,numeric-chain-000034,22,4,37,1173,1.2,770,810,DC51D+Z,普碳,SPHC,软钢,normal_real,,,,,,,
diagnostic_candidate,True,0002001873-000010,0002001873-000010,0002001873-000010,BR_00000024,BR_00000012,numeric-chain-000034,22,5,23,1163,1.4,770,810,DC51D+Z,普碳,SPHC,软钢,normal_real,,,,,,,
diagnostic_candidate,True,0002002202-000120,0002002202-000120,0002002202-000120,BR_00000036,BR_00000012,numeric-chain-000034,22,6,23,1163,1.4,770,810,DC51D+Z,IF钢,SPHETI-3,软钢,normal_real,,,,,,,
diagnostic_candidate,True,0002002006-000190,0002002006-000190,0002002006-000190,BR_00000030,BR_00000012,numeric-chain-000034,22,7,20,1152,1.2,770,810,DC51D+Z,IF钢,SPHETI-3,软钢,normal_real,,,,,,,
diagnostic_candidate,True,0030124683-000050,0030124683-000050,0030124683-000050,BR_00000036,BR_00000012,numeric-chain-000034,22,8,23,1140,1.2,795,815,HC220YD+Z,加磷高强、烘烤硬化钢,H220Y,软钢,normal_real,,,,,,,
diagnostic_candidate,True,0002002026-000020,0002002026-000020,0002002026-000020,BR_00000030,BR_00000012,numeric-chain-000034,22,9,46,1140,1.4,770,810,DC51D+Z,普碳,SPHC,软钢,normal_real,,,,,,,
diagnostic_candidate,True,0002001768-000160,0002001768-000160,0002001768-000160,BR_00000018,BR_00000012,numeric-chain-000034,22,10,23,1140,1.4,770,810,DC51D+Z,普碳,SPHC,软钢,normal_real,,,,,,,
diagnostic_candidate,True,0030119862-000090,0030119862-000090,0030119862-000090,BR_00000030,BR_00000012,numeric-chain-000034,22,11,23,1134,1.4,770,810,DC51D+Z,深冲钢（PD）,SPHCQ,软钢,normal_real,,,,,,,
diagnostic_candidate,True,0030119797-000090,0030119797-000090,0030119797-000090,BR_00000030,BR_00000012,numeric-chain-000034,22,12,23,1130,1.2,800,820,HC260YD+Z,加磷高强、烘烤硬化钢,H260Y,软钢,normal_real,,,,,,,
diagnostic_candidate,True,0002002009-000200,0002002009-000200,0002002009-000200,BR_00000030,BR_00000012,numeric-chain-000034,22,13,23,1128,1,770,810,DC51D+Z,普碳,SPHC,软钢,normal_real,,,,,,,
diagnostic_candidate,True,0002001871-000370,0002001871-000370,0002001871-000370,BR_00000024,BR_00000012,numeric-chain-000034,22,14,13,1128,1,770,810,DC51D+Z,普碳,SPHC,软钢,normal_real,,,,,,,
diagnostic_candidate,True,0030124440-000020,0030124440-000020,0030124440-000020,BR_00000036,BR_00000012,numeric-chain-000034,22,15,23,1125,0.9,770,810,DX52D+Z,深冲钢（PD）,SPHCQ,软钢,normal_real,,,,,,,
diagnostic_candidate,True,0002002169-000030,0002002169-000030,0002002169-000030,BR_00000036,BR_00000012,numeric-chain-000034,22,16,30,1120,0.7,770,810,DC51D+Z,普碳,SPHC,软钢,normal_real,,,,,,,
diagnostic_candidate,True,0002001612-000550,0002001612-000550,0002001612-000550,BR_00000012,BR_00000012,numeric-chain-000034,22,17,13,1111,0.65,770,810,DC51D+Z,普碳,SPHC,软钢,normal_real,,,,,,,
diagnostic_candidate,True,0030117931-000020,0030117931-000020,0030117931-000020,BR_00000030,BR_00000012,numeric-chain-000034,22,18,23,1110,0.6,700,840,DC51D+Z,普碳,SPHC,软钢,normal_real,,,,,,,
diagnostic_candidate,True,0002002035-000090,0002002035-000090,0002002035-000090,BR_00000030,BR_00000012,numeric-chain-000034,22,19,69,1110,0.65,770,810,DC51D+Z,普碳,SPHC,软钢,normal_real,,,,,,,
diagnostic_candidate,True,0002001890-000020,0002001890-000020,0002001890-000020,BR_00000024,BR_00000012,numeric-chain-000034,22,20,30,1108,0.65,770,810,DC51D+Z,普碳,SPHC,软钢,normal_real,,,,,,,
diagnostic_candidate,True,0002001628-000090,0002001628-000090,0002001628-000090,BR_00000012,BR_00000012,numeric-chain-000034,22,21,35,1097,0.65,770,810,DC51D+Z,普碳,SPHC,软钢,normal_real,,,,,,,
diagnostic_candidate,True,0002001633-000060,0002001633-000060,0002001633-000060,BR_00000012,BR_00000012,numeric-chain-000034,22,22,20,1095,0.65,770,810,DC51D+Z,普碳,SPHC,软钢,normal_real,,,,,,,
diagnostic_candidate,True,0002002202-000150,0002002202-000150,0002002202-000150,BR_00000036,BR_00000012,numeric-chain-000034,22,23,25,1095,0.7,770,810,DC51D+Z,IF钢,SPHETI-3,软钢,normal_real,,,,,,,
diagnostic_candidate,True,0002001880-000110,0002001880-000110,0002001880-000110,BR_00000024,BR_00000012,numeric-chain-000034,22,24,44,1085,0.6,770,810,DC51D+Z,普碳,SPHC,软钢,normal_real,,,,,,,
diagnostic_candidate,True,0002002024-000080,0002002024-000080,0002002024-000080,BR_00000030,BR_00000012,numeric-chain-000034,22,25,19,1085,0.7,770,810,DC51D+Z,普碳,SPHC,软钢,normal_real,,,,,,,
diagnostic_candidate,True,0002002023-000050,0002002023-000050,0002002023-000050,BR_00000030,BR_00000012,numeric-chain-000034,22,26,19,1085,0.7,770,810,DC51D+Z,普碳,SPHC,软钢,normal_real,,,,,,,
diagnostic_candidate,True,0002002202-000160,0002002202-000160,0002002202-000160,BR_00000036,BR_00000012,numeric-chain-000034,22,27,19,1085,0.7,770,810,DC51D+Z,IF钢,SPHETI-3,软钢,normal_real,,,,,,,
diagnostic_candidate,True,0002002202-000170,0002002202-000170,0002002202-000170,BR_00000036,BR_00000012,numeric-chain-000034,22,28,19,1080,0.7,770,810,DC51D+Z,IF钢,SPHETI-3,软钢,normal_real,,,,,,,
diagnostic_candidate,True,0002002023-000060,0002002023-000060,0002002023-000060,BR_00000030,BR_00000012,numeric-chain-000034,22,29,19,1080,0.7,770,810,DC51D+Z,普碳,SPHC,软钢,normal_real,,,,,,,
diagnostic_candidate,True,0002001998-000230,0002001998-000230,0002001998-000230,BR_00000030,BR_00000012,numeric-chain-000034,22,30,23,1078,0.7,770,810,DC51D+Z,普碳,SPHC,软钢,normal_real,,,,,,,
diagnostic_candidate,True,0002002035-000060,0002002035-000060,0002002035-000060,BR_00000030,BR_00000012,numeric-chain-000034,22,31,23,1070,0.7,770,810,DC51D+Z,普碳,SPHC,软钢,normal_real,,,,,,,
diagnostic_candidate,True,0030110337-000020,0030110337-000020,0030110337-000020,BR_00000018,BR_00000012,numeric-chain-000034,22,32,24,1069,0.8,780,800,HC220YD+Z,加磷高强、烘烤硬化钢,H220Y,软钢,normal_real,,,,,,,
diagnostic_candidate,True,0002002023-000080,0002002023-000080,0002002023-000080,BR_00000030,BR_00000012,numeric-chain-000034,22,33,19,1068,1,770,810,DC51D+Z,普碳,SPHC,软钢,normal_real,,,,,,,
diagnostic_candidate,True,0002001612-000740,0002001612-000740,0002001612-000740,BR_00000012,BR_00000012,numeric-chain-000034,22,34,125,1065,1,770,810,DC51D+Z,普碳,SPHC,软钢,normal_real,,,,,,,
diagnostic_candidate,True,0002002009-000120,0002002009-000120,0002002009-000120,BR_00000030,BR_00000012,numeric-chain-000034,22,35,69,1063,1,770,810,DC51D+Z,IF钢,SPHETI-3,软钢,normal_real,,,,,,,
diagnostic_candidate,True,0002001890-000170,0002001890-000170,0002001890-000170,BR_00000024,BR_00000012,numeric-chain-000034,22,36,23,1063,1,770,810,DC51D+Z,IF钢,SPHETI-3,软钢,normal_real,,,,,,,
diagnostic_candidate,True,0002002176-000070,0002002176-000070,0002002176-000070,BR_00000036,BR_00000012,numeric-chain-000034,22,37,100,1063,1,770,810,DC51D+Z,IF钢,SPHETI-3,软钢,normal_real,,,,,,,
diagnostic_candidate,True,0030123143-000070,0030123143-000070,0030123143-000070,BR_00000036,BR_00000012,numeric-chain-000034,22,38,88,1060,1,800,820,SCG260Y+Z,加磷高强、烘烤硬化钢,H260Y,软钢,normal_real,,,,,,,
diagnostic_candidate,True,0030117285-000070,0030117285-000070,0030117285-000070,BR_00000030,BR_00000012,numeric-chain-000034,22,39,22,1060,1,800,820,SCG260Y+Z,加磷高强、烘烤硬化钢,H260Y,软钢,normal_real,,,,,,,
diagnostic_candidate,True,0030108884-000010,0030108884-000010,0030108884-000010,BR_00000018,BR_00000012,numeric-chain-000034,22,40,44,1060,1,800,820,SCG260Y+Z,加磷高强、烘烤硬化钢,H260Y,软钢,normal_real,,,,,,,
diagnostic_candidate,True,0030112575-000070,0030112575-000070,0030112575-000070,BR_00000024,BR_00000012,numeric-chain-000034,22,41,66,1060,1,800,820,SCG260Y+Z,加磷高强、烘烤硬化钢,H260Y,软钢,normal_real,,,,,,,
diagnostic_candidate,True,0030108260-000070,0030108260-000070,0030108260-000070,BR_00000018,BR_00000012,numeric-chain-000034,22,42,88,1060,1,800,820,SCG260Y+Z,加磷高强、烘烤硬化钢,H260Y,软钢,normal_real,,,,,,,
diagnostic_candidate,True,0030115561-000030,0030115561-000030,0030115561-000030,BR_00000025,BR_00000012,numeric-chain-000034,22,43,88,1045,0.94,800,820,HC260YD+Z,加磷高强、烘烤硬化钢,H260Y,软钢,normal_real,,,,,,,
diagnostic_candidate,True,0002002021-000070,0002002021-000070,0002002021-000070,BR_00000030,BR_00000012,numeric-chain-000034,22,44,19,1044,1,770,810,DC51D+Z,IF钢,SPHETI-3,软钢,normal_real,,,,,,,
diagnostic_candidate,True,0002002184-000160,0002002184-000160,0002002184-000160,BR_00000036,BR_00000012,numeric-chain-000035,23,1,16,1036,1.2,770,810,DC51D+Z,普碳,SPHC,软钢,normal_real,,,,,,,
diagnostic_candidate,True,0002002024-000140,0002002024-000140,0002002024-000140,BR_00000030,BR_00000012,numeric-chain-000035,23,2,19,1020,1.2,770,810,DC51D+Z,普碳,SPHC,软钢,normal_real,,,,,,,
diagnostic_candidate,True,0002002023-000100,0002002023-000100,0002002023-000100,BR_00000030,BR_00000012,numeric-chain-000035,23,3,19,1015,1,770,810,DC51D+Z,普碳,SPHC,软钢,normal_real,,,,,,,
diagnostic_candidate,True,0002002202-000180,0002002202-000180,0002002202-000180,BR_00000036,BR_00000012,numeric-chain-000035,23,4,19,1015,1,770,810,DC51D+Z,普碳,SPHC,软钢,normal_real,,,,,,,
diagnostic_candidate,True,0030121724-000010,0030121724-000010,0030121724-000010,BR_00000032,BR_00000012,numeric-chain-000035,23,5,72,1000,0.8,700,840,DC51D+Z,普碳,SPHC,软钢,actual_transition,,,,,,,
diagnostic_candidate,True,0005000501-000250,0005000501-000250,0005000501-000250,BR_00000024,BR_00000012,numeric-chain-000035,23,6,18,950,0.8,715,735,CR270LA,低合金高强,H260LAD-3,硬钢,normal_real,,,,,,,
diagnostic_candidate,True,0005000547-000280,0005000547-000280,0005000547-000280,BR_00000030,BR_00000012,numeric-chain-000035,23,7,36,950,0.8,715,735,CR270LA,低合金高强,H260LAD-3,硬钢,normal_real,,,,,,,
diagnostic_candidate,True,0005000464-000200,0005000464-000200,0005000464-000200,BR_00000012,BR_00000012,numeric-chain-000035,23,8,36,950,0.8,715,735,CR270LA,低合金高强,H260LAD-3,硬钢,normal_real,,,,,,,
diagnostic_candidate,True,0030119010-000010,0030119010-000010,0030119010-000010,BR_00000030,BR_00000012,numeric-chain-000035,23,9,36,910,0.8,700,840,DC51D+Z,普碳,SPHC,软钢,actual_transition,,,,,,,
diagnostic_candidate,True,0005000500-000010,0005000500-000010,0005000500-000010,BR_00000024,BR_00000012,numeric-chain-000035,23,10,18,900,0.7,810,830,CR240LA,低合金高强,H260LAD-3,硬钢,normal_real,,,,,,,
diagnostic_candidate,True,0030123143-000020,0030123143-000020,0030123143-000020,BR_00000036,BR_00000012,numeric-chain-000037,24,1,104,1390,0.7,830,850,SCG4+Z,IF钢,SPHETI-3,软钢,normal_real,,,,,,,
diagnostic_candidate,True,0030102674-000020,0030102674-000020,0030102674-000020,BR_00000012,BR_00000012,numeric-chain-000037,24,2,260,1390,0.7,830,850,SCG4+Z,IF钢,SPHETI-3,软钢,normal_real,,,,,,,
diagnostic_candidate,True,0002001860-000390,0002001860-000390,0002001860-000390,BR_00000024,BR_00000012,numeric-chain-000037,24,3,29,1390,0.65,830,850,DC53D+Z,IF钢,SPHETI-3,软钢,normal_real,,,,,,,
diagnostic_candidate,True,0030110865-000120,0030110865-000120,0030110865-000120,BR_00000019,BR_00000012,numeric-chain-000037,24,4,72,1380,0.65,830,850,DC56D+Z,IF钢,SPHETI-3,软钢,normal_real,,,,,,,
diagnostic_candidate,True,0030117110-000030,0030117110-000030,0030117110-000030,BR_00000030,BR_00000012,numeric-chain-000038,25,1,66,1374,0.75,830,850,CR3,IF钢,SPHETI-36,软钢,normal_real,,,,,,,
diagnostic_candidate,True,0030122759-000030,0030122759-000030,0030122759-000030,BR_00000036,BR_00000012,numeric-chain-000038,25,2,88,1374,0.75,830,850,CR3,IF钢,SPHETI-36,软钢,normal_real,,,,,,,
diagnostic_candidate,True,0005000563-000030,0005000563-000030,0005000563-000030,BR_00000036,BR_00000012,numeric-chain-000038,25,3,63,1365,0.8,830,850,CR180BH,加磷高强、烘烤硬化钢,H180BH,软钢,normal_real,,,,,,,
diagnostic_candidate,True,0005000547-000030,0005000547-000030,0005000547-000030,BR_00000030,BR_00000012,numeric-chain-000038,25,4,105,1365,0.8,830,850,CR180BH,加磷高强、烘烤硬化钢,H180BH,软钢,normal_real,,,,,,,
diagnostic_candidate,True,0005000464-000030,0005000464-000030,0005000464-000030,BR_00000012,BR_00000012,numeric-chain-000038,25,5,42,1365,0.8,830,850,CR180BH,加磷高强、烘烤硬化钢,H180BH,软钢,normal_real,,,,,,,
diagnostic_candidate,True,0002001780-000010,0002001780-000010,0002001780-000010,BR_00000024,BR_00000012,numeric-chain-000038,25,6,23,1365,0.65,830,850,DC53D+Z,IF钢,SPHETI-3,软钢,normal_real,,,,,,,
diagnostic_candidate,True,0002002026-000080,0002002026-000080,0002002026-000080,BR_00000030,BR_00000012,numeric-chain-000038,25,7,23,1365,0.65,830,850,DC53D+Z,IF钢,SPHETI-3,软钢,normal_real,,,,,,,
diagnostic_candidate,True,0030123142-000040,0030123142-000040,0030123142-000040,BR_00000036,BR_00000012,numeric-chain-000038,25,8,156,1360,0.65,830,850,SCG4+Z,IF钢,SPHETI-3,软钢,normal_real,,,,,,,
diagnostic_candidate,True,0030123425-000020,0030123425-000020,0030123425-000020,BR_00000036,BR_00000012,numeric-chain-000038,25,9,130,1360,0.65,830,850,SCG4+Z,IF钢,SPHETI-3,软钢,normal_real,,,,,,,
diagnostic_candidate,True,0030118991-000060,0030118991-000060,0030118991-000060,BR_00000030,BR_00000012,numeric-chain-000038,25,10,52,1360,0.65,830,850,SCG4+Z,IF钢,SPHETI-3,软钢,normal_real,,,,,,,
diagnostic_candidate,True,0002002053-000050,0002002053-000050,0002002053-000050,BR_00000030,BR_00000012,numeric-chain-000041,26,1,88,1100,1.2,820,840,DX53D+Z-MD,IF钢,SPHETI-5,软钢,normal_real,,,,,,,
diagnostic_candidate,True,0030105416-000210,0030105416-000210,0030105416-000210,BR_00000012,BR_00000012,numeric-chain-000041,26,2,23,1100,1.5,820,840,DC53D+Z,IF钢,SPHETI-5,软钢,normal_real,,,,,,,
diagnostic_candidate,True,0030114637-000020,0030114637-000020,0030114637-000020,BR_00000024,BR_00000012,numeric-chain-000041,26,3,23,1090,1.2,830,850,DC54D+Z,IF钢,SPHETI-5,软钢,normal_real,,,,,,,
diagnostic_candidate,True,0030106805-000020,0030106805-000020,0030106805-000020,BR_00000018,BR_00000012,numeric-chain-000041,26,4,69,1070,1.15,830,850,DC54D+Z,IF钢,SPHETI-3,软钢,normal_real,,,,,,,
diagnostic_candidate,True,0002001648-000140,0002001648-000140,0002001648-000140,BR_00000012,BR_00000012,numeric-chain-000041,26,5,156,1060,1,820,840,DX53D+Z-CD,IF钢,SPHETI-5,软钢,normal_real,,,,,,,
diagnostic_candidate,True,0002002195-000080,0002002195-000080,0002002195-000080,BR_00000036,BR_00000012,numeric-chain-000047,27,1,190,1195,0.65,830,850,DC53D+Z,IF钢,SPHETI-3,软钢,normal_real,,,,,,,
diagnostic_candidate,True,0030117283-000030,0030117283-000030,0030117283-000030,BR_00000030,BR_00000012,numeric-chain-000047,27,2,48,1190,0.7,830,850,SCG4+Z,IF钢,SPHETI-3,软钢,normal_real,,,,,,,
diagnostic_candidate,True,0030114754-000040,0030114754-000040,0030114754-000040,BR_00000024,BR_00000012,numeric-chain-000047,27,3,48,1190,0.6,820,840,DC53D+Z,IF钢,SPHETI-5,软钢,normal_real,,,,,,,
diagnostic_candidate,True,0030118934-000040,0030118934-000040,0030118934-000040,BR_00000030,BR_00000012,numeric-chain-000047,27,4,69,1180,0.65,820,840,HX180BD+Z,加磷高强、烘烤硬化钢,H180BH1,软钢,normal_real,,,,,,,
diagnostic_candidate,True,0030117110-000010,0030117110-000010,0030117110-000010,BR_00000030,BR_00000012,numeric-chain-000047,27,5,66,1170,0.7,830,850,CR3,IF钢,SPHETI-36,软钢,normal_real,,,,,,,
diagnostic_candidate,True,0002001612-000290,0002001612-000290,0002001612-000290,BR_00000012,BR_00000012,numeric-chain-000047,27,6,69,1170,0.65,830,850,DC53D+Z,IF钢,SPHETI-3,软钢,normal_real,,,,,,,
diagnostic_candidate,True,0002002009-000050,0002002009-000050,0002002009-000050,BR_00000030,BR_00000012,numeric-chain-000047,27,7,75,1168,0.65,830,850,DC53D+Z,IF钢,SPHETI-3,软钢,normal_real,,,,,,,
diagnostic_candidate,True,0030117932-000010,0030117932-000010,0030117932-000010,BR_00000030,BR_00000012,numeric-chain-000047,27,8,264,1162,0.6,700,840,DC51D+Z,普碳,SPHC,软钢,normal_real,,,,,,,
diagnostic_candidate,True,0002001768-000010,0002001768-000010,0002001768-000010,BR_00000018,BR_00000012,numeric-chain-000047,27,9,23,1160,0.7,830,850,DC53D+Z,IF钢,SPHETI-3,软钢,normal_real,,,,,,,
diagnostic_candidate,True,0002001901-000040,0002001901-000040,0002001901-000040,BR_00000024,BR_00000012,numeric-chain-000047,27,10,46,1160,0.7,830,850,DC53D+Z,IF钢,SPHETI-3,软钢,normal_real,,,,,,,
diagnostic_candidate,True,0002001740-000020,0002001740-000020,0002001740-000020,BR_00000018,BR_00000012,numeric-chain-000047,27,11,46,1160,0.7,830,850,DC53D+Z,IF钢,SPHETI-3,软钢,normal_real,,,,,,,
diagnostic_candidate,True,0002002185-000060,0002002185-000060,0002002185-000060,BR_00000036,BR_00000012,numeric-chain-000047,27,12,23,1155,0.65,830,850,DC54D+Z,IF钢,SPHETI-3,软钢,normal_real,,,,,,,
diagnostic_candidate,True,0030120757-000040,0030120757-000040,0030120757-000040,BR_00000031,BR_00000012,numeric-chain-000047,27,13,72,1155,0.8,830,850,DC54D+Z,IF钢,SPHETI-5,软钢,normal_real,,,,,,,
diagnostic_candidate,True,0030105044-000020,0030105044-000020,0030105044-000020,BR_00000012,BR_00000012,numeric-chain-000049,28,1,312,1145,1,830,850,HDX53D+Z-SN,IF钢,SPHETI-3,软钢,normal_real,,,,,,,
diagnostic_candidate,True,0030119985-000040,0030119985-000040,0030119985-000040,BR_00000030,BR_00000012,numeric-chain-000049,28,2,23,1140,0.8,820,840,DC53D+Z,IF钢,SPHETI-5,软钢,normal_real,,,,,,,
diagnostic_candidate,True,0030105927-000100,0030105927-000100,0030105927-000100,BR_00000012,BR_00000012,numeric-chain-000049,28,3,23,1135,0.6,820,840,DX53D+Z,IF钢,SPHETI-5,软钢,normal_real,,,,,,,
diagnostic_candidate,True,0030108110-000010,0030108110-000010,0030108110-000010,BR_00000018,BR_00000012,numeric-chain-000055,29,1,88,1035,0.6,830,850,DC54D+Z,IF钢,SPHETI-3,软钢,normal_real,,,,,,,
diagnostic_candidate,True,0002001780-000160,0002001780-000160,0002001780-000160,BR_00000024,BR_00000012,numeric-chain-000055,29,2,23,1030,0.6,830,850,DC54D+Z,IF钢,SPHETI-3,软钢,normal_real,,,,,,,
diagnostic_candidate,True,0030115673-000060,0030115673-000060,0030115673-000060,BR_00000025,BR_00000012,numeric-chain-000055,29,3,8,1012,0.65,830,850,DC56D+Z,IF钢,SPHETI-3,软钢,normal_real,,,,,,,
diagnostic_candidate,True,0005000486-000620,0005000486-000620,0005000486-000620,BR_00000018,BR_00000012,numeric-chain-000055,29,4,40,1005,0.8,830,850,CR3,IF钢,SPHETI-36,软钢,normal_real,,,,,,,
diagnostic_candidate,True,0030113328-000040,0030113328-000040,0030113328-000040,BR_00000024,BR_00000012,numeric-chain-000055,29,5,22,1005,0.8,820,840,DC53D+Z,IF钢,SPHETI-5,软钢,normal_real,,,,,,,
diagnostic_candidate,True,0002001768-000020,0002001768-000020,0002001768-000020,BR_00000018,BR_00000012,numeric-chain-000055,29,6,20,1000,0.65,810,830,180YD+Z,加磷高强、烘烤硬化钢,H180YD,软钢,normal_real,,,,,,,
diagnostic_candidate,True,0002001603-000050,0002001603-000050,0002001603-000050,BR_00000012,BR_00000012,numeric-chain-000055,29,7,100,1000,0.65,810,830,180YD+Z,加磷高强、烘烤硬化钢,H180YD,软钢,normal_real,,,,,,,
diagnostic_candidate,True,0005000563-000210,0005000563-000210,0005000563-000210,BR_00000036,BR_00000012,numeric-chain-000055,29,8,21,995,0.7,800,820,CR2,IF钢,SPHETI-36,软钢,normal_real,,,,,,,
diagnostic_candidate,True,0002002035-000020,0002002035-000020,0002002035-000020,BR_00000030,BR_00000012,numeric-chain-000055,29,9,44,985,0.7,770,810,DC51D+Z,普碳,SPHC,软钢,normal_real,,,,,,,
diagnostic_candidate,True,0002001871-000140,0002001871-000140,0002001871-000140,BR_00000024,BR_00000012,numeric-chain-000055,29,10,13,978,0.65,770,810,DC51D+Z,普碳,SPHC,软钢,normal_real,,,,,,,
diagnostic_candidate,True,0002001854-000160,0002001854-000160,0002001854-000160,BR_00000024,BR_00000012,numeric-chain-000055,29,11,38,971,0.65,770,810,DC51D+Z,普碳,SPHC,软钢,normal_real,,,,,,,
diagnostic_candidate,True,0002001603-000180,0002001603-000180,0002001603-000180,BR_00000012,BR_00000012,numeric-chain-000055,29,12,20,971,0.65,770,810,DC51D+Z,普碳,SPHC,软钢,normal_real,,,,,,,
diagnostic_candidate,True,0002001998-000010,0002001998-000010,0002001998-000010,BR_00000030,BR_00000012,numeric-chain-000055,29,13,18,939,0.7,770,810,DC51D+Z,普碳,SPHC,软钢,normal_real,,,,,,,
diagnostic_candidate,True,0030124731-000020,0030124731-000020,0030124731-000020,BR_00000036,BR_00000012,numeric-chain-000055,29,14,54,920,0.9,770,810,DC51D+Z,深冲钢（PD）,SPHCQ,软钢,normal_real,,,,,,,
diagnostic_candidate,True,0002001890-000110,0002001890-000110,0002001890-000110,BR_00000024,BR_00000012,numeric-chain-000055,29,15,13,916,1,770,810,DC51D+Z,普碳,SPHC,软钢,normal_real,,,,,,,
diagnostic_candidate,True,0002001860-000070,0002001860-000070,0002001860-000070,BR_00000024,BR_00000012,numeric-chain-000055,29,16,24,900,1.2,770,810,DC51D+Z,普碳,SPHC,软钢,normal_real,,,,,,,
diagnostic_candidate,True,0002001890-000220,0002001890-000220,0002001890-000220,BR_00000024,BR_00000012,numeric-chain-000055,29,17,13,890,1.2,770,810,DC51D+Z,普碳,SPHC,软钢,normal_real,,,,,,,
diagnostic_candidate,True,0002001871-000360,0002001871-000360,0002001871-000360,BR_00000024,BR_00000012,numeric-chain-000055,29,18,30,890,1.2,770,810,DC51D+Z,普碳,SPHC,软钢,normal_real,,,,,,,
diagnostic_candidate,True,0002001860-000120,0002001860-000120,0002001860-000120,BR_00000024,BR_00000012,numeric-chain-000055,29,19,20,885,1.4,770,810,DC51D+Z,普碳,SPHC,软钢,normal_real,,,,,,,
diagnostic_candidate,True,0002002170-000290,0002002170-000290,0002002170-000290,BR_00000036,BR_00000012,numeric-chain-000055,29,20,50,883,1.4,770,810,DC51D+Z,IF钢,SPHETI-3,软钢,normal_real,,,,,,,
diagnostic_candidate,True,0002001603-000190,0002001603-000190,0002001603-000190,BR_00000012,BR_00000012,numeric-chain-000055,29,21,51,883,1.4,770,810,DC51D+Z,普碳,SPHC,软钢,normal_real,,,,,,,
diagnostic_candidate,True,0002001854-000270,0002001854-000270,0002001854-000270,BR_00000024,BR_00000012,numeric-chain-000055,29,22,32,805,1.2,770,810,DC51D+Z,普碳,SPHC,软钢,normal_real,,,,,,,
diagnostic_candidate,True,0030124871-000080,0030124871-000080,0030124871-000080,BR_00000036,BR_00000012,numeric-chain-000059,30,1,60,1575,0.95,710,730,DX51D+Z,普碳,SPHC,软钢,normal_real,,,,,,,
diagnostic_candidate,True,0030124871-000140,0030124871-000140,0030124871-000140,BR_00000036,BR_00000012,numeric-chain-000059,30,2,30,1550,0.95,710,730,DX51D+Z,普碳,SPHC,软钢,normal_real,,,,,,,
diagnostic_candidate,True,0030107311-000050,0030107311-000050,0030107311-000050,BR_00000018,BR_00000012,numeric-chain-000059,30,3,24,1500,0.95,700,840,DC51D+Z,普碳,SPHC,软钢,actual_transition,,,,,,,
diagnostic_candidate,True,0030104896-000010,0030104896-000010,0030104896-000010,BR_00000012,BR_00000012,numeric-chain-000059,30,4,24,1500,0.98,700,840,DX51D+Z,普碳,SPHC,软钢,normal_real,,,,,,,
diagnostic_candidate,True,0010018679-000080,0010018679-000080,0010018679-000080,BR_00000030,BR_00000012,numeric-chain-000059,30,5,120,1500,1,700,840,DC51D+Z,普碳,SPHC,软钢,actual_transition,,,,,,,
diagnostic_candidate,True,0030107311-000230,0030107311-000230,0030107311-000230,BR_00000018,BR_00000012,numeric-chain-000059,30,6,48,1500,1.2,700,840,DC51D+Z,普碳,SPHC,软钢,actual_transition,,,,,,,
diagnostic_candidate,True,0030105462-000070,0030105462-000070,0030105462-000070,BR_00000012,BR_00000012,numeric-chain-000059,30,7,48,1500,1.5,700,840,DC51D+Z,普碳,SPHC,软钢,actual_transition,,,,,,,
diagnostic_candidate,True,0030103526-000070,0030103526-000070,0030103526-000070,BR_00000012,BR_00000012,numeric-chain-000059,30,8,24,1500,1.5,700,840,DC51D+Z,普碳,SPHC,软钢,actual_transition,,,,,,,
diagnostic_candidate,True,0030107311-000250,0030107311-000250,0030107311-000250,BR_00000018,BR_00000012,numeric-chain-000059,30,9,48,1500,1.5,700,840,DC51D+Z,普碳,SPHC,软钢,actual_transition,,,,,,,
diagnostic_candidate,True,0005000548-000060,0005000548-000060,0005000548-000060,BR_00000030,BR_00000012,numeric-chain-000059,30,10,7,1460,2,715,735,CR380LA,低合金高强,H380LA-3,硬钢,normal_real,,,,,,,
diagnostic_candidate,True,0005000514-000060,0005000514-000060,0005000514-000060,BR_00000024,BR_00000012,numeric-chain-000059,30,11,23,1385,1.8,715,735,CR380LA,低合金高强,H380LA-3,硬钢,normal_real,,,,,,,
diagnostic_candidate,True,0005000548-000010,0005000548-000010,0005000548-000010,BR_00000030,BR_00000012,numeric-chain-000059,30,12,7,1355,1.6,715,735,CR380LA,低合金高强,H380LA-3,硬钢,normal_real,,,,,,,
diagnostic_candidate,True,0030114668-000030,0030114668-000030,0030114668-000030,BR_00000024,BR_00000012,numeric-chain-000059,30,13,69,1285,1.6,715,735,CR380LA,低合金高强,H380LA-3,硬钢,normal_real,,,,,,,
diagnostic_candidate,True,0005000489-000020,0005000489-000020,0005000489-000020,BR_00000018,BR_00000012,numeric-chain-000059,30,14,23,1280,1.5,715,735,CR380LA,低合金高强,H380LA-3,硬钢,normal_real,,,,,,,
diagnostic_candidate,True,0005000514-000090,0005000514-000090,0005000514-000090,BR_00000024,BR_00000012,numeric-chain-000059,30,15,23,1280,1.5,715,735,CR380LA,低合金高强,H380LA-3,硬钢,normal_real,,,,,,,
diagnostic_candidate,True,0005000562-000020,0005000562-000020,0005000562-000020,BR_00000036,BR_00000012,numeric-chain-000059,30,16,23,1280,1.5,715,735,CR380LA,低合金高强,H380LA-3,硬钢,normal_real,,,,,,,
diagnostic_candidate,True,0030103526-000150,0030103526-000150,0030103526-000150,BR_00000012,BR_00000012,numeric-chain-000059,30,17,48,1250,1.5,700,840,DC51D+Z,普碳,SPHC,软钢,actual_transition,,,,,,,
diagnostic_candidate,True,0030105927-000140,0030105927-000140,0030105927-000140,BR_00000012,BR_00000012,numeric-chain-000059,30,18,24,1250,1.5,820,840,DX53D+Z,IF钢,SPHETI-5,软钢,normal_real,,,,,,,
diagnostic_candidate,True,0030108590-000020,0030108590-000020,0030108590-000020,BR_00000018,BR_00000012,numeric-chain-000059,30,19,24,1250,1.5,830,850,DC54D+Z,IF钢,SPHETI-5,软钢,normal_real,,,,,,,
diagnostic_candidate,True,0005000501-000090,0005000501-000090,0005000501-000090,BR_00000024,BR_00000012,numeric-chain-000059,30,20,21,1245,1.75,830,850,CR3,IF钢,SPHETI-36,软钢,normal_real,,,,,,,
diagnostic_candidate,True,0005000464-000090,0005000464-000090,0005000464-000090,BR_00000012,BR_00000012,numeric-chain-000059,30,21,21,1245,1.75,830,850,CR3,IF钢,SPHETI-36,软钢,normal_real,,,,,,,
diagnostic_candidate,True,0005000563-000090,0005000563-000090,0005000563-000090,BR_00000036,BR_00000012,numeric-chain-000059,30,22,21,1245,1.75,830,850,CR3,IF钢,SPHETI-36,软钢,normal_real,,,,,,,
diagnostic_candidate,True,0030103545-000040,0030103545-000040,0030103545-000040,BR_00000012,BR_00000012,numeric-chain-000059,30,23,24,1240,1.5,700,840,DC51D+Z,普碳,SPHC,软钢,normal_real,,,,,,,
diagnostic_candidate,True,0030103546-000010,0030103546-000010,0030103546-000010,BR_00000012,BR_00000012,numeric-chain-000059,30,24,24,1226,1.2,700,840,DC51D+Z,普碳,SPHC,软钢,normal_real,,,,,,,
diagnostic_candidate,True,0002001648-000050,0002001648-000050,0002001648-000050,BR_00000012,BR_00000012,numeric-chain-000059,30,25,48,1225,1.2,820,840,DX53D+Z-CD,IF钢,SPHETI-5,软钢,normal_real,,,,,,,
diagnostic_candidate,True,0030113851-000020,0030113851-000020,0030113851-000020,BR_00000024,BR_00000012,numeric-chain-000059,30,26,24,1223,1.1,820,840,DC53D+Z,IF钢,SPHETI-5,软钢,normal_real,,,,,,,
diagnostic_candidate,True,0002001998-000110,0002001998-000110,0002001998-000110,BR_00000030,BR_00000012,numeric-chain-000059,30,27,300,1220,1,830,850,DC53D+Z,IF钢,SPHETI-3,软钢,normal_real,,,,,,,
diagnostic_candidate,True,0002002054-000280,0002002054-000280,0002002054-000280,BR_00000030,BR_00000012,numeric-chain-000059,30,28,22,1219,1,820,840,DX53D+Z-MD,IF钢,SPHETI-5,软钢,normal_real,,,,,,,
diagnostic_candidate,True,0002002053-000070,0002002053-000070,0002002053-000070,BR_00000030,BR_00000012,numeric-chain-000059,30,29,72,1219,1.2,820,840,DX53D+Z-MD,IF钢,SPHETI-5,软钢,normal_real,,,,,,,
diagnostic_candidate,True,0005000489-000050,0005000489-000050,0005000489-000050,BR_00000018,BR_00000012,numeric-chain-000063,31,1,23,940,0.8,830,850,CR3,IF钢,SPHETI-36,软钢,normal_real,,,,,,,
diagnostic_candidate,True,0030118632-000010,0030118632-000010,0030118632-000010,BR_00000030,BR_00000012,numeric-chain-000063,31,2,126,939,0.8,830,850,DC56D+Z,IF钢,SPHETI-3,软钢,normal_real,,,,,,,
diagnostic_candidate,True,0030118809-000060,0030118809-000060,0030118809-000060,BR_00000030,BR_00000012,numeric-chain-000063,31,3,36,935,0.65,820,840,DC56D+Z,IF钢,SPHETI-3,软钢,normal_real,,,,,,,
diagnostic_candidate,True,0030113136-000020,0030113136-000020,0030113136-000020,BR_00000024,BR_00000012,numeric-chain-000063,31,4,18,935,0.65,830,850,DC56D+Z,IF钢,SPHETI-3,软钢,normal_real,,,,,,,
diagnostic_candidate,True,0030124437-000010,0030124437-000010,0030124437-000010,BR_00000036,BR_00000012,numeric-chain-000063,31,5,18,910,0.8,700,840,DC51D+Z,普碳,SPHC,软钢,actual_transition,,,,,,,
diagnostic_candidate,True,0002002170-000060,0002002170-000060,0002002170-000060,BR_00000036,BR_00000012,numeric-chain-000063,31,6,32,900,1,770,810,DC51D+Z,IF钢,SPHETI-3,软钢,normal_real,,,,,,,
diagnostic_candidate,True,0002001617-000090,0002001617-000090,0002001617-000090,BR_00000012,BR_00000012,numeric-chain-000063,31,7,44,840,0.8,780,800,220YD+Z,加磷高强、烘烤硬化钢,H220Y,软钢,normal_real,,,,,,,
diagnostic_candidate,True,0002001890-000010,0002001890-000010,0002001890-000010,BR_00000024,BR_00000012,numeric-chain-000063,31,8,13,828,0.65,770,810,DC51D+Z,普碳,SPHC,软钢,normal_real,,,,,,,
diagnostic_candidate,True,0002002009-000020,0002002009-000020,0002002009-000020,BR_00000030,BR_00000012,numeric-chain-000063,31,9,34,828,0.65,770,810,DC51D+Z,普碳,SPHC,软钢,normal_real,,,,,,,
diagnostic_candidate,True,0002001750-000680,0002001750-000680,0002001750-000680,BR_00000018,BR_00000012,numeric-chain-000063,31,10,20,813,0.6,770,810,DC51D+Z,普碳,SPHC,软钢,normal_real,,,,,,,
diagnostic_candidate,True,0002001768-000090,0002001768-000090,0002001768-000090,BR_00000018,BR_00000012,numeric-chain-000064,32,1,23,1575,1,770,810,DC51D+Z,普碳,SPHC,软钢,normal_real,,,,,,,
diagnostic_candidate,True,0002001889-000010,0002001889-000010,0002001889-000010,BR_00000024,BR_00000012,numeric-chain-000064,32,2,25,1560,0.8,770,810,DC51D+Z,普碳,SPHC,软钢,normal_real,,,,,,,
diagnostic_candidate,True,0002002180-000340,0002002180-000340,0002002180-000340,BR_00000036,BR_00000012,numeric-chain-000064,32,3,20,1555,0.6,770,810,DC51D+Z,IF钢,SPHETI-3,软钢,normal_real,,,,,,,
diagnostic_candidate,True,0002001633-000110,0002001633-000110,0002001633-000110,BR_00000012,BR_00000012,numeric-chain-000064,32,4,120,1510,0.6,770,810,DC51D+Z,IF钢,SPHETI-3,软钢,normal_real,,,,,,,
diagnostic_candidate,True,0002002195-000160,0002002195-000160,0002002195-000160,BR_00000036,BR_00000012,numeric-chain-000064,32,5,635,1510,0.6,770,810,DC51D+Z,IF钢,SPHETI-3,软钢,normal_real,,,,,,,
diagnostic_candidate,True,0002002180-000130,0002002180-000130,0002002180-000130,BR_00000036,BR_00000012,numeric-chain-000064,32,6,34,1510,0.6,770,810,DC51D+Z,IF钢,SPHETI-3,软钢,normal_real,,,,,,,
diagnostic_candidate,True,0030107311-000170,0030107311-000170,0030107311-000170,BR_00000018,BR_00000012,numeric-chain-000064,32,7,48,1500,0.6,700,840,DC51D+Z,普碳,SPHC,软钢,actual_transition,,,,,,,
diagnostic_candidate,True,0030105462-000020,0030105462-000020,0030105462-000020,BR_00000012,BR_00000012,numeric-chain-000064,32,8,48,1500,0.6,700,840,DC51D+Z,普碳,SPHC,软钢,actual_transition,,,,,,,
diagnostic_candidate,True,0002001750-000520,0002001750-000520,0002001750-000520,BR_00000018,BR_00000012,numeric-chain-000064,32,9,20,1500,0.65,770,810,DC51D+Z,普碳,SPHC,软钢,normal_real,,,,,,,
diagnostic_candidate,True,0002001765-000030,0002001765-000030,0002001765-000030,BR_00000018,BR_00000012,numeric-chain-000064,32,10,180,1490,0.65,770,810,DC51D+Z,普碳,SPHC,软钢,normal_real,,,,,,,
diagnostic_candidate,True,0002001998-000180,0002001998-000180,0002001998-000180,BR_00000030,BR_00000012,numeric-chain-000064,32,11,210,1490,0.65,770,810,DC51D+Z,普碳,SPHC,软钢,normal_real,,,,,,,
diagnostic_candidate,True,0002002195-000150,0002002195-000150,0002002195-000150,BR_00000036,BR_00000012,numeric-chain-000064,32,12,175,1490,0.65,770,810,DC51D+Z,IF钢,SPHETI-3,软钢,normal_real,,,,,,,
diagnostic_candidate,True,0002002044-000030,0002002044-000030,0002002044-000030,BR_00000030,BR_00000012,numeric-chain-000064,32,13,48,1490,0.65,770,810,DC51D+Z,普碳,SPHC,软钢,normal_real,,,,,,,
diagnostic_candidate,True,0002001635-000160,0002001635-000160,0002001635-000160,BR_00000012,BR_00000012,numeric-chain-000064,32,14,72,1472,0.65,770,810,DC51D+Z,普碳,SPHC,软钢,normal_real,,,,,,,
diagnostic_candidate,True,0002002021-000040,0002002021-000040,0002002021-000040,BR_00000030,BR_00000012,numeric-chain-000064,32,15,23,1470,0.65,770,810,DC51D+Z,IF钢,SPHETI-3,软钢,normal_real,,,,,,,
diagnostic_candidate,True,0002002035-000040,0002002035-000040,0002002035-000040,BR_00000030,BR_00000012,numeric-chain-000064,32,16,128,1470,0.65,770,810,DC51D+Z,普碳,SPHC,软钢,normal_real,,,,,,,
diagnostic_candidate,True,0002002009-000040,0002002009-000040,0002002009-000040,BR_00000030,BR_00000012,numeric-chain-000064,32,17,46,1468,0.65,770,810,DC51D+Z,IF钢,SPHETI-3,软钢,normal_real,,,,,,,
diagnostic_candidate,True,0002001750-000120,0002001750-000120,0002001750-000120,BR_00000018,BR_00000012,numeric-chain-000064,32,18,24,1465,0.6,770,810,DC51D+Z,普碳,SPHC,软钢,normal_real,,,,,,,
diagnostic_candidate,True,0002001981-000040,0002001981-000040,0002001981-000040,BR_00000030,BR_00000012,numeric-chain-000064,32,19,105,1465,0.6,770,810,DC51D+Z,IF钢,SPHETI-3,软钢,normal_real,,,,,,,
diagnostic_candidate,True,0002001998-000160,0002001998-000160,0002001998-000160,BR_00000030,BR_00000012,numeric-chain-000065,33,1,24,1458,0.65,770,810,DC51D+Z,普碳,SPHC,软钢,normal_real,,,,,,,
diagnostic_candidate,True,0030117283-000010,0030117283-000010,0030117283-000010,BR_00000030,BR_00000012,numeric-chain-000065,33,2,52,1455,0.65,790,810,SCG260Y+Z,加磷高强、烘烤硬化钢,H260Y,软钢,normal_real,,,,,,,
diagnostic_candidate,True,0002002044-000070,0002002044-000070,0002002044-000070,BR_00000030,BR_00000012,numeric-chain-000065,33,3,240,1450,0.65,770,810,DC51D+Z,普碳,SPHC,软钢,normal_real,,,,,,,
diagnostic_candidate,True,0002001635-000080,0002001635-000080,0002001635-000080,BR_00000012,BR_00000012,numeric-chain-000065,33,4,24,1441,0.65,770,810,DC51D+Z,普碳,SPHC,软钢,normal_real,,,,,,,
diagnostic_candidate,True,0002002035-000030,0002002035-000030,0002002035-000030,BR_00000030,BR_00000012,numeric-chain-000065,33,5,24,1421,0.65,770,810,DC51D+Z,普碳,SPHC,软钢,normal_real,,,,,,,
diagnostic_candidate,True,0030121690-000050,0030121690-000050,0030121690-000050,BR_00000032,BR_00000012,numeric-chain-000065,33,6,24,1402,0.65,790,810,HC260YD+Z,加磷高强、烘烤硬化钢,H260Y,软钢,normal_real,,,,,,,
diagnostic_candidate,True,0030119797-000120,0030119797-000120,0030119797-000120,BR_00000030,BR_00000012,numeric-chain-000065,33,7,24,1400,0.7,790,810,HC260YD+Z,加磷高强、烘烤硬化钢,H260Y,软钢,normal_real,,,,,,,
diagnostic_candidate,True,0002001874-000030,0002001874-000030,0002001874-000030,BR_00000024,BR_00000012,numeric-chain-000065,33,8,69,1375,0.65,770,810,DC51D+Z,普碳,SPHC,软钢,normal_real,,,,,,,
diagnostic_candidate,True,0002002185-000070,0002002185-000070,0002002185-000070,BR_00000036,BR_00000012,numeric-chain-000065,33,9,92,1375,0.65,770,810,DC51D+Z,IF钢,SPHETI-3,软钢,normal_real,,,,,,,
diagnostic_candidate,True,0002001628-000010,0002001628-000010,0002001628-000010,BR_00000012,BR_00000012,numeric-chain-000065,33,10,69,1375,0.65,770,810,DC51D+Z,普碳,SPHC,软钢,normal_real,,,,,,,
diagnostic_candidate,True,0002001878-000030,0002001878-000030,0002001878-000030,BR_00000024,BR_00000012,numeric-chain-000065,33,11,48,1375,0.65,770,810,DC51D+Z,普碳,SPHC,软钢,normal_real,,,,,,,
diagnostic_candidate,True,0002001617-000020,0002001617-000020,0002001617-000020,BR_00000012,BR_00000012,numeric-chain-000065,33,12,22,1363,0.6,770,810,DC51D+Z,普碳,SPHC,软钢,normal_real,,,,,,,
diagnostic_candidate,True,0002002180-000040,0002002180-000040,0002002180-000040,BR_00000036,BR_00000012,numeric-chain-000065,33,13,20,1363,0.6,770,810,DC51D+Z,IF钢,SPHETI-3,软钢,normal_real,,,,,,,
diagnostic_candidate,True,0030109896-000010,0030109896-000010,0030109896-000010,BR_00000018,BR_00000012,numeric-chain-000065,33,14,24,1362,0.7,790,810,HC260YD+Z,加磷高强、烘烤硬化钢,H260Y,软钢,normal_real,,,,,,,
diagnostic_candidate,True,0002001744-000200,0002001744-000200,0002001744-000200,BR_00000018,BR_00000012,numeric-chain-000065,33,15,56,1360,0.7,770,810,DC51D+Z,普碳,SPHC,软钢,normal_real,,,,,,,
diagnostic_candidate,True,0002001612-000460,0002001612-000460,0002001612-000460,BR_00000012,BR_00000012,numeric-chain-000065,33,16,46,1360,0.7,770,810,DC51D+Z,普碳,SPHC,软钢,normal_real,,,,,,,
diagnostic_candidate,True,0002002024-000070,0002002024-000070,0002002024-000070,BR_00000030,BR_00000012,numeric-chain-000065,33,17,23,1360,0.7,770,810,DC51D+Z,普碳,SPHC,软钢,normal_real,,,,,,,
diagnostic_candidate,True,0002001871-000270,0002001871-000270,0002001871-000270,BR_00000024,BR_00000012,numeric-chain-000065,33,18,80,1358,0.7,770,810,DC51D+Z,普碳,SPHC,软钢,normal_real,,,,,,,
diagnostic_candidate,True,0002002009-000140,0002002009-000140,0002002009-000140,BR_00000030,BR_00000012,numeric-chain-000065,33,19,55,1358,0.7,770,810,DC51D+Z,普碳,SPHC,软钢,normal_real,,,,,,,
diagnostic_candidate,True,0002001889-000060,0002001889-000060,0002001889-000060,BR_00000024,BR_00000012,numeric-chain-000065,33,20,90,1358,0.7,770,810,DC51D+Z,普碳,SPHC,软钢,normal_real,,,,,,,
diagnostic_candidate,True,0002002195-000230,0002002195-000230,0002002195-000230,BR_00000036,BR_00000012,numeric-chain-000065,33,21,24,1355,0.65,770,810,DC51D+Z,普碳,SPHC,软钢,normal_real,,,,,,,
diagnostic_candidate,True,0002001633-000080,0002001633-000080,0002001633-000080,BR_00000012,BR_00000012,numeric-chain-000065,33,22,24,1345,0.6,770,810,DC51D+Z,普碳,SPHC,软钢,normal_real,,,,,,,
diagnostic_candidate,True,0002001880-000240,0002001880-000240,0002001880-000240,BR_00000024,BR_00000012,numeric-chain-000065,33,23,24,1345,0.6,770,810,DC51D+Z,普碳,SPHC,软钢,normal_real,,,,,,,
diagnostic_candidate,True,0002002026-000120,0002002026-000120,0002002026-000120,BR_00000030,BR_00000012,numeric-chain-000065,33,24,23,1345,0.65,770,810,DC51D+Z,普碳,SPHC,软钢,normal_real,,,,,,,
diagnostic_candidate,True,0002001860-000200,0002001860-000200,0002001860-000200,BR_00000024,BR_00000012,numeric-chain-000065,33,25,20,1339,0.65,770,810,DC51D+Z,普碳,SPHC,软钢,normal_real,,,,,,,
diagnostic_candidate,True,0002001871-000300,0002001871-000300,0002001871-000300,BR_00000024,BR_00000012,numeric-chain-000065,33,26,13,1337,0.65,770,810,DC51D+Z,普碳,SPHC,软钢,normal_real,,,,,,,
diagnostic_candidate,True,0002001874-000050,0002001874-000050,0002001874-000050,BR_00000024,BR_00000012,numeric-chain-000065,33,27,23,1335,0.65,770,810,DC51D+Z,普碳,SPHC,软钢,normal_real,,,,,,,
diagnostic_candidate,True,0002001628-000080,0002001628-000080,0002001628-000080,BR_00000012,BR_00000012,numeric-chain-000065,33,28,23,1335,0.65,770,810,DC51D+Z,普碳,SPHC,软钢,normal_real,,,,,,,
diagnostic_candidate,True,0002002185-000100,0002002185-000100,0002002185-000100,BR_00000036,BR_00000012,numeric-chain-000065,33,29,23,1335,0.65,770,810,DC51D+Z,IF钢,SPHETI-3,软钢,normal_real,,,,,,,
diagnostic_candidate,True,0002001889-000130,0002001889-000130,0002001889-000130,BR_00000024,BR_00000012,numeric-chain-000065,33,30,13,1333,0.6,770,810,DC51D+Z,普碳,SPHC,软钢,normal_real,,,,,,,
diagnostic_candidate,True,0002001871-000500,0002001871-000500,0002001871-000500,BR_00000024,BR_00000012,numeric-chain-000065,33,31,13,1333,0.6,770,810,DC51D+Z,普碳,SPHC,软钢,normal_real,,,,,,,
diagnostic_candidate,True,0002001986-000060,0002001986-000060,0002001986-000060,BR_00000030,BR_00000012,numeric-chain-000065,33,32,24,1315,0.65,770,810,DC51D+Z,普碳,SPHC,软钢,normal_real,,,,,,,
diagnostic_candidate,True,0002001880-000220,0002001880-000220,0002001880-000220,BR_00000024,BR_00000012,numeric-chain-000065,33,33,48,1315,0.65,770,810,DC51D+Z,普碳,SPHC,软钢,normal_real,,,,,,,
diagnostic_candidate,True,0030121690-000060,0030121690-000060,0030121690-000060,BR_00000032,BR_00000012,numeric-chain-000065,33,34,24,1315,0.65,790,810,HC260YD+Z,加磷高强、烘烤硬化钢,H260Y,软钢,normal_real,,,,,,,
diagnostic_candidate,True,0002001854-000010,0002001854-000010,0002001854-000010,BR_00000024,BR_00000012,numeric-chain-000065,33,35,23,1300,0.6,770,810,DC51D+Z,普碳,SPHC,软钢,normal_real,,,,,,,
diagnostic_candidate,True,0002001780-000200,0002001780-000200,0002001780-000200,BR_00000024,BR_00000012,numeric-chain-000065,33,36,23,1300,0.6,770,810,DC51D+Z,普碳,SPHC,软钢,normal_real,,,,,,,
diagnostic_candidate,True,0002002170-000030,0002002170-000030,0002002170-000030,BR_00000036,BR_00000012,numeric-chain-000065,33,37,23,1300,0.6,770,810,DC51D+Z,IF钢,SPHETI-3,软钢,normal_real,,,,,,,
diagnostic_candidate,True,0002002020-000110,0002002020-000110,0002002020-000110,BR_00000030,BR_00000012,numeric-chain-000065,33,38,23,1298,0.6,770,810,DC51D+Z,普碳,SPHC,软钢,normal_real,,,,,,,
diagnostic_candidate,True,0030105818-000020,0030105818-000020,0030105818-000020,BR_00000012,BR_00000012,numeric-chain-000065,33,39,24,1293,0.65,790,810,HC260YD+Z,加磷高强、烘烤硬化钢,H260Y,软钢,normal_real,,,,,,,
diagnostic_candidate,True,0002001612-000680,0002001612-000680,0002001612-000680,BR_00000012,BR_00000012,numeric-chain-000065,33,40,92,1290,0.65,770,810,DC51D+Z,普碳,SPHC,软钢,normal_real,,,,,,,
diagnostic_candidate,True,0002002026-000030,0002002026-000030,0002002026-000030,BR_00000030,BR_00000012,numeric-chain-000065,33,41,23,1290,0.65,770,810,DC51D+Z,普碳,SPHC,软钢,normal_real,,,,,,,
diagnostic_candidate,True,0002001768-000130,0002001768-000130,0002001768-000130,BR_00000018,BR_00000012,numeric-chain-000065,33,42,23,1290,0.65,770,810,DC51D+Z,普碳,SPHC,软钢,normal_real,,,,,,,
diagnostic_candidate,True,0002001889-000120,0002001889-000120,0002001889-000120,BR_00000024,BR_00000012,numeric-chain-000065,33,43,40,1288,0.65,770,810,DC51D+Z,普碳,SPHC,软钢,normal_real,,,,,,,
diagnostic_candidate,True,0002001906-000170,0002001906-000170,0002001906-000170,BR_00000025,BR_00000012,numeric-chain-000065,33,44,23,1280,0.6,770,810,DC51D+Z,普碳,SPHC,软钢,normal_real,,,,,,,
diagnostic_candidate,True,0002001906-000180,0002001906-000180,0002001906-000180,BR_00000025,BR_00000012,numeric-chain-000065,33,45,23,1265,0.8,770,810,DC51D+Z,普碳,SPHC,软钢,normal_real,,,,,,,
diagnostic_candidate,True,0030106242-000120,0030106242-000120,0030106242-000120,BR_00000012,BR_00000012,numeric-chain-000065,33,46,24,1262,0.6,700,840,DC51D+Z-Q,深冲钢（PD）,SPHCQ,软钢,normal_real,,,,,,,
diagnostic_candidate,True,0030106995-000160,0030106995-000160,0030106995-000160,BR_00000016,BR_00000012,numeric-chain-000065,33,47,48,1260,0.65,770,810,DC51D+Z,IF钢,SPHETI-5,软钢,normal_real,,,,,,,
diagnostic_candidate,True,0030107561-000020,0030107561-000020,0030107561-000020,BR_00000018,BR_00000012,numeric-chain-000065,33,48,24,1250,0.6,700,840,DC51D+Z,普碳,SPHC,软钢,actual_transition,,,,,,,
diagnostic_candidate,True,0030122897-000060,0030122897-000060,0030122897-000060,BR_00000036,BR_00000012,numeric-chain-000065,33,49,72,1250,0.6,700,840,DC51D+Z,普碳,SPHC,软钢,actual_transition,,,,,,,
diagnostic_candidate,True,0030105930-000010,0030105930-000010,0030105930-000010,BR_00000012,BR_00000012,numeric-chain-000066,34,1,216,1250,0.6,700,720,DX51D+Z3,深冲钢（PD）,DD12BB,软钢,normal_real,,,,,,,
diagnostic_candidate,True,0030106897-000020,0030106897-000020,0030106897-000020,BR_00000018,BR_00000012,numeric-chain-000066,34,2,72,1250,0.6,700,840,DC51D+Z,普碳,SPHC,软钢,actual_transition,,,,,,,
diagnostic_candidate,True,0030107311-000180,0030107311-000180,0030107311-000180,BR_00000018,BR_00000012,numeric-chain-000066,34,3,24,1250,0.7,700,840,DC51D+Z,普碳,SPHC,软钢,actual_transition,,,,,,,
diagnostic_candidate,True,0030115408-000010,0030115408-000010,0030115408-000010,BR_00000024,BR_00000012,numeric-chain-000066,34,4,24,1250,0.7,780,800,HC220YD+Z,加磷高强、烘烤硬化钢,H220Y,软钢,normal_real,,,,,,,
diagnostic_candidate,True,0030122897-000100,0030122897-000100,0030122897-000100,BR_00000036,BR_00000012,numeric-chain-000066,34,5,96,1250,0.75,700,840,DC51D+Z,普碳,SPHC,软钢,actual_transition,,,,,,,
diagnostic_candidate,True,0030114159-000010,0030114159-000010,0030114159-000010,BR_00000024,BR_00000012,numeric-chain-000066,34,6,20,1250,0.75,730,750,DX51D+Z,普碳,SPHC,软钢,normal_real,,,,,,,
diagnostic_candidate,True,0030103545-000020,0030103545-000020,0030103545-000020,BR_00000012,BR_00000012,numeric-chain-000066,34,7,96,1250,0.8,700,840,DC51D+Z,普碳,SPHC,软钢,normal_real,,,,,,,
diagnostic_candidate,True,0002002054-000190,0002002054-000190,0002002054-000190,BR_00000030,BR_00000012,numeric-chain-000066,34,8,332,1250,0.8,815,835,DX51D+Z-MD,普碳,SPHC,软钢,normal_real,,,,,,,
diagnostic_candidate,True,0030103526-000130,0030103526-000130,0030103526-000130,BR_00000012,BR_00000012,numeric-chain-000066,34,9,48,1250,1,700,840,DC51D+Z,普碳,SPHC,软钢,actual_transition,,,,,,,
diagnostic_candidate,True,0030106897-000040,0030106897-000040,0030106897-000040,BR_00000018,BR_00000012,numeric-chain-000066,34,10,48,1250,1,700,840,DC51D+Z,普碳,SPHC,软钢,actual_transition,,,,,,,
diagnostic_candidate,True,0030107934-000030,0030107934-000030,0030107934-000030,BR_00000018,BR_00000012,numeric-chain-000066,34,11,96,1250,1,770,810,DX51D+Z,深冲钢（PD）,SPHCQ,软钢,normal_real,,,,,,,
diagnostic_candidate,True,0030123653-000050,0030123653-000050,0030123653-000050,BR_00000036,BR_00000012,numeric-chain-000066,34,12,120,1240,0.8,700,840,DC51D+Z,普碳,SPHC,软钢,normal_real,,,,,,,
diagnostic_candidate,True,0030119862-000070,0030119862-000070,0030119862-000070,BR_00000030,BR_00000012,numeric-chain-000066,34,13,48,1233,0.7,770,810,DC51D+Z,深冲钢（PD）,SPHCQ,软钢,normal_real,,,,,,,
diagnostic_candidate,True,0002001628-000030,0002001628-000030,0002001628-000030,BR_00000012,BR_00000012,numeric-chain-000066,34,14,23,1230,0.65,770,810,DC51D+Z,普碳,SPHC,软钢,normal_real,,,,,,,
diagnostic_candidate,True,0030113466-000030,0030113466-000030,0030113466-000030,BR_00000024,BR_00000012,numeric-chain-000066,34,15,24,1230,0.8,700,840,DC51D+Z,普碳,SPHC,软钢,normal_real,,,,,,,
diagnostic_candidate,True,0002001612-000570,0002001612-000570,0002001612-000570,BR_00000012,BR_00000012,numeric-chain-000066,34,16,30,1226,0.65,770,810,DC51D+Z,普碳,SPHC,软钢,normal_real,,,,,,,
diagnostic_candidate,True,0002001998-000270,0002001998-000270,0002001998-000270,BR_00000030,BR_00000012,numeric-chain-000066,34,17,24,1223,0.65,770,810,DC51D+Z,普碳,SPHC,软钢,normal_real,,,,,,,
diagnostic_candidate,True,0030119599-000010,0030119599-000010,0030119599-000010,BR_00000030,BR_00000012,numeric-chain-000066,34,18,120,1215,0.65,780,800,HC220YD+Z,加磷高强、烘烤硬化钢,H220Y,软钢,normal_real,,,,,,,
diagnostic_candidate,True,0030114676-000030,0030114676-000030,0030114676-000030,BR_00000024,BR_00000012,numeric-chain-000066,34,19,48,1211,0.65,780,800,HC220YD+Z,加磷高强、烘烤硬化钢,H220Y,软钢,normal_real,,,,,,,
diagnostic_candidate,True,0030119862-000060,0030119862-000060,0030119862-000060,BR_00000030,BR_00000012,numeric-chain-000066,34,20,48,1203,0.7,770,810,DC51D+Z,深冲钢（PD）,SPHCQ,软钢,normal_real,,,,,,,
diagnostic_candidate,True,0002001617-000250,0002001617-000250,0002001617-000250,BR_00000012,BR_00000012,numeric-chain-000066,34,21,40,1200,0.6,770,810,DC51D+Z,普碳,SPHC,软钢,normal_real,,,,,,,
diagnostic_candidate,True,0030121499-000110,0030121499-000110,0030121499-000110,BR_00000030,BR_00000012,numeric-chain-000066,34,22,72,1185,0.62,790,810,HC260YD+Z,加磷高强、烘烤硬化钢,H260Y,软钢,normal_real,,,,,,,
diagnostic_candidate,True,0002001612-000490,0002001612-000490,0002001612-000490,BR_00000012,BR_00000012,numeric-chain-000066,34,23,46,1180,0.65,770,810,DC51D+Z,普碳,SPHC,软钢,normal_real,,,,,,,
diagnostic_candidate,True,0002001871-000540,0002001871-000540,0002001871-000540,BR_00000024,BR_00000012,numeric-chain-000066,34,24,13,1180,0.65,770,810,DC51D+Z,普碳,SPHC,软钢,normal_real,,,,,,,
diagnostic_candidate,True,0002001612-000440,0002001612-000440,0002001612-000440,BR_00000012,BR_00000012,numeric-chain-000066,34,25,13,1174,0.65,770,810,DC51D+Z,普碳,SPHC,软钢,normal_real,,,,,,,
diagnostic_candidate,True,0002002009-000130,0002002009-000130,0002002009-000130,BR_00000030,BR_00000012,numeric-chain-000066,34,26,13,1172,0.65,770,810,DC51D+Z,普碳,SPHC,软钢,normal_real,,,,,,,
diagnostic_candidate,True,0002001871-000250,0002001871-000250,0002001871-000250,BR_00000024,BR_00000012,numeric-chain-000066,34,27,13,1172,0.65,770,810,DC51D+Z,普碳,SPHC,软钢,normal_real,,,,,,,
diagnostic_candidate,True,0002002184-000060,0002002184-000060,0002002184-000060,BR_00000036,BR_00000012,numeric-chain-000066,34,28,23,1170,0.6,770,810,DC51D+Z,IF钢,SPHETI-3,软钢,normal_real,,,,,,,
diagnostic_candidate,True,0002001867-000140,0002001867-000140,0002001867-000140,BR_00000024,BR_00000012,numeric-chain-000066,34,29,23,1170,0.6,770,810,DC51D+Z,普碳,SPHC,软钢,normal_real,,,,,,,
diagnostic_candidate,True,0002002021-000090,0002002021-000090,0002002021-000090,BR_00000030,BR_00000012,numeric-chain-000066,34,30,23,1170,0.6,770,810,DC51D+Z,IF钢,SPHETI-3,软钢,normal_real,,,,,,,
diagnostic_candidate,True,0002002055-000020,0002002055-000020,0002002055-000020,BR_00000030,BR_00000012,numeric-chain-000069,35,1,742,1452,0.8,815,835,DX51D+Z-MD,普碳,SPHC,软钢,normal_real,,,,,,,
diagnostic_candidate,True,0002001871-000460,0002001871-000460,0002001871-000460,BR_00000024,BR_00000012,numeric-chain-000069,35,2,100,1450,0.65,810,830,180YD+Z,加磷高强、烘烤硬化钢,H180YD,软钢,normal_real,,,,,,,
diagnostic_candidate,True,0002001889-000110,0002001889-000110,0002001889-000110,BR_00000024,BR_00000012,numeric-chain-000069,35,3,33,1450,0.65,810,830,180YD+Z,加磷高强、烘烤硬化钢,H180YD,软钢,normal_real,,,,,,,
diagnostic_candidate,True,0002002009-000270,0002002009-000270,0002002009-000270,BR_00000030,BR_00000012,numeric-chain-000069,35,4,152,1450,0.65,810,830,180YD+Z,加磷高强、烘烤硬化钢,H180YD,软钢,normal_real,,,,,,,
diagnostic_candidate,True,0030119862-000150,0030119862-000150,0030119862-000150,BR_00000030,BR_00000012,numeric-chain-000069,35,5,24,1443,0.7,810,830,HC180YD+Z,加磷高强、烘烤硬化钢,H180YD,软钢,normal_real,,,,,,,
diagnostic_candidate,True,0002002170-000150,0002002170-000150,0002002170-000150,BR_00000036,BR_00000012,numeric-chain-000069,35,6,23,1433,0.65,810,830,180YD+Z,加磷高强、烘烤硬化钢,H180YD,软钢,normal_real,,,,,,,
diagnostic_candidate,True,0002002055-000030,0002002055-000030,0002002055-000030,BR_00000030,BR_00000012,numeric-chain-000069,35,7,92,1430,0.6,815,835,DX51D+Z-MD,普碳,SPHC,软钢,normal_real,,,,,,,
diagnostic_candidate,True,0030106242-000060,0030106242-000060,0030106242-000060,BR_00000012,BR_00000012,numeric-chain-000069,35,8,48,1405,0.5,820,840,DX53D+Z-LG,IF钢,SPHETI-5,软钢,normal_real,,,,,,,
diagnostic_candidate,True,0030108542-000020,0030108542-000020,0030108542-000020,BR_00000018,BR_00000012,numeric-chain-000069,35,9,48,1405,0.5,820,840,DX53D+Z-LG,IF钢,SPHETI-5,软钢,normal_real,,,,,,,
diagnostic_candidate,True,0030121346-000020,0030121346-000020,0030121346-000020,BR_00000032,BR_00000012,numeric-chain-000069,35,10,48,1393,0.5,820,840,DX53D+Z,IF钢,SPHETI-5,软钢,normal_real,,,,,,,
diagnostic_candidate,True,0002001750-000530,0002001750-000530,0002001750-000530,BR_00000018,BR_00000012,numeric-chain-000069,35,11,20,1390,0.6,830,850,DC56D+Z,IF钢,SPHETI-3,软钢,normal_real,,,,,,,
diagnostic_candidate,True,0030119866-000010,0030119866-000010,0030119866-000010,BR_00000030,BR_00000012,numeric-chain-000069,35,12,78,1385,0.6,830,850,DC54D+Z,IF钢,SPHETI-5,软钢,normal_real,,,,,,,
diagnostic_candidate,True,0030121196-000010,0030121196-000010,0030121196-000010,BR_00000032,BR_00000012,numeric-chain-000069,35,13,24,1380,0.67,830,850,DC56D+Z,IF钢,SPHETI-3,软钢,normal_real,,,,,,,
diagnostic_candidate,True,0030112575-000060,0030112575-000060,0030112575-000060,BR_00000024,BR_00000012,numeric-chain-000069,35,14,156,1360,0.65,830,850,SCG4+Z,IF钢,SPHETI-3,软钢,normal_real,,,,,,,
diagnostic_candidate,True,0030117285-000060,0030117285-000060,0030117285-000060,BR_00000030,BR_00000012,numeric-chain-000069,35,15,52,1360,0.65,830,850,SCG4+Z,IF钢,SPHETI-3,软钢,normal_real,,,,,,,
diagnostic_candidate,True,0030123143-000060,0030123143-000060,0030123143-000060,BR_00000036,BR_00000012,numeric-chain-000069,35,16,78,1360,0.65,830,850,SCG4+Z,IF钢,SPHETI-3,软钢,normal_real,,,,,,,
diagnostic_candidate,True,0010015684-000020,0010015684-000020,0010015684-000020,BR_00000018,BR_00000012,numeric-chain-000073,36,1,120,1250,1.45,700,840,DC51D+Z,普碳,SPHC,软钢,actual_transition,,,,,,,
diagnostic_candidate,True,0010018614-000060,0010018614-000060,0010018614-000060,BR_00000030,BR_00000012,numeric-chain-000073,36,2,192,1250,1.45,700,840,DC51D+Z,普碳,SPHC,软钢,actual_transition,,,,,,,
diagnostic_candidate,True,0010018614-000050,0010018614-000050,0010018614-000050,BR_00000030,BR_00000012,numeric-chain-000073,36,3,24,1250,1.45,700,840,DC51D+Z,普碳,SPHC,软钢,actual_transition,,,,,,,
diagnostic_candidate,True,0005000509-000130,0005000509-000130,0005000509-000130,BR_00000024,BR_00000012,numeric-chain-000073,36,4,10,1249,1.6,730,770,HC260LAD+Z,低合金高强,H260LAD-3,硬钢,normal_real,,,,,,,
diagnostic_candidate,True,0005000469-000110,0005000469-000110,0005000469-000110,BR_00000012,BR_00000012,numeric-chain-000073,36,5,14,1204,1.6,760,780,CR240LA,低合金高强,H260LAD-3,硬钢,normal_real,,,,,,,
diagnostic_candidate,True,0005000509-000170,0005000509-000170,0005000509-000170,BR_00000024,BR_00000012,numeric-chain-000073,36,6,10,1204,1.6,760,780,CR240LA,低合金高强,H260LAD-3,硬钢,normal_real,,,,,,,
diagnostic_candidate,True,0005000514-000040,0005000514-000040,0005000514-000040,BR_00000024,BR_00000012,numeric-chain-000073,36,7,23,1197,1.5,740,780,CR420LA,低合金高强,H420LAD-3,硬钢,normal_real,,,,,,,
diagnostic_candidate,True,0030118476-000010,0030118476-000010,0030118476-000010,BR_00000030,BR_00000012,numeric-chain-000073,36,8,408,1180,1.9,770,790,HC340/590DPD+Z,双相钢,W590X4,硬钢,normal_real,,,,,,,
diagnostic_candidate,True,0005000464-000050,0005000464-000050,0005000464-000050,BR_00000012,BR_00000012,numeric-chain-000073,36,9,60,1155,1.5,740,780,CR420LA,低合金高强,H420LAD-3,硬钢,normal_real,,,,,,,
diagnostic_candidate,True,0005000509-000090,0005000509-000090,0005000509-000090,BR_00000024,BR_00000012,numeric-chain-000073,36,10,7,1154,1.5,760,780,CR240LA,低合金高强,H260LAD-3,硬钢,normal_real,,,,,,,
diagnostic_candidate,True,0005000555-000020,0005000555-000020,0005000555-000020,BR_00000030,BR_00000012,numeric-chain-000073,36,11,22,1149,1.5,740,780,CR420LA,低合金高强,H420LAD-3,硬钢,normal_real,,,,,,,
diagnostic_candidate,True,0005000462-000010,0005000462-000010,0005000462-000010,BR_00000012,BR_00000012,numeric-chain-000073,36,12,44,1149,1.5,740,780,CR420LA,低合金高强,H420LAD-3,硬钢,normal_real,,,,,,,
diagnostic_candidate,True,0005000511-000030,0005000511-000030,0005000511-000030,BR_00000024,BR_00000012,numeric-chain-000073,36,13,22,1149,1.5,740,780,CR420LA,低合金高强,H420LAD-3,硬钢,normal_real,,,,,,,
diagnostic_candidate,True,0005000509-000160,0005000509-000160,0005000509-000160,BR_00000024,BR_00000012,numeric-chain-000073,36,14,10,1138,1.6,760,780,CR240LA,低合金高强,H260LAD-3,硬钢,normal_real,,,,,,,
diagnostic_candidate,True,0005000469-000080,0005000469-000080,0005000469-000080,BR_00000012,BR_00000012,numeric-chain-000073,36,15,7,1116,1.6,730,770,HC260LAD+Z,低合金高强,H260LAD-3,硬钢,normal_real,,,,,,,
diagnostic_candidate,True,0005000571-000060,0005000571-000060,0005000571-000060,BR_00000036,BR_00000012,numeric-chain-000073,36,16,10,1116,1.6,730,770,HC260LAD+Z,低合金高强,H260LAD-3,硬钢,normal_real,,,,,,,
diagnostic_candidate,True,0005000489-000080,0005000489-000080,0005000489-000080,BR_00000018,BR_00000012,numeric-chain-000073,36,17,23,1095,2,740,780,CR420LA,低合金高强,H420LAD-3,硬钢,normal_real,,,,,,,
diagnostic_candidate,True,0005000562-000070,0005000562-000070,0005000562-000070,BR_00000036,BR_00000012,numeric-chain-000073,36,18,23,1095,2,740,780,CR420LA,低合金高强,H420LAD-3,硬钢,normal_real,,,,,,,
diagnostic_candidate,True,0005000563-000080,0005000563-000080,0005000563-000080,BR_00000036,BR_00000012,numeric-chain-000073,36,19,40,1070,1.7,740,780,CR420LA,低合金高强,H420LAD-3,硬钢,normal_real,,,,,,,
diagnostic_candidate,True,0005000464-000080,0005000464-000080,0005000464-000080,BR_00000012,BR_00000012,numeric-chain-000073,36,20,40,1070,1.7,740,780,CR420LA,低合金高强,H420LAD-3,硬钢,normal_real,,,,,,,
diagnostic_candidate,True,0005000547-000100,0005000547-000100,0005000547-000100,BR_00000030,BR_00000012,numeric-chain-000073,36,21,80,1070,1.7,740,780,CR420LA,低合金高强,H420LAD-3,硬钢,normal_real,,,,,,,
diagnostic_candidate,True,0005000501-000080,0005000501-000080,0005000501-000080,BR_00000024,BR_00000012,numeric-chain-000073,36,22,40,1070,1.7,740,780,CR420LA,低合金高强,H420LAD-3,硬钢,normal_real,,,,,,,
diagnostic_candidate,True,0030110864-000020,0030110864-000020,0030110864-000020,BR_00000019,BR_00000012,numeric-chain-000073,36,23,22,1050,1.5,700,840,DC51D+Z,普碳,SPHC,软钢,actual_transition,,,,,,,
diagnostic_candidate,True,0005000509-000080,0005000509-000080,0005000509-000080,BR_00000024,BR_00000012,numeric-chain-000073,36,24,7,1047,1.5,740,760,CR340LA,低合金高强,H340LA-3,硬钢,normal_real,,,,,,,
diagnostic_candidate,True,0005000547-000530,0005000547-000530,0005000547-000530,BR_00000030,BR_00000012,numeric-chain-000073,36,25,20,1029,1.2,740,760,CR300LA,低合金高强,H300LA-3,硬钢,normal_real,,,,,,,
diagnostic_candidate,True,0010017445-000010,0010017445-000010,0010017445-000010,BR_00000025,BR_00000012,numeric-chain-000073,36,26,220,1000,1,700,840,DC51D+Z,普碳,SPHC,软钢,actual_transition,,,,,,,
diagnostic_candidate,True,0002002170-000090,0002002170-000090,0002002170-000090,BR_00000036,BR_00000012,numeric-chain-000073,36,27,25,1000,1,770,810,DC51D+Z,IF钢,SPHETI-3,软钢,normal_real,,,,,,,
diagnostic_candidate,True,0030107881-000020,0030107881-000020,0030107881-000020,BR_00000018,BR_00000012,numeric-chain-000073,36,28,22,1000,1,800,820,HC260YD+Z,加磷高强、烘烤硬化钢,H260Y,软钢,normal_real,,,,,,,
diagnostic_candidate,True,0002001756-000030,0002001756-000030,0002001756-000030,BR_00000018,BR_00000012,numeric-chain-000073,36,29,192,1000,1.2,770,810,DX51D+Z-WL,深冲钢（PD）,SPHCQ,软钢,normal_real,,,,,,,
diagnostic_candidate,True,0030108320-000040,0030108320-000040,0030108320-000040,BR_00000018,BR_00000012,numeric-chain-000073,36,30,44,1000,1.4,700,840,DC51D+Z,普碳,SPHC,软钢,actual_transition,,,,,,,
diagnostic_candidate,True,0005000466-000060,0005000466-000060,0005000466-000060,BR_00000012,BR_00000012,numeric-chain-000073,36,31,90,995,1.3,730,770,CR420LA,低合金高强,H420LAD-3,硬钢,normal_real,,,,,,,
diagnostic_candidate,True,0005000563-000110,0005000563-000110,0005000563-000110,BR_00000036,BR_00000012,numeric-chain-000073,36,32,18,975,1.2,730,770,CR420LA,低合金高强,H420LAD-3,硬钢,normal_real,,,,,,,
diagnostic_candidate,True,0005000501-000130,0005000501-000130,0005000501-000130,BR_00000024,BR_00000012,numeric-chain-000073,36,33,18,975,1.2,730,770,CR420LA,低合金高强,H420LAD-3,硬钢,normal_real,,,,,,,
diagnostic_candidate,True,0005000563-000250,0005000563-000250,0005000563-000250,BR_00000036,BR_00000012,numeric-chain-000073,36,34,54,940,1.4,730,770,CR420LA,低合金高强,H420LAD-3,硬钢,normal_real,,,,,,,
diagnostic_candidate,True,0005000464-000240,0005000464-000240,0005000464-000240,BR_00000012,BR_00000012,numeric-chain-000073,36,35,36,940,1.4,730,770,CR420LA,低合金高强,H420LAD-3,硬钢,normal_real,,,,,,,
diagnostic_candidate,True,0005000529-000010,0005000529-000010,0005000529-000010,BR_00000024,BR_00000012,numeric-chain-000074,37,1,60,900,1.2,760,780,CR240LA,低合金高强,H260LAD-3,硬钢,normal_real,,,,,,,
diagnostic_candidate,True,0005000547-000310,0005000547-000310,0005000547-000310,BR_00000030,BR_00000012,numeric-chain-000074,37,2,16,900,1.5,740,780,CR420LA,低合金高强,H420LAD-3,硬钢,normal_real,,,,,,,
diagnostic_candidate,True,0005000501-000280,0005000501-000280,0005000501-000280,BR_00000024,BR_00000012,numeric-chain-000074,37,3,16,900,1.5,740,780,CR420LA,低合金高强,H420LAD-3,硬钢,normal_real,,,,,,,
diagnostic_candidate,True,0005000547-000010,0005000547-000010,0005000547-000010,BR_00000030,BR_00000012,numeric-chain-000074,37,4,108,897,1.8,740,780,CR420LA,低合金高强,H420LAD-3,硬钢,normal_real,,,,,,,
diagnostic_candidate,True,0005000464-000010,0005000464-000010,0005000464-000010,BR_00000012,BR_00000012,numeric-chain-000074,37,5,72,897,1.8,740,780,CR420LA,低合金高强,H420LAD-3,硬钢,normal_real,,,,,,,
diagnostic_candidate,True,0005000506-000020,0005000506-000020,0005000506-000020,BR_00000024,BR_00000012,numeric-chain-000074,37,6,21,883,1.8,755,775,CR240LA,低合金高强,H260LAD-3,硬钢,normal_real,,,,,,,
diagnostic_candidate,True,0030105970-000010,0030105970-000010,0030105970-000010,BR_00000012,BR_00000012,numeric-chain-000079,38,1,240,1226,1,830,850,DC54D+Z,IF钢,SPHETI-3,软钢,normal_real,,,,,,,
diagnostic_candidate,True,0002002021-000110,0002002021-000110,0002002021-000110,BR_00000030,BR_00000012,numeric-chain-000079,38,2,23,1220,0.8,830,850,DC56D+Z,IF钢,SPHETI-3,软钢,normal_real,,,,,,,
diagnostic_candidate,True,0002001740-000040,0002001740-000040,0002001740-000040,BR_00000018,BR_00000012,numeric-chain-000079,38,3,23,1218,0.65,830,850,DC54D+Z,IF钢,SPHETI-3,软钢,normal_real,,,,,,,
diagnostic_candidate,True,0002001854-000320,0002001854-000320,0002001854-000320,BR_00000024,BR_00000012,numeric-chain-000079,38,4,23,1218,0.65,830,850,DC54D+Z,IF钢,SPHETI-3,软钢,normal_real,,,,,,,
diagnostic_candidate,True,0030117285-000050,0030117285-000050,0030117285-000050,BR_00000030,BR_00000012,numeric-chain-000079,38,5,96,1210,0.6,830,850,SCG4+Z,IF钢,SPHETI-3,软钢,normal_real,,,,,,,
diagnostic_candidate,True,0030105612-000110,0030105612-000110,0030105612-000110,BR_00000012,BR_00000012,numeric-chain-000082,39,1,22,956,1,790,810,HC220YD+Z,加磷高强、烘烤硬化钢,H220Y,软钢,normal_real,,,,,,,
diagnostic_candidate,True,0002002170-000190,0002002170-000190,0002002170-000190,BR_00000036,BR_00000012,numeric-chain-000082,39,2,40,928,1,770,810,DC51D+Z,IF钢,SPHETI-3,软钢,normal_real,,,,,,,
diagnostic_candidate,True,0002002180-000060,0002002180-000060,0002002180-000060,BR_00000036,BR_00000012,numeric-chain-000082,39,3,20,921,1.2,770,810,DC51D+Z,IF钢,SPHETI-3,软钢,normal_real,,,,,,,
diagnostic_candidate,True,0002001860-000520,0002001860-000520,0002001860-000520,BR_00000024,BR_00000012,numeric-chain-000082,39,4,44,900,1,770,810,DC51D+Z,普碳,SPHC,软钢,normal_real,,,,,,,
diagnostic_candidate,True,0002002170-000140,0002002170-000140,0002002170-000140,BR_00000036,BR_00000012,numeric-chain-000082,39,5,16,899,1.2,770,810,DC51D+Z,普碳,SPHC,软钢,normal_real,,,,,,,
diagnostic_candidate,True,0002002170-000070,0002002170-000070,0002002170-000070,BR_00000036,BR_00000012,numeric-chain-000082,39,6,16,890,1.2,770,810,DC51D+Z,IF钢,SPHETI-3,软钢,normal_real,,,,,,,
diagnostic_candidate,True,0002002202-000070,0002002202-000070,0002002202-000070,BR_00000036,BR_00000012,numeric-chain-000082,39,7,16,855,1,770,810,DC51D+Z,IF钢,SPHETI-3,软钢,normal_real,,,,,,,
diagnostic_candidate,True,0002001744-000010,0002001744-000010,0002001744-000010,BR_00000018,BR_00000012,numeric-chain-000082,39,8,17,838,1,770,810,DC51D+Z,普碳,SPHC,软钢,normal_real,,,,,,,
diagnostic_candidate,True,0002002170-000120,0002002170-000120,0002002170-000120,BR_00000036,BR_00000012,numeric-chain-000082,39,9,23,836,1,770,810,DC51D+Z,IF钢,SPHETI-3,软钢,normal_real,,,,,,,
diagnostic_candidate,True,0002001880-000210,0002001880-000210,0002001880-000210,BR_00000024,BR_00000012,numeric-chain-000085,40,1,220,1285,0.6,830,850,DC54D+Z,IF钢,SPHETI-3,软钢,normal_real,,,,,,,
diagnostic_candidate,True,0002001633-000130,0002001633-000130,0002001633-000130,BR_00000012,BR_00000012,numeric-chain-000085,40,2,96,1285,0.6,830,850,DC54D+Z,IF钢,SPHETI-3,软钢,normal_real,,,,,,,
diagnostic_candidate,True,0002002202-000060,0002002202-000060,0002002202-000060,BR_00000036,BR_00000012,numeric-chain-000087,41,1,46,1145,0.7,770,810,DC51D+Z,IF钢,SPHETI-3,软钢,normal_real,,,,,,,
diagnostic_candidate,True,0002002024-000030,0002002024-000030,0002002024-000030,BR_00000030,BR_00000012,numeric-chain-000087,41,2,23,1145,0.7,770,810,DC51D+Z,普碳,SPHC,软钢,normal_real,,,,,,,
diagnostic_candidate,True,0030120817-000030,0030120817-000030,0030120817-000030,BR_00000030,BR_00000012,numeric-chain-000087,41,3,23,1140,0.7,790,810,HC260YD+Z,加磷高强、烘烤硬化钢,H260Y,软钢,normal_real,,,,,,,
diagnostic_candidate,True,0030117283-000020,0030117283-000020,0030117283-000020,BR_00000030,BR_00000012,numeric-chain-000087,41,4,24,1130,0.65,790,810,SCG260Y+Z,加磷高强、烘烤硬化钢,H260Y,软钢,normal_real,,,,,,,
diagnostic_candidate,True,0002002020-000090,0002002020-000090,0002002020-000090,BR_00000030,BR_00000012,numeric-chain-000087,41,5,23,1127,0.6,770,810,DC51D+Z,普碳,SPHC,软钢,normal_real,,,,,,,
diagnostic_candidate,True,0030125206-000010,0030125206-000010,0030125206-000010,BR_00000036,BR_00000012,numeric-chain-000087,41,6,23,1120,0.6,770,810,DC51D+Z,深冲钢（PD）,SPHCQ,软钢,normal_real,,,,,,,
diagnostic_candidate,True,0030124800-000060,0030124800-000060,0030124800-000060,BR_00000036,BR_00000012,numeric-chain-000087,41,7,23,1116,0.5,770,810,DX52D+Z,深冲钢（PD）,SPHCQ,软钢,normal_real,,,,,,,
diagnostic_candidate,True,0030106987-000090,0030106987-000090,0030106987-000090,BR_00000018,BR_00000012,numeric-chain-000087,41,8,46,1100,0.45,700,840,DX51D+Z,普碳,SPHC,软钢,actual_transition,,,,,,,
diagnostic_candidate,True,0002002054-000310,0002002054-000310,0002002054-000310,BR_00000030,BR_00000012,numeric-chain-000087,41,9,72,1100,0.5,820,840,DX53D+Z-CD,IF钢,SPHETI-5,软钢,normal_real,,,,,,,
diagnostic_candidate,True,0002001648-000100,0002001648-000100,0002001648-000100,BR_00000012,BR_00000012,numeric-chain-000087,41,10,356,1100,0.5,820,840,DX53D+Z-CD,IF钢,SPHETI-5,软钢,normal_real,,,,,,,
diagnostic_candidate,True,0010017872-000010,0010017872-000010,0010017872-000010,BR_00000030,BR_00000012,numeric-chain-000088,42,1,207,1100,0.6,820,840,DC53D+Z,IF钢,SPHETI-5,软钢,normal_real,,,,,,,
diagnostic_candidate,True,0002001780-000180,0002001780-000180,0002001780-000180,BR_00000024,BR_00000012,numeric-chain-000088,42,2,23,1100,0.7,810,830,180YD+Z,加磷高强、烘烤硬化钢,H180YD,软钢,normal_real,,,,,,,
diagnostic_candidate,True,0002001603-000020,0002001603-000020,0002001603-000020,BR_00000012,BR_00000012,numeric-chain-000088,42,3,23,1100,0.7,810,830,180YD+Z,加磷高强、烘烤硬化钢,H180YD,软钢,normal_real,,,,,,,
diagnostic_candidate,True,0002002055-000110,0002002055-000110,0002002055-000110,BR_00000030,BR_00000012,numeric-chain-000088,42,4,166,1100,0.8,815,835,DX51D+Z-MD,普碳,SPHC,软钢,normal_real,,,,,,,
diagnostic_candidate,True,0002001899-000030,0002001899-000030,0002001899-000030,BR_00000024,BR_00000012,numeric-chain-000088,42,5,44,1100,0.8,820,840,DX53D+Z-MD,IF钢,SPHETI-5,软钢,normal_real,,,,,,,
diagnostic_candidate,True,0002001901-000050,0002001901-000050,0002001901-000050,BR_00000024,BR_00000012,numeric-chain-000088,42,6,19,1095,0.7,830,850,DC53D+Z,IF钢,SPHETI-3,软钢,normal_real,,,,,,,
diagnostic_candidate,True,0002001603-000100,0002001603-000100,0002001603-000100,BR_00000012,BR_00000012,numeric-chain-000088,42,7,40,1095,0.7,830,850,DC53D+Z,IF钢,SPHETI-3,软钢,normal_real,,,,,,,
diagnostic_candidate,True,0002001867-000150,0002001867-000150,0002001867-000150,BR_00000024,BR_00000012,numeric-chain-000088,42,8,19,1074,0.65,830,850,DC56D+Z,IF钢,SPHETI-3,软钢,normal_real,,,,,,,
diagnostic_candidate,True,0030119041-000010,0030119041-000010,0030119041-000010,BR_00000030,BR_00000012,numeric-chain-000088,42,9,60,1070,0.6,820,840,HC180BD+Z,加磷高强、烘烤硬化钢,H180BH1,软钢,normal_real,,,,,,,
diagnostic_candidate,True,0030114040-000030,0030114040-000030,0030114040-000030,BR_00000024,BR_00000012,numeric-chain-000088,42,10,23,1063,0.7,810,830,HC180YD+Z,加磷高强、烘烤硬化钢,H180YD,软钢,normal_real,,,,,,,
diagnostic_candidate,True,0002001895-000040,0002001895-000040,0002001895-000040,BR_00000024,BR_00000012,numeric-chain-000088,42,11,150,1060,0.8,820,840,DX53D+Z-CD,IF钢,SPHETI-5,软钢,normal_real,,,,,,,
diagnostic_candidate,True,0002002054-000110,0002002054-000110,0002002054-000110,BR_00000030,BR_00000012,numeric-chain-000088,42,12,66,1060,0.8,820,840,DX53D+Z-CD,IF钢,SPHETI-5,软钢,normal_real,,,,,,,
diagnostic_candidate,True,0030119032-000030,0030119032-000030,0030119032-000030,BR_00000030,BR_00000012,numeric-chain-000088,42,13,60,1050,0.6,820,840,DX53D+Z,IF钢,SPHETI-5,软钢,normal_real,,,,,,,
diagnostic_candidate,True,0030124826-000030,0030124826-000030,0030124826-000030,BR_00000036,BR_00000012,numeric-chain-000088,42,14,30,1050,0.6,820,840,DX53D+Z,IF钢,SPHETI-5,软钢,normal_real,,,,,,,
diagnostic_candidate,True,0030113590-000010,0030113590-000010,0030113590-000010,BR_00000024,BR_00000012,numeric-chain-000088,42,15,22,1050,0.6,830,850,DC54D+Z,IF钢,SPHETI-5,软钢,normal_real,,,,,,,
diagnostic_candidate,True,0030120757-000020,0030120757-000020,0030120757-000020,BR_00000031,BR_00000012,numeric-chain-000088,42,16,66,1044,0.7,830,850,DC54D+Z,IF钢,SPHETI-5,软钢,normal_real,,,,,,,
diagnostic_candidate,True,0030112439-000250,0030112439-000250,0030112439-000250,BR_00000024,BR_00000012,numeric-chain-000088,42,17,22,1040,0.7,830,850,DX53D+Z,IF钢,SPHETI-5,软钢,normal_real,,,,,,,
diagnostic_candidate,True,0002002170-000360,0002002170-000360,0002002170-000360,BR_00000036,BR_00000012,numeric-chain-000088,42,18,40,1030,0.6,830,850,DC54D+Z,IF钢,SPHETI-3,软钢,normal_real,,,,,,,
diagnostic_candidate,True,0002001854-000220,0002001854-000220,0002001854-000220,BR_00000024,BR_00000012,numeric-chain-000088,42,19,38,1030,0.6,830,850,DC54D+Z,IF钢,SPHETI-3,软钢,normal_real,,,,,,,
diagnostic_candidate,True,0030115672-000070,0030115672-000070,0030115672-000070,BR_00000025,BR_00000012,numeric-chain-000089,43,1,22,1029,0.8,830,850,DC56D+Z,IF钢,SPHETI-3,软钢,normal_real,,,,,,,
diagnostic_candidate,True,0005000501-000610,0005000501-000610,0005000501-000610,BR_00000024,BR_00000012,numeric-chain-000089,43,2,40,1005,0.8,830,850,CR3,IF钢,SPHETI-36,软钢,normal_real,,,,,,,
diagnostic_candidate,True,0030104374-000010,0030104374-000010,0030104374-000010,BR_00000012,BR_00000012,numeric-chain-000089,43,3,22,1005,0.8,820,840,DC53D+Z,IF钢,SPHETI-5,软钢,normal_real,,,,,,,
diagnostic_candidate,True,0030124457-000010,0030124457-000010,0030124457-000010,BR_00000036,BR_00000012,numeric-chain-000089,43,4,44,1001,0.6,820,840,DX53D+Z,IF钢,SPHETI-5,软钢,normal_real,,,,,,,
diagnostic_candidate,True,0010018206-000020,0010018206-000020,0010018206-000020,BR_00000030,BR_00000012,numeric-chain-000089,43,5,88,1000,0.6,700,840,DC51D+Z,普碳,SPHC,软钢,actual_transition,,,,,,,
diagnostic_candidate,True,0030106855-000010,0030106855-000010,0030106855-000010,BR_00000013,BR_00000012,numeric-chain-000089,43,6,22,1000,0.6,820,840,DC53D+Z,IF钢,SPHETI-5,软钢,normal_real,,,,,,,
diagnostic_candidate,True,0002001901-000010,0002001901-000010,0002001901-000010,BR_00000024,BR_00000012,numeric-chain-000089,43,7,38,1000,0.65,810,830,180YD+Z,加磷高强、烘烤硬化钢,H180YD,软钢,normal_real,,,,,,,
diagnostic_candidate,True,0002001740-000030,0002001740-000030,0002001740-000030,BR_00000018,BR_00000012,numeric-chain-000089,43,8,40,1000,0.65,810,830,180YD+Z,加磷高强、烘烤硬化钢,H180YD,软钢,normal_real,,,,,,,
diagnostic_candidate,True,0002001854-000040,0002001854-000040,0002001854-000040,BR_00000024,BR_00000012,numeric-chain-000089,43,9,138,1000,0.65,810,830,180YD+Z,加磷高强、烘烤硬化钢,H180YD,软钢,normal_real,,,,,,,
diagnostic_candidate,True,0030108872-000010,0030108872-000010,0030108872-000010,BR_00000018,BR_00000012,numeric-chain-000089,43,10,24,1000,0.8,700,840,DC51D+Z,普碳,SPHC,软钢,actual_transition,,,,,,,
diagnostic_candidate,True,0030112439-000240,0030112439-000240,0030112439-000240,BR_00000024,BR_00000012,numeric-chain-000089,43,11,22,995,0.7,830,850,DX53D+Z,IF钢,SPHETI-5,软钢,normal_real,,,,,,,
diagnostic_candidate,True,0030112439-000230,0030112439-000230,0030112439-000230,BR_00000024,BR_00000012,numeric-chain-000089,43,12,88,990,0.7,830,850,DX53D+Z,IF钢,SPHETI-5,软钢,normal_real,,,,,,,
diagnostic_candidate,True,0030105380-000020,0030105380-000020,0030105380-000020,BR_00000012,BR_00000012,numeric-chain-000089,43,13,31,980,0.7,830,850,DC56D+Z,IF钢,SPHETI-3,软钢,normal_real,,,,,,,
diagnostic_candidate,True,0030110381-000070,0030110381-000070,0030110381-000070,BR_00000018,BR_00000012,numeric-chain-000089,43,14,42,980,0.7,830,850,DC56D+Z,IF钢,SPHETI-3,软钢,normal_real,,,,,,,
diagnostic_candidate,True,0002001744-000180,0002001744-000180,0002001744-000180,BR_00000018,BR_00000012,numeric-chain-000089,43,15,13,973,0.7,830,850,DC54D+Z,IF钢,SPHETI-3,软钢,normal_real,,,,,,,
diagnostic_candidate,True,0030105612-000040,0030105612-000040,0030105612-000040,BR_00000012,BR_00000012,numeric-chain-000089,43,16,36,950,0.7,830,850,DC56D+Z,IF钢,SPHETI-3,软钢,normal_real,,,,,,,
diagnostic_candidate,True,0030122480-000040,0030122480-000040,0030122480-000040,BR_00000036,BR_00000012,numeric-chain-000089,43,17,72,950,0.7,830,850,DX54D+Z,IF钢,SPHETI-3,软钢,normal_real,,,,,,,
diagnostic_candidate,True,0030112433-000220,0030112433-000220,0030112433-000220,BR_00000024,BR_00000012,numeric-chain-000089,43,18,18,950,0.7,830,850,DX54D+Z,IF钢,SPHETI-3,软钢,normal_real,,,,,,,
diagnostic_candidate,True,0030120940-000030,0030120940-000030,0030120940-000030,BR_00000032,BR_00000012,numeric-chain-000089,43,19,18,950,0.7,830,850,DC56D+Z,IF钢,SPHETI-3,软钢,normal_real,,,,,,,
diagnostic_candidate,True,0030104503-000010,0030104503-000010,0030104503-000010,BR_00000012,BR_00000012,numeric-chain-000089,43,20,108,939,0.8,830,850,DC56D+Z,IF钢,SPHETI-3,软钢,normal_real,,,,,,,
diagnostic_candidate,True,0030108290-000010,0030108290-000010,0030108290-000010,BR_00000018,BR_00000012,numeric-chain-000089,43,21,36,938,0.8,830,850,DC54D+Z,IF钢,SPHETI-5,软钢,normal_real,,,,,,,
diagnostic_candidate,True,0030108109-000010,0030108109-000010,0030108109-000010,BR_00000018,BR_00000012,numeric-chain-000089,43,22,255,937,0.8,820,840,HC180BD+Z,加磷高强、烘烤硬化钢,H180BH1,软钢,normal_real,,,,,,,
diagnostic_candidate,True,0002001871-000290,0002001871-000290,0002001871-000290,BR_00000024,BR_00000012,numeric-chain-000089,43,23,17,913,0.6,810,830,180YD+Z,加磷高强、烘烤硬化钢,H180YD,软钢,normal_real,,,,,,,
diagnostic_candidate,True,0002002176-000120,0002002176-000120,0002002176-000120,BR_00000036,BR_00000012,numeric-chain-000089,43,24,25,913,0.6,810,830,180YD+Z,加磷高强、烘烤硬化钢,H180YD,软钢,normal_real,,,,,,,
diagnostic_candidate,True,0005000547-000680,0005000547-000680,0005000547-000680,BR_00000030,BR_00000012,numeric-chain-000089,43,25,32,900,0.7,820,840,CR210BH,加磷高强、烘烤硬化钢,H220BH,软钢,normal_real,,,,,,,
diagnostic_candidate,True,0002001612-000670,0002001612-000670,0002001612-000670,BR_00000012,BR_00000012,numeric-chain-000089,43,26,80,900,0.65,810,830,180YD+Z,加磷高强、烘烤硬化钢,H180YD,软钢,normal_real,,,,,,,
diagnostic_candidate,True,0002001744-000250,0002001744-000250,0002001744-000250,BR_00000018,BR_00000012,numeric-chain-000089,43,27,34,900,0.65,810,830,180YD+Z,加磷高强、烘烤硬化钢,H180YD,软钢,normal_real,,,,,,,
diagnostic_candidate,True,0002001860-000610,0002001860-000610,0002001860-000610,BR_00000024,BR_00000012,numeric-chain-000089,43,28,20,850,0.6,810,830,180YD+Z,加磷高强、烘烤硬化钢,H180YD,软钢,normal_real,,,,,,,
diagnostic_candidate,True,0030108260-000040,0030108260-000040,0030108260-000040,BR_00000018,BR_00000012,numeric-chain-000091,44,1,208,1430,0.65,830,850,SCG4+Z,IF钢,SPHETI-3,软钢,normal_real,,,,,,,
diagnostic_candidate,True,0030103920-000040,0030103920-000040,0030103920-000040,BR_00000012,BR_00000012,numeric-chain-000091,44,2,104,1430,0.65,830,850,SCG4+Z,IF钢,SPHETI-3,软钢,normal_real,,,,,,,
diagnostic_candidate,True,0030117285-000040,0030117285-000040,0030117285-000040,BR_00000030,BR_00000012,numeric-chain-000091,44,3,182,1430,0.65,830,850,SCG4+Z,IF钢,SPHETI-3,软钢,normal_real,,,,,,,
diagnostic_candidate,True,0002002176-000110,0002002176-000110,0002002176-000110,BR_00000036,BR_00000012,numeric-chain-000091,44,4,35,1418,0.65,830,850,DC53D+Z,IF钢,SPHETI-3,软钢,normal_real,,,,,,,
diagnostic_candidate,True,0030103543-000080,0030103543-000080,0030103543-000080,BR_00000012,BR_00000012,numeric-chain-000091,44,5,72,1416,0.8,820,840,DC53D+Z,IF钢,SPHETI-5,软钢,normal_real,,,,,,,
diagnostic_candidate,True,0002002055-000100,0002002055-000100,0002002055-000100,BR_00000030,BR_00000012,numeric-chain-000091,44,6,92,1413,0.6,820,840,DX53D+Z-MD,IF钢,SPHETI-5,软钢,normal_real,,,,,,,
diagnostic_candidate,True,0030119098-000040,0030119098-000040,0030119098-000040,BR_00000030,BR_00000012,numeric-chain-000091,44,7,24,1405,0.5,820,840,DX53D+Z-LG,IF钢,SPHETI-5,软钢,normal_real,,,,,,,
diagnostic_candidate,True,0030125168-000070,0030125168-000070,0030125168-000070,BR_00000036,BR_00000012,numeric-chain-000091,44,8,24,1405,0.5,820,840,DX53D+Z-LG,IF钢,SPHETI-5,软钢,normal_real,,,,,,,
diagnostic_candidate,True,0010019718-000030,0010019718-000030,0010019718-000030,BR_00000036,BR_00000012,numeric-chain-000091,44,9,144,1400,0.5,700,840,DC51D+Z,普碳,SPHC,软钢,actual_transition,,,,,,,
diagnostic_candidate,True,0030113258-000010,0030113258-000010,0030113258-000010,BR_00000024,BR_00000012,numeric-chain-000091,44,10,72,1375,0.4,700,840,DC51D+Z,普碳,SPHC,软钢,normal_real,,,,,,,
diagnostic_candidate,True,0030108585-000010,0030108585-000010,0030108585-000010,BR_00000018,BR_00000012,numeric-chain-000091,44,11,48,1375,0.4,700,840,DC51D+Z,普碳,SPHC,软钢,normal_real,,,,,,,
diagnostic_candidate,True,0030125168-000010,0030125168-000010,0030125168-000010,BR_00000036,BR_00000012,numeric-chain-000091,44,12,72,1375,0.4,700,840,DC51D+Z,普碳,SPHC,软钢,normal_real,,,,,,,
diagnostic_candidate,True,0030106638-000010,0030106638-000010,0030106638-000010,BR_00000018,BR_00000012,numeric-chain-000094,45,1,115,1070,0.8,700,840,DC51D+Z,普碳,SPHC,软钢,actual_transition,,,,,,,
diagnostic_candidate,True,0005000547-000480,0005000547-000480,0005000547-000480,BR_00000030,BR_00000012,numeric-chain-000094,45,2,20,1060,0.7,810,830,CR240LA,低合金高强,H260LAD-3,硬钢,normal_real,,,,,,,
diagnostic_candidate,True,0005000464-000420,0005000464-000420,0005000464-000420,BR_00000012,BR_00000012,numeric-chain-000094,45,3,20,1060,0.7,810,830,CR240LA,低合金高强,H260LAD-3,硬钢,normal_real,,,,,,,
diagnostic_candidate,True,0005000501-000430,0005000501-000430,0005000501-000430,BR_00000024,BR_00000012,numeric-chain-000094,45,4,20,1060,0.7,810,830,CR240LA,低合金高强,H260LAD-3,硬钢,normal_real,,,,,,,
diagnostic_candidate,True,0005000501-000530,0005000501-000530,0005000501-000530,BR_00000024,BR_00000012,numeric-chain-000094,45,5,20,1056,0.8,810,830,CR240LA,低合金高强,H260LAD-3,硬钢,normal_real,,,,,,,
diagnostic_candidate,True,0005000464-000320,0005000464-000320,0005000464-000320,BR_00000012,BR_00000012,numeric-chain-000094,45,6,40,1030,0.8,810,830,CR240LA,低合金高强,H260LAD-3,硬钢,normal_real,,,,,,,
diagnostic_candidate,True,0005000547-000420,0005000547-000420,0005000547-000420,BR_00000030,BR_00000012,numeric-chain-000094,45,7,40,1030,0.8,810,830,CR240LA,低合金高强,H260LAD-3,硬钢,normal_real,,,,,,,
diagnostic_candidate,True,0005000501-000370,0005000501-000370,0005000501-000370,BR_00000024,BR_00000012,numeric-chain-000094,45,8,20,1030,0.8,810,830,CR240LA,低合金高强,H260LAD-3,硬钢,normal_real,,,,,,,
diagnostic_candidate,True,0030122899-000010,0030122899-000010,0030122899-000010,BR_00000036,BR_00000012,numeric-chain-000094,45,9,60,1000,0.8,700,840,DC51D+Z,普碳,SPHC,软钢,actual_transition,,,,,,,
diagnostic_candidate,True,0002002185-000150,0002002185-000150,0002002185-000150,BR_00000036,BR_00000012,numeric-chain-000094,45,10,16,990,0.6,770,810,DC51D+Z,IF钢,SPHETI-3,软钢,normal_real,,,,,,,
diagnostic_candidate,True,0002001874-000100,0002001874-000100,0002001874-000100,BR_00000024,BR_00000012,numeric-chain-000094,45,11,19,990,0.6,770,810,DC51D+Z,普碳,SPHC,软钢,normal_real,,,,,,,
diagnostic_candidate,True,0002001744-000190,0002001744-000190,0002001744-000190,BR_00000018,BR_00000012,numeric-chain-000094,45,12,13,985,0.6,770,810,DC51D+Z,普碳,SPHC,软钢,normal_real,,,,,,,
diagnostic_candidate,True,0002002195-000020,0002002195-000020,0002002195-000020,BR_00000036,BR_00000012,numeric-chain-000094,45,13,44,985,0.65,770,810,DC51D+Z,普碳,SPHC,软钢,normal_real,,,,,,,
diagnostic_candidate,True,0002001880-000040,0002001880-000040,0002001880-000040,BR_00000024,BR_00000012,numeric-chain-000094,45,14,90,985,0.65,770,810,DC51D+Z,普碳,SPHC,软钢,normal_real,,,,,,,
diagnostic_candidate,True,0002001901-000100,0002001901-000100,0002001901-000100,BR_00000024,BR_00000012,numeric-chain-000094,45,15,19,978,0.65,770,810,DC51D+Z,普碳,SPHC,软钢,normal_real,,,,,,,
diagnostic_candidate,True,0002001854-000310,0002001854-000310,0002001854-000310,BR_00000024,BR_00000012,numeric-chain-000094,45,16,20,975,0.6,770,810,DC51D+Z,普碳,SPHC,软钢,normal_real,,,,,,,
diagnostic_candidate,True,0002001860-000110,0002001860-000110,0002001860-000110,BR_00000024,BR_00000012,numeric-chain-000094,45,17,20,972,0.65,770,810,DC51D+Z,普碳,SPHC,软钢,normal_real,,,,,,,
diagnostic_candidate,True,0002002170-000280,0002002170-000280,0002002170-000280,BR_00000036,BR_00000012,numeric-chain-000094,45,18,19,971,0.65,770,810,DC51D+Z,IF钢,SPHETI-3,软钢,normal_real,,,,,,,
diagnostic_candidate,True,0002001901-000060,0002001901-000060,0002001901-000060,BR_00000024,BR_00000012,numeric-chain-000094,45,19,19,971,0.65,770,810,DC51D+Z,普碳,SPHC,软钢,normal_real,,,,,,,
diagnostic_candidate,True,0002002170-000380,0002002170-000380,0002002170-000380,BR_00000036,BR_00000012,numeric-chain-000094,45,20,20,960,0.65,770,810,DC51D+Z,IF钢,SPHETI-3,软钢,normal_real,,,,,,,
diagnostic_candidate,True,0030115673-000150,0030115673-000150,0030115673-000150,BR_00000025,BR_00000012,numeric-chain-000094,45,21,17,937,0.7,770,810,DC51D+Z,深冲钢（PD）,SPHCQ,软钢,normal_real,,,,,,,
diagnostic_candidate,True,0030120940-000050,0030120940-000050,0030120940-000050,BR_00000032,BR_00000012,numeric-chain-000094,45,22,18,937,0.7,770,810,DC51D+Z,深冲钢（PD）,SPHCQ,软钢,normal_real,,,,,,,
diagnostic_candidate,True,0002001880-000030,0002001880-000030,0002001880-000030,BR_00000024,BR_00000012,numeric-chain-000094,45,23,40,918,0.65,770,810,DC51D+Z,普碳,SPHC,软钢,normal_real,,,,,,,
diagnostic_candidate,True,0002001901-000090,0002001901-000090,0002001901-000090,BR_00000024,BR_00000012,numeric-chain-000094,45,24,20,910,0.6,770,810,DC51D+Z,普碳,SPHC,软钢,normal_real,,,,,,,
diagnostic_candidate,True,0002002180-000050,0002002180-000050,0002002180-000050,BR_00000036,BR_00000012,numeric-chain-000094,45,25,20,910,0.65,770,810,DC51D+Z,IF钢,SPHETI-3,软钢,normal_real,,,,,,,
diagnostic_candidate,True,0002001612-000540,0002001612-000540,0002001612-000540,BR_00000012,BR_00000012,numeric-chain-000094,45,26,17,834,0.65,770,810,DC51D+Z,普碳,SPHC,软钢,normal_real,,,,,,,
diagnostic_candidate,True,0002002195-000210,0002002195-000210,0002002195-000210,BR_00000036,BR_00000012,numeric-chain-000094,45,27,18,830,0.6,770,810,DC51D+Z,普碳,SPHC,软钢,normal_real,,,,,,,
diagnostic_candidate,True,0002001986-000010,0002001986-000010,0002001986-000010,BR_00000030,BR_00000012,numeric-chain-000094,45,28,18,830,0.6,770,810,DC51D+Z,普碳,SPHC,软钢,normal_real,,,,,,,
diagnostic_candidate,True,0002002170-000130,0002002170-000130,0002002170-000130,BR_00000036,BR_00000012,numeric-chain-000094,45,29,55,828,0.65,770,810,DC51D+Z,普碳,SPHC,软钢,normal_real,,,,,,,
diagnostic_candidate,True,0002001901-000120,0002001901-000120,0002001901-000120,BR_00000024,BR_00000012,numeric-chain-000094,45,30,32,810,0.6,770,810,DC51D+Z,普碳,SPHC,软钢,normal_real,,,,,,,
diagnostic_candidate,True,0005000486-000360,0005000486-000360,0005000486-000360,BR_00000018,BR_00000012,numeric-chain-000095,46,1,21,1565,0.9,830,850,CR3,IF钢,SPHETI-36,软钢,normal_real,,,,,,,
diagnostic_candidate,True,0005000547-000410,0005000547-000410,0005000547-000410,BR_00000030,BR_00000012,numeric-chain-000095,46,2,21,1565,0.9,830,850,CR3,IF钢,SPHETI-36,软钢,normal_real,,,,,,,
diagnostic_candidate,True,0005000486-000770,0005000486-000770,0005000486-000770,BR_00000018,BR_00000012,numeric-chain-000095,46,3,42,1565,1,820,840,CR210BH,加磷高强、烘烤硬化钢,H220BH,软钢,normal_real,,,,,,,
diagnostic_candidate,True,0005000501-000770,0005000501-000770,0005000501-000770,BR_00000024,BR_00000012,numeric-chain-000095,46,4,42,1565,1,820,840,CR210BH,加磷高强、烘烤硬化钢,H220BH,软钢,normal_real,,,,,,,
diagnostic_candidate,True,0005000547-000810,0005000547-000810,0005000547-000810,BR_00000030,BR_00000012,numeric-chain-000095,46,5,21,1565,1,820,840,CR210BH,加磷高强、烘烤硬化钢,H220BH,软钢,normal_real,,,,,,,
diagnostic_candidate,True,0005000464-000750,0005000464-000750,0005000464-000750,BR_00000012,BR_00000012,numeric-chain-000095,46,6,21,1565,1,820,840,CR210BH,加磷高强、烘烤硬化钢,H220BH,软钢,normal_real,,,,,,,
diagnostic_candidate,True,0005000486-000520,0005000486-000520,0005000486-000520,BR_00000018,BR_00000012,numeric-chain-000095,46,7,63,1551,1,820,840,CR210BH,加磷高强、烘烤硬化钢,H220BH,软钢,normal_real,,,,,,,
diagnostic_candidate,True,0005000547-000580,0005000547-000580,0005000547-000580,BR_00000030,BR_00000012,numeric-chain-000095,46,8,21,1551,1,820,840,CR210BH,加磷高强、烘烤硬化钢,H220BH,软钢,normal_real,,,,,,,
diagnostic_candidate,True,0030107381-000130,0030107381-000130,0030107381-000130,BR_00000018,BR_00000012,numeric-chain-000095,46,9,418,1549,0.8,830,850,CR3,IF钢,SPHETI-36,软钢,normal_real,,,,,,,
diagnostic_candidate,True,0030117110-000120,0030117110-000120,0030117110-000120,BR_00000030,BR_00000012,numeric-chain-000095,46,10,22,1549,0.8,830,850,CR3,IF钢,SPHETI-36,软钢,normal_real,,,,,,,
diagnostic_candidate,True,0030112686-000090,0030112686-000090,0030112686-000090,BR_00000024,BR_00000012,numeric-chain-000095,46,11,44,1549,0.8,830,850,CR3,IF钢,SPHETI-36,软钢,normal_real,,,,,,,
diagnostic_candidate,True,0002001617-000260,0002001617-000260,0002001617-000260,BR_00000012,BR_00000012,numeric-chain-000095,46,12,60,1540,0.8,830,850,DC56D+Z,IF钢,SPHETI-3,软钢,normal_real,,,,,,,
diagnostic_candidate,True,0002002180-000140,0002002180-000140,0002002180-000140,BR_00000036,BR_00000012,numeric-chain-000095,46,13,20,1540,0.8,830,850,DC56D+Z,IF钢,SPHETI-3,软钢,normal_real,,,,,,,
diagnostic_candidate,True,0005000486-000670,0005000486-000670,0005000486-000670,BR_00000018,BR_00000012,numeric-chain-000095,46,14,42,1535,1,820,840,CR210BH,加磷高强、烘烤硬化钢,H220BH,软钢,normal_real,,,,,,,
diagnostic_candidate,True,0030112161-000010,0030112161-000010,0030112161-000010,BR_00000024,BR_00000012,numeric-chain-000095,46,15,24,1530,1,830,850,DC56D+Z,IF钢,SPHETI-3,软钢,normal_real,,,,,,,
diagnostic_candidate,True,0030114768-000100,0030114768-000100,0030114768-000100,BR_00000024,BR_00000012,numeric-chain-000095,46,16,7,1520,0.9,820,840,CR210BH,加磷高强、烘烤硬化钢,H220BH,软钢,normal_real,,,,,,,
diagnostic_candidate,True,0030114756-000010,0030114756-000010,0030114756-000010,BR_00000024,BR_00000012,numeric-chain-000095,46,17,48,1508,0.8,700,840,DC51D+Z,普碳,SPHC,软钢,normal_real,,,,,,,
diagnostic_candidate,True,0010018206-000090,0010018206-000090,0010018206-000090,BR_00000030,BR_00000012,numeric-chain-000095,46,18,96,1500,0.6,700,840,DC51D+Z,普碳,SPHC,软钢,actual_transition,,,,,,,
diagnostic_candidate,True,0002002170-000300,0002002170-000300,0002002170-000300,BR_00000036,BR_00000012,numeric-chain-000095,46,19,23,1500,0.6,810,830,180YD+Z,加磷高强、烘烤硬化钢,H180YD,软钢,normal_real,,,,,,,
diagnostic_candidate,True,0002001642-000010,0002001642-000010,0002001642-000010,BR_00000012,BR_00000012,numeric-chain-000095,46,20,23,1485,0.7,810,830,180YD+Z,加磷高强、烘烤硬化钢,H180YD,软钢,normal_real,,,,,,,
diagnostic_candidate,True,0002001740-000010,0002001740-000010,0002001740-000010,BR_00000018,BR_00000012,numeric-chain-000095,46,21,69,1485,0.7,810,830,180YD+Z,加磷高强、烘烤硬化钢,H180YD,软钢,normal_real,,,,,,,
diagnostic_candidate,True,0030123256-000040,0030123256-000040,0030123256-000040,BR_00000036,BR_00000012,numeric-chain-000095,46,22,69,1475,0.65,820,840,HC180BD+Z,加磷高强、烘烤硬化钢,H180BH1,软钢,normal_real,,,,,,,
diagnostic_candidate,True,0030118799-000040,0030118799-000040,0030118799-000040,BR_00000030,BR_00000012,numeric-chain-000095,46,23,44,1475,0.65,820,840,HC180BD+Z,加磷高强、烘烤硬化钢,H180BH1,软钢,normal_real,,,,,,,
diagnostic_candidate,True,0030117284-000010,0030117284-000010,0030117284-000010,BR_00000030,BR_00000012,numeric-chain-000095,46,24,78,1465,0.7,830,850,SCG4+Z,IF钢,SPHETI-3,软钢,normal_real,,,,,,,
diagnostic_candidate,True,0030123142-000010,0030123142-000010,0030123142-000010,BR_00000036,BR_00000012,numeric-chain-000095,46,25,312,1465,0.7,830,850,SCG4+Z,IF钢,SPHETI-3,软钢,normal_real,,,,,,,
diagnostic_candidate,True,0030123936-000020,0030123936-000020,0030123936-000020,BR_00000036,BR_00000012,numeric-chain-000095,46,26,338,1465,0.7,830,850,SCG4+Z,IF钢,SPHETI-3,软钢,normal_real,,,,,,,
diagnostic_candidate,True,0030108259-000010,0030108259-000010,0030108259-000010,BR_00000018,BR_00000012,numeric-chain-000096,47,1,26,1465,0.7,830,850,SCG4+Z,IF钢,SPHETI-3,软钢,normal_real,,,,,,,
diagnostic_candidate,True,0030124397-000030,0030124397-000030,0030124397-000030,BR_00000036,BR_00000012,numeric-chain-000096,47,2,24,1465,0.7,830,850,DC56D+Z,IF钢,SPHETI-3,软钢,normal_real,,,,,,,
diagnostic_candidate,True,0030123143-000010,0030123143-000010,0030123143-000010,BR_00000036,BR_00000012,numeric-chain-000096,47,3,52,1455,0.7,830,850,SCG4+Z,IF钢,SPHETI-3,软钢,normal_real,,,,,,,
diagnostic_candidate,True,0030117285-000010,0030117285-000010,0030117285-000010,BR_00000030,BR_00000012,numeric-chain-000096,47,4,182,1455,0.7,830,850,SCG4+Z,IF钢,SPHETI-3,软钢,normal_real,,,,,,,
diagnostic_candidate,True,0030103920-000010,0030103920-000010,0030103920-000010,BR_00000012,BR_00000012,numeric-chain-000096,47,5,104,1455,0.7,830,850,SCG4+Z,IF钢,SPHETI-3,软钢,normal_real,,,,,,,
diagnostic_candidate,True,0030111905-000010,0030111905-000010,0030111905-000010,BR_00000024,BR_00000012,numeric-chain-000096,47,6,24,1455,0.7,830,850,DC56D+Z,IF钢,SPHETI-3,软钢,normal_real,,,,,,,
diagnostic_candidate,True,0005000544-000010,0005000544-000010,0005000544-000010,BR_00000030,BR_00000012,numeric-chain-000096,47,7,7,1450,0.8,830,850,CR3,IF钢,SPHETI-36,软钢,normal_real,,,,,,,
diagnostic_candidate,True,0005000563-000280,0005000563-000280,0005000563-000280,BR_00000036,BR_00000012,numeric-chain-000096,47,8,21,1448,0.8,830,850,CR3,IF钢,SPHETI-36,软钢,normal_real,,,,,,,
diagnostic_candidate,True,0030108259-000020,0030108259-000020,0030108259-000020,BR_00000018,BR_00000012,numeric-chain-000096,47,9,26,1440,0.7,830,850,SCG4+Z,IF钢,SPHETI-3,软钢,normal_real,,,,,,,
diagnostic_candidate,True,0002002021-000020,0002002021-000020,0002002021-000020,BR_00000030,BR_00000012,numeric-chain-000096,47,10,23,1440,0.65,830,850,DC53D+Z,IF钢,SPHETI-3,软钢,normal_real,,,,,,,
diagnostic_candidate,True,0002002170-000430,0002002170-000430,0002002170-000430,BR_00000036,BR_00000012,numeric-chain-000096,47,11,23,1440,0.65,830,850,DC53D+Z,IF钢,SPHETI-3,软钢,normal_real,,,,,,,
diagnostic_candidate,True,0030120049-000040,0030120049-000040,0030120049-000040,BR_00000031,BR_00000012,numeric-chain-000096,47,12,24,1440,0.7,830,850,DC56D+Z,IF钢,SPHETI-3,软钢,normal_real,,,,,,,
diagnostic_candidate,True,0002001906-000060,0002001906-000060,0002001906-000060,BR_00000025,BR_00000012,numeric-chain-000096,47,13,46,1434,0.7,830,850,DC53D+Z,IF钢,SPHETI-3,软钢,normal_real,,,,,,,
diagnostic_candidate,True,0030105479-000010,0030105479-000010,0030105479-000010,BR_00000012,BR_00000012,numeric-chain-000096,47,14,24,1426,0.8,830,850,DC54D+Z,IF钢,SPHETI-3,软钢,normal_real,,,,,,,
diagnostic_candidate,True,0030106245-000050,0030106245-000050,0030106245-000050,BR_00000012,BR_00000012,numeric-chain-000096,47,15,48,1416,0.8,820,840,DC53D+Z,IF钢,SPHETI-5,软钢,normal_real,,,,,,,
diagnostic_candidate,True,0030119860-000030,0030119860-000030,0030119860-000030,BR_00000030,BR_00000012,numeric-chain-000096,47,16,288,1410,0.8,830,850,DC56D+Z,IF钢,SPHETI-3,软钢,normal_real,,,,,,,
diagnostic_candidate,True,0030103920-000020,0030103920-000020,0030103920-000020,BR_00000012,BR_00000012,numeric-chain-000096,47,17,104,1390,0.7,830,850,SCG4+Z,IF钢,SPHETI-3,软钢,normal_real,,,,,,,
diagnostic_candidate,True,0002001860-000440,0002001860-000440,0002001860-000440,BR_00000024,BR_00000012,numeric-chain-000096,47,18,20,1390,0.6,830,850,DC56D+Z,IF钢,SPHETI-3,软钢,normal_real,,,,,,,
diagnostic_candidate,True,0030124199-000010,0030124199-000010,0030124199-000010,BR_00000036,BR_00000012,numeric-chain-000096,47,19,26,1385,0.6,830,850,DC54D+Z,IF钢,SPHETI-5,软钢,normal_real,,,,,,,
diagnostic_candidate,True,0030112155-000010,0030112155-000010,0030112155-000010,BR_00000024,BR_00000012,numeric-chain-000096,47,20,48,1375,0.6,830,850,DX54D+Z,IF钢,SPHETI-3,软钢,normal_real,,,,,,,
diagnostic_candidate,True,0002002055-000050,0002002055-000050,0002002055-000050,BR_00000030,BR_00000012,numeric-chain-000098,48,1,792,1310,0.6,815,835,DX51D+Z-MD,普碳,SPHC,软钢,normal_real,,,,,,,
diagnostic_candidate,True,0002002009-000060,0002002009-000060,0002002009-000060,BR_00000030,BR_00000012,numeric-chain-000098,48,2,60,1305,0.6,810,830,180YD+Z,加磷高强、烘烤硬化钢,H180YD,软钢,normal_real,,,,,,,
diagnostic_candidate,True,0002001860-000530,0002001860-000530,0002001860-000530,BR_00000024,BR_00000012,numeric-chain-000098,48,3,84,1300,0.65,810,830,180YD+Z,加磷高强、烘烤硬化钢,H180YD,软钢,normal_real,,,,,,,
diagnostic_candidate,True,0030118006-000010,0030118006-000010,0030118006-000010,BR_00000030,BR_00000012,numeric-chain-000098,48,4,72,1295,0.6,700,840,DC51D+Z,普碳,SPHC,软钢,normal_real,,,,,,,
diagnostic_candidate,True,0002002176-000190,0002002176-000190,0002002176-000190,BR_00000036,BR_00000012,numeric-chain-000098,48,5,15,1295,0.6,770,810,DC51D+Z,普碳,SPHC,软钢,normal_real,,,,,,,
diagnostic_candidate,True,0002001750-000060,0002001750-000060,0002001750-000060,BR_00000018,BR_00000012,numeric-chain-000098,48,6,24,1295,0.65,770,810,DC51D+Z,普碳,SPHC,软钢,normal_real,,,,,,,
diagnostic_candidate,True,0002001603-000170,0002001603-000170,0002001603-000170,BR_00000012,BR_00000012,numeric-chain-000098,48,7,23,1290,0.65,770,810,DC51D+Z,普碳,SPHC,软钢,normal_real,,,,,,,
diagnostic_candidate,True,0002002170-000270,0002002170-000270,0002002170-000270,BR_00000036,BR_00000012,numeric-chain-000098,48,8,46,1290,0.65,770,810,DC51D+Z,IF钢,SPHETI-3,软钢,normal_real,,,,,,,
diagnostic_candidate,True,0002001871-000470,0002001871-000470,0002001871-000470,BR_00000024,BR_00000012,numeric-chain-000098,48,9,65,1288,0.65,770,810,DC51D+Z,普碳,SPHC,软钢,normal_real,,,,,,,
diagnostic_candidate,True,0002002202-000090,0002002202-000090,0002002202-000090,BR_00000036,BR_00000012,numeric-chain-000098,48,10,138,1280,0.65,770,810,DC51D+Z,IF钢,SPHETI-3,软钢,normal_real,,,,,,,
diagnostic_candidate,True,0002001780-000100,0002001780-000100,0002001780-000100,BR_00000024,BR_00000012,numeric-chain-000098,48,11,23,1265,0.8,770,810,DC51D+Z,普碳,SPHC,软钢,normal_real,,,,,,,
diagnostic_candidate,True,0002001854-000290,0002001854-000290,0002001854-000290,BR_00000024,BR_00000012,numeric-chain-000098,48,12,46,1265,0.8,770,810,DC51D+Z,普碳,SPHC,软钢,normal_real,,,,,,,
diagnostic_candidate,True,0030107665-000010,0030107665-000010,0030107665-000010,BR_00000018,BR_00000012,numeric-chain-000098,48,13,72,1260,0.65,790,810,HC260YD+Z,加磷高强、烘烤硬化钢,H260Y,软钢,normal_real,,,,,,,
diagnostic_candidate,True,0002001871-000350,0002001871-000350,0002001871-000350,BR_00000024,BR_00000012,numeric-chain-000098,48,14,23,1260,0.65,770,810,DC51D+Z,普碳,SPHC,软钢,normal_real,,,,,,,
diagnostic_candidate,True,0002002170-000330,0002002170-000330,0002002170-000330,BR_00000036,BR_00000012,numeric-chain-000098,48,15,23,1260,0.65,770,810,DC51D+Z,IF钢,SPHETI-3,软钢,normal_real,,,,,,,
diagnostic_candidate,True,0002001906-000140,0002001906-000140,0002001906-000140,BR_00000025,BR_00000012,numeric-chain-000098,48,16,46,1255,0.6,770,810,DC51D+Z,普碳,SPHC,软钢,normal_real,,,,,,,
diagnostic_candidate,True,0010018206-000030,0010018206-000030,0010018206-000030,BR_00000030,BR_00000012,numeric-chain-000098,48,17,52,1250,0.5,700,840,DC51D+Z,普碳,SPHC,软钢,actual_transition,,,,,,,
diagnostic_candidate,True,0030103224-000010,0030103224-000010,0030103224-000010,BR_00000012,BR_00000012,numeric-chain-000098,48,18,48,1250,0.5,700,840,DC51D+Z,普碳,SPHC,软钢,actual_transition,,,,,,,
diagnostic_candidate,True,0002001899-000090,0002001899-000090,0002001899-000090,BR_00000024,BR_00000012,numeric-chain-000098,48,19,24,1250,0.6,820,840,DX53D+Z-MD,IF钢,SPHETI-5,软钢,normal_real,,,,,,,
diagnostic_candidate,True,0002001906-000110,0002001906-000110,0002001906-000110,BR_00000025,BR_00000012,numeric-chain-000098,48,20,92,1250,0.65,830,850,DC53D+Z,IF钢,SPHETI-3,软钢,normal_real,,,,,,,
diagnostic_candidate,True,0030112553-000030,0030112553-000030,0030112553-000030,BR_00000024,BR_00000012,numeric-chain-000098,48,21,48,1250,0.75,700,840,DC51D+Z,普碳,SPHC,软钢,actual_transition,,,,,,,
diagnostic_candidate,True,0030124824-000030,0030124824-000030,0030124824-000030,BR_00000036,BR_00000012,numeric-chain-000098,48,22,45,1250,0.75,730,750,DX51D+Z,普碳,SPHC,软钢,normal_real,,,,,,,
diagnostic_candidate,True,0030103526-000110,0030103526-000110,0030103526-000110,BR_00000012,BR_00000012,numeric-chain-000098,48,23,48,1250,0.8,700,840,DC51D+Z,普碳,SPHC,软钢,actual_transition,,,,,,,
diagnostic_candidate,True,0030118006-000040,0030118006-000040,0030118006-000040,BR_00000030,BR_00000012,numeric-chain-000099,49,1,192,1250,0.8,700,840,DC51D+Z,普碳,SPHC,软钢,normal_real,,,,,,,
diagnostic_candidate,True,0030108542-000070,0030108542-000070,0030108542-000070,BR_00000018,BR_00000012,numeric-chain-000099,49,2,72,1250,0.8,700,840,DC51D+Z,普碳,SPHC,软钢,normal_real,,,,,,,
diagnostic_candidate,True,0030107311-000370,0030107311-000370,0030107311-000370,BR_00000018,BR_00000012,numeric-chain-000099,49,3,48,1250,1,700,840,DC51D+Z,普碳,SPHC,软钢,actual_transition,,,,,,,
diagnostic_candidate,True,0030104291-000040,0030104291-000040,0030104291-000040,BR_00000012,BR_00000012,numeric-chain-000099,49,4,72,1250,1.2,700,840,DC51D+Z,普碳,SPHC,软钢,actual_transition,,,,,,,
diagnostic_candidate,True,0030107561-000050,0030107561-000050,0030107561-000050,BR_00000018,BR_00000012,numeric-chain-000099,49,5,48,1250,1.2,700,840,DC51D+Z,普碳,SPHC,软钢,actual_transition,,,,,,,
diagnostic_candidate,True,0030112554-000030,0030112554-000030,0030112554-000030,BR_00000024,BR_00000012,numeric-chain-000099,49,6,48,1250,1.2,700,840,DC51D+Z,普碳,SPHC,软钢,actual_transition,,,,,,,
diagnostic_candidate,True,0030123653-000020,0030123653-000020,0030123653-000020,BR_00000036,BR_00000012,numeric-chain-000099,49,7,24,1250,1.2,700,840,DC51D+Z,普碳,SPHC,软钢,normal_real,,,,,,,
diagnostic_candidate,True,0030107311-000070,0030107311-000070,0030107311-000070,BR_00000018,BR_00000012,numeric-chain-000099,49,8,72,1250,1.45,700,840,DC51D+Z,普碳,SPHC,软钢,actual_transition,,,,,,,
diagnostic_candidate,True,0002002053-000110,0002002053-000110,0002002053-000110,BR_00000030,BR_00000012,numeric-chain-000099,49,9,84,1250,1.5,815,835,DX51D+Z-MD,普碳,SPHC,软钢,normal_real,,,,,,,
diagnostic_candidate,True,0002002059-000020,0002002059-000020,0002002059-000020,BR_00000030,BR_00000012,numeric-chain-000099,49,10,69,1243,1.5,820,840,DX53D+Z-CD,IF钢,SPHETI-5,软钢,normal_real,,,,,,,
diagnostic_candidate,True,0030103543-000140,0030103543-000140,0030103543-000140,BR_00000012,BR_00000012,numeric-chain-000099,49,11,48,1240,1.5,700,840,DC51D+Z,普碳,SPHC,软钢,normal_real,,,,,,,
diagnostic_candidate,True,0030110522-000010,0030110522-000010,0030110522-000010,BR_00000018,BR_00000012,numeric-chain-000099,49,12,24,1233,1.2,810,830,HC180YD+Z,加磷高强、烘烤硬化钢,H180YD,软钢,normal_real,,,,,,,
diagnostic_candidate,True,0005000486-000230,0005000486-000230,0005000486-000230,BR_00000018,BR_00000012,numeric-chain-000099,49,13,21,1225,1.2,800,820,CR210LA,普碳,SPHC,软钢,normal_real,,,,,,,
diagnostic_candidate,True,0030106245-000070,0030106245-000070,0030106245-000070,BR_00000012,BR_00000012,numeric-chain-000099,49,14,24,1225,1,700,840,DC51D+Z,普碳,SPHC,软钢,normal_real,,,,,,,
diagnostic_candidate,True,0002002054-000160,0002002054-000160,0002002054-000160,BR_00000030,BR_00000012,numeric-chain-000099,49,15,42,1219,1,815,835,DX51D+Z-MD,普碳,SPHC,软钢,normal_real,,,,,,,
diagnostic_candidate,True,0030118942-000020,0030118942-000020,0030118942-000020,BR_00000030,BR_00000012,numeric-chain-000099,49,16,48,1219,1.2,700,840,DX51D+Z,普碳,SPHC,软钢,actual_transition,,,,,,,
diagnostic_candidate,True,0030108198-000020,0030108198-000020,0030108198-000020,BR_00000018,BR_00000012,numeric-chain-000099,49,17,72,1200,1.2,700,720,DX51D+Z3,深冲钢（PD）,DD12BB,软钢,normal_real,,,,,,,
diagnostic_candidate,True,0030119985-000010,0030119985-000010,0030119985-000010,BR_00000030,BR_00000012,numeric-chain-000099,49,18,24,1200,1.5,700,840,DC51D+Z,普碳,SPHC,软钢,actual_transition,,,,,,,
diagnostic_candidate,True,0005000562-000060,0005000562-000060,0005000562-000060,BR_00000036,BR_00000012,numeric-chain-000099,49,19,23,1197,1.5,740,780,CR420LA,低合金高强,H420LAD-3,硬钢,normal_real,,,,,,,
diagnostic_candidate,True,0005000461-000040,0005000461-000040,0005000461-000040,BR_00000012,BR_00000012,numeric-chain-000099,49,20,23,1193,1.2,730,770,CR420LA,低合金高强,H420LAD-3,硬钢,normal_real,,,,,,,
diagnostic_candidate,True,0005000549-000070,0005000549-000070,0005000549-000070,BR_00000030,BR_00000012,numeric-chain-000099,49,21,23,1193,1.2,730,770,CR420LA,低合金高强,H420LAD-3,硬钢,normal_real,,,,,,,
diagnostic_candidate,True,0005000546-000110,0005000546-000110,0005000546-000110,BR_00000030,BR_00000012,numeric-chain-000099,49,22,7,1176,1.2,735,775,HC260LAD+Z,低合金高强,H260LAD-3,硬钢,normal_real,,,,,,,
diagnostic_candidate,True,0005000501-000050,0005000501-000050,0005000501-000050,BR_00000024,BR_00000012,numeric-chain-000099,49,23,80,1155,1.5,740,780,CR420LA,低合金高强,H420LAD-3,硬钢,normal_real,,,,,,,
diagnostic_candidate,True,0005000547-000050,0005000547-000050,0005000547-000050,BR_00000030,BR_00000012,numeric-chain-000099,49,24,100,1155,1.5,740,780,CR420LA,低合金高强,H420LAD-3,硬钢,normal_real,,,,,,,
diagnostic_candidate,True,0005000563-000040,0005000563-000040,0005000563-000040,BR_00000036,BR_00000012,numeric-chain-000099,49,25,60,1155,1.5,740,780,CR420LA,低合金高强,H420LAD-3,硬钢,normal_real,,,,,,,
diagnostic_candidate,True,0005000463-000050,0005000463-000050,0005000463-000050,BR_00000012,BR_00000012,numeric-chain-000099,49,26,22,1149,1.5,740,780,CR420LA,低合金高强,H420LAD-3,硬钢,normal_real,,,,,,,
diagnostic_candidate,True,0005000575-000040,0005000575-000040,0005000575-000040,BR_00000036,BR_00000012,numeric-chain-000099,49,27,40,1149,1.5,740,780,CR420LA,低合金高强,H420LAD-3,硬钢,normal_real,,,,,,,
diagnostic_candidate,True,0005000547-000110,0005000547-000110,0005000547-000110,BR_00000030,BR_00000012,numeric-chain-000099,49,28,21,1136,1.2,760,780,CR240LA,低合金高强,H260LAD-3,硬钢,normal_real,,,,,,,
diagnostic_candidate,True,0005000463-000060,0005000463-000060,0005000463-000060,BR_00000012,BR_00000012,numeric-chain-000099,49,29,22,1107,1.5,740,780,CR420LA,低合金高强,H420LAD-3,硬钢,normal_real,,,,,,,
diagnostic_candidate,True,0005000462-000020,0005000462-000020,0005000462-000020,BR_00000012,BR_00000012,numeric-chain-000099,49,30,44,1107,1.5,740,780,CR420LA,低合金高强,H420LAD-3,硬钢,normal_real,,,,,,,
diagnostic_candidate,True,0005000555-000030,0005000555-000030,0005000555-000030,BR_00000030,BR_00000012,numeric-chain-000099,49,31,22,1107,1.5,740,780,CR420LA,低合金高强,H420LAD-3,硬钢,normal_real,,,,,,,
diagnostic_candidate,True,0005000575-000050,0005000575-000050,0005000575-000050,BR_00000036,BR_00000012,numeric-chain-000099,49,32,22,1107,1.5,740,780,CR420LA,低合金高强,H420LAD-3,硬钢,normal_real,,,,,,,
diagnostic_candidate,True,0005000464-000040,0005000464-000040,0005000464-000040,BR_00000012,BR_00000012,numeric-chain-000099,49,33,20,1085,1.2,730,770,CR420LA,低合金高强,H420LAD-3,硬钢,normal_real,,,,,,,
diagnostic_candidate,True,0005000509-000010,0005000509-000010,0005000509-000010,BR_00000024,BR_00000012,numeric-chain-000099,49,34,7,1083,1.2,760,780,CR240LA,低合金高强,H260LAD-3,硬钢,normal_real,,,,,,,
diagnostic_candidate,True,0005000501-000510,0005000501-000510,0005000501-000510,BR_00000024,BR_00000012,numeric-chain-000099,49,35,40,1025,1,770,790,CR300LA,低合金高强,H300LA-3,硬钢,normal_real,,,,,,,
diagnostic_candidate,True,0030108871-000050,0030108871-000050,0030108871-000050,BR_00000018,BR_00000012,numeric-chain-000099,49,36,199,1000,0.8,700,840,DC51D+Z,普碳,SPHC,软钢,actual_transition,,,,,,,
diagnostic_candidate,True,0030108214-000020,0030108214-000020,0030108214-000020,BR_00000018,BR_00000012,numeric-chain-000099,49,37,22,1000,0.8,830,850,DC56D+Z,IF钢,SPHETI-3,软钢,normal_real,,,,,,,
diagnostic_candidate,True,0030122480-000100,0030122480-000100,0030122480-000100,BR_00000036,BR_00000012,numeric-chain-000099,49,38,154,995,0.7,830,850,DX53D+Z,IF钢,SPHETI-5,软钢,normal_real,,,,,,,
diagnostic_candidate,True,0005000501-000230,0005000501-000230,0005000501-000230,BR_00000024,BR_00000012,numeric-chain-000101,50,1,21,1565,1.5,740,780,CR420LA,低合金高强,H420LAD-3,硬钢,normal_real,,,,,,,
diagnostic_candidate,True,0005000547-000260,0005000547-000260,0005000547-000260,BR_00000030,BR_00000012,numeric-chain-000101,50,2,42,1565,1.5,740,780,CR420LA,低合金高强,H420LAD-3,硬钢,normal_real,,,,,,,
diagnostic_candidate,True,0005000464-000190,0005000464-000190,0005000464-000190,BR_00000012,BR_00000012,numeric-chain-000101,50,3,21,1565,1.5,740,780,CR420LA,低合金高强,H420LAD-3,硬钢,normal_real,,,,,,,
diagnostic_candidate,True,0030107381-000060,0030107381-000060,0030107381-000060,BR_00000018,BR_00000012,numeric-chain-000101,50,4,22,1558,1.2,750,770,CR290Y490T-DP,双相钢,W500X,硬钢,normal_real,,,,,,,
diagnostic_candidate,True,0030104328-000010,0030104328-000010,0030104328-000010,BR_00000012,BR_00000012,numeric-chain-000101,50,5,44,1558,1.2,750,770,CR290Y490T-DP,双相钢,W500X,硬钢,normal_real,,,,,,,
diagnostic_candidate,True,0030110545-000040,0030110545-000040,0030110545-000040,BR_00000018,BR_00000012,numeric-chain-000101,50,6,24,1539,1,700,840,DC51D+Z,普碳,SPHC,软钢,actual_transition,,,,,,,
diagnostic_candidate,True,0005000501-000660,0005000501-000660,0005000501-000660,BR_00000024,BR_00000012,numeric-chain-000101,50,7,42,1535,1,820,840,CR210BH,加磷高强、烘烤硬化钢,H220BH,软钢,normal_real,,,,,,,
diagnostic_candidate,True,0030114745-000020,0030114745-000020,0030114745-000020,BR_00000024,BR_00000012,numeric-chain-000101,50,8,24,1530,1,830,850,DC56D+Z,IF钢,SPHETI-3,软钢,normal_real,,,,,,,
diagnostic_candidate,True,0005000501-000570,0005000501-000570,0005000501-000570,BR_00000024,BR_00000012,numeric-chain-000101,50,9,42,1525,1,830,850,CR3,IF钢,SPHETI-36,软钢,normal_real,,,,,,,
diagnostic_candidate,True,0030114040-000050,0030114040-000050,0030114040-000050,BR_00000024,BR_00000012,numeric-chain-000101,50,10,24,1503,1,830,850,DC56D+Z,IF钢,SPHETI-3,软钢,normal_real,,,,,,,
diagnostic_candidate,True,0010017424-000010,0010017424-000010,0010017424-000010,BR_00000024,BR_00000012,numeric-chain-000101,50,11,24,1500,1,700,840,DC51D+Z-D,普碳,SPHC,软钢,normal_real,,,,,,,
diagnostic_candidate,True,0010017445-000070,0010017445-000070,0010017445-000070,BR_00000025,BR_00000012,numeric-chain-000101,50,12,72,1500,1,700,840,DC51D+Z,普碳,SPHC,软钢,actual_transition,,,,,,,
diagnostic_candidate,True,0030120817-000050,0030120817-000050,0030120817-000050,BR_00000033,BR_00000012,numeric-chain-000101,50,13,50,1480,1.2,785,815,HC420/780DPD+Z,顶级牌号780以上,W780X,硬钢,normal_real,,,,,,,
diagnostic_candidate,True,0010016697-000050,0010016697-000050,0010016697-000050,BR_00000024,BR_00000012,numeric-chain-000101,50,14,168,1450,1.2,700,840,DC51D+Z,普碳,SPHC,软钢,actual_transition,,,,,,,
diagnostic_candidate,True,0005000464-000450,0005000464-000450,0005000464-000450,BR_00000012,BR_00000012,numeric-chain-000101,50,15,21,1425,1.4,715,735,CR380LA,低合金高强,H380LA-3,硬钢,normal_real,,,,,,,
diagnostic_candidate,True,0005000501-000460,0005000501-000460,0005000501-000460,BR_00000024,BR_00000012,numeric-chain-000101,50,16,42,1425,1.4,715,735,CR380LA,低合金高强,H380LA-3,硬钢,normal_real,,,,,,,
diagnostic_candidate,True,0005000514-000080,0005000514-000080,0005000514-000080,BR_00000024,BR_00000012,numeric-chain-000101,50,17,23,1330,1.2,725,745,CR380LA,低合金高强,H380LA-3,硬钢,normal_real,,,,,,,
diagnostic_candidate,True,0005000549-000030,0005000549-000030,0005000549-000030,BR_00000030,BR_00000012,numeric-chain-000101,50,18,46,1330,1.2,725,745,CR380LA,低合金高强,H380LA-3,硬钢,normal_real,,,,,,,
diagnostic_candidate,True,0005000461-000010,0005000461-000010,0005000461-000010,BR_00000012,BR_00000012,numeric-chain-000101,50,19,23,1330,1.2,725,745,CR380LA,低合金高强,H380LA-3,硬钢,normal_real,,,,,,,
diagnostic_candidate,True,0005000489-000010,0005000489-000010,0005000489-000010,BR_00000018,BR_00000012,numeric-chain-000101,50,20,23,1330,1.2,725,745,CR380LA,低合金高强,H380LA-3,硬钢,normal_real,,,,,,,
diagnostic_candidate,True,0005000464-000400,0005000464-000400,0005000464-000400,BR_00000012,BR_00000012,numeric-chain-000101,50,21,20,1315,1.2,725,745,CR380LA,低合金高强,H380LA-3,硬钢,normal_real,,,,,,,
diagnostic_candidate,True,0005000464-000690,0005000464-000690,0005000464-000690,BR_00000012,BR_00000012,numeric-chain-000101,50,22,21,1300,1,730,750,CR380LA,低合金高强,H380LA-3,硬钢,normal_real,,,,,,,
diagnostic_candidate,True,0005000501-000710,0005000501-000710,0005000501-000710,BR_00000024,BR_00000012,numeric-chain-000101,50,23,42,1300,1,730,750,CR380LA,低合金高强,H380LA-3,硬钢,normal_real,,,,,,,
diagnostic_candidate,True,0005000514-000050,0005000514-000050,0005000514-000050,BR_00000024,BR_00000012,numeric-chain-000101,50,24,24,1275,1,730,750,CR380LA,低合金高强,H380LA-3,硬钢,normal_real,,,,,,,
diagnostic_candidate,True,0005000549-000060,0005000549-000060,0005000549-000060,BR_00000030,BR_00000012,numeric-chain-000101,50,25,23,1275,1,730,750,CR380LA,低合金高强,H380LA-3,硬钢,normal_real,,,,,,,
diagnostic_candidate,True,0005000547-000180,0005000547-000180,0005000547-000180,BR_00000030,BR_00000012,numeric-chain-000101,50,26,63,1250,0.9,720,760,CR420LA,低合金高强,H420LAD-3,硬钢,normal_real,,,,,,,
diagnostic_candidate,True,0005000464-000140,0005000464-000140,0005000464-000140,BR_00000012,BR_00000012,numeric-chain-000101,50,27,42,1250,0.9,720,760,CR420LA,低合金高强,H420LAD-3,硬钢,normal_real,,,,,,,
diagnostic_candidate,True,0005000501-000160,0005000501-000160,0005000501-000160,BR_00000024,BR_00000012,numeric-chain-000101,50,28,21,1250,0.9,720,760,CR420LA,低合金高强,H420LAD-3,硬钢,normal_real,,,,,,,
diagnostic_candidate,True,0005000563-000140,0005000563-000140,0005000563-000140,BR_00000036,BR_00000012,numeric-chain-000101,50,29,21,1250,0.9,720,760,CR420LA,低合金高强,H420LAD-3,硬钢,normal_real,,,,,,,
diagnostic_candidate,True,0030104291-000030,0030104291-000030,0030104291-000030,BR_00000012,BR_00000012,numeric-chain-000101,50,30,24,1250,1,700,840,DC51D+Z,普碳,SPHC,软钢,actual_transition,,,,,,,
diagnostic_candidate,True,0030122897-000040,0030122897-000040,0030122897-000040,BR_00000036,BR_00000012,numeric-chain-000101,50,31,24,1250,1,700,840,DC51D+Z,普碳,SPHC,软钢,actual_transition,,,,,,,
diagnostic_candidate,True,0002001750-000630,0002001750-000630,0002001750-000630,BR_00000018,BR_00000012,numeric-chain-000101,50,32,20,1250,1,830,850,DC53D+Z,IF钢,SPHETI-3,软钢,normal_real,,,,,,,
diagnostic_candidate,True,0030107311-000060,0030107311-000060,0030107311-000060,BR_00000018,BR_00000012,numeric-chain-000101,50,33,48,1250,1.1,700,840,DC51D+Z,普碳,SPHC,软钢,actual_transition,,,,,,,
diagnostic_candidate,True,0030124871-000060,0030124871-000060,0030124871-000060,BR_00000036,BR_00000012,numeric-chain-000101,50,34,300,1250,1.15,820,840,DX53D+Z,IF钢,SPHETI-5,软钢,normal_real,,,,,,,
diagnostic_candidate,True,0030104290-000020,0030104290-000020,0030104290-000020,BR_00000012,BR_00000012,numeric-chain-000101,50,35,24,1250,1.2,700,840,DC51D+Z,普碳,SPHC,软钢,actual_transition,,,,,,,
diagnostic_candidate,True,0030103526-000140,0030103526-000140,0030103526-000140,BR_00000012,BR_00000012,numeric-chain-000101,50,36,48,1250,1.2,700,840,DC51D+Z,普碳,SPHC,软钢,actual_transition,,,,,,,
diagnostic_candidate,True,0030122488-000020,0030122488-000020,0030122488-000020,BR_00000036,BR_00000012,numeric-chain-000101,50,37,96,1250,1.25,770,810,DC52D+Z,深冲钢（PD）,SPHCQ,软钢,normal_real,,,,,,,
diagnostic_candidate,True,0030103526-000170,0030103526-000170,0030103526-000170,BR_00000012,BR_00000012,numeric-chain-000101,50,38,48,1250,1.5,700,840,DC51D+Z,普碳,SPHC,软钢,actual_transition,,,,,,,
diagnostic_candidate,True,0030105927-000060,0030105927-000060,0030105927-000060,BR_00000012,BR_00000012,numeric-chain-000101,50,39,144,1250,1.5,700,720,DX51D+Z3,深冲钢（PD）,DD12BB,软钢,normal_real,,,,,,,
diagnostic_candidate,True,0030113312-000010,0030113312-000010,0030113312-000010,BR_00000024,BR_00000012,numeric-chain-000112,51,1,198,1020,1,830,850,HDX53D+Z-SN,IF钢,SPHETI-3,软钢,normal_real,,,,,,,
diagnostic_candidate,True,0030117774-000010,0030117774-000010,0030117774-000010,BR_00000030,BR_00000012,numeric-chain-000112,51,2,22,1005,0.8,820,840,DC53D+Z,IF钢,SPHETI-5,软钢,normal_real,,,,,,,
diagnostic_candidate,True,0002002170-000170,0002002170-000170,0002002170-000170,BR_00000036,BR_00000012,numeric-chain-000112,51,3,100,1000,0.65,810,830,180YD+Z,加磷高强、烘烤硬化钢,H180YD,软钢,normal_real,,,,,,,
diagnostic_candidate,True,0030114487-000010,0030114487-000010,0030114487-000010,BR_00000024,BR_00000012,numeric-chain-000112,51,4,140,975,0.65,810,830,HC180YD+Z,加磷高强、烘烤硬化钢,H180YD,软钢,normal_real,,,,,,,
diagnostic_candidate,True,0030105190-000010,0030105190-000010,0030105190-000010,BR_00000012,BR_00000012,numeric-chain-000112,51,5,40,975,0.65,810,830,HC180YD+Z,加磷高强、烘烤硬化钢,H180YD,软钢,normal_real,,,,,,,
diagnostic_candidate,True,0002001860-000020,0002001860-000020,0002001860-000020,BR_00000024,BR_00000012,numeric-chain-000112,51,6,24,940,0.65,810,830,180YD+Z,加磷高强、烘烤硬化钢,H180YD,软钢,normal_real,,,,,,,
diagnostic_candidate,True,0002001750-000090,0002001750-000090,0002001750-000090,BR_00000018,BR_00000012,numeric-chain-000112,51,7,24,940,0.65,810,830,180YD+Z,加磷高强、烘烤硬化钢,H180YD,软钢,normal_real,,,,,,,
diagnostic_candidate,True,0030108589-000030,0030108589-000030,0030108589-000030,BR_00000018,BR_00000012,numeric-chain-000112,51,8,17,939,0.65,820,840,H180BD+Z,加磷高强、烘烤硬化钢,H180BH1,软钢,normal_real,,,,,,,
diagnostic_candidate,True,0030123255-000030,0030123255-000030,0030123255-000030,BR_00000036,BR_00000012,numeric-chain-000112,51,9,36,935,0.65,820,840,DC56D+Z,IF钢,SPHETI-3,软钢,normal_real,,,,,,,
diagnostic_candidate,True,0030104028-000020,0030104028-000020,0030104028-000020,BR_00000012,BR_00000012,numeric-chain-000112,51,10,18,935,0.65,830,850,DC56D+Z,IF钢,SPHETI-3,软钢,normal_real,,,,,,,
diagnostic_candidate,True,0030118799-000020,0030118799-000020,0030118799-000020,BR_00000030,BR_00000012,numeric-chain-000112,51,11,72,930,0.65,820,840,HC180BD+Z,加磷高强、烘烤硬化钢,H180BH1,软钢,normal_real,,,,,,,
diagnostic_candidate,True,0030112516-000010,0030112516-000010,0030112516-000010,BR_00000024,BR_00000012,numeric-chain-000112,51,12,18,913,0.75,830,850,DC54D+Z,IF钢,SPHETI-5,软钢,normal_real,,,,,,,
diagnostic_candidate,True,0005000486-000630,0005000486-000630,0005000486-000630,BR_00000018,BR_00000012,numeric-chain-000112,51,13,16,900,0.7,820,840,CR210BH,加磷高强、烘烤硬化钢,H220BH,软钢,normal_real,,,,,,,
diagnostic_candidate,True,0002001860-000080,0002001860-000080,0002001860-000080,BR_00000024,BR_00000012,numeric-chain-000112,51,14,119,895,0.8,830,850,DC53D+Z,IF钢,SPHETI-3,软钢,normal_real,,,,,,,
diagnostic_candidate,True,0002001738-000010,0002001738-000010,0002001738-000010,BR_00000018,BR_00000012,numeric-chain-000112,51,15,16,865,0.6,830,850,DC53D+Z,IF钢,SPHETI-3,软钢,normal_real,,,,,,,
diagnostic_candidate,True,0030120745-000010,0030120745-000010,0030120745-000010,BR_00000031,BR_00000012,numeric-chain-000112,51,16,72,865,0.8,830,850,DX53D+Z,IF钢,SPHETI-5,软钢,normal_real,,,,,,,
diagnostic_candidate,True,0030112439-000220,0030112439-000220,0030112439-000220,BR_00000024,BR_00000012,numeric-chain-000112,51,17,36,855,0.7,830,850,DX53D+Z,IF钢,SPHETI-5,软钢,normal_real,,,,,,,
diagnostic_candidate,True,0002001738-000020,0002001738-000020,0002001738-000020,BR_00000018,BR_00000012,numeric-chain-000112,51,18,16,850,0.6,830,850,DC53D+Z,IF钢,SPHETI-3,软钢,normal_real,,,,,,,
diagnostic_candidate,True,0002001750-000690,0002001750-000690,0002001750-000690,BR_00000018,BR_00000012,numeric-chain-000112,51,19,20,840,0.6,830,850,DC56D+Z,IF钢,SPHETI-3,软钢,normal_real,,,,,,,
diagnostic_candidate,True,0002002184-000190,0002002184-000190,0002002184-000190,BR_00000036,BR_00000012,numeric-chain-000112,51,20,64,840,0.6,830,850,DC56D+Z,IF钢,SPHETI-3,软钢,normal_real,,,,,,,
diagnostic_candidate,True,0002002020-000050,0002002020-000050,0002002020-000050,BR_00000030,BR_00000012,numeric-chain-000112,51,21,48,840,0.6,830,850,DC56D+Z,IF钢,SPHETI-3,软钢,normal_real,,,,,,,
diagnostic_candidate,True,0002002021-000210,0002002021-000210,0002002021-000210,BR_00000030,BR_00000012,numeric-chain-000112,51,22,32,840,0.6,830,850,DC56D+Z,IF钢,SPHETI-3,软钢,normal_real,,,,,,,
diagnostic_candidate,True,0002002195-000100,0002002195-000100,0002002195-000100,BR_00000036,BR_00000012,numeric-chain-000115,52,1,230,1220,1,830,850,DC53D+Z,IF钢,SPHETI-3,软钢,normal_real,,,,,,,
diagnostic_candidate,True,0030118942-000030,0030118942-000030,0030118942-000030,BR_00000030,BR_00000012,numeric-chain-000115,52,2,48,1219,0.8,700,840,DX51D+Z,普碳,SPHC,软钢,actual_transition,,,,,,,
diagnostic_candidate,True,0030112686-000030,0030112686-000030,0030112686-000030,BR_00000024,BR_00000012,numeric-chain-000115,52,3,66,1205,0.7,810,830,CR240LA,低合金高强,H260LAD-3,硬钢,normal_real,,,,,,,
diagnostic_candidate,True,0030107381-000040,0030107381-000040,0030107381-000040,BR_00000018,BR_00000012,numeric-chain-000115,52,4,22,1205,0.7,810,830,CR240LA,低合金高强,H260LAD-3,硬钢,normal_real,,,,,,,
diagnostic_candidate,True,0030117110-000040,0030117110-000040,0030117110-000040,BR_00000030,BR_00000012,numeric-chain-000115,52,5,22,1205,0.7,810,830,CR240LA,低合金高强,H260LAD-3,硬钢,normal_real,,,,,,,
diagnostic_candidate,True,0030107381-000050,0030107381-000050,0030107381-000050,BR_00000018,BR_00000012,numeric-chain-000115,52,6,44,1200,0.7,810,830,CR240LA,低合金高强,H260LAD-3,硬钢,normal_real,,,,,,,
diagnostic_candidate,True,0030112686-000040,0030112686-000040,0030112686-000040,BR_00000024,BR_00000012,numeric-chain-000115,52,7,44,1200,0.7,810,830,CR240LA,低合金高强,H260LAD-3,硬钢,normal_real,,,,,,,
diagnostic_candidate,True,0030117110-000050,0030117110-000050,0030117110-000050,BR_00000030,BR_00000012,numeric-chain-000115,52,8,22,1200,0.7,810,830,CR240LA,低合金高强,H260LAD-3,硬钢,normal_real,,,,,,,
diagnostic_candidate,True,0005000547-000120,0005000547-000120,0005000547-000120,BR_00000030,BR_00000012,numeric-chain-000115,52,9,20,1170,0.7,810,830,CR240LA,低合金高强,H260LAD-3,硬钢,normal_real,,,,,,,
diagnostic_candidate,True,0005000501-000100,0005000501-000100,0005000501-000100,BR_00000024,BR_00000012,numeric-chain-000115,52,10,20,1170,0.7,810,830,CR240LA,低合金高强,H260LAD-3,硬钢,normal_real,,,,,,,
diagnostic_candidate,True,0030106987-000010,0030106987-000010,0030106987-000010,BR_00000018,BR_00000012,numeric-chain-000115,52,11,24,1160,0.6,700,840,DX51D+Z,普碳,SPHC,软钢,actual_transition,,,,,,,
diagnostic_candidate,True,0030124827-000010,0030124827-000010,0030124827-000010,BR_00000036,BR_00000012,numeric-chain-000115,52,12,70,1140,0.75,730,750,DX51D+Z,普碳,SPHC,软钢,normal_real,,,,,,,
diagnostic_candidate,True,0030103543-000010,0030103543-000010,0030103543-000010,BR_00000012,BR_00000012,numeric-chain-000115,52,13,23,1110,0.6,700,840,DC51D+Z,普碳,SPHC,软钢,normal_real,,,,,,,
diagnostic_candidate,True,0002002044-000050,0002002044-000050,0002002044-000050,BR_00000030,BR_00000012,numeric-chain-000115,52,14,23,1110,0.65,770,810,DC51D+Z,普碳,SPHC,软钢,normal_real,,,,,,,
diagnostic_candidate,True,0002001612-000060,0002001612-000060,0002001612-000060,BR_00000012,BR_00000012,numeric-chain-000115,52,15,115,1110,0.65,770,810,DC51D+Z,普碳,SPHC,软钢,normal_real,,,,,,,
diagnostic_candidate,True,0002002023-000040,0002002023-000040,0002002023-000040,BR_00000030,BR_00000012,numeric-chain-000115,52,16,23,1110,0.7,770,810,DC51D+Z,普碳,SPHC,软钢,normal_real,,,,,,,
diagnostic_candidate,True,0002001751-000010,0002001751-000010,0002001751-000010,BR_00000018,BR_00000012,numeric-chain-000115,52,17,23,1110,0.7,770,810,DC51D+Z,普碳,SPHC,软钢,normal_real,,,,,,,
diagnostic_candidate,True,0002001612-000310,0002001612-000310,0002001612-000310,BR_00000012,BR_00000012,numeric-chain-000115,52,18,20,1107,0.7,770,810,DC51D+Z,普碳,SPHC,软钢,normal_real,,,,,,,
diagnostic_candidate,True,0002002009-000070,0002002009-000070,0002002009-000070,BR_00000030,BR_00000012,numeric-chain-000115,52,19,35,1105,0.7,770,810,DC51D+Z,IF钢,SPHETI-3,软钢,normal_real,,,,,,,
diagnostic_candidate,True,0030125207-000040,0030125207-000040,0030125207-000040,BR_00000036,BR_00000012,numeric-chain-000115,52,20,46,1103,0.7,770,810,DC51D+Z,深冲钢（PD）,SPHCQ,软钢,normal_real,,,,,,,
diagnostic_candidate,True,0002001998-000080,0002001998-000080,0002001998-000080,BR_00000030,BR_00000012,numeric-chain-000115,52,21,92,1095,0.65,770,810,DC51D+Z,普碳,SPHC,软钢,normal_real,,,,,,,
diagnostic_candidate,True,0002001986-000050,0002001986-000050,0002001986-000050,BR_00000030,BR_00000012,numeric-chain-000115,52,22,25,1095,0.65,770,810,DC51D+Z,普碳,SPHC,软钢,normal_real,,,,,,,
diagnostic_candidate,True,0002002195-000060,0002002195-000060,0002002195-000060,BR_00000036,BR_00000012,numeric-chain-000115,52,23,69,1095,0.65,770,810,DC51D+Z,普碳,SPHC,软钢,normal_real,,,,,,,
diagnostic_candidate,True,0002001627-000040,0002001627-000040,0002001627-000040,BR_00000012,BR_00000012,numeric-chain-000115,52,24,20,1095,0.7,770,810,DC51D+Z,IF钢,SPHETI-3,软钢,normal_real,,,,,,,
diagnostic_candidate,True,0030106995-000170,0030106995-000170,0030106995-000170,BR_00000016,BR_00000012,numeric-chain-000115,52,25,23,1090,0.65,770,810,DC51D+Z,IF钢,SPHETI-5,软钢,normal_real,,,,,,,
diagnostic_candidate,True,0002001612-000690,0002001612-000690,0002001612-000690,BR_00000012,BR_00000012,numeric-chain-000115,52,26,40,1080,0.6,770,810,DC51D+Z,普碳,SPHC,软钢,normal_real,,,,,,,
diagnostic_candidate,True,0030124800-000050,0030124800-000050,0030124800-000050,BR_00000036,BR_00000012,numeric-chain-000115,52,27,23,1066,0.5,770,810,DX52D+Z,深冲钢（PD）,SPHCQ,软钢,normal_real,,,,,,,
diagnostic_candidate,True,0002002184-000130,0002002184-000130,0002002184-000130,BR_00000036,BR_00000012,numeric-chain-000115,52,28,19,1063,0.6,770,810,DC51D+Z,IF钢,SPHETI-3,软钢,normal_real,,,,,,,
diagnostic_candidate,True,0002002195-000050,0002002195-000050,0002002195-000050,BR_00000036,BR_00000012,numeric-chain-000115,52,29,48,1063,0.65,770,810,DC51D+Z,普碳,SPHC,软钢,normal_real,,,,,,,
diagnostic_candidate,True,0002001765-000050,0002001765-000050,0002001765-000050,BR_00000018,BR_00000012,numeric-chain-000115,52,30,46,1063,0.65,770,810,DC51D+Z,普碳,SPHC,软钢,normal_real,,,,,,,
diagnostic_candidate,True,0002001998-000070,0002001998-000070,0002001998-000070,BR_00000030,BR_00000012,numeric-chain-000115,52,31,92,1063,0.65,770,810,DC51D+Z,普碳,SPHC,软钢,normal_real,,,,,,,
diagnostic_candidate,True,0002002202-000050,0002002202-000050,0002002202-000050,BR_00000036,BR_00000012,numeric-chain-000115,52,32,25,1060,0.7,770,810,DC51D+Z,IF钢,SPHETI-3,软钢,normal_real,,,,,,,
diagnostic_candidate,True,0030115408-000040,0030115408-000040,0030115408-000040,BR_00000024,BR_00000012,numeric-chain-000115,52,33,23,1055,0.8,780,800,HC220YD+Z,加磷高强、烘烤硬化钢,H220Y,软钢,normal_real,,,,,,,
diagnostic_candidate,True,0030120817-000010,0030120817-000010,0030120817-000010,BR_00000030,BR_00000012,numeric-chain-000115,52,34,23,1055,0.8,780,800,HC220YD+Z,加磷高强、烘烤硬化钢,H220Y,软钢,normal_real,,,,,,,
diagnostic_candidate,True,0030124824-000050,0030124824-000050,0030124824-000050,BR_00000036,BR_00000012,numeric-chain-000115,52,35,30,1050,0.65,780,800,HC220YD+Z-GL,加磷高强、烘烤硬化钢,H220Y,,normal_real,,,,,,,
diagnostic_candidate,True,0030114925-000010,0030114925-000010,0030114925-000010,BR_00000025,BR_00000012,numeric-chain-000115,52,36,30,1050,0.65,780,800,HC220YD+Z-GL,加磷高强、烘烤硬化钢,H220Y,,normal_real,,,,,,,
diagnostic_candidate,True,0030125207-000030,0030125207-000030,0030125207-000030,BR_00000036,BR_00000012,numeric-chain-000115,52,37,22,1043,0.7,780,800,HC220YD+Z,加磷高强、烘烤硬化钢,H220Y,软钢,normal_real,,,,,,,
diagnostic_candidate,True,0030119862-000160,0030119862-000160,0030119862-000160,BR_00000030,BR_00000012,numeric-chain-000115,52,38,22,1039,0.7,790,810,HC260YD+Z,加磷高强、烘烤硬化钢,H260Y,软钢,normal_real,,,,,,,
diagnostic_candidate,True,0030125207-000020,0030125207-000020,0030125207-000020,BR_00000036,BR_00000012,numeric-chain-000115,52,39,22,1033,0.7,780,800,HC220YD+Z,加磷高强、烘烤硬化钢,H220Y,软钢,normal_real,,,,,,,
diagnostic_candidate,True,0002001750-000510,0002001750-000510,0002001750-000510,BR_00000018,BR_00000012,numeric-chain-000115,52,40,20,1030,0.65,770,810,DC51D+Z,普碳,SPHC,软钢,normal_real,,,,,,,
diagnostic_candidate,True,0002001635-000010,0002001635-000010,0002001635-000010,BR_00000012,BR_00000012,numeric-chain-000115,52,41,22,1027,0.65,770,810,DC51D+Z,普碳,SPHC,软钢,normal_real,,,,,,,
diagnostic_candidate,True,0002002195-000030,0002002195-000030,0002002195-000030,BR_00000036,BR_00000012,numeric-chain-000115,52,42,22,1022,0.7,770,810,DC51D+Z,普碳,SPHC,软钢,normal_real,,,,,,,
diagnostic_candidate,True,0002001860-000190,0002001860-000190,0002001860-000190,BR_00000024,BR_00000012,numeric-chain-000115,52,43,20,1021,0.65,770,810,DC51D+Z,普碳,SPHC,软钢,normal_real,,,,,,,
diagnostic_candidate,True,0002001612-000590,0002001612-000590,0002001612-000590,BR_00000012,BR_00000012,numeric-chain-000115,52,44,23,1015,0.65,770,810,DC51D+Z,普碳,SPHC,软钢,normal_real,,,,,,,
diagnostic_candidate,True,0002001880-000050,0002001880-000050,0002001880-000050,BR_00000024,BR_00000012,numeric-chain-000115,52,45,22,1006,0.65,770,810,DC51D+Z,普碳,SPHC,软钢,normal_real,,,,,,,
diagnostic_candidate,True,0002001998-000030,0002001998-000030,0002001998-000030,BR_00000030,BR_00000012,numeric-chain-000115,52,46,120,985,0.65,770,810,DC51D+Z,普碳,SPHC,软钢,normal_real,,,,,,,
diagnostic_candidate,True,0002001878-000020,0002001878-000020,0002001878-000020,BR_00000024,BR_00000012,numeric-chain-000115,52,47,28,985,0.7,770,810,DC51D+Z,普碳,SPHC,软钢,normal_real,,,,,,,
diagnostic_candidate,True,0002001871-000490,0002001871-000490,0002001871-000490,BR_00000024,BR_00000012,numeric-chain-000115,52,48,20,982,0.6,770,810,DC51D+Z,普碳,SPHC,软钢,normal_real,,,,,,,
diagnostic_candidate,True,0002001780-000120,0002001780-000120,0002001780-000120,BR_00000024,BR_00000012,numeric-chain-000115,52,49,19,975,0.6,770,810,DC51D+Z,普碳,SPHC,软钢,normal_real,,,,,,,
diagnostic_candidate,True,0002002026-000040,0002002026-000040,0002002026-000040,BR_00000030,BR_00000012,numeric-chain-000115,52,50,19,960,0.65,770,810,DC51D+Z,普碳,SPHC,软钢,normal_real,,,,,,,
diagnostic_candidate,True,0030107859-000010,0030107859-000010,0030107859-000010,BR_00000018,BR_00000012,numeric-chain-000119,53,1,22,1502,2,770,810,DX52D+Z,深冲钢（PD）,SPHCQ,软钢,normal_real,,,,,,,
diagnostic_candidate,True,0030124734-000010,0030124734-000010,0030124734-000010,BR_00000036,BR_00000012,numeric-chain-000119,53,2,24,1500,2,795,815,HC220YD+Z,加磷高强、烘烤硬化钢,H220Y,软钢,normal_real,,,,,,,
diagnostic_candidate,True,0002001867-000080,0002001867-000080,0002001867-000080,BR_00000024,BR_00000012,numeric-chain-000119,53,3,23,1423,2,795,815,220YD+Z,加磷高强、烘烤硬化钢,H220Y,软钢,normal_real,,,,,,,
diagnostic_candidate,True,0030115402-000010,0030115402-000010,0030115402-000010,BR_00000025,BR_00000012,numeric-chain-000119,53,4,48,1422,2.5,795,815,HC220YD+Z,加磷高强、烘烤硬化钢,H220Y,软钢,normal_real,,,,,,,
diagnostic_candidate,True,0030106841-000010,0030106841-000010,0030106841-000010,BR_00000013,BR_00000012,numeric-chain-000119,53,5,100,1422,2.5,795,815,HC220YD+Z,加磷高强、烘烤硬化钢,H220Y,软钢,normal_real,,,,,,,
diagnostic_candidate,True,0030120865-000010,0030120865-000010,0030120865-000010,BR_00000032,BR_00000012,numeric-chain-000119,53,6,50,1422,2.5,795,815,HC220YD+Z,加磷高强、烘烤硬化钢,H220Y,软钢,normal_real,,,,,,,
diagnostic_candidate,True,0030114755-000030,0030114755-000030,0030114755-000030,BR_00000024,BR_00000012,numeric-chain-000119,53,7,96,1420,2.5,700,840,DC51D+Z,普碳,SPHC,软钢,normal_real,,,,,,,
diagnostic_candidate,True,0030102943-000060,0030102943-000060,0030102943-000060,BR_00000012,BR_00000012,numeric-chain-000119,53,8,48,1406,2.3,700,720,DC51D+Z,普碳,SPHC,软钢,actual_transition,,,,,,,
diagnostic_candidate,True,0030121181-000020,0030121181-000020,0030121181-000020,BR_00000032,BR_00000012,numeric-chain-000119,53,9,24,1360,2,700,720,DC51D+Z,普碳,SPHC,软钢,actual_transition,,,,,,,
diagnostic_candidate,True,0010019881-000060,0010019881-000060,0010019881-000060,BR_00000036,BR_00000012,numeric-chain-000119,53,10,96,1355,1.95,700,840,DC51D+Z,普碳,SPHC,软钢,actual_transition,,,,,,,
diagnostic_candidate,True,0005000464-000390,0005000464-000390,0005000464-000390,BR_00000012,BR_00000012,numeric-chain-000119,53,11,40,1280,2.2,715,735,CR380LA,低合金高强,H380LA-3,硬钢,normal_real,,,,,,,
diagnostic_candidate,True,0005000547-000600,0005000547-000600,0005000547-000600,BR_00000030,BR_00000012,numeric-chain-000119,53,12,40,1235,2,715,735,CR380LA,低合金高强,H380LA-3,硬钢,normal_real,,,,,,,
diagnostic_candidate,True,0005000464-000530,0005000464-000530,0005000464-000530,BR_00000012,BR_00000012,numeric-chain-000119,53,13,40,1235,2,715,735,CR380LA,低合金高强,H380LA-3,硬钢,normal_real,,,,,,,
diagnostic_candidate,True,0005000501-000540,0005000501-000540,0005000501-000540,BR_00000024,BR_00000012,numeric-chain-000119,53,14,40,1235,2,715,735,CR380LA,低合金高强,H380LA-3,硬钢,normal_real,,,,,,,
diagnostic_candidate,True,0030103224-000050,0030103224-000050,0030103224-000050,BR_00000012,BR_00000012,numeric-chain-000119,53,15,72,1225,1.6,700,840,DC51D+Z,普碳,SPHC,软钢,actual_transition,,,,,,,
diagnostic_candidate,True,0002001899-000070,0002001899-000070,0002001899-000070,BR_00000024,BR_00000012,numeric-chain-000119,53,16,115,1219,1.5,815,835,DX51D+Z-MD,普碳,SPHC,软钢,normal_real,,,,,,,
diagnostic_candidate,True,0030121502-000020,0030121502-000020,0030121502-000020,BR_00000030,BR_00000012,numeric-chain-000119,53,17,24,1209,1.5,805,825,HC260YD+Z,加磷高强、烘烤硬化钢,H260Y,软钢,normal_real,,,,,,,
diagnostic_candidate,True,0030104601-000030,0030104601-000030,0030104601-000030,BR_00000012,BR_00000012,numeric-chain-000119,53,18,48,1205,1.2,795,815,HC220YD+Z,加磷高强、烘烤硬化钢,H220Y,软钢,normal_real,,,,,,,
diagnostic_candidate,True,0030124772-000010,0030124772-000010,0030124772-000010,BR_00000036,BR_00000012,numeric-chain-000119,53,19,24,1200,1.5,700,840,DC51D+Z,普碳,SPHC,软钢,actual_transition,,,,,,,
diagnostic_candidate,True,0030120818-000010,0030120818-000010,0030120818-000010,BR_00000030,BR_00000012,numeric-chain-000119,53,20,24,1180,1.6,700,720,DC51D+Z,普碳,SPHC,软钢,actual_transition,,,,,,,
diagnostic_candidate,True,0030120817-000090,0030120817-000090,0030120817-000090,BR_00000030,BR_00000012,numeric-chain-000119,53,21,24,1180,1.6,700,720,DC51D+Z,普碳,SPHC,软钢,actual_transition,,,,,,,
diagnostic_candidate,True,0030119916-000040,0030119916-000040,0030119916-000040,BR_00000030,BR_00000012,numeric-chain-000119,53,22,24,1166,2,700,720,DC51D+Z,普碳,SPHC,软钢,normal_real,,,,,,,
diagnostic_candidate,True,0030106245-000090,0030106245-000090,0030106245-000090,BR_00000012,BR_00000012,numeric-chain-000119,53,23,23,1150,2,700,840,DC51D+Z,普碳,SPHC,软钢,normal_real,,,,,,,
diagnostic_candidate,True,0030113328-000030,0030113328-000030,0030113328-000030,BR_00000024,BR_00000012,numeric-chain-000119,53,24,23,1080,2.4,820,840,DC53D+Z,IF钢,SPHETI-5,软钢,normal_real,,,,,,,
diagnostic_candidate,True,0030114768-000050,0030114768-000050,0030114768-000050,BR_00000024,BR_00000012,numeric-chain-000119,53,25,7,1055,2,830,850,CR3,IF钢,SPHETI-36,软钢,normal_real,,,,,,,
diagnostic_candidate,True,0030110553-000010,0030110553-000010,0030110553-000010,BR_00000018,BR_00000012,numeric-chain-000119,53,26,24,1054,2,830,850,DC54D+Z,IF钢,SPHETI-5,软钢,normal_real,,,,,,,
diagnostic_candidate,True,0002001647-000110,0002001647-000110,0002001647-000110,BR_00000012,BR_00000012,numeric-chain-000119,53,27,208,1050,1.5,820,840,DX53D+Z-CD,IF钢,SPHETI-5,软钢,normal_real,,,,,,,
diagnostic_candidate,True,0002001623-000020,0002001623-000020,0002001623-000020,BR_00000012,BR_00000012,numeric-chain-000119,53,28,192,1050,1.5,820,840,DX53D+Z-CD,IF钢,SPHETI-5,软钢,normal_real,,,,,,,
diagnostic_candidate,True,0030113525-000020,0030113525-000020,0030113525-000020,BR_00000024,BR_00000012,numeric-chain-000119,53,29,21,1020,1.4,700,840,DC51D+Z,普碳,SPHC,软钢,normal_real,,,,,,,
diagnostic_candidate,True,0002002202-000230,0002002202-000230,0002002202-000230,BR_00000036,BR_00000012,numeric-chain-000119,53,30,19,1020,1.4,770,810,DC51D+Z,IF钢,SPHETI-3,软钢,normal_real,,,,,,,
diagnostic_candidate,True,0002002024-000150,0002002024-000150,0002002024-000150,BR_00000030,BR_00000012,numeric-chain-000119,53,31,19,1020,1.4,770,810,DC51D+Z,普碳,SPHC,软钢,normal_real,,,,,,,
diagnostic_candidate,True,0002001873-000030,0002001873-000030,0002001873-000030,BR_00000024,BR_00000012,numeric-chain-000119,53,32,19,1020,1.4,770,810,DC51D+Z,普碳,SPHC,软钢,normal_real,,,,,,,
diagnostic_candidate,True,0002002202-000100,0002002202-000100,0002002202-000100,BR_00000036,BR_00000012,numeric-chain-000119,53,33,19,1001,1.2,770,810,DC51D+Z,普碳,SPHC,软钢,normal_real,,,,,,,
diagnostic_candidate,True,0030108871-000010,0030108871-000010,0030108871-000010,BR_00000018,BR_00000012,numeric-chain-000119,53,34,284,1000,1,700,840,DC51D+Z,普碳,SPHC,软钢,actual_transition,,,,,,,
diagnostic_candidate,True,0030125147-000030,0030125147-000030,0030125147-000030,BR_00000036,BR_00000012,numeric-chain-000120,54,1,110,1000,1,830,850,DC54D+Z,IF钢,SPHETI-5,软钢,normal_real,,,,,,,
diagnostic_candidate,True,0030108871-000020,0030108871-000020,0030108871-000020,BR_00000018,BR_00000012,numeric-chain-000120,54,2,306,1000,1.2,700,840,DC51D+Z,普碳,SPHC,软钢,actual_transition,,,,,,,
diagnostic_candidate,True,0002001647-000020,0002001647-000020,0002001647-000020,BR_00000012,BR_00000012,numeric-chain-000120,54,3,92,1000,1.2,770,810,DX51D+Z-WL,深冲钢（PD）,SPHCQ,软钢,normal_real,,,,,,,
diagnostic_candidate,True,0002001860-000220,0002001860-000220,0002001860-000220,BR_00000024,BR_00000012,numeric-chain-000120,54,4,20,939,1.4,770,810,DC51D+Z,普碳,SPHC,软钢,normal_real,,,,,,,
diagnostic_candidate,True,0002002202-000290,0002002202-000290,0002002202-000290,BR_00000036,BR_00000012,numeric-chain-000120,54,5,16,931,1.6,770,810,DC51D+Z,普碳,SPHC,软钢,normal_real,,,,,,,
diagnostic_candidate,True,0002001768-000050,0002001768-000050,0002001768-000050,BR_00000018,BR_00000012,numeric-chain-000120,54,6,32,883,1.4,770,810,DC51D+Z,普碳,SPHC,软钢,normal_real,,,,,,,
diagnostic_candidate,True,0002001901-000070,0002001901-000070,0002001901-000070,BR_00000024,BR_00000012,numeric-chain-000120,54,7,32,883,1.4,770,810,DC51D+Z,普碳,SPHC,软钢,normal_real,,,,,,,
diagnostic_candidate,True,0002001871-000160,0002001871-000160,0002001871-000160,BR_00000024,BR_00000012,numeric-chain-000120,54,8,17,859,1.4,770,810,DC51D+Z,普碳,SPHC,软钢,normal_real,,,,,,,
diagnostic_candidate,True,0030108545-000040,0030108545-000040,0030108545-000040,BR_00000018,BR_00000012,numeric-chain-000121,55,1,72,1500,2.49,820,840,DC53D+Z,IF钢,SPHETI-5,软钢,normal_real,,,,,,,
diagnostic_candidate,True,0030119938-000340,0030119938-000340,0030119938-000340,BR_00000030,BR_00000012,numeric-chain-000121,55,2,48,1500,2.49,820,840,DC53D+Z,IF钢,SPHETI-5,软钢,normal_real,,,,,,,
diagnostic_candidate,True,0030108545-000030,0030108545-000030,0030108545-000030,BR_00000018,BR_00000012,numeric-chain-000121,55,3,72,1363,2.49,820,840,DC53D+Z,IF钢,SPHETI-5,软钢,normal_real,,,,,,,
diagnostic_candidate,True,0030122647-000580,0030122647-000580,0030122647-000580,BR_00000036,BR_00000012,numeric-chain-000121,55,4,48,1363,2.49,820,840,DC53D+Z,IF钢,SPHETI-5,软钢,normal_real,,,,,,,
diagnostic_candidate,True,0030114679-000010,0030114679-000010,0030114679-000010,BR_00000024,BR_00000012,numeric-chain-000121,55,5,24,1340,2.4,830,850,DC54D+Z,IF钢,SPHETI-5,软钢,normal_real,,,,,,,
diagnostic_candidate,True,0002002054-000060,0002002054-000060,0002002054-000060,BR_00000030,BR_00000012,numeric-chain-000121,55,6,50,1300,2,820,840,DX53D+Z-MD,IF钢,SPHETI-5,软钢,normal_real,,,,,,,
diagnostic_candidate,True,0030119938-000330,0030119938-000330,0030119938-000330,BR_00000030,BR_00000012,numeric-chain-000121,55,7,120,1300,2.49,820,840,DC53D+Z,IF钢,SPHETI-5,软钢,normal_real,,,,,,,
diagnostic_candidate,True,0030108545-000020,0030108545-000020,0030108545-000020,BR_00000018,BR_00000012,numeric-chain-000121,55,8,72,1300,2.49,820,840,DC53D+Z,IF钢,SPHETI-5,软钢,normal_real,,,,,,,
diagnostic_candidate,True,0030122647-000570,0030122647-000570,0030122647-000570,BR_00000036,BR_00000012,numeric-chain-000121,55,9,48,1300,2.49,820,840,DC53D+Z,IF钢,SPHETI-5,软钢,normal_real,,,,,,,
diagnostic_candidate,True,0005000547-000080,0005000547-000080,0005000547-000080,BR_00000030,BR_00000012,numeric-chain-000121,55,10,21,1293,2,830,850,CR3,IF钢,SPHETI-36,软钢,normal_real,,,,,,,
diagnostic_candidate,True,0005000464-000070,0005000464-000070,0005000464-000070,BR_00000012,BR_00000012,numeric-chain-000121,55,11,21,1293,2,830,850,CR3,IF钢,SPHETI-36,软钢,normal_real,,,,,,,
diagnostic_candidate,True,0030119862-000010,0030119862-000010,0030119862-000010,BR_00000030,BR_00000012,numeric-chain-000122,56,1,96,1269,1.6,830,850,DC56D+Z,IF钢,SPHETI-3,软钢,normal_real,,,,,,,
diagnostic_candidate,True,0005000483-000040,0005000483-000040,0005000483-000040,BR_00000014,BR_00000012,numeric-chain-000122,56,2,7,1268,2,830,850,CR180BH,加磷高强、烘烤硬化钢,H180BH,软钢,normal_real,,,,,,,
diagnostic_candidate,True,0005000486-000320,0005000486-000320,0005000486-000320,BR_00000018,BR_00000012,numeric-chain-000122,56,3,20,1265,1.5,820,860,CR3,IF钢,SPHETI-36,软钢,normal_real,,,,,,,
diagnostic_candidate,True,0005000501-000320,0005000501-000320,0005000501-000320,BR_00000024,BR_00000012,numeric-chain-000122,56,4,20,1265,1.5,830,850,CR3,IF钢,SPHETI-36,软钢,normal_real,,,,,,,
diagnostic_candidate,True,0005000547-000370,0005000547-000370,0005000547-000370,BR_00000030,BR_00000012,numeric-chain-000122,56,5,20,1265,1.5,830,850,CR3,IF钢,SPHETI-36,软钢,normal_real,,,,,,,
diagnostic_candidate,True,0005000464-000270,0005000464-000270,0005000464-000270,BR_00000012,BR_00000012,numeric-chain-000122,56,6,40,1265,1.5,830,850,CR3,IF钢,SPHETI-36,软钢,normal_real,,,,,,,
diagnostic_candidate,True,0002002058-000020,0002002058-000020,0002002058-000020,BR_00000030,BR_00000012,numeric-chain-000122,56,7,92,1260,1.5,820,840,DX53D+Z-CD,IF钢,SPHETI-5,软钢,normal_real,,,,,,,
diagnostic_candidate,True,0002001897-000010,0002001897-000010,0002001897-000010,BR_00000024,BR_00000012,numeric-chain-000122,56,8,120,1260,1.5,820,840,DX53D+Z-CD,IF钢,SPHETI-5,软钢,normal_real,,,,,,,
diagnostic_candidate,True,0030105924-000010,0030105924-000010,0030105924-000010,BR_00000012,BR_00000012,numeric-chain-000128,57,1,40,1145,1.75,820,860,CR4,IF钢,SPHETI-36,软钢,normal_real,,,,,,,
diagnostic_candidate,True,0002001757-000030,0002001757-000030,0002001757-000030,BR_00000018,BR_00000012,numeric-chain-000128,57,2,44,1130,1.5,815,835,DX51D+Z-MD,普碳,SPHC,软钢,normal_real,,,,,,,
diagnostic_candidate,True,0002001648-000060,0002001648-000060,0002001648-000060,BR_00000012,BR_00000012,numeric-chain-000128,57,3,24,1130,1.5,815,835,DX51D+Z-MD,普碳,SPHC,软钢,normal_real,,,,,,,
diagnostic_candidate,True,0030106945-000020,0030106945-000020,0030106945-000020,BR_00000018,BR_00000012,numeric-chain-000128,57,4,46,1125,2,805,825,HC260YD+Z,加磷高强、烘烤硬化钢,H260Y,软钢,normal_real,,,,,,,
diagnostic_candidate,True,0030117931-000030,0030117931-000030,0030117931-000030,BR_00000030,BR_00000012,numeric-chain-000128,57,5,46,1115,1.5,700,840,DC51D+Z,普碳,SPHC,软钢,normal_real,,,,,,,
diagnostic_candidate,True,0002002185-000010,0002002185-000010,0002002185-000010,BR_00000036,BR_00000012,numeric-chain-000128,57,6,23,1113,1.2,770,810,DC51D+Z,普碳,SPHC,软钢,normal_real,,,,,,,
diagnostic_candidate,True,0002001874-000020,0002001874-000020,0002001874-000020,BR_00000024,BR_00000012,numeric-chain-000128,57,7,23,1113,1.5,770,810,DC51D+Z,普碳,SPHC,软钢,normal_real,,,,,,,
diagnostic_candidate,True,0002001648-000120,0002001648-000120,0002001648-000120,BR_00000012,BR_00000012,numeric-chain-000128,57,8,268,1100,1.5,770,810,DX51D+Z-WL,深冲钢（PD）,SPHCQ,软钢,normal_real,,,,,,,
diagnostic_candidate,True,0002001622-000010,0002001622-000010,0002001622-000010,BR_00000012,BR_00000012,numeric-chain-000128,57,9,144,1100,1.5,770,810,DX51D+Z-WL,深冲钢（PD）,SPHCQ,软钢,normal_real,,,,,,,
diagnostic_candidate,True,0002002060-000010,0002002060-000010,0002002060-000010,BR_00000030,BR_00000012,numeric-chain-000128,57,10,42,1100,1.5,770,810,DX51D+Z-WL,深冲钢（PD）,SPHCQ,软钢,normal_real,,,,,,,
diagnostic_candidate,True,0002002169-000010,0002002169-000010,0002002169-000010,BR_00000036,BR_00000012,numeric-chain-000128,57,11,25,1090,1.4,770,810,DC51D+Z,普碳,SPHC,软钢,normal_real,,,,,,,
diagnostic_candidate,True,0002002023-000130,0002002023-000130,0002002023-000130,BR_00000030,BR_00000012,numeric-chain-000128,57,12,19,1085,1.2,770,810,DC51D+Z,普碳,SPHC,软钢,normal_real,,,,,,,
diagnostic_candidate,True,0002002202-000010,0002002202-000010,0002002202-000010,BR_00000036,BR_00000012,numeric-chain-000128,57,13,19,1085,1.4,770,810,DC51D+Z,普碳,SPHC,软钢,normal_real,,,,,,,
diagnostic_candidate,True,0030120939-000020,0030120939-000020,0030120939-000020,BR_00000032,BR_00000012,numeric-chain-000128,57,14,46,1080,1.2,770,810,DC52D+Z,深冲钢（PD）,SPHCQ,软钢,normal_real,,,,,,,
diagnostic_candidate,True,0030115672-000110,0030115672-000110,0030115672-000110,BR_00000025,BR_00000012,numeric-chain-000128,57,15,22,1070,1.2,770,810,DC51D+Z,深冲钢（PD）,SPHCQ,软钢,normal_real,,,,,,,
diagnostic_candidate,True,0030118029-000070,0030118029-000070,0030118029-000070,BR_00000030,BR_00000012,numeric-chain-000128,57,16,8,1070,1.2,770,810,DC51D+Z,深冲钢（PD）,SPHCQ,软钢,normal_real,,,,,,,
diagnostic_candidate,True,0030115673-000130,0030115673-000130,0030115673-000130,BR_00000025,BR_00000012,numeric-chain-000128,57,17,8,1070,1.2,770,810,DC51D+Z,深冲钢（PD）,SPHCQ,软钢,normal_real,,,,,,,
diagnostic_candidate,True,0002002023-000140,0002002023-000140,0002002023-000140,BR_00000030,BR_00000012,numeric-chain-000128,57,18,19,1065,1.4,770,810,DC51D+Z,普碳,SPHC,软钢,normal_real,,,,,,,
diagnostic_candidate,True,0002002202-000240,0002002202-000240,0002002202-000240,BR_00000036,BR_00000012,numeric-chain-000128,57,19,19,1065,1.4,770,810,DC51D+Z,IF钢,SPHETI-3,软钢,normal_real,,,,,,,
diagnostic_candidate,True,0002001622-000030,0002001622-000030,0002001622-000030,BR_00000012,BR_00000012,numeric-chain-000128,57,20,22,1060,1.2,770,810,DX51D+Z-WL,深冲钢（PD）,SPHCQ,软钢,normal_real,,,,,,,
diagnostic_candidate,True,0002002202-000200,0002002202-000200,0002002202-000200,BR_00000036,BR_00000012,numeric-chain-000128,57,21,19,1055,1,770,810,DC51D+Z,普碳,SPHC,软钢,normal_real,,,,,,,
diagnostic_candidate,True,0002002023-000110,0002002023-000110,0002002023-000110,BR_00000030,BR_00000012,numeric-chain-000128,57,22,19,1055,1,770,810,DC51D+Z,普碳,SPHC,软钢,normal_real,,,,,,,
diagnostic_candidate,True,0002002024-000120,0002002024-000120,0002002024-000120,BR_00000030,BR_00000012,numeric-chain-000128,57,23,19,1055,1,770,810,DC51D+Z,普碳,SPHC,软钢,normal_real,,,,,,,
diagnostic_candidate,True,0002001867-000270,0002001867-000270,0002001867-000270,BR_00000024,BR_00000012,numeric-chain-000128,57,24,19,1036,1.2,770,810,DC51D+Z,普碳,SPHC,软钢,normal_real,,,,,,,
diagnostic_candidate,True,0030120939-000010,0030120939-000010,0030120939-000010,BR_00000032,BR_00000012,numeric-chain-000128,57,25,22,1020,1.2,770,810,DC52D+Z,深冲钢（PD）,SPHCQ,软钢,normal_real,,,,,,,
diagnostic_candidate,True,0030107608-000010,0030107608-000010,0030107608-000010,BR_00000018,BR_00000012,numeric-chain-000128,57,26,22,1000,1,700,840,DC51D+Z,普碳,SPHC,软钢,actual_transition,,,,,,,
diagnostic_candidate,True,0002002009-000210,0002002009-000210,0002002009-000210,BR_00000030,BR_00000012,numeric-chain-000128,57,27,25,1000,1,770,810,DC51D+Z,普碳,SPHC,软钢,normal_real,,,,,,,
diagnostic_candidate,True,0030108214-000010,0030108214-000010,0030108214-000010,BR_00000018,BR_00000012,numeric-chain-000128,57,28,22,1000,1,770,810,DC52D+Z,深冲钢（PD）,SPHCQ,软钢,normal_real,,,,,,,
diagnostic_candidate,True,0030112477-000010,0030112477-000010,0030112477-000010,BR_00000024,BR_00000012,numeric-chain-000128,57,29,22,1000,1,800,820,HC260YD+Z,加磷高强、烘烤硬化钢,H260Y,软钢,normal_real,,,,,,,
diagnostic_candidate,True,0030114040-000080,0030114040-000080,0030114040-000080,BR_00000024,BR_00000012,numeric-chain-000128,57,30,66,994,1,800,820,HC260YD+Z,加磷高强、烘烤硬化钢,H260Y,软钢,normal_real,,,,,,,
diagnostic_candidate,True,0002001750-000040,0002001750-000040,0002001750-000040,BR_00000018,BR_00000012,numeric-chain-000128,57,31,24,930,1,770,810,DC51D+Z,普碳,SPHC,软钢,normal_real,,,,,,,
diagnostic_candidate,True,0002002180-000170,0002002180-000170,0002002180-000170,BR_00000036,BR_00000012,numeric-chain-000128,57,32,20,930,1,770,810,DC51D+Z,IF钢,SPHETI-3,软钢,normal_real,,,,,,,
diagnostic_candidate,True,0030111131-000010,0030111131-000010,0030111131-000010,BR_00000019,BR_00000012,numeric-chain-000128,57,33,18,930,1,800,820,HC260YD+Z,加磷高强、烘烤硬化钢,H260Y,软钢,normal_real,,,,,,,
diagnostic_candidate,True,0030120976-000020,0030120976-000020,0030120976-000020,BR_00000032,BR_00000012,numeric-chain-000128,57,34,18,930,1,800,820,HC260YD+Z,加磷高强、烘烤硬化钢,H260Y,软钢,normal_real,,,,,,,
diagnostic_candidate,True,0002001854-000070,0002001854-000070,0002001854-000070,BR_00000024,BR_00000012,numeric-chain-000128,57,35,48,928,1,770,810,DC51D+Z,普碳,SPHC,软钢,normal_real,,,,,,,
diagnostic_candidate,True,0002001901-000030,0002001901-000030,0002001901-000030,BR_00000024,BR_00000012,numeric-chain-000128,57,36,20,928,1,770,810,DC51D+Z,普碳,SPHC,软钢,normal_real,,,,,,,
diagnostic_candidate,True,0030118934-000010,0030118934-000010,0030118934-000010,BR_00000030,BR_00000012,numeric-chain-000128,57,37,486,910,1.15,800,820,HX260YD+Z,加磷高强、烘烤硬化钢,H260Y,软钢,normal_real,,,,,,,
diagnostic_candidate,True,0002002180-000160,0002002180-000160,0002002180-000160,BR_00000036,BR_00000012,numeric-chain-000128,57,38,20,885,1.4,770,810,DC51D+Z,IF钢,SPHETI-3,软钢,normal_real,,,,,,,
diagnostic_candidate,True,0002001750-000080,0002001750-000080,0002001750-000080,BR_00000018,BR_00000012,numeric-chain-000128,57,39,24,885,1.4,770,810,DC51D+Z,普碳,SPHC,软钢,normal_real,,,,,,,
diagnostic_candidate,True,0002001854-000170,0002001854-000170,0002001854-000170,BR_00000024,BR_00000012,numeric-chain-000128,57,40,112,883,1.4,770,810,DC51D+Z,普碳,SPHC,软钢,normal_real,,,,,,,
diagnostic_candidate,True,0002001901-000110,0002001901-000110,0002001901-000110,BR_00000024,BR_00000012,numeric-chain-000128,57,41,32,805,1.2,770,810,DC51D+Z,普碳,SPHC,软钢,normal_real,,,,,,,
diagnostic_candidate,True,0030119182-000040,0030119182-000040,0030119182-000040,BR_00000030,BR_00000012,numeric-chain-000129,58,1,24,1451,2.4,760,780,HC340/590DPD+Z,双相钢,W590X4,硬钢,normal_real,,,,,,,
diagnostic_candidate,True,0030119182-000020,0030119182-000020,0030119182-000020,BR_00000030,BR_00000012,numeric-chain-000129,58,2,48,1402,2.49,760,780,HC340/590DPD+Z,双相钢,W590X4,硬钢,normal_real,,,,,,,
diagnostic_candidate,True,0030118764-000040,0030118764-000040,0030118764-000040,BR_00000030,BR_00000012,numeric-chain-000129,58,3,48,1400,2.4,760,780,HC340/590DPD+Z,双相钢,W590X4,硬钢,normal_real,,,,,,,
diagnostic_candidate,True,0005000463-000080,0005000463-000080,0005000463-000080,BR_00000012,BR_00000012,numeric-chain-000129,58,4,23,1366,2.5,760,780,CR340LA,低合金高强,H340LA-3,硬钢,normal_real,,,,,,,
diagnostic_candidate,True,0005000555-000040,0005000555-000040,0005000555-000040,BR_00000030,BR_00000012,numeric-chain-000129,58,5,23,1339,2.5,760,780,CR340LA,低合金高强,H340LA-3,硬钢,normal_real,,,,,,,
diagnostic_candidate,True,0030119182-000030,0030119182-000030,0030119182-000030,BR_00000030,BR_00000012,numeric-chain-000129,58,6,48,1274,2.49,760,780,HC340/590DPD+Z,双相钢,W590X4,硬钢,normal_real,,,,,,,
diagnostic_candidate,True,0030118873-000050,0030118873-000050,0030118873-000050,BR_00000030,BR_00000012,numeric-chain-000129,58,7,24,1250,2.45,760,780,HC340/590DPD+Z,双相钢,W590X4,硬钢,normal_real,,,,,,,
diagnostic_candidate,True,0030119183-000010,0030119183-000010,0030119183-000010,BR_00000030,BR_00000012,numeric-chain-000129,58,8,48,1233,2.45,760,780,HC340/590DPD+Z,双相钢,W590X4,硬钢,normal_real,,,,,,,
diagnostic_candidate,True,0030119182-000010,0030119182-000010,0030119182-000010,BR_00000030,BR_00000012,numeric-chain-000129,58,9,48,1205,2.49,760,780,HC340/590DPD+Z,双相钢,W590X4,硬钢,normal_real,,,,,,,
diagnostic_candidate,True,0030120066-000010,0030120066-000010,0030120066-000010,BR_00000030,BR_00000012,numeric-chain-000129,58,10,96,1118,2.5,760,780,HC340/590DPD+Z,双相钢,W590X4,硬钢,normal_real,,,,,,,
diagnostic_candidate,True,0005000469-000040,0005000469-000040,0005000469-000040,BR_00000012,BR_00000012,numeric-chain-000129,58,11,14,1109,2.5,760,780,CR340LA,低合金高强,H340LA-3,硬钢,normal_real,,,,,,,
diagnostic_candidate,True,0005000514-000070,0005000514-000070,0005000514-000070,BR_00000024,BR_00000012,numeric-chain-000129,58,12,23,1095,2,740,780,CR420LA,低合金高强,H420LAD-3,硬钢,normal_real,,,,,,,
diagnostic_candidate,True,0005000509-000180,0005000509-000180,0005000509-000180,BR_00000024,BR_00000012,numeric-chain-000129,58,13,20,1006,2.5,735,755,CR240LA,低合金高强,H260LAD-3,硬钢,normal_real,,,,,,,
diagnostic_candidate,True,0030110869-000010,0030110869-000010,0030110869-000010,BR_00000019,BR_00000013,numeric-chain-000001,1,1,72,1340,0.85,830,850,DC54D+Z,IF钢,SPHETI-5,软钢,normal_real,,,,,,,
diagnostic_candidate,True,0030106800-000010,0030106800-000010,0030106800-000010,BR_00000013,BR_00000013,numeric-chain-000001,1,2,96,1340,0.85,830,850,DC54D+Z,IF钢,SPHETI-3,软钢,normal_real,,,,,,,
diagnostic_candidate,True,0030119945-000120,0030119945-000120,0030119945-000120,BR_00000030,BR_00000013,numeric-chain-000001,1,3,24,1340,1,830,850,DC54D+Z,IF钢,SPHETI-5,软钢,normal_real,,,,,,,
diagnostic_candidate,True,0030119985-000030,0030119985-000030,0030119985-000030,BR_00000030,BR_00000013,numeric-chain-000001,1,4,24,1335,1,820,840,DC53D+Z,IF钢,SPHETI-5,软钢,normal_real,,,,,,,
diagnostic_candidate,True,0005000501-000180,0005000501-000180,0005000501-000180,BR_00000024,BR_00000013,numeric-chain-000001,1,5,42,1333,1,830,850,CR3,IF钢,SPHETI-36,软钢,normal_real,,,,,,,
diagnostic_candidate,True,0005000547-000200,0005000547-000200,0005000547-000200,BR_00000030,BR_00000013,numeric-chain-000001,1,6,42,1333,1,830,850,CR3,IF钢,SPHETI-36,软钢,normal_real,,,,,,,
diagnostic_candidate,True,0005000486-000160,0005000486-000160,0005000486-000160,BR_00000018,BR_00000013,numeric-chain-000001,1,7,21,1333,1,830,850,CR3,IF钢,SPHETI-36,软钢,normal_real,,,,,,,
diagnostic_candidate,True,0030119945-000130,0030119945-000130,0030119945-000130,BR_00000030,BR_00000013,numeric-chain-000001,1,8,24,1330,1,830,850,DC54D+Z,IF钢,SPHETI-5,软钢,normal_real,,,,,,,
diagnostic_candidate,True,0030110864-000040,0030110864-000040,0030110864-000040,BR_00000019,BR_00000013,numeric-chain-000001,1,9,24,1320,1.15,830,850,DC56D+Z,IF钢,SPHETI-3,软钢,normal_real,,,,,,,
diagnostic_candidate,True,0030110866-000030,0030110866-000030,0030110866-000030,BR_00000019,BR_00000013,numeric-chain-000001,1,10,24,1320,1.15,830,850,DC56D+Z,IF钢,SPHETI-3,软钢,normal_real,,,,,,,
diagnostic_candidate,True,0030124567-000010,0030124567-000010,0030124567-000010,BR_00000036,BR_00000013,numeric-chain-000001,1,11,24,1310,1,830,850,DC56D+Z,IF钢,SPHETI-3,软钢,normal_real,,,,,,,
diagnostic_candidate,True,0002001871-000110,0002001871-000110,0002001871-000110,BR_00000024,BR_00000013,numeric-chain-000001,1,12,13,1310,1,830,850,DC54D+Z,IF钢,SPHETI-3,软钢,normal_real,,,,,,,
diagnostic_candidate,True,0002001744-000060,0002001744-000060,0002001744-000060,BR_00000018,BR_00000013,numeric-chain-000001,1,13,13,1305,1,830,850,DC53D+Z,IF钢,SPHETI-3,软钢,normal_real,,,,,,,
diagnostic_candidate,True,0030113466-000080,0030113466-000080,0030113466-000080,BR_00000024,BR_00000013,numeric-chain-000001,1,14,24,1290,0.8,820,840,DC53D+Z,IF钢,SPHETI-5,软钢,normal_real,,,,,,,
diagnostic_candidate,True,0005000544-000020,0005000544-000020,0005000544-000020,BR_00000030,BR_00000013,numeric-chain-000001,1,15,7,1285,0.8,830,850,CR3,IF钢,SPHETI-36,软钢,normal_real,,,,,,,
diagnostic_candidate,True,0002001854-000200,0002001854-000200,0002001854-000200,BR_00000024,BR_00000013,numeric-chain-000001,1,16,23,1280,0.65,830,850,DC54D+Z,IF钢,SPHETI-3,软钢,normal_real,,,,,,,
diagnostic_candidate,True,virtual-000004,,,,BR_00000013,numeric-chain-000001,1,17,20.00,1250,0.80,815,850,SPHC,,SPHC,,virtual_sphc,,"{""accepted_sequence"":4,""prototype_id"":""virtual_sphc:1250x0.8"",""purpose"":""edge_bridge"",""related_partition_id"":null}",,,,,
diagnostic_candidate,True,virtual-000005,,,,BR_00000013,numeric-chain-000001,1,18,20.00,1250,1.00,815,850,SPHC,,SPHC,,virtual_sphc,,"{""accepted_sequence"":5,""prototype_id"":""virtual_sphc:1250x1"",""purpose"":""edge_bridge"",""related_partition_id"":null}",,,,,
diagnostic_candidate,True,0002001899-000140,0002001899-000140,0002001899-000140,BR_00000024,BR_00000013,numeric-chain-000001,1,19,22,1250,1.2,815,835,DX51D+Z-MD,普碳,SPHC,软钢,normal_real,,,,,,,
diagnostic_candidate,True,0002001897-000030,0002001897-000030,0002001897-000030,BR_00000024,BR_00000013,numeric-chain-000001,1,20,88,1250,1.2,820,840,DX53D+Z-CD,IF钢,SPHETI-5,软钢,normal_real,,,,,,,
diagnostic_candidate,True,0002001757-000150,0002001757-000150,0002001757-000150,BR_00000018,BR_00000013,numeric-chain-000001,1,21,300,1236,1,820,840,DX53D+Z-CD,IF钢,SPHETI-5,软钢,normal_real,,,,,,,
diagnostic_candidate,True,0030108129-000010,0030108129-000010,0030108129-000010,BR_00000018,BR_00000018,numeric-chain-000054,1,1,440,1036,0.7,820,840,DC53D+Z,IF钢,SPHETI-5,软钢,normal_real,,,,,,,
diagnostic_candidate,True,0002001757-000040,0002001757-000040,0002001757-000040,BR_00000018,BR_00000018,numeric-chain-000092,2,1,820,1365,0.5,820,840,DX53D+Z-CD,IF钢,SPHETI-5,软钢,normal_real,,,,,,,
diagnostic_candidate,True,0030107632-000010,0030107632-000010,0030107632-000010,BR_00000018,BR_00000018,numeric-chain-000125,3,1,540,1055,0.95,820,840,DX53D+Z,IF钢,SPHETI-5,软钢,normal_real,,,,,,,
diagnostic_candidate,True,0030123142-000030,0030123142-000030,0030123142-000030,BR_00000036,BR_00000018,numeric-chain-000010,4,1,132,1090,0.55,830,850,SCG4+Z,IF钢,SPHETI-3,软钢,normal_real,,,,,,,
diagnostic_candidate,True,0030123425-000010,0030123425-000010,0030123425-000010,BR_00000036,BR_00000018,numeric-chain-000010,4,2,132,1090,0.55,830,850,SCG4+Z,IF钢,SPHETI-3,软钢,normal_real,,,,,,,
diagnostic_candidate,True,0030117284-000030,0030117284-000030,0030117284-000030,BR_00000030,BR_00000018,numeric-chain-000010,4,3,88,1090,0.55,830,850,SCG4+Z,IF钢,SPHETI-3,软钢,normal_real,,,,,,,
diagnostic_candidate,True,0030106720-000060,0030106720-000060,0030106720-000060,BR_00000018,BR_00000018,numeric-chain-000010,4,4,23,1065,0.45,820,840,DC53D+Z,IF钢,SPHETI-5,软钢,normal_real,,,,,,,
diagnostic_candidate,True,0030106720-000090,0030106720-000090,0030106720-000090,BR_00000018,BR_00000018,numeric-chain-000010,4,5,23,1065,0.45,820,840,DC53D+Z,IF钢,SPHETI-5,软钢,normal_real,,,,,,,
diagnostic_candidate,True,0002001998-000020,0002001998-000020,0002001998-000020,BR_00000030,BR_00000018,numeric-chain-000012,5,1,54,918,0.65,770,810,DC51D+Z,普碳,SPHC,软钢,normal_real,,,,,,,
diagnostic_candidate,True,0002001750-000130,0002001750-000130,0002001750-000130,BR_00000018,BR_00000018,numeric-chain-000012,5,2,24,910,0.65,770,810,DC51D+Z,普碳,SPHC,软钢,normal_real,,,,,,,
diagnostic_candidate,True,0002001878-000010,0002001878-000010,0002001878-000010,BR_00000024,BR_00000018,numeric-chain-000012,5,3,23,893,0.7,770,810,DC51D+Z,普碳,SPHC,软钢,normal_real,,,,,,,
diagnostic_candidate,True,0002002044-000010,0002002044-000010,0002002044-000010,BR_00000030,BR_00000018,numeric-chain-000012,5,4,18,893,0.7,770,810,DC51D+Z,普碳,SPHC,软钢,normal_real,,,,,,,
diagnostic_candidate,True,0002001871-000020,0002001871-000020,0002001871-000020,BR_00000024,BR_00000018,numeric-chain-000012,5,5,17,828,0.65,770,810,DC51D+Z,普碳,SPHC,软钢,normal_real,,,,,,,
diagnostic_candidate,True,0002001854-000280,0002001854-000280,0002001854-000280,BR_00000024,BR_00000018,numeric-chain-000012,5,6,32,810,0.6,770,810,DC51D+Z,普碳,SPHC,软钢,normal_real,,,,,,,
diagnostic_candidate,True,0030113466-000060,0030113466-000060,0030113466-000060,BR_00000024,BR_00000018,numeric-chain-000019,6,1,48,1190,0.6,820,840,DC53D+Z,IF钢,SPHETI-5,软钢,normal_real,,,,,,,
diagnostic_candidate,True,0002002020-000120,0002002020-000120,0002002020-000120,BR_00000030,BR_00000018,numeric-chain-000019,6,2,46,1190,0.65,830,850,DC53D+Z,IF钢,SPHETI-3,软钢,normal_real,,,,,,,
diagnostic_candidate,True,0030125207-000090,0030125207-000090,0030125207-000090,BR_00000036,BR_00000018,numeric-chain-000019,6,3,24,1183,0.8,830,850,DC51D+Z,IF钢,SPHETI-3,软钢,normal_real,,,,,,,
diagnostic_candidate,True,0030124772-000030,0030124772-000030,0030124772-000030,BR_00000036,BR_00000018,numeric-chain-000019,6,4,24,1180,0.7,820,840,DC53D+Z,IF钢,SPHETI-5,软钢,normal_real,,,,,,,
diagnostic_candidate,True,0002002054-000120,0002002054-000120,0002002054-000120,BR_00000030,BR_00000018,numeric-chain-000019,6,5,51,1167,0.8,815,835,DX51D+Z-MD,普碳,SPHC,软钢,normal_real,,,,,,,
diagnostic_candidate,True,0002001895-000020,0002001895-000020,0002001895-000020,BR_00000024,BR_00000018,numeric-chain-000019,6,6,100,1165,1,820,840,DX53D+Z-CD,IF钢,SPHETI-5,软钢,normal_real,,,,,,,
diagnostic_candidate,True,0002001757-000080,0002001757-000080,0002001757-000080,BR_00000018,BR_00000018,numeric-chain-000019,6,7,200,1165,1.2,820,840,DX53D+Z-CD,IF钢,SPHETI-5,软钢,normal_real,,,,,,,
diagnostic_candidate,True,0002001756-000060,0002001756-000060,0002001756-000060,BR_00000018,BR_00000018,numeric-chain-000061,7,1,500,1185,1.2,820,840,DX53D+Z-CD,IF钢,SPHETI-5,软钢,normal_real,,,,,,,
diagnostic_candidate,True,0030110381-000020,0030110381-000020,0030110381-000020,BR_00000018,BR_00000018,numeric-chain-000061,7,2,8,1175,1.2,810,830,HC180YD+Z,加磷高强、烘烤硬化钢,H180YD,软钢,normal_real,,,,,,,
diagnostic_candidate,True,0030118093-000020,0030118093-000020,0030118093-000020,BR_00000030,BR_00000018,numeric-chain-000061,7,3,408,1172,1,700,840,DX51D+Z,普碳,SPHC,软钢,normal_real,,,,,,,
diagnostic_candidate,True,0002002054-000210,0002002054-000210,0002002054-000210,BR_00000030,BR_00000018,numeric-chain-000061,7,4,241,1167,0.8,815,835,DX51D+Z-MD,普碳,SPHC,软钢,normal_real,,,,,,,
diagnostic_candidate,True,0002001757-000190,0002001757-000190,0002001757-000190,BR_00000018,BR_00000018,numeric-chain-000061,7,5,142,1167,0.8,815,835,DX51D+Z-MD,普碳,SPHC,软钢,normal_real,,,,,,,
diagnostic_candidate,True,0002001757-000110,0002001757-000110,0002001757-000110,BR_00000018,BR_00000018,numeric-chain-000061,7,6,121,1167,0.8,815,835,DX51D+Z-MD,普碳,SPHC,软钢,normal_real,,,,,,,
diagnostic_candidate,True,0030109975-000010,0030109975-000010,0030109975-000010,BR_00000018,BR_00000018,numeric-chain-000061,7,7,24,1165,0.8,700,840,DX51D+Z-TG20,普碳,TG20SPHC,软钢,normal_real,,,,,,,
diagnostic_candidate,True,0002001867-000120,0002001867-000120,0002001867-000120,BR_00000024,BR_00000018,numeric-chain-000061,7,8,23,1160,1,780,800,220YD+Z,加磷高强、烘烤硬化钢,H220Y,软钢,normal_real,,,,,,,
diagnostic_candidate,True,0002002024-000130,0002002024-000130,0002002024-000130,BR_00000030,BR_00000018,numeric-chain-000061,7,9,23,1155,1,770,810,DC51D+Z,普碳,SPHC,软钢,normal_real,,,,,,,
diagnostic_candidate,True,0030108542-000110,0030108542-000110,0030108542-000110,BR_00000018,BR_00000018,numeric-chain-000061,7,10,48,1153,0.8,770,810,DX52D+Z-LG,深冲钢（PD）,SPHCQ,软钢,normal_real,,,,,,,
diagnostic_candidate,True,0002001871-000050,0002001871-000050,0002001871-000050,BR_00000024,BR_00000018,numeric-chain-000061,7,11,13,1150,0.65,770,810,DC51D+Z,普碳,SPHC,软钢,normal_real,,,,,,,
diagnostic_candidate,True,0002002195-000070,0002002195-000070,0002002195-000070,BR_00000036,BR_00000018,numeric-chain-000061,7,12,145,1148,0.65,770,810,DC51D+Z,IF钢,SPHETI-3,软钢,normal_real,,,,,,,
diagnostic_candidate,True,0002002148-000010,0002002148-000010,0002002148-000010,BR_00000036,BR_00000018,numeric-chain-000061,7,13,300,1148,0.65,770,810,DC51D+Z,IF钢,SPHETI-3,软钢,normal_real,,,,,,,
diagnostic_candidate,True,0030118809-000050,0030118809-000050,0030118809-000050,BR_00000030,BR_00000018,numeric-chain-000071,8,1,24,1320,0.65,830,850,DC56D+Z,IF钢,SPHETI-3,软钢,normal_real,,,,,,,
diagnostic_candidate,True,0030108260-000030,0030108260-000030,0030108260-000030,BR_00000018,BR_00000018,numeric-chain-000071,8,2,150,1315,0.6,830,850,SCG4+Z,IF钢,SPHETI-3,软钢,normal_real,,,,,,,
diagnostic_candidate,True,0030112575-000030,0030112575-000030,0030112575-000030,BR_00000024,BR_00000018,numeric-chain-000071,8,3,150,1315,0.6,830,850,SCG4+Z,IF钢,SPHETI-3,软钢,normal_real,,,,,,,
diagnostic_candidate,True,0030118991-000030,0030118991-000030,0030118991-000030,BR_00000030,BR_00000018,numeric-chain-000071,8,4,150,1315,0.6,830,850,SCG4+Z,IF钢,SPHETI-3,软钢,normal_real,,,,,,,
diagnostic_candidate,True,0030107561-000030,0030107561-000030,0030107561-000030,BR_00000018,BR_00000018,numeric-chain-000076,9,1,96,1250,0.75,700,840,DC51D+Z,普碳,SPHC,软钢,actual_transition,,,,,,,
diagnostic_candidate,True,0030107632-000020,0030107632-000020,0030107632-000020,BR_00000018,BR_00000018,numeric-chain-000076,9,2,20,1250,0.75,730,750,DX51D+Z,普碳,SPHC,软钢,normal_real,,,,,,,
diagnostic_candidate,True,0010018614-000010,0010018614-000010,0010018614-000010,BR_00000030,BR_00000018,numeric-chain-000076,9,3,24,1250,0.8,700,840,DC51D+Z,普碳,SPHC,软钢,actual_transition,,,,,,,
diagnostic_candidate,True,0030107561-000040,0030107561-000040,0030107561-000040,BR_00000018,BR_00000018,numeric-chain-000076,9,4,96,1250,1,700,840,DC51D+Z,普碳,SPHC,软钢,actual_transition,,,,,,,
diagnostic_candidate,True,0030107311-000320,0030107311-000320,0030107311-000320,BR_00000018,BR_00000018,numeric-chain-000076,9,5,24,1250,1.2,700,840,DC51D+Z,普碳,SPHC,软钢,actual_transition,,,,,,,
diagnostic_candidate,True,0030116618-000020,0030116618-000020,0030116618-000020,BR_00000030,BR_00000018,numeric-chain-000076,9,6,144,1250,1.2,820,840,DC53D+Z,IF钢,SPHETI-5,软钢,normal_real,,,,,,,
diagnostic_candidate,True,0030108590-000010,0030108590-000010,0030108590-000010,BR_00000018,BR_00000018,numeric-chain-000076,9,7,24,1250,1.2,830,850,DC54D+Z,IF钢,SPHETI-5,软钢,normal_real,,,,,,,
diagnostic_candidate,True,0030118006-000020,0030118006-000020,0030118006-000020,BR_00000030,BR_00000018,numeric-chain-000114,10,1,96,1240,0.6,700,840,DC51D+Z,普碳,SPHC,软钢,normal_real,,,,,,,
diagnostic_candidate,True,0002001860-000450,0002001860-000450,0002001860-000450,BR_00000024,BR_00000018,numeric-chain-000114,10,2,20,1240,0.65,830,850,DC56D+Z,IF钢,SPHETI-3,软钢,normal_real,,,,,,,
diagnostic_candidate,True,0002001750-000540,0002001750-000540,0002001750-000540,BR_00000018,BR_00000018,numeric-chain-000114,10,3,24,1240,0.65,830,850,DC56D+Z,IF钢,SPHETI-3,软钢,normal_real,,,,,,,
diagnostic_candidate,True,0030114676-000010,0030114676-000010,0030114676-000010,BR_00000024,BR_00000018,numeric-chain-000114,10,4,24,1240,0.7,820,840,DC53D+Z,IF钢,SPHETI-5,软钢,normal_real,,,,,,,
diagnostic_candidate,True,0030111663-000010,0030111663-000010,0030111663-000010,BR_00000024,BR_00000018,numeric-chain-000114,10,5,24,1236,0.7,830,850,DX56D+Z,IF钢,SPHETI-3,软钢,normal_real,,,,,,,
diagnostic_candidate,True,0030119080-000010,0030119080-000010,0030119080-000010,BR_00000030,BR_00000018,numeric-chain-000114,10,6,24,1231,0.85,830,850,DC54D+Z,IF钢,SPHETI-5,软钢,normal_real,,,,,,,
diagnostic_candidate,True,0002002020-000070,0002002020-000070,0002002020-000070,BR_00000030,BR_00000018,numeric-chain-000114,10,7,90,1230,0.65,830,850,DC56D+Z,IF钢,SPHETI-3,软钢,normal_real,,,,,,,
diagnostic_candidate,True,0002001750-000460,0002001750-000460,0002001750-000460,BR_00000018,BR_00000018,numeric-chain-000114,10,8,20,1220,0.65,830,850,DC56D+Z,IF钢,SPHETI-3,软钢,normal_real,,,,,,,
diagnostic_candidate,True,0002001867-000170,0002001867-000170,0002001867-000170,BR_00000024,BR_00000018,numeric-chain-000114,10,9,23,1220,0.8,830,850,DC56D+Z,IF钢,SPHETI-3,软钢,normal_real,,,,,,,
diagnostic_candidate,True,0030119080-000020,0030119080-000020,0030119080-000020,BR_00000030,BR_00000018,numeric-chain-000114,10,10,24,1220,0.85,830,850,DC54D+Z,IF钢,SPHETI-5,软钢,normal_real,,,,,,,
diagnostic_candidate,True,0002001880-000180,0002001880-000180,0002001880-000180,BR_00000024,BR_00000018,numeric-chain-000114,10,11,216,1220,1,830,850,DC53D+Z,IF钢,SPHETI-3,软钢,normal_real,,,,,,,
diagnostic_candidate,True,0002001749-000030,0002001749-000030,0002001749-000030,BR_00000018,BR_00000018,numeric-chain-000116,11,1,36,918,0.65,770,810,DC51D+Z,普碳,SPHC,软钢,normal_real,,,,,,,
diagnostic_candidate,True,0002001860-000060,0002001860-000060,0002001860-000060,BR_00000024,BR_00000018,numeric-chain-000116,11,2,34,910,0.65,770,810,DC51D+Z,普碳,SPHC,软钢,normal_real,,,,,,,
diagnostic_candidate,True,0002002020-000100,0002002020-000100,0002002020-000100,BR_00000030,BR_00000018,numeric-chain-000116,11,3,16,897,0.6,770,810,DC51D+Z,普碳,SPHC,软钢,normal_real,,,,,,,
diagnostic_candidate,True,0002001767-000040,0002001767-000040,0002001767-000040,BR_00000018,BR_00000018,numeric-chain-000116,11,4,18,893,0.7,770,810,DC51D+Z,普碳,SPHC,软钢,normal_real,,,,,,,
diagnostic_candidate,True,0002001880-000020,0002001880-000020,0002001880-000020,BR_00000024,BR_00000018,numeric-chain-000116,11,5,18,830,0.6,770,810,DC51D+Z,普碳,SPHC,软钢,normal_real,,,,,,,
diagnostic_candidate,True,0002001780-000080,0002001780-000080,0002001780-000080,BR_00000024,BR_00000018,numeric-chain-000116,11,6,16,810,0.6,770,810,DC51D+Z,普碳,SPHC,软钢,normal_real,,,,,,,
diagnostic_candidate,True,0030111333-000010,0030111333-000010,0030111333-000010,BR_00000019,BR_00000018,numeric-chain-000118,12,1,110,1000,1.25,820,840,DC53D+Z,IF钢,SPHETI-5,软钢,normal_real,,,,,,,
diagnostic_candidate,True,0030117112-000010,0030117112-000010,0030117112-000010,BR_00000030,BR_00000018,numeric-chain-000118,12,2,88,1000,1.25,820,840,DC53D+Z,IF钢,SPHETI-5,软钢,normal_real,,,,,,,
diagnostic_candidate,True,0005000563-000220,0005000563-000220,0005000563-000220,BR_00000036,BR_00000018,numeric-chain-000118,12,3,36,928,1.2,820,840,CR210BH,加磷高强、烘烤硬化钢,H220BH,软钢,normal_real,,,,,,,
diagnostic_candidate,True,0005000547-000300,0005000547-000300,0005000547-000300,BR_00000030,BR_00000018,numeric-chain-000118,12,4,54,928,1.2,820,840,CR210BH,加磷高强、烘烤硬化钢,H220BH,软钢,normal_real,,,,,,,
diagnostic_candidate,True,0005000501-000270,0005000501-000270,0005000501-000270,BR_00000024,BR_00000018,numeric-chain-000118,12,5,36,928,1.2,820,840,CR210BH,加磷高强、烘烤硬化钢,H220BH,软钢,normal_real,,,,,,,
diagnostic_candidate,True,0005000486-000170,0005000486-000170,0005000486-000170,BR_00000018,BR_00000018,numeric-chain-000118,12,6,32,900,1.2,830,850,CR180BH,加磷高强、烘烤硬化钢,H180BH,软钢,normal_real,,,,,,,
diagnostic_candidate,True,0005000563-000240,0005000563-000240,0005000563-000240,BR_00000036,BR_00000018,numeric-chain-000118,12,7,16,900,1.2,830,850,CR3,IF钢,SPHETI-36,软钢,normal_real,,,,,,,
diagnostic_candidate,True,0030125097-000010,0030125097-000010,0030125097-000010,BR_00000036,BR_00000018,numeric-chain-000118,12,8,18,870,1.2,830,850,DC56D+Z,IF钢,SPHETI-3,软钢,normal_real,,,,,,,
diagnostic_candidate,True,0030112439-000260,0030112439-000260,0030112439-000260,BR_00000024,BR_00000018,numeric-chain-000118,12,9,180,860,1.2,820,840,DX53D+Z,IF钢,SPHETI-5,软钢,normal_real,,,,,,,
diagnostic_candidate,True,0002001890-000250,0002001890-000250,0002001890-000250,BR_00000024,BR_00000018,numeric-chain-000118,12,10,13,857,1,830,850,DC53D+Z,IF钢,SPHETI-3,软钢,normal_real,,,,,,,
diagnostic_candidate,True,0002002184-000200,0002002184-000200,0002002184-000200,BR_00000036,BR_00000018,numeric-chain-000118,12,11,100,830,1,830,850,DC56D+Z,IF钢,SPHETI-3,软钢,normal_real,,,,,,,
diagnostic_candidate,True,0002002021-000220,0002002021-000220,0002002021-000220,BR_00000030,BR_00000018,numeric-chain-000118,12,12,40,830,1,830,850,DC56D+Z,IF钢,SPHETI-3,软钢,normal_real,,,,,,,
diagnostic_candidate,True,0002001744-000040,0002001744-000040,0002001744-000040,BR_00000018,BR_00000018,numeric-chain-000118,12,13,20,830,1,830,850,DC53D+Z,IF钢,SPHETI-3,软钢,normal_real,,,,,,,
diagnostic_candidate,True,0002001895-000030,0002001895-000030,0002001895-000030,BR_00000024,BR_00000024,numeric-chain-000003,1,1,391,1236,1,820,840,DX53D+Z-CD,IF钢,SPHETI-5,软钢,normal_real,,,,,,,
diagnostic_candidate,True,0030114768-000090,0030114768-000090,0030114768-000090,BR_00000024,BR_00000024,numeric-chain-000003,1,2,7,1235,0.8,830,850,CR3,IF钢,SPHETI-36,软钢,normal_real,,,,,,,
diagnostic_candidate,True,0030117285-000020,0030117285-000020,0030117285-000020,BR_00000030,BR_00000024,numeric-chain-000026,2,1,208,1390,0.7,830,850,SCG4+Z,IF钢,SPHETI-3,软钢,normal_real,,,,,,,
diagnostic_candidate,True,0002002006-000210,0002002006-000210,0002002006-000210,BR_00000030,BR_00000024,numeric-chain-000026,2,2,49,1390,0.65,830,850,DC53D+Z,IF钢,SPHETI-3,软钢,normal_real,,,,,,,
diagnostic_candidate,True,0002002180-000280,0002002180-000280,0002002180-000280,BR_00000036,BR_00000024,numeric-chain-000026,2,3,20,1390,0.65,830,850,DC53D+Z,IF钢,SPHETI-3,软钢,normal_real,,,,,,,
diagnostic_candidate,True,0030119520-000010,0030119520-000010,0030119520-000010,BR_00000030,BR_00000024,numeric-chain-000026,2,4,26,1385,0.6,830,850,DC54D+Z,IF钢,SPHETI-5,软钢,normal_real,,,,,,,
diagnostic_candidate,True,0030125157-000010,0030125157-000010,0030125157-000010,BR_00000036,BR_00000024,numeric-chain-000026,2,5,26,1385,0.6,830,850,DC54D+Z,IF钢,SPHETI-5,软钢,normal_real,,,,,,,
diagnostic_candidate,True,0030112686-000020,0030112686-000020,0030112686-000020,BR_00000024,BR_00000024,numeric-chain-000026,2,6,66,1374,0.75,830,850,CR3,IF钢,SPHETI-36,软钢,normal_real,,,,,,,
diagnostic_candidate,True,0030117284-000040,0030117284-000040,0030117284-000040,BR_00000030,BR_00000024,numeric-chain-000039,3,1,130,1360,0.65,830,850,SCG4+Z,IF钢,SPHETI-3,软钢,normal_real,,,,,,,
diagnostic_candidate,True,0030124871-000120,0030124871-000120,0030124871-000120,BR_00000036,BR_00000024,numeric-chain-000039,3,2,220,1360,0.6,820,840,DX53D+Z,IF钢,SPHETI-5,软钢,normal_real,,,,,,,
diagnostic_candidate,True,0002001780-000020,0002001780-000020,0002001780-000020,BR_00000024,BR_00000024,numeric-chain-000039,3,3,23,1360,0.65,830,850,DC53D+Z,IF钢,SPHETI-3,软钢,normal_real,,,,,,,
diagnostic_candidate,True,0002001854-000330,0002001854-000330,0002001854-000330,BR_00000024,BR_00000024,numeric-chain-000039,3,4,23,1360,0.65,830,850,DC53D+Z,IF钢,SPHETI-3,软钢,normal_real,,,,,,,
diagnostic_candidate,True,0030124683-000010,0030124683-000010,0030124683-000010,BR_00000036,BR_00000024,numeric-chain-000039,3,5,96,1360,0.7,820,840,DC53D+Z,IF钢,SPHETI-5,软钢,normal_real,,,,,,,
diagnostic_candidate,True,0002002054-000260,0002002054-000260,0002002054-000260,BR_00000030,BR_00000024,numeric-chain-000048,4,1,312,1150,0.6,820,840,DX53D+Z-MD,IF钢,SPHETI-5,软钢,normal_real,,,,,,,
diagnostic_candidate,True,0002002053-000060,0002002053-000060,0002002053-000060,BR_00000030,BR_00000024,numeric-chain-000048,4,2,21,1150,0.8,815,835,DX51D+Z-MD,普碳,SPHC,软钢,normal_real,,,,,,,
diagnostic_candidate,True,0002001899-000120,0002001899-000120,0002001899-000120,BR_00000024,BR_00000024,numeric-chain-000048,4,3,176,1150,0.8,820,840,DX53D+Z-MD,IF钢,SPHETI-5,软钢,normal_real,,,,,,,
diagnostic_candidate,True,0030123508-000010,0030123508-000010,0030123508-000010,BR_00000036,BR_00000024,numeric-chain-000048,4,4,138,1145,1,830,850,HDX53D+Z-SN,IF钢,SPHETI-3,软钢,normal_real,,,,,,,
diagnostic_candidate,True,0002001860-000470,0002001860-000470,0002001860-000470,BR_00000024,BR_00000024,numeric-chain-000068,5,1,179,1570,0.65,810,830,180YD+Z,加磷高强、烘烤硬化钢,H180YD,软钢,normal_real,,,,,,,
diagnostic_candidate,True,0002001860-000400,0002001860-000400,0002001860-000400,BR_00000024,BR_00000024,numeric-chain-000068,5,2,34,1560,0.65,810,830,180YD+Z,加磷高强、烘烤硬化钢,H180YD,软钢,normal_real,,,,,,,
diagnostic_candidate,True,0002001860-000460,0002001860-000460,0002001860-000460,BR_00000024,BR_00000024,numeric-chain-000068,5,3,20,1550,0.65,810,830,180YD+Z,加磷高强、烘烤硬化钢,H180YD,软钢,normal_real,,,,,,,
diagnostic_candidate,True,0002001780-000170,0002001780-000170,0002001780-000170,BR_00000024,BR_00000024,numeric-chain-000068,5,4,46,1540,0.6,810,830,180YD+Z,加磷高强、烘烤硬化钢,H180YD,软钢,normal_real,,,,,,,
diagnostic_candidate,True,0002001854-000190,0002001854-000190,0002001854-000190,BR_00000024,BR_00000024,numeric-chain-000068,5,5,92,1540,0.6,810,830,180YD+Z,加磷高强、烘烤硬化钢,H180YD,软钢,normal_real,,,,,,,
diagnostic_candidate,True,0002001906-000090,0002001906-000090,0002001906-000090,BR_00000025,BR_00000024,numeric-chain-000068,5,6,80,1540,0.6,810,830,180YD+Z,加磷高强、烘烤硬化钢,H180YD,软钢,normal_real,,,,,,,
diagnostic_candidate,True,0002001906-000010,0002001906-000010,0002001906-000010,BR_00000025,BR_00000024,numeric-chain-000068,5,7,23,1535,0.65,810,830,180YD+Z,加磷高强、烘烤硬化钢,H180YD,软钢,normal_real,,,,,,,
diagnostic_candidate,True,0002001854-000020,0002001854-000020,0002001854-000020,BR_00000024,BR_00000024,numeric-chain-000068,5,8,23,1535,0.65,810,830,180YD+Z,加磷高强、烘烤硬化钢,H180YD,软钢,normal_real,,,,,,,
diagnostic_candidate,True,0030113832-000020,0030113832-000020,0030113832-000020,BR_00000024,BR_00000024,numeric-chain-000068,5,9,23,1530,0.7,820,840,HC180BD+Z,加磷高强、烘烤硬化钢,H180BH1,软钢,normal_real,,,,,,,
diagnostic_candidate,True,0030118802-000020,0030118802-000020,0030118802-000020,BR_00000030,BR_00000024,numeric-chain-000068,5,10,46,1500,0.65,820,840,HC180BD+Z,加磷高强、烘烤硬化钢,H180BH1,软钢,normal_real,,,,,,,
diagnostic_candidate,True,0030123256-000030,0030123256-000030,0030123256-000030,BR_00000036,BR_00000024,numeric-chain-000068,5,11,46,1490,0.65,820,840,HC180BD+Z,加磷高强、烘烤硬化钢,H180BH1,软钢,normal_real,,,,,,,
diagnostic_candidate,True,0030118799-000030,0030118799-000030,0030118799-000030,BR_00000030,BR_00000024,numeric-chain-000068,5,12,44,1490,0.65,820,840,HC180BD+Z,加磷高强、烘烤硬化钢,H180BH1,软钢,normal_real,,,,,,,
diagnostic_candidate,True,0030121500-000010,0030121500-000010,0030121500-000010,BR_00000032,BR_00000024,numeric-chain-000068,5,13,24,1490,0.7,830,850,DC56D+Z,IF钢,SPHETI-3,软钢,normal_real,,,,,,,
diagnostic_candidate,True,0030124457-000020,0030124457-000020,0030124457-000020,BR_00000036,BR_00000024,numeric-chain-000068,5,14,24,1483,0.6,820,840,DX53D+Z,IF钢,SPHETI-5,软钢,normal_real,,,,,,,
diagnostic_candidate,True,0002001887-000010,0002001887-000010,0002001887-000010,BR_00000024,BR_00000024,numeric-chain-000068,5,15,34,1455,0.65,810,830,180YD+Z,加磷高强、烘烤硬化钢,H180YD,软钢,normal_real,,,,,,,
diagnostic_candidate,True,0002002054-000360,0002002054-000360,0002002054-000360,BR_00000030,BR_00000024,numeric-chain-000068,5,16,291,1452,0.8,815,835,DX51D+Z-MD,普碳,SPHC,软钢,normal_real,,,,,,,
diagnostic_candidate,True,0002002055-000120,0002002055-000120,0002002055-000120,BR_00000030,BR_00000030,numeric-chain-000008,1,1,1000,1150,0.6,820,840,DX53D+Z-MD,IF钢,SPHETI-5,软钢,normal_real,,,,,,,
diagnostic_candidate,True,0002002055-000070,0002002055-000070,0002002055-000070,BR_00000030,BR_00000030,numeric-chain-000018,2,1,491,1191,0.6,820,840,DX53D+Z-MD,IF钢,SPHETI-5,软钢,normal_real,,,,,,,
diagnostic_candidate,True,0030119031-000020,0030119031-000020,0030119031-000020,BR_00000030,BR_00000030,numeric-chain-000052,3,1,450,1055,0.95,820,840,DX53D+Z,IF钢,SPHETI-5,软钢,normal_real,,,,,,,
diagnostic_candidate,True,0030124824-000020,0030124824-000020,0030124824-000020,BR_00000036,BR_00000030,numeric-chain-000053,4,1,430,1055,0.95,820,840,DX53D+Z,IF钢,SPHETI-5,软钢,normal_real,,,,,,,
diagnostic_candidate,True,0030119032-000010,0030119032-000010,0030119032-000010,BR_00000030,BR_00000030,numeric-chain-000053,4,2,50,1050,0.75,820,840,DX53D+Z,IF钢,SPHETI-5,软钢,normal_real,,,,,,,
diagnostic_candidate,True,0030118934-000030,0030118934-000030,0030118934-000030,BR_00000030,BR_00000030,numeric-chain-000053,4,3,420,1045,0.65,820,840,HX180BD+Z,加磷高强、烘烤硬化钢,H180BH1,软钢,normal_real,,,,,,,
diagnostic_candidate,True,0030122480-000110,0030122480-000110,0030122480-000110,BR_00000036,BR_00000030,numeric-chain-000053,4,4,110,1040,0.7,830,850,DX53D+Z,IF钢,SPHETI-5,软钢,normal_real,,,,,,,
diagnostic_candidate,True,0010020206-000030,0010020206-000030,0010020206-000030,BR_00000036,BR_00000030,numeric-chain-000103,5,1,110,1000,2.5,700,720,DC51D+Z,普碳,SPHC,软钢,actual_transition,,,,,,,
diagnostic_candidate,True,0010018679-000050,0010018679-000050,0010018679-000050,BR_00000030,BR_00000030,numeric-chain-000103,5,2,110,1000,2.5,700,720,DC51D+Z,普碳,SPHC,软钢,actual_transition,,,,,,,
diagnostic_candidate,True,0005000548-000030,0005000548-000030,0005000548-000030,BR_00000030,BR_00000030,numeric-chain-000130,6,1,7,1445,2,660,680,CR270LA,低合金高强,H260LAD-3,硬钢,normal_real,,,,,,,
diagnostic_candidate,True,0005000546-000150,0005000546-000150,0005000546-000150,BR_00000030,BR_00000030,numeric-chain-000130,6,2,20,1203,1.8,660,680,CR270LA,低合金高强,H260LAD-3,硬钢,normal_real,,,,,,,
