artifact_kind,publishable,node_id,source_order_id,source_resource_id,source_period,assigned_period,chain_id,chain_sequence,node_sequence,weight,width,thickness,min_temperature,max_temperature,grade,grade_class,hot_roll_grade,soft_hard_class,material_role,split_lineage,virtual_lineage,width_warning,thickness_warning,temperature_warning,chain_warning,business_warning
diagnostic_candidate,True,0002001995-000010,0002001995-000010,0002001995-000010,BR_00000001,BR_00000001,numeric-chain-000023,1,1,79,1583,0.65,770,810,DC51D+Z,IF钢,SPHETI-3,软钢,normal_real,,,,,,,
diagnostic_candidate,True,0030118006-000070,0030118006-000070,0030118006-000070,BR_00000001,BR_00000001,numeric-chain-000023,1,2,216,1480,0.8,700,840,DC51D+Z,普碳,SPHC,软钢,normal_real,,,,,,,
diagnostic_candidate,True,0030118966-000010,0030118966-000010,0030118966-000010,BR_00000001,BR_00000001,numeric-chain-000023,1,3,96,1488,0.65,830,850,DC56D+Z,IF钢,SPHETI-3,软钢,normal_real,,,,,,,
diagnostic_candidate,True,0030119866-000010,0030119866-000010,0030119866-000010,BR_00000001,BR_00000001,numeric-chain-000023,1,4,78,1385,0.6,830,850,DC54D+Z,IF钢,SPHETI-5,软钢,normal_real,,,,,,,
diagnostic_candidate,True,0030118802-000010,0030118802-000010,0030118802-000010,BR_00000001,BR_00000001,numeric-chain-000023,1,5,92,1350,0.6,820,840,HC180BD+Z,加磷高强、烘烤硬化钢,H180BH1,软钢,normal_real,,,,,,,
diagnostic_candidate,True,0030119098-000060,0030119098-000060,0030119098-000060,BR_00000001,BR_00000001,numeric-chain-000023,1,6,24,1333,0.6,700,840,DX51D+Z,普碳,SPHC,软钢,normal_real,,,,,,,
diagnostic_candidate,True,0030117110-000020,0030117110-000020,0030117110-000020,BR_00000001,BR_00000001,numeric-chain-000023,1,7,66,1312,0.75,830,850,CR3,IF钢,SPHETI-36,软钢,normal_real,,,,,,,
diagnostic_candidate,True,0030118006-000010,0030118006-000010,0030118006-000010,BR_00000001,BR_00000001,numeric-chain-000023,1,8,72,1295,0.6,700,840,DC51D+Z,普碳,SPHC,软钢,normal_real,,,,,,,
diagnostic_candidate,True,0002002053-000130,0002002053-000130,0002002053-000130,BR_00000001,BR_00000001,numeric-chain-000023,1,9,23,1250,0.6,820,840,DX53D+Z-MD,IF钢,SPHETI-5,软钢,normal_real,,,,,,,
diagnostic_candidate,True,0030118006-000020,0030118006-000020,0030118006-000020,BR_00000001,BR_00000001,numeric-chain-000023,1,10,96,1240,0.6,700,840,DC51D+Z,普碳,SPHC,软钢,normal_real,,,,,,,
diagnostic_candidate,True,0002002055-000120,0002002055-000120,0002002055-000120,BR_00000001,BR_00000001,numeric-chain-000023,1,11,1000,1150,0.6,820,840,DX53D+Z-MD,IF钢,SPHETI-5,软钢,normal_real,,,,,,,
diagnostic_candidate,True,0005000547-000400,0005000547-000400,0005000547-000400,BR_00000001,BR_00000001,numeric-chain-000023,1,12,20,1100,0.8,830,850,CR180BH,加磷高强、烘烤硬化钢,H180BH,软钢,normal_real,,,,,,,
diagnostic_candidate,True,0002002053-000020,0002002053-000020,0002002053-000020,BR_00000001,BR_00000001,numeric-chain-000023,1,13,23,1100,0.8,820,840,DX53D+Z-MD,IF钢,SPHETI-5,软钢,normal_real,,,,,,,
diagnostic_candidate,True,0030119959-000010,0030119959-000010,0030119959-000010,BR_00000001,BR_00000001,numeric-chain-000023,1,14,23,1120,0.65,830,850,DC54D+Z,IF钢,SPHETI-5,软钢,normal_real,,,,,,,
diagnostic_candidate,True,0030118799-000010,0030118799-000010,0030118799-000010,BR_00000001,BR_00000001,numeric-chain-000023,1,15,76,1010,0.65,820,840,HC180BD+Z,加磷高强、烘烤硬化钢,H180BH1,软钢,normal_real,,,,,,,
diagnostic_candidate,True,0030123256-000030,0030123256-000030,0030123256-000030,BR_00000006,BR_00000001,numeric-chain-000005,2,1,46,1490,0.65,820,840,HC180BD+Z,加磷高强、烘烤硬化钢,H180BH1,软钢,normal_real,,,,,,,
diagnostic_candidate,True,0002002055-000100,0002002055-000100,0002002055-000100,BR_00000001,BR_00000001,numeric-chain-000005,2,2,92,1413,0.6,820,840,DX53D+Z-MD,IF钢,SPHETI-5,软钢,normal_real,,,,,,,
diagnostic_candidate,True,0002002054-000010,0002002054-000010,0002002054-000010,BR_00000001,BR_00000001,numeric-chain-000005,2,3,192,1365,0.5,820,840,DX53D+Z-CD,IF钢,SPHETI-5,软钢,normal_real,,,,,,,
diagnostic_candidate,True,0030119098-000010,0030119098-000010,0030119098-000010,BR_00000001,BR_00000001,numeric-chain-000005,2,4,48,1306,0.4,700,840,DC51D+Z,普碳,SPHC,软钢,normal_real,,,,,,,
diagnostic_candidate,True,0002002055-000010,0002002055-000010,0002002055-000010,BR_00000001,BR_00000001,numeric-chain-000005,2,5,116,1250,0.5,815,835,DX51D+Z-MD,普碳,SPHC,软钢,normal_real,,,,,,,
diagnostic_candidate,True,0002002054-000350,0002002054-000350,0002002054-000350,BR_00000001,BR_00000001,numeric-chain-000005,2,6,192,1250,0.5,815,835,DX51D+Z-MD,普碳,SPHC,软钢,normal_real,,,,,,,
diagnostic_candidate,True,0002002054-000270,0002002054-000270,0002002054-000270,BR_00000001,BR_00000001,numeric-chain-000005,2,7,21,1258,0.4,815,835,DX51D+Z-MD,普碳,SPHC,软钢,normal_real,,,,,,,
diagnostic_candidate,True,0002002054-000320,0002002054-000320,0002002054-000320,BR_00000001,BR_00000001,numeric-chain-000005,2,8,23,1235,0.5,820,840,DX53D+Z-CD,IF钢,SPHETI-5,软钢,normal_real,,,,,,,
diagnostic_candidate,True,0030117932-000010,0030117932-000010,0030117932-000010,BR_00000001,BR_00000001,numeric-chain-000005,2,9,264,1162,0.6,700,840,DC51D+Z,普碳,SPHC,软钢,normal_real,,,,,,,
diagnostic_candidate,True,0002002009-000050,0002002009-000050,0002002009-000050,BR_00000001,BR_00000001,numeric-chain-000005,2,10,75,1168,0.65,830,850,DC53D+Z,IF钢,SPHETI-3,软钢,normal_real,,,,,,,
diagnostic_candidate,True,0030121690-000040,0030121690-000040,0030121690-000040,BR_00000002,BR_00000001,numeric-chain-000005,2,11,20,1070,0.67,820,840,HC220BD+Z,加磷高强、烘烤硬化钢,H220BH4,软钢,normal_real,,,,,,,
diagnostic_candidate,True,0030120757-000020,0030120757-000020,0030120757-000020,BR_00000001,BR_00000001,numeric-chain-000005,2,12,66,1044,0.7,830,850,DC54D+Z,IF钢,SPHETI-5,软钢,normal_real,,,,,,,
diagnostic_candidate,True,0030119215-000010,0030119215-000010,0030119215-000010,BR_00000001,BR_00000001,numeric-chain-000005,2,13,22,1001,0.6,820,840,DC53D+Z,IF钢,SPHETI-5,软钢,normal_real,,,,,,,
diagnostic_candidate,True,0002002055-000080,0002002055-000080,0002002055-000080,BR_00000001,BR_00000001,numeric-chain-000018,3,1,341,1150,0.5,815,835,DX51D+Z-MD,普碳,SPHC,软钢,normal_real,,,,,,,
diagnostic_candidate,True,0002002055-000040,0002002055-000040,0002002055-000040,BR_00000001,BR_00000001,numeric-chain-000018,3,2,591,1150,0.5,815,835,DX51D+Z-MD,普碳,SPHC,软钢,normal_real,,,,,,,
diagnostic_candidate,True,0030118641-000010,0030118641-000010,0030118641-000010,BR_00000001,BR_00000001,numeric-chain-000019,4,1,46,1200,0.4,700,840,DC51D+Z,普碳,SPHC,软钢,actual_transition,,,,,,,
diagnostic_candidate,True,0002002054-000040,0002002054-000040,0002002054-000040,BR_00000001,BR_00000001,numeric-chain-000019,4,2,191,1150,0.5,815,835,DX51D+Z-MD,普碳,SPHC,软钢,normal_real,,,,,,,
diagnostic_candidate,True,0002002054-000310,0002002054-000310,0002002054-000310,BR_00000001,BR_00000001,numeric-chain-000019,4,3,72,1100,0.5,820,840,DX53D+Z-CD,IF钢,SPHETI-5,软钢,normal_real,,,,,,,
diagnostic_candidate,True,0030123142-000030,0030123142-000030,0030123142-000030,BR_00000006,BR_00000001,numeric-chain-000019,4,4,132,1090,0.55,830,850,SCG4+Z,IF钢,SPHETI-3,软钢,normal_real,,,,,,,
diagnostic_candidate,True,0030123425-000010,0030123425-000010,0030123425-000010,BR_00000006,BR_00000001,numeric-chain-000019,4,5,132,1090,0.55,830,850,SCG4+Z,IF钢,SPHETI-3,软钢,normal_real,,,,,,,
diagnostic_candidate,True,0030122066-000020,0030122066-000020,0030122066-000020,BR_00000003,BR_00000001,numeric-chain-000019,4,6,24,1000,0.6,830,850,DC54D+Z,IF钢,SPHETI-5,软钢,normal_real,,,,,,,
diagnostic_candidate,True,0030122480-000090,0030122480-000090,0030122480-000090,BR_00000006,BR_00000001,numeric-chain-000019,4,7,22,990,0.7,830,850,DX53D+Z,IF钢,SPHETI-5,软钢,normal_real,,,,,,,
diagnostic_candidate,True,0002002162-000080,0002002162-000080,0002002162-000080,BR_00000006,BR_00000001,numeric-chain-000019,4,8,18,950,0.8,830,850,DC56D+Z,IF钢,SPHETI-3,软钢,normal_real,,,,,,,
diagnostic_candidate,True,0030120940-000030,0030120940-000030,0030120940-000030,BR_00000002,BR_00000001,numeric-chain-000019,4,9,18,950,0.7,830,850,DC56D+Z,IF钢,SPHETI-3,软钢,normal_real,,,,,,,
diagnostic_candidate,True,0030122080-000010,0030122080-000010,0030122080-000010,BR_00000003,BR_00000001,numeric-chain-000019,4,10,54,865,0.8,830,850,DX53D+Z,IF钢,SPHETI-5,软钢,normal_real,,,,,,,
diagnostic_candidate,True,0030119031-000020,0030119031-000020,0030119031-000020,BR_00000001,BR_00000001,numeric-chain-000028,5,1,450,1055,0.95,820,840,DX53D+Z,IF钢,SPHETI-5,软钢,normal_real,,,,,,,
diagnostic_candidate,True,0030118093-000060,0030118093-000060,0030118093-000060,BR_00000001,BR_00000001,numeric-chain-000028,5,2,44,1048,0.8,820,840,DC53D+Z,IF钢,SPHETI-5,软钢,normal_real,,,,,,,
diagnostic_candidate,True,0002002006-000230,0002002006-000230,0002002006-000230,BR_00000001,BR_00000001,numeric-chain-000028,5,3,84,1020,0.6,810,830,180YD+Z,加磷高强、烘烤硬化钢,H180YD,软钢,normal_real,,,,,,,
diagnostic_candidate,True,0030124457-000010,0030124457-000010,0030124457-000010,BR_00000006,BR_00000001,numeric-chain-000028,5,4,44,1001,0.6,820,840,DX53D+Z,IF钢,SPHETI-5,软钢,normal_real,,,,,,,
diagnostic_candidate,True,0002002170-000170,0002002170-000170,0002002170-000170,BR_00000006,BR_00000001,numeric-chain-000028,5,5,100,1000,0.65,810,830,180YD+Z,加磷高强、烘烤硬化钢,H180YD,软钢,normal_real,,,,,,,
diagnostic_candidate,True,0030122898-000010,0030122898-000010,0030122898-000010,BR_00000006,BR_00000001,numeric-chain-000028,5,6,50,1000,0.8,700,840,DC51D+Z,普碳,SPHC,软钢,actual_transition,,,,,,,
diagnostic_candidate,True,0002002185-000150,0002002185-000150,0002002185-000150,BR_00000006,BR_00000001,numeric-chain-000028,5,7,16,990,0.6,770,810,DC51D+Z,IF钢,SPHETI-3,软钢,normal_real,,,,,,,
diagnostic_candidate,True,0002002170-000280,0002002170-000280,0002002170-000280,BR_00000006,BR_00000001,numeric-chain-000028,5,8,19,971,0.65,770,810,DC51D+Z,IF钢,SPHETI-3,软钢,normal_real,,,,,,,
diagnostic_candidate,True,0002002170-000380,0002002170-000380,0002002170-000380,BR_00000006,BR_00000001,numeric-chain-000028,5,9,20,960,0.65,770,810,DC51D+Z,IF钢,SPHETI-3,软钢,normal_real,,,,,,,
diagnostic_candidate,True,0002002009-000020,0002002009-000020,0002002009-000020,BR_00000001,BR_00000001,numeric-chain-000028,5,10,34,828,0.65,770,810,DC51D+Z,普碳,SPHC,软钢,normal_real,,,,,,,
diagnostic_candidate,True,0030119938-000340,0030119938-000340,0030119938-000340,BR_00000001,BR_00000001,numeric-chain-000031,6,1,48,1500,2.49,820,840,DC53D+Z,IF钢,SPHETI-5,软钢,normal_real,,,,,,,
diagnostic_candidate,True,0030122647-000590,0030122647-000590,0030122647-000590,BR_00000006,BR_00000001,numeric-chain-000031,6,2,48,1500,2.49,820,840,DC53D+Z,IF钢,SPHETI-5,软钢,normal_real,,,,,,,
diagnostic_candidate,True,0030122647-000580,0030122647-000580,0030122647-000580,BR_00000006,BR_00000001,numeric-chain-000031,6,3,48,1363,2.49,820,840,DC53D+Z,IF钢,SPHETI-5,软钢,normal_real,,,,,,,
diagnostic_candidate,True,0030119938-000330,0030119938-000330,0030119938-000330,BR_00000001,BR_00000001,numeric-chain-000031,6,4,120,1300,2.49,820,840,DC53D+Z,IF钢,SPHETI-5,软钢,normal_real,,,,,,,
diagnostic_candidate,True,0030122647-000570,0030122647-000570,0030122647-000570,BR_00000006,BR_00000001,numeric-chain-000031,6,5,48,1300,2.49,820,840,DC53D+Z,IF钢,SPHETI-5,软钢,normal_real,,,,,,,
diagnostic_candidate,True,0030119938-000320,0030119938-000320,0030119938-000320,BR_00000001,BR_00000001,numeric-chain-000031,6,6,48,1250,2.49,820,840,DC53D+Z,IF钢,SPHETI-5,软钢,normal_real,,,,,,,
diagnostic_candidate,True,0030122647-000560,0030122647-000560,0030122647-000560,BR_00000006,BR_00000001,numeric-chain-000031,6,7,72,1250,2.49,820,840,DC53D+Z,IF钢,SPHETI-5,软钢,normal_real,,,,,,,
diagnostic_candidate,True,0002002074-000010,0002002074-000010,0002002074-000010,BR_00000006,BR_00000001,numeric-chain-000031,6,8,150,1200,2,820,840,DX53D+Z-MD,IF钢,SPHETI-5,软钢,normal_real,,,,,,,
diagnostic_candidate,True,0030124772-000010,0030124772-000010,0030124772-000010,BR_00000006,BR_00000001,numeric-chain-000031,6,9,24,1200,1.5,700,840,DC51D+Z,普碳,SPHC,软钢,actual_transition,,,,,,,
diagnostic_candidate,True,0002002184-000160,0002002184-000160,0002002184-000160,BR_00000006,BR_00000001,numeric-chain-000031,6,10,16,1036,1.2,770,810,DC51D+Z,普碳,SPHC,软钢,normal_real,,,,,,,
diagnostic_candidate,True,0002002170-000090,0002002170-000090,0002002170-000090,BR_00000006,BR_00000001,numeric-chain-000031,6,11,25,1000,1,770,810,DC51D+Z,IF钢,SPHETI-3,软钢,normal_real,,,,,,,
diagnostic_candidate,True,0030122899-000010,0030122899-000010,0030122899-000010,BR_00000006,BR_00000001,numeric-chain-000031,6,12,60,1000,0.8,700,840,DC51D+Z,普碳,SPHC,软钢,actual_transition,,,,,,,
diagnostic_candidate,True,0030118934-000060,0030118934-000060,0030118934-000060,BR_00000001,BR_00000001,numeric-chain-000025,7,1,483,1120,0.7,830,850,DX54D+Z,IF钢,SPHETI-5,软钢,normal_real,,,,,,,
diagnostic_candidate,True,0005000563-000290,0005000563-000290,0005000563-000290,BR_00000006,BR_00000001,numeric-chain-000025,7,2,20,1100,0.8,830,850,CR180BH,加磷高强、烘烤硬化钢,H180BH,软钢,normal_real,,,,,,,
diagnostic_candidate,True,0002002180-000270,0002002180-000270,0002002180-000270,BR_00000006,BR_00000001,numeric-chain-000025,7,3,20,1100,0.65,830,850,DC53D+Z,IF钢,SPHETI-3,软钢,normal_real,,,,,,,
diagnostic_candidate,True,0030117284-000030,0030117284-000030,0030117284-000030,BR_00000001,BR_00000001,numeric-chain-000025,7,4,88,1090,0.55,830,850,SCG4+Z,IF钢,SPHETI-3,软钢,normal_real,,,,,,,
diagnostic_candidate,True,0030122480-000080,0030122480-000080,0030122480-000080,BR_00000006,BR_00000001,numeric-chain-000025,7,5,69,1060,0.65,830,850,DX53D+Z,IF钢,SPHETI-5,软钢,normal_real,,,,,,,
diagnostic_candidate,True,0030124826-000030,0030124826-000030,0030124826-000030,BR_00000006,BR_00000001,numeric-chain-000025,7,6,30,1050,0.6,820,840,DX53D+Z,IF钢,SPHETI-5,软钢,normal_real,,,,,,,
diagnostic_candidate,True,0030123256-000010,0030123256-000010,0030123256-000010,BR_00000006,BR_00000001,numeric-chain-000025,7,7,100,1010,0.65,820,840,HC180BD+Z,加磷高强、烘烤硬化钢,H180BH1,软钢,normal_real,,,,,,,
diagnostic_candidate,True,0030124437-000020,0030124437-000020,0030124437-000020,BR_00000006,BR_00000001,numeric-chain-000025,7,8,22,1003,0.8,830,850,DC54D+Z,IF钢,SPHETI-5,软钢,normal_real,,,,,,,
diagnostic_candidate,True,0005000563-000270,0005000563-000270,0005000563-000270,BR_00000006,BR_00000001,numeric-chain-000025,7,9,18,968,0.8,830,850,CR180BH,加磷高强、烘烤硬化钢,H180BH,软钢,normal_real,,,,,,,
diagnostic_candidate,True,0030118632-000010,0030118632-000010,0030118632-000010,BR_00000001,BR_00000001,numeric-chain-000025,7,10,126,939,0.8,830,850,DC56D+Z,IF钢,SPHETI-3,软钢,normal_real,,,,,,,
diagnostic_candidate,True,0030120745-000010,0030120745-000010,0030120745-000010,BR_00000001,BR_00000001,numeric-chain-000025,7,11,72,865,0.8,830,850,DX53D+Z,IF钢,SPHETI-5,软钢,normal_real,,,,,,,
diagnostic_candidate,True,0002002185-000060,0002002185-000060,0002002185-000060,BR_00000006,BR_00000001,numeric-chain-000027,8,1,23,1155,0.65,830,850,DC54D+Z,IF钢,SPHETI-3,软钢,normal_real,,,,,,,
diagnostic_candidate,True,0030120757-000040,0030120757-000040,0030120757-000040,BR_00000001,BR_00000001,numeric-chain-000027,8,2,72,1155,0.8,830,850,DC54D+Z,IF钢,SPHETI-5,软钢,normal_real,,,,,,,
diagnostic_candidate,True,0030125147-000020,0030125147-000020,0030125147-000020,BR_00000006,BR_00000001,numeric-chain-000027,8,3,23,1145,1,820,840,DC53D+Z,IF钢,SPHETI-5,软钢,normal_real,,,,,,,
diagnostic_candidate,True,0002002055-000110,0002002055-000110,0002002055-000110,BR_00000001,BR_00000001,numeric-chain-000027,8,4,166,1100,0.8,815,835,DX51D+Z-MD,普碳,SPHC,软钢,normal_real,,,,,,,
diagnostic_candidate,True,0030119032-000020,0030119032-000020,0030119032-000020,BR_00000001,BR_00000001,numeric-chain-000027,8,5,300,1080,0.75,820,840,DX53D+Z,IF钢,SPHETI-5,软钢,normal_real,,,,,,,
diagnostic_candidate,True,0002002170-000210,0002002170-000210,0002002170-000210,BR_00000006,BR_00000001,numeric-chain-000027,8,6,50,1095,0.7,830,850,DC53D+Z,IF钢,SPHETI-3,软钢,normal_real,,,,,,,
diagnostic_candidate,True,0030124438-000010,0030124438-000010,0030124438-000010,BR_00000006,BR_00000001,numeric-chain-000027,8,7,23,1083,0.8,830,850,DC54D+Z,IF钢,SPHETI-5,软钢,normal_real,,,,,,,
diagnostic_candidate,True,0030118934-000020,0030118934-000020,0030118934-000020,BR_00000001,BR_00000001,numeric-chain-000027,8,8,460,1060,0.95,820,840,HX220BD+Z,加磷高强、烘烤硬化钢,H220BH4,软钢,normal_real,,,,,,,
diagnostic_candidate,True,0030124824-000020,0030124824-000020,0030124824-000020,BR_00000006,BR_00000001,numeric-chain-000027,8,9,430,1055,0.95,820,840,DX53D+Z,IF钢,SPHETI-5,软钢,normal_real,,,,,,,
diagnostic_candidate,True,0030122066-000070,0030122066-000070,0030122066-000070,BR_00000003,BR_00000001,numeric-chain-000034,9,1,24,1299,2.49,760,780,HC340/590DPD+Z,双相钢,W590X4,硬钢,normal_real,,,,,,,
diagnostic_candidate,True,0030119183-000010,0030119183-000010,0030119183-000010,BR_00000001,BR_00000001,numeric-chain-000034,9,2,48,1233,2.45,760,780,HC340/590DPD+Z,双相钢,W590X4,硬钢,normal_real,,,,,,,
diagnostic_candidate,True,virtual-000016,,,,BR_00000001,numeric-chain-000034,9,3,20.00,1250,2.50,760,840,SPHC,,SPHC,,virtual_sphc,,"{""accepted_sequence"":16,""prototype_id"":""virtual_sphc:1250x2.5"",""purpose"":""edge_bridge"",""related_partition_id"":null}",,,,,
diagnostic_candidate,True,0030119938-000310,0030119938-000310,0030119938-000310,BR_00000001,BR_00000001,numeric-chain-000034,9,4,96,1200,2.49,820,840,DC53D+Z,IF钢,SPHETI-5,软钢,normal_real,,,,,,,
diagnostic_candidate,True,0030122647-000550,0030122647-000550,0030122647-000550,BR_00000006,BR_00000001,numeric-chain-000034,9,5,72,1200,2.49,820,840,DC53D+Z,IF钢,SPHETI-5,软钢,normal_real,,,,,,,
diagnostic_candidate,True,0030120757-000050,0030120757-000050,0030120757-000050,BR_00000001,BR_00000001,numeric-chain-000034,9,6,24,1164,2,830,850,DC54D+Z,IF钢,SPHETI-5,软钢,normal_real,,,,,,,
diagnostic_candidate,True,0005000575-000020,0005000575-000020,0005000575-000020,BR_00000006,BR_00000001,numeric-chain-000034,9,7,20,1105,1.5,830,850,CR3,IF钢,SPHETI-36,软钢,normal_real,,,,,,,
diagnostic_candidate,True,0002002053-000050,0002002053-000050,0002002053-000050,BR_00000001,BR_00000001,numeric-chain-000034,9,8,88,1100,1.2,820,840,DX53D+Z-MD,IF钢,SPHETI-5,软钢,normal_real,,,,,,,
diagnostic_candidate,True,0030120940-000120,0030120940-000120,0030120940-000120,BR_00000002,BR_00000001,numeric-chain-000034,9,9,46,1055,1.2,830,850,DC56D+Z,IF钢,SPHETI-3,软钢,normal_real,,,,,,,
diagnostic_candidate,True,0005000546-000010,0005000546-000010,0005000546-000010,BR_00000001,BR_00000001,numeric-chain-000034,9,10,7,1015,1.4,830,850,CR3,IF钢,SPHETI-36,软钢,normal_real,,,,,,,
diagnostic_candidate,True,0030122898-000020,0030122898-000020,0030122898-000020,BR_00000006,BR_00000001,numeric-chain-000034,9,11,48,1000,1.2,700,840,DC51D+Z,普碳,SPHC,软钢,actual_transition,,,,,,,
diagnostic_candidate,True,0030122488-000010,0030122488-000010,0030122488-000010,BR_00000006,BR_00000001,numeric-chain-000034,9,12,110,1000,1.25,820,840,DC53D+Z,IF钢,SPHETI-5,软钢,normal_real,,,,,,,
diagnostic_candidate,True,0010020206-000010,0010020206-000010,0010020206-000010,BR_00000006,BR_00000001,numeric-chain-000034,9,13,110,1000,1.5,700,840,DC51D+Z,普碳,SPHC,软钢,actual_transition,,,,,,,
diagnostic_candidate,True,0002002170-000320,0002002170-000320,0002002170-000320,BR_00000006,BR_00000001,numeric-chain-000004,10,1,23,1515,0.7,830,850,DC53D+Z,IF钢,SPHETI-3,软钢,normal_real,,,,,,,
diagnostic_candidate,True,0030123142-000010,0030123142-000010,0030123142-000010,BR_00000006,BR_00000001,numeric-chain-000004,10,2,312,1465,0.7,830,850,SCG4+Z,IF钢,SPHETI-3,软钢,normal_real,,,,,,,
diagnostic_candidate,True,0030120049-000040,0030120049-000040,0030120049-000040,BR_00000001,BR_00000001,numeric-chain-000004,10,3,24,1440,0.7,830,850,DC56D+Z,IF钢,SPHETI-3,软钢,normal_real,,,,,,,
diagnostic_candidate,True,0002002170-000240,0002002170-000240,0002002170-000240,BR_00000006,BR_00000001,numeric-chain-000004,10,4,80,1434,0.7,830,850,DC53D+Z,IF钢,SPHETI-3,软钢,normal_real,,,,,,,
diagnostic_candidate,True,0030119860-000030,0030119860-000030,0030119860-000030,BR_00000001,BR_00000001,numeric-chain-000004,10,5,288,1410,0.8,830,850,DC56D+Z,IF钢,SPHETI-3,软钢,normal_real,,,,,,,
diagnostic_candidate,True,0030124683-000030,0030124683-000030,0030124683-000030,BR_00000006,BR_00000001,numeric-chain-000004,10,6,48,1410,0.8,830,850,DC56D+Z,IF钢,SPHETI-3,软钢,normal_real,,,,,,,
diagnostic_candidate,True,0002002053-000120,0002002053-000120,0002002053-000120,BR_00000001,BR_00000001,numeric-chain-000004,10,7,92,1400,0.8,820,840,DX53D+Z-MD,IF钢,SPHETI-5,软钢,normal_real,,,,,,,
diagnostic_candidate,True,0002002054-000200,0002002054-000200,0002002054-000200,BR_00000001,BR_00000001,numeric-chain-000004,10,8,192,1385,0.8,815,835,DX51D+Z-MD,普碳,SPHC,软钢,normal_real,,,,,,,
diagnostic_candidate,True,0030119860-000040,0030119860-000040,0030119860-000040,BR_00000001,BR_00000001,numeric-chain-000004,10,9,240,1360,0.7,810,830,HC180YD+Z,加磷高强、烘烤硬化钢,H180YD,软钢,normal_real,,,,,,,
diagnostic_candidate,True,0030125150-000030,0030125150-000030,0030125150-000030,BR_00000006,BR_00000001,numeric-chain-000004,10,10,96,1360,0.7,810,830,HC180YD+Z,加磷高强、烘烤硬化钢,H180YD,软钢,normal_real,,,,,,,
diagnostic_candidate,True,0030125150-000010,0030125150-000010,0030125150-000010,BR_00000006,BR_00000001,numeric-chain-000004,10,11,24,1360,0.7,820,840,DC53D+Z,IF钢,SPHETI-5,软钢,normal_real,,,,,,,
diagnostic_candidate,True,0030124683-000010,0030124683-000010,0030124683-000010,BR_00000006,BR_00000001,numeric-chain-000004,10,12,96,1360,0.7,820,840,DC53D+Z,IF钢,SPHETI-5,软钢,normal_real,,,,,,,
diagnostic_candidate,True,0002002184-000010,0002002184-000010,0002002184-000010,BR_00000006,BR_00000001,numeric-chain-000004,10,13,23,1354,0.65,830,850,DC56D+Z,IF钢,SPHETI-3,软钢,normal_real,,,,,,,
diagnostic_candidate,True,0030123141-000020,0030123141-000020,0030123141-000020,BR_00000006,BR_00000001,numeric-chain-000004,10,14,100,1330,0.65,830,850,SCG4+Z,IF钢,SPHETI-3,软钢,normal_real,,,,,,,
diagnostic_candidate,True,0030125150-000020,0030125150-000020,0030125150-000020,BR_00000006,BR_00000001,numeric-chain-000004,10,15,24,1305,0.7,820,840,DC53D+Z,IF钢,SPHETI-5,软钢,normal_real,,,,,,,
diagnostic_candidate,True,0002002180-000360,0002002180-000360,0002002180-000360,BR_00000006,BR_00000001,numeric-chain-000004,10,16,29,1300,0.65,810,830,180YD+Z,加磷高强、烘烤硬化钢,H180YD,软钢,normal_real,,,,,,,
diagnostic_candidate,True,0030124735-000120,0030124735-000120,0030124735-000120,BR_00000006,BR_00000001,numeric-chain-000004,10,17,24,1300,0.65,820,840,DX53D+Z,IF钢,SPHETI-5,软钢,normal_real,,,,,,,
diagnostic_candidate,True,0030122898-000030,0030122898-000030,0030122898-000030,BR_00000006,BR_00000001,numeric-chain-000029,11,1,96,1500,2.5,700,720,DC51D+Z,普碳,SPHC,软钢,actual_transition,,,,,,,
diagnostic_candidate,True,0030121724-000020,0030121724-000020,0030121724-000020,BR_00000002,BR_00000001,numeric-chain-000029,11,2,264,1250,2.5,700,720,DC51D+Z,普碳,SPHC,软钢,actual_transition,,,,,,,
diagnostic_candidate,True,0030124735-000130,0030124735-000130,0030124735-000130,BR_00000006,BR_00000001,numeric-chain-000029,11,3,24,1250,2.45,700,720,DC51D+Z,普碳,SPHC,软钢,actual_transition,,,,,,,
diagnostic_candidate,True,0030122898-000040,0030122898-000040,0030122898-000040,BR_00000006,BR_00000001,numeric-chain-000029,11,4,240,1250,2.5,700,720,DC51D+Z,普碳,SPHC,软钢,actual_transition,,,,,,,
diagnostic_candidate,True,0030122899-000050,0030122899-000050,0030122899-000050,BR_00000006,BR_00000001,numeric-chain-000029,11,5,240,1250,2.5,700,720,DC51D+Z,普碳,SPHC,软钢,actual_transition,,,,,,,
diagnostic_candidate,True,0030118921-000020,0030118921-000020,0030118921-000020,BR_00000001,BR_00000001,numeric-chain-000029,11,6,23,1110,2.49,700,720,DC51D+Z,普碳,SPHC,软钢,actual_transition,,,,,,,
diagnostic_candidate,True,0010020206-000030,0010020206-000030,0010020206-000030,BR_00000006,BR_00000001,numeric-chain-000029,11,7,110,1000,2.5,700,720,DC51D+Z,普碳,SPHC,软钢,actual_transition,,,,,,,
diagnostic_candidate,True,0002002185-000030,0002002185-000030,0002002185-000030,BR_00000006,BR_00000001,numeric-chain-000030,12,1,23,1373,1.6,770,810,DC51D+Z,IF钢,SPHETI-3,软钢,normal_real,,,,,,,
diagnostic_candidate,True,0002002170-000040,0002002170-000040,0002002170-000040,BR_00000006,BR_00000001,numeric-chain-000030,12,2,23,1251,1.8,770,810,DC51D+Z,普碳,SPHC,软钢,normal_real,,,,,,,
diagnostic_candidate,True,0030123653-000010,0030123653-000010,0030123653-000010,BR_00000006,BR_00000001,numeric-chain-000030,12,3,96,1225,1.5,700,840,DC51D+Z,普碳,SPHC,软钢,normal_real,,,,,,,
diagnostic_candidate,True,0005000548-000050,0005000548-000050,0005000548-000050,BR_00000001,BR_00000001,numeric-chain-000030,12,4,7,1214,1.5,820,840,CR240BH,加磷高强、烘烤硬化钢,H240BH,软钢,normal_real,,,,,,,
diagnostic_candidate,True,0030119945-000140,0030119945-000140,0030119945-000140,BR_00000001,BR_00000001,numeric-chain-000030,12,5,24,1195,1.3,830,850,DC54D+Z,IF钢,SPHETI-5,软钢,normal_real,,,,,,,
diagnostic_candidate,True,0030119597-000010,0030119597-000010,0030119597-000010,BR_00000001,BR_00000001,numeric-chain-000030,12,6,48,1155,1.2,830,850,DC54D+Z,IF钢,SPHETI-5,软钢,normal_real,,,,,,,
diagnostic_candidate,True,0030118261-000010,0030118261-000010,0030118261-000010,BR_00000001,BR_00000001,numeric-chain-000030,12,7,69,1145,1,830,850,HDX53D+Z-SN,IF钢,SPHETI-3,软钢,normal_real,,,,,,,
diagnostic_candidate,True,0030123508-000010,0030123508-000010,0030123508-000010,BR_00000006,BR_00000001,numeric-chain-000030,12,8,138,1145,1,830,850,HDX53D+Z-SN,IF钢,SPHETI-3,软钢,normal_real,,,,,,,
diagnostic_candidate,True,0030124170-000010,0030124170-000010,0030124170-000010,BR_00000006,BR_00000001,numeric-chain-000030,12,9,69,1145,1,830,850,HDX53D+Z-SN,IF钢,SPHETI-3,软钢,normal_real,,,,,,,
diagnostic_candidate,True,0005000571-000020,0005000571-000020,0005000571-000020,BR_00000006,BR_00000001,numeric-chain-000030,12,10,7,1135,1.2,830,850,CR4,IF钢,SPHETI-36,软钢,normal_real,,,,,,,
diagnostic_candidate,True,0002002184-000090,0002002184-000090,0002002184-000090,BR_00000006,BR_00000001,numeric-chain-000030,12,11,30,1134,1,830,850,DC56D+Z,IF钢,SPHETI-3,软钢,normal_real,,,,,,,
diagnostic_candidate,True,0030124574-000010,0030124574-000010,0030124574-000010,BR_00000006,BR_00000001,numeric-chain-000030,12,12,23,1100,1,700,840,DC51D+Z,普碳,SPHC,软钢,actual_transition,,,,,,,
diagnostic_candidate,True,0030124824-000010,0030124824-000010,0030124824-000010,BR_00000006,BR_00000001,numeric-chain-000030,12,13,20,1060,0.95,710,730,DX51D+Z,普碳,SPHC,软钢,normal_real,,,,,,,
diagnostic_candidate,True,0030124826-000010,0030124826-000010,0030124826-000010,BR_00000006,BR_00000001,numeric-chain-000030,12,14,40,1000,1.15,710,730,DX51D+Z,普碳,SPHC,软钢,normal_real,,,,,,,
diagnostic_candidate,True,0030122899-000030,0030122899-000030,0030122899-000030,BR_00000006,BR_00000001,numeric-chain-000030,12,15,170,1000,1.2,700,840,DC51D+Z,普碳,SPHC,软钢,actual_transition,,,,,,,
diagnostic_candidate,True,0030118934-000010,0030118934-000010,0030118934-000010,BR_00000001,BR_00000001,numeric-chain-000030,12,16,486,910,1.15,800,820,HX260YD+Z,加磷高强、烘烤硬化钢,H260Y,软钢,normal_real,,,,,,,
diagnostic_candidate,True,0002002180-000060,0002002180-000060,0002002180-000060,BR_00000006,BR_00000001,numeric-chain-000030,12,17,20,921,1.2,770,810,DC51D+Z,IF钢,SPHETI-3,软钢,normal_real,,,,,,,
diagnostic_candidate,True,0002002170-000140,0002002170-000140,0002002170-000140,BR_00000006,BR_00000001,numeric-chain-000030,12,18,16,899,1.2,770,810,DC51D+Z,普碳,SPHC,软钢,normal_real,,,,,,,
diagnostic_candidate,True,0030121196-000030,0030121196-000030,0030121196-000030,BR_00000002,BR_00000001,numeric-chain-000026,13,1,72,1500,0.7,770,790,HC340/590DPD+Z,双相钢,W590X4,硬钢,normal_real,,,,,,,
diagnostic_candidate,True,0030123053-000010,0030123053-000010,0030123053-000010,BR_00000006,BR_00000001,numeric-chain-000026,13,2,48,1440,0.8,700,840,DC51D+Z,普碳,SPHC,软钢,actual_transition,,,,,,,
diagnostic_candidate,True,0030118957-000010,0030118957-000010,0030118957-000010,BR_00000001,BR_00000001,numeric-chain-000026,13,3,48,1360,0.7,700,720,DX51D+Z3,深冲钢（PD）,DD12BB,软钢,normal_real,,,,,,,
diagnostic_candidate,True,0030124735-000090,0030124735-000090,0030124735-000090,BR_00000006,BR_00000001,numeric-chain-000026,13,4,24,1325,0.7,700,840,DX51D+Z,普碳,SPHC,软钢,actual_transition,,,,,,,
diagnostic_candidate,True,0002002055-000050,0002002055-000050,0002002055-000050,BR_00000001,BR_00000001,numeric-chain-000026,13,5,792,1310,0.6,815,835,DX51D+Z-MD,普碳,SPHC,软钢,normal_real,,,,,,,
diagnostic_candidate,True,0010019718-000020,0010019718-000020,0010019718-000020,BR_00000006,BR_00000001,numeric-chain-000026,13,6,58,1300,0.5,700,840,DC51D+Z,普碳,SPHC,软钢,actual_transition,,,,,,,
diagnostic_candidate,True,0002002170-000030,0002002170-000030,0002002170-000030,BR_00000006,BR_00000001,numeric-chain-000026,13,7,23,1300,0.6,770,810,DC51D+Z,IF钢,SPHETI-3,软钢,normal_real,,,,,,,
diagnostic_candidate,True,0002002176-000190,0002002176-000190,0002002176-000190,BR_00000006,BR_00000001,numeric-chain-000026,13,8,15,1295,0.6,770,810,DC51D+Z,普碳,SPHC,软钢,normal_real,,,,,,,
diagnostic_candidate,True,0030122897-000100,0030122897-000100,0030122897-000100,BR_00000006,BR_00000001,numeric-chain-000026,13,9,96,1250,0.75,700,840,DC51D+Z,普碳,SPHC,软钢,actual_transition,,,,,,,
diagnostic_candidate,True,0030124081-000010,0030124081-000010,0030124081-000010,BR_00000006,BR_00000001,numeric-chain-000026,13,10,48,1250,0.75,700,840,DC51D+Z,普碳,SPHC,软钢,actual_transition,,,,,,,
diagnostic_candidate,True,0030124824-000030,0030124824-000030,0030124824-000030,BR_00000006,BR_00000001,numeric-chain-000026,13,11,45,1250,0.75,730,750,DX51D+Z,普碳,SPHC,软钢,normal_real,,,,,,,
diagnostic_candidate,True,0030123653-000050,0030123653-000050,0030123653-000050,BR_00000006,BR_00000001,numeric-chain-000026,13,12,120,1240,0.8,700,840,DC51D+Z,普碳,SPHC,软钢,normal_real,,,,,,,
diagnostic_candidate,True,0030125207-000050,0030125207-000050,0030125207-000050,BR_00000006,BR_00000001,numeric-chain-000026,13,13,48,1233,0.7,770,810,DC51D+Z,深冲钢（PD）,SPHCQ,软钢,normal_real,,,,,,,
diagnostic_candidate,True,0030123653-000040,0030123653-000040,0030123653-000040,BR_00000006,BR_00000001,numeric-chain-000026,13,14,48,1212,0.6,700,840,DC51D+Z,普碳,SPHC,软钢,normal_real,,,,,,,
diagnostic_candidate,True,0030124772-000020,0030124772-000020,0030124772-000020,BR_00000006,BR_00000001,numeric-chain-000026,13,15,24,1200,0.65,820,840,DC53D+Z,IF钢,SPHETI-5,软钢,normal_real,,,,,,,
diagnostic_candidate,True,0030124871-000010,0030124871-000010,0030124871-000010,BR_00000006,BR_00000001,numeric-chain-000026,13,16,25,1200,0.75,820,840,DX53D+Z,IF钢,SPHETI-5,软钢,normal_real,,,,,,,
diagnostic_candidate,True,0030118934-000050,0030118934-000050,0030118934-000050,BR_00000001,BR_00000001,numeric-chain-000026,13,17,240,1160,0.7,830,850,DX54D+Z,IF钢,SPHETI-5,软钢,normal_real,,,,,,,
diagnostic_candidate,True,0002002170-000200,0002002170-000200,0002002170-000200,BR_00000006,BR_00000001,numeric-chain-000026,13,18,138,1160,0.7,830,850,DC53D+Z,IF钢,SPHETI-3,软钢,normal_real,,,,,,,
diagnostic_candidate,True,0030122759-000010,0030122759-000010,0030122759-000010,BR_00000006,BR_00000001,numeric-chain-000026,13,19,22,1170,0.7,830,850,CR3,IF钢,SPHETI-36,软钢,normal_real,,,,,,,
diagnostic_candidate,True,0030125207-000060,0030125207-000060,0030125207-000060,BR_00000006,BR_00000001,numeric-chain-000011,14,1,24,1589,0.7,770,810,DC51D+Z,深冲钢（PD）,SPHCQ,软钢,normal_real,,,,,,,
diagnostic_candidate,True,0002002177-000030,0002002177-000030,0002002177-000030,BR_00000006,BR_00000001,numeric-chain-000011,14,2,15,1590,0.65,770,810,DC51D+Z,IF钢,SPHETI-3,软钢,normal_real,,,,,,,
diagnostic_candidate,True,0002002180-000340,0002002180-000340,0002002180-000340,BR_00000006,BR_00000001,numeric-chain-000011,14,3,20,1555,0.6,770,810,DC51D+Z,IF钢,SPHETI-3,软钢,normal_real,,,,,,,
diagnostic_candidate,True,0002002176-000230,0002002176-000230,0002002176-000230,BR_00000006,BR_00000001,numeric-chain-000011,14,4,15,1555,0.6,770,810,DC51D+Z,普碳,SPHC,软钢,normal_real,,,,,,,
diagnostic_candidate,True,0002002185-000130,0002002185-000130,0002002185-000130,BR_00000006,BR_00000001,numeric-chain-000011,14,5,23,1545,0.65,770,810,DC51D+Z,IF钢,SPHETI-3,软钢,normal_real,,,,,,,
diagnostic_candidate,True,0002002185-000080,0002002185-000080,0002002185-000080,BR_00000006,BR_00000001,numeric-chain-000011,14,6,40,1540,0.7,770,810,DC51D+Z,IF钢,SPHETI-3,软钢,normal_real,,,,,,,
diagnostic_candidate,True,0002001998-000190,0002001998-000190,0002001998-000190,BR_00000001,BR_00000001,numeric-chain-000011,14,7,320,1510,0.6,770,810,DC51D+Z,IF钢,SPHETI-3,软钢,normal_real,,,,,,,
diagnostic_candidate,True,0002002180-000130,0002002180-000130,0002002180-000130,BR_00000006,BR_00000001,numeric-chain-000011,14,8,34,1510,0.6,770,810,DC51D+Z,IF钢,SPHETI-3,软钢,normal_real,,,,,,,
diagnostic_candidate,True,0002002176-000220,0002002176-000220,0002002176-000220,BR_00000006,BR_00000001,numeric-chain-000011,14,9,15,1485,0.6,770,810,DC51D+Z,普碳,SPHC,软钢,normal_real,,,,,,,
diagnostic_candidate,True,0002002195-000140,0002002195-000140,0002002195-000140,BR_00000006,BR_00000001,numeric-chain-000011,14,10,72,1463,0.65,770,810,DC51D+Z,IF钢,SPHETI-3,软钢,normal_real,,,,,,,
diagnostic_candidate,True,0002002044-000070,0002002044-000070,0002002044-000070,BR_00000001,BR_00000001,numeric-chain-000011,14,11,240,1450,0.65,770,810,DC51D+Z,普碳,SPHC,软钢,normal_real,,,,,,,
diagnostic_candidate,True,0002002195-000250,0002002195-000250,0002002195-000250,BR_00000006,BR_00000001,numeric-chain-000011,14,12,24,1455,0.65,770,810,DC51D+Z,IF钢,SPHETI-3,软钢,normal_real,,,,,,,
diagnostic_candidate,True,0002002185-000070,0002002185-000070,0002002185-000070,BR_00000006,BR_00000001,numeric-chain-000011,14,13,92,1375,0.65,770,810,DC51D+Z,IF钢,SPHETI-3,软钢,normal_real,,,,,,,
diagnostic_candidate,True,0002002024-000070,0002002024-000070,0002002024-000070,BR_00000001,BR_00000001,numeric-chain-000011,14,14,23,1360,0.7,770,810,DC51D+Z,普碳,SPHC,软钢,normal_real,,,,,,,
diagnostic_candidate,True,0030125207-000070,0030125207-000070,0030125207-000070,BR_00000006,BR_00000001,numeric-chain-000011,14,15,24,1349,0.9,770,810,DC51D+Z,深冲钢（PD）,SPHCQ,软钢,normal_real,,,,,,,
diagnostic_candidate,True,0030124800-000020,0030124800-000020,0030124800-000020,BR_00000006,BR_00000001,numeric-chain-000011,14,16,24,1332,1,770,810,DX52D+Z,深冲钢（PD）,SPHCQ,软钢,normal_real,,,,,,,
diagnostic_candidate,True,0002002170-000220,0002002170-000220,0002002170-000220,BR_00000006,BR_00000001,numeric-chain-000011,14,17,46,1330,1,770,810,DC51D+Z,IF钢,SPHETI-3,软钢,normal_real,,,,,,,
diagnostic_candidate,True,0010019881-000020,0010019881-000020,0010019881-000020,BR_00000006,BR_00000001,numeric-chain-000011,14,18,24,1250,0.95,700,840,DC51D+Z,普碳,SPHC,软钢,actual_transition,,,,,,,
diagnostic_candidate,True,0030124871-000020,0030124871-000020,0030124871-000020,BR_00000006,BR_00000001,numeric-chain-000011,14,19,20,1250,1.15,710,730,DX51D+Z,普碳,SPHC,软钢,normal_real,,,,,,,
diagnostic_candidate,True,0030122897-000050,0030122897-000050,0030122897-000050,BR_00000006,BR_00000001,numeric-chain-000011,14,20,24,1250,1.2,700,840,DC51D+Z,普碳,SPHC,软钢,actual_transition,,,,,,,
diagnostic_candidate,True,0010020206-000090,0010020206-000090,0010020206-000090,BR_00000006,BR_00000001,numeric-chain-000011,14,21,120,1250,1.2,700,840,DC51D+Z,普碳,SPHC,软钢,actual_transition,,,,,,,
diagnostic_candidate,True,0030125168-000090,0030125168-000090,0030125168-000090,BR_00000006,BR_00000001,numeric-chain-000011,14,22,24,1250,1.2,770,810,DX52D+Z-LG,深冲钢（PD）,SPHCQ,软钢,normal_real,,,,,,,
diagnostic_candidate,True,0002002202-000020,0002002202-000020,0002002202-000020,BR_00000006,BR_00000001,numeric-chain-000011,14,23,23,1245,1.2,770,810,DC51D+Z,普碳,SPHC,软钢,normal_real,,,,,,,
diagnostic_candidate,True,0030124800-000010,0030124800-000010,0030124800-000010,BR_00000006,BR_00000001,numeric-chain-000011,14,24,24,1240,1,770,810,DX52D+Z,深冲钢（PD）,SPHCQ,软钢,normal_real,,,,,,,
diagnostic_candidate,True,0002002202-000040,0002002202-000040,0002002202-000040,BR_00000006,BR_00000001,numeric-chain-000011,14,25,23,1227,1,770,810,DC51D+Z,IF钢,SPHETI-3,软钢,normal_real,,,,,,,
diagnostic_candidate,True,0002002202-000110,0002002202-000110,0002002202-000110,BR_00000006,BR_00000001,numeric-chain-000011,14,26,23,1218,1.2,770,810,DC51D+Z,普碳,SPHC,软钢,normal_real,,,,,,,
diagnostic_candidate,True,0002002202-000080,0002002202-000080,0002002202-000080,BR_00000006,BR_00000001,numeric-chain-000011,14,27,23,1203,1,770,810,DC51D+Z,IF钢,SPHETI-3,软钢,normal_real,,,,,,,
diagnostic_candidate,True,0030125184-000010,0030125184-000010,0030125184-000010,BR_00000006,BR_00000001,numeric-chain-000011,14,28,48,1183,1,790,810,HC220YD+Z,加磷高强、烘烤硬化钢,H220Y,软钢,normal_real,,,,,,,
diagnostic_candidate,True,0030124800-000040,0030124800-000040,0030124800-000040,BR_00000006,BR_00000001,numeric-chain-000011,14,29,24,1164,0.8,770,810,DX52D+Z,深冲钢（PD）,SPHCQ,软钢,normal_real,,,,,,,
diagnostic_candidate,True,0030120939-000100,0030120939-000100,0030120939-000100,BR_00000002,BR_00000001,numeric-chain-000011,14,30,48,1160,0.7,780,800,HC220YD+Z,加磷高强、烘烤硬化钢,H220Y,软钢,normal_real,,,,,,,
diagnostic_candidate,True,0030124824-000050,0030124824-000050,0030124824-000050,BR_00000006,BR_00000001,numeric-chain-000011,14,31,30,1050,0.65,780,800,HC220YD+Z-GL,加磷高强、烘烤硬化钢,H220Y,,normal_real,,,,,,,
diagnostic_candidate,True,0030125207-000020,0030125207-000020,0030125207-000020,BR_00000006,BR_00000001,numeric-chain-000011,14,32,22,1033,0.7,780,800,HC220YD+Z,加磷高强、烘烤硬化钢,H220Y,软钢,normal_real,,,,,,,
diagnostic_candidate,True,0002002184-000210,0002002184-000210,0002002184-000210,BR_00000006,BR_00000001,numeric-chain-000011,14,33,25,1030,0.6,770,810,DC51D+Z,IF钢,SPHETI-3,软钢,normal_real,,,,,,,
diagnostic_candidate,True,0002002180-000030,0002002180-000030,0002002180-000030,BR_00000006,BR_00000001,numeric-chain-000011,14,34,89,1020,0.6,770,810,DC51D+Z,IF钢,SPHETI-3,软钢,normal_real,,,,,,,
diagnostic_candidate,True,0002002176-000090,0002002176-000090,0002002176-000090,BR_00000006,BR_00000001,numeric-chain-000011,14,35,20,983,0.6,770,810,DC51D+Z,普碳,SPHC,软钢,normal_real,,,,,,,
diagnostic_candidate,True,0002002195-000210,0002002195-000210,0002002195-000210,BR_00000006,BR_00000001,numeric-chain-000011,14,36,18,830,0.6,770,810,DC51D+Z,普碳,SPHC,软钢,normal_real,,,,,,,
diagnostic_candidate,True,0002002193-000020,0002002193-000020,0002002193-000020,BR_00000006,BR_00000001,numeric-chain-000009,15,1,260,1640,0.8,830,850,DC53D+Z,IF钢,SPHETI-3,软钢,normal_real,,,,,,,
diagnostic_candidate,True,0002002170-000020,0002002170-000020,0002002170-000020,BR_00000006,BR_00000001,numeric-chain-000009,15,2,69,1498,0.8,830,850,DC53D+Z,IF钢,SPHETI-3,软钢,normal_real,,,,,,,
diagnostic_candidate,True,0002002170-000160,0002002170-000160,0002002170-000160,BR_00000006,BR_00000001,numeric-chain-000009,15,3,23,1495,0.7,830,850,DC53D+Z,IF钢,SPHETI-3,软钢,normal_real,,,,,,,
diagnostic_candidate,True,0030123256-000040,0030123256-000040,0030123256-000040,BR_00000006,BR_00000001,numeric-chain-000009,15,4,69,1475,0.65,820,840,HC180BD+Z,加磷高强、烘烤硬化钢,H180BH1,软钢,normal_real,,,,,,,
diagnostic_candidate,True,0002002170-000150,0002002170-000150,0002002170-000150,BR_00000006,BR_00000001,numeric-chain-000009,15,5,23,1433,0.65,810,830,180YD+Z,加磷高强、烘烤硬化钢,H180YD,软钢,normal_real,,,,,,,
diagnostic_candidate,True,0002002055-000030,0002002055-000030,0002002055-000030,BR_00000001,BR_00000001,numeric-chain-000009,15,6,92,1430,0.6,815,835,DX51D+Z-MD,普碳,SPHC,软钢,normal_real,,,,,,,
diagnostic_candidate,True,0030125168-000070,0030125168-000070,0030125168-000070,BR_00000006,BR_00000001,numeric-chain-000009,15,7,24,1405,0.5,820,840,DX53D+Z-LG,IF钢,SPHETI-5,软钢,normal_real,,,,,,,
diagnostic_candidate,True,0030124199-000010,0030124199-000010,0030124199-000010,BR_00000006,BR_00000001,numeric-chain-000009,15,8,26,1385,0.6,830,850,DC54D+Z,IF钢,SPHETI-5,软钢,normal_real,,,,,,,
diagnostic_candidate,True,0030122759-000030,0030122759-000030,0030122759-000030,BR_00000006,BR_00000001,numeric-chain-000009,15,9,88,1374,0.75,830,850,CR3,IF钢,SPHETI-36,软钢,normal_real,,,,,,,
diagnostic_candidate,True,0005000563-000030,0005000563-000030,0005000563-000030,BR_00000006,BR_00000001,numeric-chain-000009,15,10,63,1365,0.8,830,850,CR180BH,加磷高强、烘烤硬化钢,H180BH,软钢,normal_real,,,,,,,
diagnostic_candidate,True,0002002020-000080,0002002020-000080,0002002020-000080,BR_00000001,BR_00000001,numeric-chain-000009,15,11,115,1364,1,830,850,DC54D+Z,IF钢,SPHETI-3,软钢,normal_real,,,,,,,
diagnostic_candidate,True,0030122476-000050,0030122476-000050,0030122476-000050,BR_00000006,BR_00000001,numeric-chain-000009,15,12,8,1325,1,830,850,DC56D+Z,IF钢,SPHETI-3,软钢,normal_real,,,,,,,
diagnostic_candidate,True,0002002054-000100,0002002054-000100,0002002054-000100,BR_00000001,BR_00000001,numeric-chain-000009,15,13,220,1300,1,820,840,DX53D+Z-MD,IF钢,SPHETI-5,软钢,normal_real,,,,,,,
diagnostic_candidate,True,0002002053-000180,0002002053-000180,0002002053-000180,BR_00000001,BR_00000001,numeric-chain-000009,15,14,60,1300,1,820,840,DX53D+Z-MD,IF钢,SPHETI-5,软钢,normal_real,,,,,,,
diagnostic_candidate,True,0030121196-000020,0030121196-000020,0030121196-000020,BR_00000002,BR_00000001,numeric-chain-000009,15,15,24,1300,0.95,830,850,DC56D+Z,IF钢,SPHETI-3,软钢,normal_real,,,,,,,
diagnostic_candidate,True,0030124567-000010,0030124567-000010,0030124567-000010,BR_00000006,BR_00000001,numeric-chain-000009,15,16,24,1310,1,830,850,DC56D+Z,IF钢,SPHETI-3,软钢,normal_real,,,,,,,
diagnostic_candidate,True,0030124731-000010,0030124731-000010,0030124731-000010,BR_00000006,BR_00000001,numeric-chain-000009,15,17,48,1290,0.9,830,850,DC54D+Z,IF钢,SPHETI-5,软钢,normal_real,,,,,,,
diagnostic_candidate,True,0030123916-000030,0030123916-000030,0030123916-000030,BR_00000006,BR_00000001,numeric-chain-000009,15,18,69,1250,1,700,840,DC51D+Z,普碳,SPHC,软钢,actual_transition,,,,,,,
diagnostic_candidate,True,0002002054-000230,0002002054-000230,0002002054-000230,BR_00000001,BR_00000001,numeric-chain-000009,15,19,50,1236,1,820,840,DX53D+Z-CD,IF钢,SPHETI-5,软钢,normal_real,,,,,,,
diagnostic_candidate,True,0002002195-000100,0002002195-000100,0002002195-000100,BR_00000006,BR_00000001,numeric-chain-000009,15,20,230,1220,1,830,850,DC53D+Z,IF钢,SPHETI-3,软钢,normal_real,,,,,,,
diagnostic_candidate,True,0030122476-000070,0030122476-000070,0030122476-000070,BR_00000006,BR_00000001,numeric-chain-000009,15,21,24,1205,1,830,850,DC56D+Z,IF钢,SPHETI-3,软钢,normal_real,,,,,,,
diagnostic_candidate,True,0030123653-000030,0030123653-000030,0030123653-000030,BR_00000006,BR_00000001,numeric-chain-000009,15,22,48,1200,0.8,700,840,DC51D+Z,普碳,SPHC,软钢,normal_real,,,,,,,
diagnostic_candidate,True,0030117283-000030,0030117283-000030,0030117283-000030,BR_00000001,BR_00000001,numeric-chain-000009,15,23,48,1190,0.7,830,850,SCG4+Z,IF钢,SPHETI-3,软钢,normal_real,,,,,,,
diagnostic_candidate,True,0030124772-000030,0030124772-000030,0030124772-000030,BR_00000006,BR_00000001,numeric-chain-000009,15,24,24,1180,0.7,820,840,DC53D+Z,IF钢,SPHETI-5,软钢,normal_real,,,,,,,
diagnostic_candidate,True,0030123143-000050,0030123143-000050,0030123143-000050,BR_00000006,BR_00000001,numeric-chain-000013,16,1,24,1210,0.6,830,850,SCG4+Z,IF钢,SPHETI-3,软钢,normal_real,,,,,,,
diagnostic_candidate,True,0002002054-000260,0002002054-000260,0002002054-000260,BR_00000001,BR_00000001,numeric-chain-000013,16,2,312,1150,0.6,820,840,DX53D+Z-MD,IF钢,SPHETI-5,软钢,normal_real,,,,,,,
diagnostic_candidate,True,0002002170-000180,0002002170-000180,0002002170-000180,BR_00000006,BR_00000001,numeric-chain-000013,16,3,46,1133,0.7,830,850,DC53D+Z,IF钢,SPHETI-3,软钢,normal_real,,,,,,,
diagnostic_candidate,True,0005000545-000020,0005000545-000020,0005000545-000020,BR_00000001,BR_00000001,numeric-chain-000013,16,4,42,1130,0.7,820,840,CR210BH,加磷高强、烘烤硬化钢,H220BH,软钢,normal_real,,,,,,,
diagnostic_candidate,True,0002002170-000310,0002002170-000310,0002002170-000310,BR_00000006,BR_00000001,numeric-chain-000013,16,5,23,1120,0.6,810,830,180YD+Z,加磷高强、烘烤硬化钢,H180YD,软钢,normal_real,,,,,,,
diagnostic_candidate,True,0030119041-000020,0030119041-000020,0030119041-000020,BR_00000001,BR_00000001,numeric-chain-000013,16,6,69,1120,0.6,820,840,HC180BD+Z,加磷高强、烘烤硬化钢,H180BH1,软钢,normal_real,,,,,,,
diagnostic_candidate,True,0030124772-000060,0030124772-000060,0030124772-000060,BR_00000006,BR_00000001,numeric-chain-000013,16,7,23,1120,0.65,830,850,DC54D+Z,IF钢,SPHETI-5,软钢,normal_real,,,,,,,
diagnostic_candidate,True,0030123256-000020,0030123256-000020,0030123256-000020,BR_00000006,BR_00000001,numeric-chain-000013,16,8,102,930,0.65,820,840,HC180BD+Z,加磷高强、烘烤硬化钢,H180BH1,软钢,normal_real,,,,,,,
diagnostic_candidate,True,0002002176-000120,0002002176-000120,0002002176-000120,BR_00000006,BR_00000001,numeric-chain-000013,16,9,25,913,0.6,810,830,180YD+Z,加磷高强、烘烤硬化钢,H180YD,软钢,normal_real,,,,,,,
diagnostic_candidate,True,0030124437-000010,0030124437-000010,0030124437-000010,BR_00000006,BR_00000001,numeric-chain-000013,16,10,18,910,0.8,700,840,DC51D+Z,普碳,SPHC,软钢,actual_transition,,,,,,,
diagnostic_candidate,True,0002002202-000070,0002002202-000070,0002002202-000070,BR_00000006,BR_00000001,numeric-chain-000013,16,11,16,855,1,770,810,DC51D+Z,IF钢,SPHETI-3,软钢,normal_real,,,,,,,
diagnostic_candidate,True,0002002055-000070,0002002055-000070,0002002055-000070,BR_00000001,BR_00000001,numeric-chain-000006,17,1,491,1191,0.6,820,840,DX53D+Z-MD,IF钢,SPHETI-5,软钢,normal_real,,,,,,,
diagnostic_candidate,True,0030118093-000010,0030118093-000010,0030118093-000010,BR_00000001,BR_00000001,numeric-chain-000006,17,2,168,1165,0.6,700,840,DC51D+Z,普碳,SPHC,软钢,normal_real,,,,,,,
diagnostic_candidate,True,0030124827-000010,0030124827-000010,0030124827-000010,BR_00000006,BR_00000001,numeric-chain-000006,17,3,70,1140,0.75,730,750,DX51D+Z,普碳,SPHC,软钢,normal_real,,,,,,,
diagnostic_candidate,True,0030124827-000020,0030124827-000020,0030124827-000020,BR_00000006,BR_00000001,numeric-chain-000006,17,4,50,1100,0.75,730,750,DX51D+Z,普碳,SPHC,软钢,normal_real,,,,,,,
diagnostic_candidate,True,0030124871-000130,0030124871-000130,0030124871-000130,BR_00000006,BR_00000001,numeric-chain-000006,17,5,180,1100,0.75,730,750,DX51D+Z,普碳,SPHC,软钢,normal_real,,,,,,,
diagnostic_candidate,True,0010019680-000020,0010019680-000020,0010019680-000020,BR_00000006,BR_00000001,numeric-chain-000006,17,6,69,1072,0.75,730,750,DC51D+Z-D,普碳,SPHC,软钢,normal_real,,,,,,,
diagnostic_candidate,True,0030124826-000040,0030124826-000040,0030124826-000040,BR_00000006,BR_00000001,numeric-chain-000006,17,7,50,1055,0.6,730,750,DX51D+Z,普碳,SPHC,软钢,normal_real,,,,,,,
diagnostic_candidate,True,0030124824-000040,0030124824-000040,0030124824-000040,BR_00000006,BR_00000001,numeric-chain-000006,17,8,100,1055,0.6,730,750,DX51D+Z,普碳,SPHC,软钢,normal_real,,,,,,,
diagnostic_candidate,True,0030117933-000010,0030117933-000010,0030117933-000010,BR_00000001,BR_00000001,numeric-chain-000006,17,9,138,1075,0.7,700,840,DX51D+Z,普碳,SPHC,软钢,normal_real,,,,,,,
diagnostic_candidate,True,0030123145-000020,0030123145-000020,0030123145-000020,BR_00000006,BR_00000001,numeric-chain-000006,17,10,80,1010,0.8,810,830,HC180YD+Z,加磷高强、烘烤硬化钢,H180YD,软钢,normal_real,,,,,,,
diagnostic_candidate,True,0030125207-000140,0030125207-000140,0030125207-000140,BR_00000006,BR_00000001,numeric-chain-000006,17,11,44,993,1,800,820,HC260YD+Z,加磷高强、烘烤硬化钢,H260Y,软钢,normal_real,,,,,,,
diagnostic_candidate,True,0030124731-000020,0030124731-000020,0030124731-000020,BR_00000006,BR_00000001,numeric-chain-000006,17,12,54,920,0.9,770,810,DC51D+Z,深冲钢（PD）,SPHCQ,软钢,normal_real,,,,,,,
diagnostic_candidate,True,0002002170-000120,0002002170-000120,0002002170-000120,BR_00000006,BR_00000001,numeric-chain-000006,17,13,23,836,1,770,810,DC51D+Z,IF钢,SPHETI-3,软钢,normal_real,,,,,,,
diagnostic_candidate,True,0030124871-000080,0030124871-000080,0030124871-000080,BR_00000006,BR_00000001,numeric-chain-000014,18,1,60,1575,0.95,710,730,DX51D+Z,普碳,SPHC,软钢,normal_real,,,,,,,
diagnostic_candidate,True,0030124871-000140,0030124871-000140,0030124871-000140,BR_00000006,BR_00000001,numeric-chain-000014,18,2,30,1550,0.95,710,730,DX51D+Z,普碳,SPHC,软钢,normal_real,,,,,,,
diagnostic_candidate,True,0010019881-000030,0010019881-000030,0010019881-000030,BR_00000006,BR_00000001,numeric-chain-000014,18,3,26,1500,0.95,700,840,DC51D+Z,普碳,SPHC,软钢,actual_transition,,,,,,,
diagnostic_candidate,True,0010020206-000100,0010020206-000100,0010020206-000100,BR_00000006,BR_00000001,numeric-chain-000014,18,4,120,1500,1,700,840,DC51D+Z,普碳,SPHC,软钢,actual_transition,,,,,,,
diagnostic_candidate,True,0030120817-000050,0030120817-000050,0030120817-000050,BR_00000003,BR_00000001,numeric-chain-000014,18,5,50,1480,1.2,785,815,HC420/780DPD+Z,顶级牌号780以上,W780X,硬钢,normal_real,,,,,,,
diagnostic_candidate,True,0010020206-000110,0010020206-000110,0010020206-000110,BR_00000006,BR_00000001,numeric-chain-000014,18,6,192,1500,1.2,700,840,DC51D+Z,普碳,SPHC,软钢,actual_transition,,,,,,,
diagnostic_candidate,True,0030124735-000110,0030124735-000110,0030124735-000110,BR_00000006,BR_00000001,numeric-chain-000014,18,7,24,1350,1.4,700,840,DX51D+Z,普碳,SPHC,软钢,actual_transition,,,,,,,
diagnostic_candidate,True,0030124735-000070,0030124735-000070,0030124735-000070,BR_00000006,BR_00000001,numeric-chain-000014,18,8,24,1350,1.4,805,825,HC260YD+Z,加磷高强、烘烤硬化钢,H260Y,软钢,normal_real,,,,,,,
diagnostic_candidate,True,0030121501-000010,0030121501-000010,0030121501-000010,BR_00000001,BR_00000001,numeric-chain-000014,18,9,75,1330,1.2,800,820,HC260YD+Z,加磷高强、烘烤硬化钢,H260Y,软钢,normal_real,,,,,,,
diagnostic_candidate,True,0002002170-000350,0002002170-000350,0002002170-000350,BR_00000006,BR_00000001,numeric-chain-000014,18,10,23,1300,1.2,770,810,DC51D+Z,IF钢,SPHETI-3,软钢,normal_real,,,,,,,
diagnostic_candidate,True,0030124207-000020,0030124207-000020,0030124207-000020,BR_00000006,BR_00000001,numeric-chain-000014,18,11,24,1250,1.2,700,840,DC51D+Z,普碳,SPHC,软钢,actual_transition,,,,,,,
diagnostic_candidate,True,0002002059-000020,0002002059-000020,0002002059-000020,BR_00000001,BR_00000001,numeric-chain-000014,18,12,69,1243,1.5,820,840,DX53D+Z-CD,IF钢,SPHETI-5,软钢,normal_real,,,,,,,
diagnostic_candidate,True,0010019881-000040,0010019881-000040,0010019881-000040,BR_00000006,BR_00000001,numeric-chain-000014,18,13,96,1250,1.45,700,840,DC51D+Z,普碳,SPHC,软钢,actual_transition,,,,,,,
diagnostic_candidate,True,0002002053-000100,0002002053-000100,0002002053-000100,BR_00000001,BR_00000001,numeric-chain-000014,18,14,92,1219,1.5,820,840,DX53D+Z-MD,IF钢,SPHETI-5,软钢,normal_real,,,,,,,
diagnostic_candidate,True,0002002053-000070,0002002053-000070,0002002053-000070,BR_00000001,BR_00000001,numeric-chain-000014,18,15,72,1219,1.2,820,840,DX53D+Z-MD,IF钢,SPHETI-5,软钢,normal_real,,,,,,,
diagnostic_candidate,True,0030120939-000080,0030120939-000080,0030120939-000080,BR_00000002,BR_00000001,numeric-chain-000014,18,16,46,1150,1.2,810,830,HC180YD+Z,加磷高强、烘烤硬化钢,H180YD,软钢,normal_real,,,,,,,
diagnostic_candidate,True,0030120939-000070,0030120939-000070,0030120939-000070,BR_00000002,BR_00000001,numeric-chain-000014,18,17,23,1100,1.2,810,830,HC180YD+Z,加磷高强、烘烤硬化钢,H180YD,软钢,normal_real,,,,,,,
diagnostic_candidate,True,0030120939-000060,0030120939-000060,0030120939-000060,BR_00000002,BR_00000001,numeric-chain-000014,18,18,46,1080,1.2,810,830,HC180YD+Z,加磷高强、烘烤硬化钢,H180YD,软钢,normal_real,,,,,,,
diagnostic_candidate,True,0030117285-000070,0030117285-000070,0030117285-000070,BR_00000001,BR_00000001,numeric-chain-000014,18,19,22,1060,1,800,820,SCG260Y+Z,加磷高强、烘烤硬化钢,H260Y,软钢,normal_real,,,,,,,
diagnostic_candidate,True,0002002202-000180,0002002202-000180,0002002202-000180,BR_00000006,BR_00000001,numeric-chain-000014,18,20,19,1015,1,770,810,DC51D+Z,普碳,SPHC,软钢,normal_real,,,,,,,
diagnostic_candidate,True,0030122488-000030,0030122488-000030,0030122488-000030,BR_00000006,BR_00000001,numeric-chain-000014,18,21,110,1000,0.9,770,810,DC52D+Z,深冲钢（PD）,SPHCQ,软钢,normal_real,,,,,,,
diagnostic_candidate,True,0030122899-000020,0030122899-000020,0030122899-000020,BR_00000006,BR_00000001,numeric-chain-000014,18,22,220,1000,1,700,840,DC51D+Z,普碳,SPHC,软钢,actual_transition,,,,,,,
diagnostic_candidate,True,0030125147-000030,0030125147-000030,0030125147-000030,BR_00000006,BR_00000001,numeric-chain-000014,18,23,110,1000,1,830,850,DC54D+Z,IF钢,SPHETI-5,软钢,normal_real,,,,,,,
diagnostic_candidate,True,0030117110-000090,0030117110-000090,0030117110-000090,BR_00000001,BR_00000001,numeric-chain-000014,18,24,22,955,1,830,850,CR3,IF钢,SPHETI-36,软钢,normal_real,,,,,,,
diagnostic_candidate,True,0005000563-000220,0005000563-000220,0005000563-000220,BR_00000006,BR_00000001,numeric-chain-000014,18,25,36,928,1.2,820,840,CR210BH,加磷高强、烘烤硬化钢,H220BH,软钢,normal_real,,,,,,,
diagnostic_candidate,True,0030122760-000020,0030122760-000020,0030122760-000020,BR_00000006,BR_00000001,numeric-chain-000014,18,26,72,914,1.5,830,850,CR180BH,加磷高强、烘烤硬化钢,H180BH,软钢,normal_real,,,,,,,
diagnostic_candidate,True,0030122480-000070,0030122480-000070,0030122480-000070,BR_00000006,BR_00000001,numeric-chain-000014,18,27,108,905,1.2,820,840,DX53D+Z,IF钢,SPHETI-5,软钢,normal_real,,,,,,,
diagnostic_candidate,True,0005000563-000170,0005000563-000170,0005000563-000170,BR_00000006,BR_00000001,numeric-chain-000014,18,28,48,900,1.2,830,850,CR180BH,加磷高强、烘烤硬化钢,H180BH,软钢,normal_real,,,,,,,
diagnostic_candidate,True,0030124871-000050,0030124871-000050,0030124871-000050,BR_00000006,BR_00000001,numeric-chain-000022,19,1,20,1540,1.15,820,840,DX53D+Z,IF钢,SPHETI-5,软钢,normal_real,,,,,,,
diagnostic_candidate,True,0010019881-000050,0010019881-000050,0010019881-000050,BR_00000006,BR_00000001,numeric-chain-000022,19,2,26,1500,1.45,700,840,DC51D+Z,普碳,SPHC,软钢,actual_transition,,,,,,,
diagnostic_candidate,True,0030124583-000010,0030124583-000010,0030124583-000010,BR_00000006,BR_00000001,numeric-chain-000022,19,3,24,1388,1.6,700,720,DC51D+Z,普碳,SPHC,软钢,actual_transition,,,,,,,
diagnostic_candidate,True,0030125101-000020,0030125101-000020,0030125101-000020,BR_00000006,BR_00000001,numeric-chain-000022,19,4,120,1360,1.5,700,720,DC51D+Z-Q,深冲钢（PD）,SPHCQ,软钢,normal_real,,,,,,,
diagnostic_candidate,True,0010019881-000060,0010019881-000060,0010019881-000060,BR_00000006,BR_00000001,numeric-chain-000022,19,5,96,1355,1.95,700,840,DC51D+Z,普碳,SPHC,软钢,actual_transition,,,,,,,
diagnostic_candidate,True,0002002054-000060,0002002054-000060,0002002054-000060,BR_00000001,BR_00000001,numeric-chain-000022,19,6,50,1300,2,820,840,DX53D+Z-MD,IF钢,SPHETI-5,软钢,normal_real,,,,,,,
diagnostic_candidate,True,0005000571-000030,0005000571-000030,0005000571-000030,BR_00000006,BR_00000001,numeric-chain-000022,19,7,7,1256,2,830,850,CR180BH,加磷高强、烘烤硬化钢,H180BH,软钢,normal_real,,,,,,,
diagnostic_candidate,True,0005000563-000090,0005000563-000090,0005000563-000090,BR_00000006,BR_00000001,numeric-chain-000022,19,8,21,1245,1.75,830,850,CR3,IF钢,SPHETI-36,软钢,normal_real,,,,,,,
diagnostic_candidate,True,0030125101-000030,0030125101-000030,0030125101-000030,BR_00000006,BR_00000001,numeric-chain-000022,19,9,48,1242,1.5,700,840,DC51D+Z,普碳,SPHC,软钢,actual_transition,,,,,,,
diagnostic_candidate,True,0030121432-000010,0030121432-000010,0030121432-000010,BR_00000002,BR_00000001,numeric-chain-000022,19,10,48,1235,1.35,795,815,HC220YD+Z,加磷高强、烘烤硬化钢,H220Y,软钢,normal_real,,,,,,,
diagnostic_candidate,True,0002002185-000090,0002002185-000090,0002002185-000090,BR_00000006,BR_00000001,numeric-chain-000022,19,11,23,1215,1.2,770,810,DC51D+Z,普碳,SPHC,软钢,normal_real,,,,,,,
diagnostic_candidate,True,0030117976-000020,0030117976-000020,0030117976-000020,BR_00000001,BR_00000001,numeric-chain-000022,19,12,120,1201,1,700,840,DC51D+Z,普碳,SPHC,软钢,actual_transition,,,,,,,
diagnostic_candidate,True,0030125207-000090,0030125207-000090,0030125207-000090,BR_00000006,BR_00000001,numeric-chain-000022,19,13,24,1183,0.8,830,850,DC51D+Z,IF钢,SPHETI-3,软钢,normal_real,,,,,,,
diagnostic_candidate,True,0030125102-000010,0030125102-000010,0030125102-000010,BR_00000006,BR_00000001,numeric-chain-000022,19,14,72,1182,0.7,820,840,DC53D+Z,IF钢,SPHETI-5,软钢,normal_real,,,,,,,
diagnostic_candidate,True,0002002162-000100,0002002162-000100,0002002162-000100,BR_00000006,BR_00000001,numeric-chain-000022,19,15,24,1180,0.65,830,850,DC53D+Z,IF钢,SPHETI-3,软钢,normal_real,,,,,,,
diagnostic_candidate,True,0030124871-000040,0030124871-000040,0030124871-000040,BR_00000006,BR_00000001,numeric-chain-000022,19,16,20,1160,0.6,820,840,DX53D+Z,IF钢,SPHETI-5,软钢,normal_real,,,,,,,
diagnostic_candidate,True,0002002152-000010,0002002152-000010,0002002152-000010,BR_00000006,BR_00000001,numeric-chain-000022,19,17,23,1155,0.65,810,830,HC180YD+Z,加磷高强、烘烤硬化钢,H180YD,软钢,normal_real,,,,,,,
diagnostic_candidate,True,0002002054-000340,0002002054-000340,0002002054-000340,BR_00000001,BR_00000001,numeric-chain-000022,19,18,192,1150,0.6,815,835,DX51D+Z-MD,普碳,SPHC,软钢,normal_real,,,,,,,
diagnostic_candidate,True,0030118093-000030,0030118093-000030,0030118093-000030,BR_00000001,BR_00000001,numeric-chain-000022,19,19,88,1050,0.5,820,840,DC53D+Z,IF钢,SPHETI-5,软钢,normal_real,,,,,,,
diagnostic_candidate,True,0030118641-000020,0030118641-000020,0030118641-000020,BR_00000001,BR_00000001,numeric-chain-000022,19,20,46,1000,0.4,700,840,DC51D+Z,普碳,SPHC,软钢,actual_transition,,,,,,,
diagnostic_candidate,True,0030123916-000020,0030123916-000020,0030123916-000020,BR_00000006,BR_00000001,numeric-chain-000022,19,21,23,1000,0.4,700,840,DC51D+Z,普碳,SPHC,软钢,actual_transition,,,,,,,
diagnostic_candidate,True,0010018206-000010,0010018206-000010,0010018206-000010,BR_00000001,BR_00000001,numeric-chain-000022,19,22,110,1000,0.5,700,840,DC51D+Z,普碳,SPHC,软钢,actual_transition,,,,,,,
diagnostic_candidate,True,0030124078-000010,0030124078-000010,0030124078-000010,BR_00000006,BR_00000001,numeric-chain-000022,19,23,44,1000,0.6,830,850,DC56D+Z,IF钢,SPHETI-3,软钢,normal_real,,,,,,,
diagnostic_candidate,True,0030122480-000100,0030122480-000100,0030122480-000100,BR_00000006,BR_00000001,numeric-chain-000022,19,24,154,995,0.7,830,850,DX53D+Z,IF钢,SPHETI-5,软钢,normal_real,,,,,,,
diagnostic_candidate,True,0030122480-000040,0030122480-000040,0030122480-000040,BR_00000006,BR_00000001,numeric-chain-000022,19,25,72,950,0.7,830,850,DX54D+Z,IF钢,SPHETI-3,软钢,normal_real,,,,,,,
diagnostic_candidate,True,0030123255-000030,0030123255-000030,0030123255-000030,BR_00000006,BR_00000001,numeric-chain-000022,19,26,36,935,0.65,820,840,DC56D+Z,IF钢,SPHETI-3,软钢,normal_real,,,,,,,
diagnostic_candidate,True,0002002162-000070,0002002162-000070,0002002162-000070,BR_00000006,BR_00000001,numeric-chain-000022,19,27,18,930,0.6,830,850,DC54D+Z,IF钢,SPHETI-3,软钢,normal_real,,,,,,,
diagnostic_candidate,True,0002002184-000190,0002002184-000190,0002002184-000190,BR_00000006,BR_00000001,numeric-chain-000022,19,28,64,840,0.6,830,850,DC56D+Z,IF钢,SPHETI-3,软钢,normal_real,,,,,,,
diagnostic_candidate,True,0002002193-000030,0002002193-000030,0002002193-000030,BR_00000006,BR_00000001,numeric-chain-000007,20,1,52,1655,1,770,810,DC51D+Z,IF钢,SPHETI-3,软钢,normal_real,,,,,,,
diagnostic_candidate,True,0002002202-000190,0002002202-000190,0002002202-000190,BR_00000006,BR_00000001,numeric-chain-000007,20,2,23,1555,1,770,810,DC51D+Z,IF钢,SPHETI-3,软钢,normal_real,,,,,,,
diagnostic_candidate,True,0002002184-000170,0002002184-000170,0002002184-000170,BR_00000006,BR_00000001,numeric-chain-000007,20,3,23,1512,1.2,770,810,DC51D+Z,普碳,SPHC,软钢,normal_real,,,,,,,
diagnostic_candidate,True,0030122476-000040,0030122476-000040,0030122476-000040,BR_00000006,BR_00000001,numeric-chain-000007,20,4,24,1495,1.2,770,810,DC51D+Z,深冲钢（PD）,SPHCQ,软钢,normal_real,,,,,,,
diagnostic_candidate,True,0002002202-000030,0002002202-000030,0002002202-000030,BR_00000006,BR_00000001,numeric-chain-000007,20,5,23,1480,1,770,810,DC51D+Z,普碳,SPHC,软钢,normal_real,,,,,,,
diagnostic_candidate,True,0002002170-000250,0002002170-000250,0002002170-000250,BR_00000006,BR_00000001,numeric-chain-000007,20,6,69,1445,1,770,810,DC51D+Z,IF钢,SPHETI-3,软钢,normal_real,,,,,,,
diagnostic_candidate,True,0002002180-000380,0002002180-000380,0002002180-000380,BR_00000006,BR_00000001,numeric-chain-000007,20,7,20,1430,1,770,810,DC51D+Z,IF钢,SPHETI-3,软钢,normal_real,,,,,,,
diagnostic_candidate,True,0002002170-000230,0002002170-000230,0002002170-000230,BR_00000006,BR_00000001,numeric-chain-000007,20,8,23,1420,1,770,810,DC51D+Z,IF钢,SPHETI-3,软钢,normal_real,,,,,,,
diagnostic_candidate,True,0002002195-000240,0002002195-000240,0002002195-000240,BR_00000006,BR_00000001,numeric-chain-000007,20,9,24,1363,1,770,810,DC51D+Z,普碳,SPHC,软钢,normal_real,,,,,,,
diagnostic_candidate,True,0002002170-000260,0002002170-000260,0002002170-000260,BR_00000006,BR_00000001,numeric-chain-000007,20,10,23,1360,1.2,770,810,DC51D+Z,IF钢,SPHETI-3,软钢,normal_real,,,,,,,
diagnostic_candidate,True,0002002202-000130,0002002202-000130,0002002202-000130,BR_00000006,BR_00000001,numeric-chain-000007,20,11,23,1341,1,770,810,DC51D+Z,IF钢,SPHETI-3,软钢,normal_real,,,,,,,
diagnostic_candidate,True,0002002185-000120,0002002185-000120,0002002185-000120,BR_00000006,BR_00000001,numeric-chain-000007,20,12,23,1333,0.8,770,810,DC51D+Z,IF钢,SPHETI-3,软钢,normal_real,,,,,,,
diagnostic_candidate,True,0002002195-000120,0002002195-000120,0002002195-000120,BR_00000006,BR_00000001,numeric-chain-000007,20,13,72,1315,0.65,770,810,DC51D+Z,普碳,SPHC,软钢,normal_real,,,,,,,
diagnostic_candidate,True,0002002170-000270,0002002170-000270,0002002170-000270,BR_00000006,BR_00000001,numeric-chain-000007,20,14,46,1290,0.65,770,810,DC51D+Z,IF钢,SPHETI-3,软钢,normal_real,,,,,,,
diagnostic_candidate,True,0030123653-000060,0030123653-000060,0030123653-000060,BR_00000006,BR_00000001,numeric-chain-000007,20,15,96,1260,0.8,700,840,DC51D+Z,普碳,SPHC,软钢,normal_real,,,,,,,
diagnostic_candidate,True,0030123916-000040,0030123916-000040,0030123916-000040,BR_00000006,BR_00000001,numeric-chain-000007,20,16,23,1250,0.6,700,840,DC51D+Z,普碳,SPHC,软钢,actual_transition,,,,,,,
diagnostic_candidate,True,0002002053-000150,0002002053-000150,0002002053-000150,BR_00000001,BR_00000001,numeric-chain-000007,20,17,42,1219,0.8,815,835,DX51D+Z-MD,普碳,SPHC,软钢,normal_real,,,,,,,
diagnostic_candidate,True,0030125147-000010,0030125147-000010,0030125147-000010,BR_00000006,BR_00000001,numeric-chain-000007,20,18,24,1200,1,820,840,DC53D+Z,IF钢,SPHETI-5,软钢,normal_real,,,,,,,
diagnostic_candidate,True,0030118093-000020,0030118093-000020,0030118093-000020,BR_00000001,BR_00000001,numeric-chain-000007,20,19,408,1172,1,700,840,DX51D+Z,普碳,SPHC,软钢,normal_real,,,,,,,
diagnostic_candidate,True,0030124440-000030,0030124440-000030,0030124440-000030,BR_00000006,BR_00000001,numeric-chain-000007,20,20,24,1155,0.9,770,810,DX52D+Z,深冲钢（PD）,SPHCQ,软钢,normal_real,,,,,,,
diagnostic_candidate,True,0002002202-000210,0002002202-000210,0002002202-000210,BR_00000006,BR_00000001,numeric-chain-000007,20,21,23,1155,1,770,810,DC51D+Z,普碳,SPHC,软钢,normal_real,,,,,,,
diagnostic_candidate,True,0030120974-000030,0030120974-000030,0030120974-000030,BR_00000002,BR_00000001,numeric-chain-000007,20,22,23,1130,0.8,790,810,HC260YD+Z,加磷高强、烘烤硬化钢,H260Y,软钢,normal_real,,,,,,,
diagnostic_candidate,True,0002002170-000080,0002002170-000080,0002002170-000080,BR_00000006,BR_00000001,numeric-chain-000007,20,23,23,1128,1,770,810,DC51D+Z,普碳,SPHC,软钢,normal_real,,,,,,,
diagnostic_candidate,True,0030124440-000020,0030124440-000020,0030124440-000020,BR_00000006,BR_00000001,numeric-chain-000007,20,24,23,1125,0.9,770,810,DX52D+Z,深冲钢（PD）,SPHCQ,软钢,normal_real,,,,,,,
diagnostic_candidate,True,0030125207-000040,0030125207-000040,0030125207-000040,BR_00000006,BR_00000001,numeric-chain-000007,20,25,46,1103,0.7,770,810,DC51D+Z,深冲钢（PD）,SPHCQ,软钢,normal_real,,,,,,,
diagnostic_candidate,True,0002002185-000110,0002002185-000110,0002002185-000110,BR_00000006,BR_00000001,numeric-chain-000007,20,26,19,1097,0.65,770,810,DC51D+Z,IF钢,SPHETI-3,软钢,normal_real,,,,,,,
diagnostic_candidate,True,0002002202-000150,0002002202-000150,0002002202-000150,BR_00000006,BR_00000001,numeric-chain-000007,20,27,25,1095,0.7,770,810,DC51D+Z,IF钢,SPHETI-3,软钢,normal_real,,,,,,,
diagnostic_candidate,True,0002002202-000160,0002002202-000160,0002002202-000160,BR_00000006,BR_00000001,numeric-chain-000007,20,28,19,1085,0.7,770,810,DC51D+Z,IF钢,SPHETI-3,软钢,normal_real,,,,,,,
diagnostic_candidate,True,0030124800-000030,0030124800-000030,0030124800-000030,BR_00000006,BR_00000001,numeric-chain-000007,20,29,23,1084,0.8,770,810,DX52D+Z,深冲钢（PD）,SPHCQ,软钢,normal_real,,,,,,,
diagnostic_candidate,True,0002002176-000070,0002002176-000070,0002002176-000070,BR_00000006,BR_00000001,numeric-chain-000007,20,30,100,1063,1,770,810,DC51D+Z,IF钢,SPHETI-3,软钢,normal_real,,,,,,,
diagnostic_candidate,True,0002002021-000070,0002002021-000070,0002002021-000070,BR_00000001,BR_00000001,numeric-chain-000007,20,31,19,1044,1,770,810,DC51D+Z,IF钢,SPHETI-3,软钢,normal_real,,,,,,,
diagnostic_candidate,True,0030123143-000070,0030123143-000070,0030123143-000070,BR_00000006,BR_00000001,numeric-chain-000007,20,32,88,1060,1,800,820,SCG260Y+Z,加磷高强、烘烤硬化钢,H260Y,软钢,normal_real,,,,,,,
diagnostic_candidate,True,0002002202-000200,0002002202-000200,0002002202-000200,BR_00000006,BR_00000001,numeric-chain-000007,20,33,19,1055,1,770,810,DC51D+Z,普碳,SPHC,软钢,normal_real,,,,,,,
diagnostic_candidate,True,0030125207-000130,0030125207-000130,0030125207-000130,BR_00000006,BR_00000001,numeric-chain-000007,20,34,22,1011,1.2,800,820,HC260YD+Z,加磷高强、烘烤硬化钢,H260Y,软钢,normal_real,,,,,,,
diagnostic_candidate,True,0002002202-000100,0002002202-000100,0002002202-000100,BR_00000006,BR_00000001,numeric-chain-000007,20,35,19,1001,1.2,770,810,DC51D+Z,普碳,SPHC,软钢,normal_real,,,,,,,
diagnostic_candidate,True,0002002180-000170,0002002180-000170,0002002180-000170,BR_00000006,BR_00000001,numeric-chain-000007,20,36,20,930,1,770,810,DC51D+Z,IF钢,SPHETI-3,软钢,normal_real,,,,,,,
diagnostic_candidate,True,0002002170-000190,0002002170-000190,0002002170-000190,BR_00000006,BR_00000001,numeric-chain-000007,20,37,40,928,1,770,810,DC51D+Z,IF钢,SPHETI-3,软钢,normal_real,,,,,,,
diagnostic_candidate,True,0002002170-000060,0002002170-000060,0002002170-000060,BR_00000006,BR_00000001,numeric-chain-000007,20,38,32,900,1,770,810,DC51D+Z,IF钢,SPHETI-3,软钢,normal_real,,,,,,,
diagnostic_candidate,True,0002002170-000070,0002002170-000070,0002002170-000070,BR_00000006,BR_00000001,numeric-chain-000007,20,39,16,890,1.2,770,810,DC51D+Z,IF钢,SPHETI-3,软钢,normal_real,,,,,,,
diagnostic_candidate,True,0002002179-000010,0002002179-000010,0002002179-000010,BR_00000006,BR_00000001,numeric-chain-000015,21,1,41,1650,0.8,810,830,180YD+Z,加磷高强、烘烤硬化钢,H180YD,软钢,normal_real,,,,,,,
diagnostic_candidate,True,0030121690-000010,0030121690-000010,0030121690-000010,BR_00000002,BR_00000001,numeric-chain-000015,21,2,23,1580,0.8,820,840,HC180BD+Z,加磷高强、烘烤硬化钢,H180BH1,软钢,normal_real,,,,,,,
diagnostic_candidate,True,0030125168-000080,0030125168-000080,0030125168-000080,BR_00000006,BR_00000001,numeric-chain-000015,21,3,24,1500,0.8,700,840,DX51D+Z,普碳,SPHC,软钢,normal_real,,,,,,,
diagnostic_candidate,True,0002002195-000190,0002002195-000190,0002002195-000190,BR_00000006,BR_00000001,numeric-chain-000015,21,4,24,1500,1,830,850,DC54D+Z,IF钢,SPHETI-3,软钢,normal_real,,,,,,,
diagnostic_candidate,True,0030125207-000100,0030125207-000100,0030125207-000100,BR_00000006,BR_00000001,numeric-chain-000015,21,5,24,1500,1.2,830,850,DC51D+Z,IF钢,SPHETI-3,软钢,normal_real,,,,,,,
diagnostic_candidate,True,0005000571-000040,0005000571-000040,0005000571-000040,BR_00000006,BR_00000001,numeric-chain-000015,21,6,10,1458,1.5,830,850,CR180BH,加磷高强、烘烤硬化钢,H180BH,软钢,normal_real,,,,,,,
diagnostic_candidate,True,0005000562-000050,0005000562-000050,0005000562-000050,BR_00000006,BR_00000001,numeric-chain-000015,21,7,23,1370,1.5,830,850,CR3,IF钢,SPHETI-36,软钢,normal_real,,,,,,,
diagnostic_candidate,True,0002002058-000020,0002002058-000020,0002002058-000020,BR_00000001,BR_00000001,numeric-chain-000015,21,8,92,1260,1.5,820,840,DX53D+Z-CD,IF钢,SPHETI-5,软钢,normal_real,,,,,,,
diagnostic_candidate,True,0030120939-000090,0030120939-000090,0030120939-000090,BR_00000002,BR_00000001,numeric-chain-000015,21,9,24,1250,1.5,810,830,HC180YD+Z,加磷高强、烘烤硬化钢,H180YD,软钢,normal_real,,,,,,,
diagnostic_candidate,True,0030124735-000080,0030124735-000080,0030124735-000080,BR_00000006,BR_00000001,numeric-chain-000015,21,10,24,1250,1.8,805,825,HC260YD+Z,加磷高强、烘烤硬化钢,H260Y,软钢,normal_real,,,,,,,
diagnostic_candidate,True,0002002195-000090,0002002195-000090,0002002195-000090,BR_00000006,BR_00000001,numeric-chain-000015,21,11,48,1200,1.6,795,815,220YD+Z,加磷高强、烘烤硬化钢,H220Y,软钢,normal_real,,,,,,,
diagnostic_candidate,True,0002002202-000120,0002002202-000120,0002002202-000120,BR_00000006,BR_00000001,numeric-chain-000015,21,12,23,1163,1.4,770,810,DC51D+Z,IF钢,SPHETI-3,软钢,normal_real,,,,,,,
diagnostic_candidate,True,0002002006-000190,0002002006-000190,0002002006-000190,BR_00000001,BR_00000001,numeric-chain-000015,21,13,20,1152,1.2,770,810,DC51D+Z,IF钢,SPHETI-3,软钢,normal_real,,,,,,,
diagnostic_candidate,True,0002002202-000220,0002002202-000220,0002002202-000220,BR_00000006,BR_00000001,numeric-chain-000015,21,14,23,1115,1.2,770,810,DC51D+Z,普碳,SPHC,软钢,normal_real,,,,,,,
diagnostic_candidate,True,0002002185-000010,0002002185-000010,0002002185-000010,BR_00000006,BR_00000001,numeric-chain-000015,21,15,23,1113,1.2,770,810,DC51D+Z,普碳,SPHC,软钢,normal_real,,,,,,,
diagnostic_candidate,True,0002002185-000050,0002002185-000050,0002002185-000050,BR_00000006,BR_00000001,numeric-chain-000015,21,16,23,1113,1.5,770,810,DC51D+Z,IF钢,SPHETI-3,软钢,normal_real,,,,,,,
diagnostic_candidate,True,0002002169-000010,0002002169-000010,0002002169-000010,BR_00000006,BR_00000001,numeric-chain-000015,21,17,25,1090,1.4,770,810,DC51D+Z,普碳,SPHC,软钢,normal_real,,,,,,,
diagnostic_candidate,True,0002002202-000010,0002002202-000010,0002002202-000010,BR_00000006,BR_00000001,numeric-chain-000015,21,18,19,1085,1.4,770,810,DC51D+Z,普碳,SPHC,软钢,normal_real,,,,,,,
diagnostic_candidate,True,0002002202-000240,0002002202-000240,0002002202-000240,BR_00000006,BR_00000001,numeric-chain-000015,21,19,19,1065,1.4,770,810,DC51D+Z,IF钢,SPHETI-3,软钢,normal_real,,,,,,,
diagnostic_candidate,True,0002002202-000300,0002002202-000300,0002002202-000300,BR_00000006,BR_00000001,numeric-chain-000015,21,20,30,1030,1.6,770,810,DC51D+Z,IF钢,SPHETI-3,软钢,normal_real,,,,,,,
diagnostic_candidate,True,0002002202-000230,0002002202-000230,0002002202-000230,BR_00000006,BR_00000001,numeric-chain-000015,21,21,19,1020,1.4,770,810,DC51D+Z,IF钢,SPHETI-3,软钢,normal_real,,,,,,,
diagnostic_candidate,True,0002002180-000160,0002002180-000160,0002002180-000160,BR_00000006,BR_00000001,numeric-chain-000015,21,22,20,885,1.4,770,810,DC51D+Z,IF钢,SPHETI-3,软钢,normal_real,,,,,,,
diagnostic_candidate,True,virtual-000001,,,,BR_00000001,numeric-chain-000015,21,23,20.00,1000,1.20,770,850,SPHC,,SPHC,,virtual_sphc,,"{""accepted_sequence"":1,""prototype_id"":""virtual_sphc:1000x1.2"",""purpose"":""edge_bridge"",""related_partition_id"":null}",,,,,
diagnostic_candidate,True,0002002184-000200,0002002184-000200,0002002184-000200,BR_00000006,BR_00000001,numeric-chain-000015,21,24,100,830,1,830,850,DC56D+Z,IF钢,SPHETI-3,软钢,normal_real,,,,,,,
diagnostic_candidate,True,0030117283-000020,0030117283-000020,0030117283-000020,BR_00000001,BR_00000001,numeric-chain-000010,22,1,24,1130,0.65,790,810,SCG260Y+Z,加磷高强、烘烤硬化钢,H260Y,软钢,normal_real,,,,,,,
diagnostic_candidate,True,0002002148-000010,0002002148-000010,0002002148-000010,BR_00000006,BR_00000001,numeric-chain-000010,22,2,300,1148,0.65,770,810,DC51D+Z,IF钢,SPHETI-3,软钢,normal_real,,,,,,,
diagnostic_candidate,True,0002002195-000070,0002002195-000070,0002002195-000070,BR_00000006,BR_00000001,numeric-chain-000010,22,3,145,1148,0.65,770,810,DC51D+Z,IF钢,SPHETI-3,软钢,normal_real,,,,,,,
diagnostic_candidate,True,0002002176-000180,0002002176-000180,0002002176-000180,BR_00000006,BR_00000001,numeric-chain-000010,22,4,15,1122,0.65,770,810,DC51D+Z,普碳,SPHC,软钢,normal_real,,,,,,,
diagnostic_candidate,True,0002002169-000030,0002002169-000030,0002002169-000030,BR_00000006,BR_00000001,numeric-chain-000010,22,5,30,1120,0.7,770,810,DC51D+Z,普碳,SPHC,软钢,normal_real,,,,,,,
diagnostic_candidate,True,0002002202-000140,0002002202-000140,0002002202-000140,BR_00000006,BR_00000001,numeric-chain-000010,22,6,23,1110,0.7,770,810,DC51D+Z,IF钢,SPHETI-3,软钢,normal_real,,,,,,,
diagnostic_candidate,True,0002002195-000060,0002002195-000060,0002002195-000060,BR_00000006,BR_00000001,numeric-chain-000010,22,7,69,1095,0.65,770,810,DC51D+Z,普碳,SPHC,软钢,normal_real,,,,,,,
diagnostic_candidate,True,0002002195-000170,0002002195-000170,0002002195-000170,BR_00000006,BR_00000001,numeric-chain-000010,22,8,24,1088,0.65,770,810,DC51D+Z,普碳,SPHC,软钢,normal_real,,,,,,,
diagnostic_candidate,True,0002002202-000170,0002002202-000170,0002002202-000170,BR_00000006,BR_00000001,numeric-chain-000010,22,9,19,1080,0.7,770,810,DC51D+Z,IF钢,SPHETI-3,软钢,normal_real,,,,,,,
diagnostic_candidate,True,0030120951-000010,0030120951-000010,0030120951-000010,BR_00000002,BR_00000001,numeric-chain-000010,22,10,96,1050,0.7,700,840,DX51D+Z,普碳,SPHC,软钢,normal_real,,,,,,,
diagnostic_candidate,True,0030122480-000110,0030122480-000110,0030122480-000110,BR_00000006,BR_00000001,numeric-chain-000010,22,11,110,1040,0.7,830,850,DX53D+Z,IF钢,SPHETI-5,软钢,normal_real,,,,,,,
diagnostic_candidate,True,0002002170-000360,0002002170-000360,0002002170-000360,BR_00000006,BR_00000001,numeric-chain-000010,22,12,40,1030,0.6,830,850,DC54D+Z,IF钢,SPHETI-3,软钢,normal_real,,,,,,,
diagnostic_candidate,True,0002002184-000020,0002002184-000020,0002002184-000020,BR_00000006,BR_00000001,numeric-chain-000010,22,13,16,883,0.65,830,850,DC53D+Z,IF钢,SPHETI-3,软钢,normal_real,,,,,,,
diagnostic_candidate,True,0030124871-000120,0030124871-000120,0030124871-000120,BR_00000006,BR_00000001,numeric-chain-000017,23,1,220,1360,0.6,820,840,DX53D+Z,IF钢,SPHETI-5,软钢,normal_real,,,,,,,
diagnostic_candidate,True,0030124683-000040,0030124683-000040,0030124683-000040,BR_00000006,BR_00000001,numeric-chain-000017,23,2,192,1360,0.7,810,830,HC180YD+Z,加磷高强、烘烤硬化钢,H180YD,软钢,normal_real,,,,,,,
diagnostic_candidate,True,0030119860-000010,0030119860-000010,0030119860-000010,BR_00000001,BR_00000001,numeric-chain-000017,23,3,72,1360,0.7,820,840,DC53D+Z,IF钢,SPHETI-5,软钢,normal_real,,,,,,,
diagnostic_candidate,True,0002002184-000040,0002002184-000040,0002002184-000040,BR_00000006,BR_00000001,numeric-chain-000017,23,4,92,1354,0.7,830,850,DC56D+Z,IF钢,SPHETI-3,软钢,normal_real,,,,,,,
diagnostic_candidate,True,0030125207-000110,0030125207-000110,0030125207-000110,BR_00000006,BR_00000001,numeric-chain-000017,23,5,24,1353,0.7,830,850,DC53D+Z,IF钢,SPHETI-3,软钢,normal_real,,,,,,,
diagnostic_candidate,True,0030123255-000010,0030123255-000010,0030123255-000010,BR_00000006,BR_00000001,numeric-chain-000017,23,6,92,1350,0.6,820,840,HC180BD+Z,加磷高强、烘烤硬化钢,H180BH1,软钢,normal_real,,,,,,,
diagnostic_candidate,True,0030123143-000030,0030123143-000030,0030123143-000030,BR_00000006,BR_00000001,numeric-chain-000017,23,7,175,1315,0.6,830,850,SCG4+Z,IF钢,SPHETI-3,软钢,normal_real,,,,,,,
diagnostic_candidate,True,0030122759-000020,0030122759-000020,0030122759-000020,BR_00000006,BR_00000001,numeric-chain-000017,23,8,22,1312,0.75,830,850,CR3,IF钢,SPHETI-36,软钢,normal_real,,,,,,,
diagnostic_candidate,True,0002002162-000110,0002002162-000110,0002002162-000110,BR_00000006,BR_00000001,numeric-chain-000017,23,9,24,1305,0.65,830,850,DC53D+Z,IF钢,SPHETI-3,软钢,normal_real,,,,,,,
diagnostic_candidate,True,0002002195-000110,0002002195-000110,0002002195-000110,BR_00000006,BR_00000001,numeric-chain-000017,23,10,110,1285,0.6,830,850,DC54D+Z,IF钢,SPHETI-3,软钢,normal_real,,,,,,,
diagnostic_candidate,True,0030123141-000010,0030123141-000010,0030123141-000010,BR_00000006,BR_00000001,numeric-chain-000017,23,11,50,1275,0.6,830,850,SCG4+Z,IF钢,SPHETI-3,软钢,normal_real,,,,,,,
diagnostic_candidate,True,virtual-000020,,,,BR_00000001,numeric-chain-000017,23,12,20.00,1250,0.80,700,850,SPHC,,SPHC,,virtual_sphc,,"{""accepted_sequence"":20,""prototype_id"":""virtual_sphc:1250x0.8"",""purpose"":""edge_bridge"",""related_partition_id"":null}",,,,,
diagnostic_candidate,True,0030124735-000100,0030124735-000100,0030124735-000100,BR_00000006,BR_00000001,numeric-chain-000017,23,13,24,1250,1,700,840,DX51D+Z,普碳,SPHC,软钢,actual_transition,,,,,,,
diagnostic_candidate,True,0002002184-000080,0002002184-000080,0002002184-000080,BR_00000006,BR_00000001,numeric-chain-000017,23,14,23,1220,0.8,830,850,DC56D+Z,IF钢,SPHETI-3,软钢,normal_real,,,,,,,
diagnostic_candidate,True,0030122086-000010,0030122086-000010,0030122086-000010,BR_00000003,BR_00000001,numeric-chain-000017,23,15,48,1220,0.65,830,850,DC56D+Z,IF钢,SPHETI-3,软钢,normal_real,,,,,,,
diagnostic_candidate,True,0002002176-000160,0002002176-000160,0002002176-000160,BR_00000006,BR_00000001,numeric-chain-000017,23,16,25,1220,0.65,830,850,DC53D+Z,IF钢,SPHETI-3,软钢,normal_real,,,,,,,
diagnostic_candidate,True,0002002170-000420,0002002170-000420,0002002170-000420,BR_00000006,BR_00000001,numeric-chain-000017,23,17,23,1218,0.65,830,850,DC54D+Z,IF钢,SPHETI-3,软钢,normal_real,,,,,,,
diagnostic_candidate,True,0002002195-000080,0002002195-000080,0002002195-000080,BR_00000006,BR_00000001,numeric-chain-000017,23,18,190,1195,0.65,830,850,DC53D+Z,IF钢,SPHETI-3,软钢,normal_real,,,,,,,
diagnostic_candidate,True,0030117110-000010,0030117110-000010,0030117110-000010,BR_00000001,BR_00000001,numeric-chain-000017,23,19,66,1170,0.7,830,850,CR3,IF钢,SPHETI-36,软钢,normal_real,,,,,,,
diagnostic_candidate,True,0010019680-000030,0010019680-000030,0010019680-000030,BR_00000006,BR_00000001,numeric-chain-000017,23,20,48,1160,0.6,700,840,DC51D+Z-D,普碳,SPHC,软钢,normal_real,,,,,,,
diagnostic_candidate,True,0010019680-000010,0010019680-000010,0010019680-000010,BR_00000006,BR_00000001,numeric-chain-000017,23,21,48,1170,0.6,700,840,DC51D+Z-D,普碳,SPHC,软钢,normal_real,,,,,,,
diagnostic_candidate,True,0002002184-000060,0002002184-000060,0002002184-000060,BR_00000006,BR_00000001,numeric-chain-000017,23,22,23,1170,0.6,770,810,DC51D+Z,IF钢,SPHETI-3,软钢,normal_real,,,,,,,
diagnostic_candidate,True,0002002187-000020,0002002187-000020,0002002187-000020,BR_00000006,BR_00000001,numeric-chain-000001,24,1,25,1815,0.6,830,850,DC53D+Z,IF钢,SPHETI-3,软钢,normal_real,,,,,,,
diagnostic_candidate,True,0002002177-000010,0002002177-000010,0002002177-000010,BR_00000006,BR_00000001,numeric-chain-000001,24,2,30,1775,0.6,830,850,DC53D+Z,IF钢,SPHETI-3,软钢,normal_real,,,,,,,
diagnostic_candidate,True,0002002193-000040,0002002193-000040,0002002193-000040,BR_00000006,BR_00000001,numeric-chain-000001,24,3,104,1665,0.7,830,850,DC53D+Z,IF钢,SPHETI-3,软钢,normal_real,,,,,,,
diagnostic_candidate,True,0030123647-000010,0030123647-000010,0030123647-000010,BR_00000006,BR_00000001,numeric-chain-000001,24,4,6.15,1675,0.65,830,850,SCG4+Z,IF钢,SPHETI-3,软钢,normal_real,,,,,,,
diagnostic_candidate,True,0002002177-000020,0002002177-000020,0002002177-000020,BR_00000006,BR_00000001,numeric-chain-000001,24,5,15,1590,0.6,830,850,DC53D+Z,IF钢,SPHETI-3,软钢,normal_real,,,,,,,
diagnostic_candidate,True,0010018206-000080,0010018206-000080,0010018206-000080,BR_00000001,BR_00000001,numeric-chain-000001,24,6,96,1500,0.5,700,840,DC51D+Z,普碳,SPHC,软钢,actual_transition,,,,,,,
diagnostic_candidate,True,0010019718-000040,0010019718-000040,0010019718-000040,BR_00000006,BR_00000001,numeric-chain-000001,24,7,144,1500,0.5,700,840,DC51D+Z,普碳,SPHC,软钢,actual_transition,,,,,,,
diagnostic_candidate,True,0002002184-000220,0002002184-000220,0002002184-000220,BR_00000006,BR_00000001,numeric-chain-000001,24,8,23,1455,0.6,830,850,DC53D+Z,IF钢,SPHETI-3,软钢,normal_real,,,,,,,
diagnostic_candidate,True,0005000563-000280,0005000563-000280,0005000563-000280,BR_00000006,BR_00000001,numeric-chain-000001,24,9,21,1448,0.8,830,850,CR3,IF钢,SPHETI-36,软钢,normal_real,,,,,,,
diagnostic_candidate,True,0030122897-000060,0030122897-000060,0030122897-000060,BR_00000006,BR_00000001,numeric-chain-000001,24,10,72,1250,0.6,700,840,DC51D+Z,普碳,SPHC,软钢,actual_transition,,,,,,,
diagnostic_candidate,True,virtual-000018,,,,BR_00000001,numeric-chain-000001,24,11,20.00,1250,0.80,700,840,SPHC,,SPHC,,virtual_sphc,,"{""accepted_sequence"":18,""prototype_id"":""virtual_sphc:1250x0.8"",""purpose"":""edge_bridge"",""related_partition_id"":null}",,,,,
diagnostic_candidate,True,virtual-000019,,,,BR_00000001,numeric-chain-000001,24,12,20.00,1250,1.00,700,840,SPHC,,SPHC,,virtual_sphc,,"{""accepted_sequence"":19,""prototype_id"":""virtual_sphc:1250x1"",""purpose"":""edge_bridge"",""related_partition_id"":null}",,,,,
diagnostic_candidate,True,0030123653-000020,0030123653-000020,0030123653-000020,BR_00000006,BR_00000001,numeric-chain-000001,24,13,24,1250,1.2,700,840,DC51D+Z,普碳,SPHC,软钢,normal_real,,,,,,,
diagnostic_candidate,True,0030122488-000020,0030122488-000020,0030122488-000020,BR_00000006,BR_00000001,numeric-chain-000001,24,14,96,1250,1.25,770,810,DC52D+Z,深冲钢（PD）,SPHCQ,软钢,normal_real,,,,,,,
diagnostic_candidate,True,0030124440-000040,0030124440-000040,0030124440-000040,BR_00000006,BR_00000001,numeric-chain-000001,24,15,24,1206,1.3,700,840,DC51D+Z,普碳,SPHC,软钢,normal_real,,,,,,,
diagnostic_candidate,True,0002002170-000050,0002002170-000050,0002002170-000050,BR_00000006,BR_00000001,numeric-chain-000001,24,16,23,1175,1.2,770,810,DC51D+Z,普碳,SPHC,软钢,normal_real,,,,,,,
diagnostic_candidate,True,0030124683-000050,0030124683-000050,0030124683-000050,BR_00000006,BR_00000001,numeric-chain-000001,24,17,23,1140,1.2,795,815,HC220YD+Z,加磷高强、烘烤硬化钢,H220Y,软钢,normal_real,,,,,,,
diagnostic_candidate,True,0030125170-000010,0030125170-000010,0030125170-000010,BR_00000006,BR_00000001,numeric-chain-000001,24,18,20,1070,1.2,795,815,HC220YD+Z-GL,加磷高强、烘烤硬化钢,H220Y,,normal_real,,,,,,,
diagnostic_candidate,True,0030124207-000010,0030124207-000010,0030124207-000010,BR_00000006,BR_00000001,numeric-chain-000001,24,19,24,1000,1.2,700,840,DC51D+Z,普碳,SPHC,软钢,actual_transition,,,,,,,
diagnostic_candidate,True,0005000563-000240,0005000563-000240,0005000563-000240,BR_00000006,BR_00000001,numeric-chain-000001,24,20,16,900,1.2,830,850,CR3,IF钢,SPHETI-36,软钢,normal_real,,,,,,,
diagnostic_candidate,True,0030125097-000010,0030125097-000010,0030125097-000010,BR_00000006,BR_00000001,numeric-chain-000001,24,21,18,870,1.2,830,850,DC56D+Z,IF钢,SPHETI-3,软钢,normal_real,,,,,,,
diagnostic_candidate,True,0030124871-000100,0030124871-000100,0030124871-000100,BR_00000006,BR_00000001,numeric-chain-000012,25,1,210,1585,0.75,730,750,DX51D+Z,普碳,SPHC,软钢,normal_real,,,,,,,
diagnostic_candidate,True,0030124871-000090,0030124871-000090,0030124871-000090,BR_00000006,BR_00000001,numeric-chain-000012,25,2,70,1550,0.75,730,750,DX51D+Z,普碳,SPHC,软钢,normal_real,,,,,,,
diagnostic_candidate,True,0030124871-000110,0030124871-000110,0030124871-000110,BR_00000006,BR_00000001,numeric-chain-000012,25,3,140,1460,0.6,730,750,DX51D+Z,普碳,SPHC,软钢,normal_real,,,,,,,
diagnostic_candidate,True,0010019718-000030,0010019718-000030,0010019718-000030,BR_00000006,BR_00000001,numeric-chain-000012,25,4,144,1400,0.5,700,840,DC51D+Z,普碳,SPHC,软钢,actual_transition,,,,,,,
diagnostic_candidate,True,0030121346-000020,0030121346-000020,0030121346-000020,BR_00000002,BR_00000001,numeric-chain-000012,25,5,48,1393,0.5,820,840,DX53D+Z,IF钢,SPHETI-5,软钢,normal_real,,,,,,,
diagnostic_candidate,True,0030125168-000010,0030125168-000010,0030125168-000010,BR_00000006,BR_00000001,numeric-chain-000012,25,6,72,1375,0.4,700,840,DC51D+Z,普碳,SPHC,软钢,normal_real,,,,,,,
diagnostic_candidate,True,0010019718-000010,0010019718-000010,0010019718-000010,BR_00000006,BR_00000001,numeric-chain-000012,25,7,58,1350,0.5,700,840,DC51D+Z,普碳,SPHC,软钢,actual_transition,,,,,,,
diagnostic_candidate,True,0030123654-000020,0030123654-000020,0030123654-000020,BR_00000006,BR_00000001,numeric-chain-000012,25,8,48,1346,0.5,715,735,DX51D+Z1,普碳,SPHC,软钢,normal_real,,,,,,,
diagnostic_candidate,True,0030125168-000030,0030125168-000030,0030125168-000030,BR_00000006,BR_00000001,numeric-chain-000012,25,9,48,1326,0.4,700,840,DC51D+Z,普碳,SPHC,软钢,normal_real,,,,,,,
diagnostic_candidate,True,0030125168-000020,0030125168-000020,0030125168-000020,BR_00000006,BR_00000001,numeric-chain-000012,25,10,48,1306,0.4,700,840,DC51D+Z,普碳,SPHC,软钢,normal_real,,,,,,,
diagnostic_candidate,True,0030122897-000010,0030122897-000010,0030122897-000010,BR_00000006,BR_00000001,numeric-chain-000012,25,11,24,1250,0.5,700,840,DC51D+Z,普碳,SPHC,软钢,actual_transition,,,,,,,
diagnostic_candidate,True,0030120727-000030,0030120727-000030,0030120727-000030,BR_00000001,BR_00000001,numeric-chain-000012,25,12,300,1227,0.45,715,735,DX51D+Z1,普碳,SPHC,软钢,normal_real,,,,,,,
diagnostic_candidate,True,0030123916-000010,0030123916-000010,0030123916-000010,BR_00000006,BR_00000001,numeric-chain-000012,25,13,23,1200,0.4,700,840,DC51D+Z,普碳,SPHC,软钢,actual_transition,,,,,,,
diagnostic_candidate,True,0030125168-000050,0030125168-000050,0030125168-000050,BR_00000006,BR_00000001,numeric-chain-000012,25,14,24,1145,0.4,700,840,DC51D+Z,普碳,SPHC,软钢,normal_real,,,,,,,
diagnostic_candidate,True,0030123654-000010,0030123654-000010,0030123654-000010,BR_00000006,BR_00000001,numeric-chain-000012,25,15,48,1066,0.5,715,735,DX51D+Z1,普碳,SPHC,软钢,normal_real,,,,,,,
diagnostic_candidate,True,0030120882-000010,0030120882-000010,0030120882-000010,BR_00000002,BR_00000001,numeric-chain-000012,25,16,110,1000,0.45,700,840,DX51D+Z,普碳,SPHC,软钢,actual_transition,,,,,,,
diagnostic_candidate,True,0010019618-000010,0010019618-000010,0010019618-000010,BR_00000006,BR_00000001,numeric-chain-000012,25,17,198,1000,0.5,700,840,DC51D+Z,普碳,SPHC,软钢,actual_transition,,,,,,,
diagnostic_candidate,True,0002002180-000010,0002002180-000010,0002002180-000010,BR_00000006,BR_00000001,numeric-chain-000012,25,18,39,985,0.6,810,830,180YD+Z,加磷高强、烘烤硬化钢,H180YD,软钢,normal_real,,,,,,,
diagnostic_candidate,True,0030123145-000010,0030123145-000010,0030123145-000010,BR_00000006,BR_00000001,numeric-chain-000012,25,19,60,975,0.65,810,830,HC180YD+Z,加磷高强、烘烤硬化钢,H180YD,软钢,normal_real,,,,,,,
diagnostic_candidate,True,virtual-000005,,,,BR_00000002,numeric-chain-000033,1,1,20.00,1500,1.20,795,815,SPHC,,SPHC,,virtual_sphc,,"{""accepted_sequence"":5,""prototype_id"":""virtual_sphc:1500x1.2"",""purpose"":""weight_fill"",""related_partition_id"":null}",,,,,
diagnostic_candidate,True,virtual-000004,,,,BR_00000002,numeric-chain-000033,1,2,20.00,1500,1.50,795,815,SPHC,,SPHC,,virtual_sphc,,"{""accepted_sequence"":4,""prototype_id"":""virtual_sphc:1500x1.5"",""purpose"":""weight_fill"",""related_partition_id"":null}",,,,,
diagnostic_candidate,True,0030124734-000010,0030124734-000010,0030124734-000010,BR_00000006,BR_00000002,numeric-chain-000033,1,3,24,1500,2,795,815,HC220YD+Z,加磷高强、烘烤硬化钢,H220Y,软钢,normal_real,,,,,,,
diagnostic_candidate,True,virtual-000007,,,,BR_00000002,numeric-chain-000033,1,4,20.00,1500,1.50,795,815,SPHC,,SPHC,,virtual_sphc,,"{""accepted_sequence"":7,""prototype_id"":""virtual_sphc:1500x1.5"",""purpose"":""weight_fill"",""related_partition_id"":null}",,,,,
diagnostic_candidate,True,0010020206-000070,0010020206-000070,0010020206-000070,BR_00000006,BR_00000002,numeric-chain-000033,1,5,168,1500,2,700,720,DC51D+Z,普碳,SPHC,软钢,actual_transition,,,,,,,
diagnostic_candidate,True,virtual-000006,,,,BR_00000002,numeric-chain-000033,1,6,20.00,1500,2.00,795,815,SPHC,,SPHC,,virtual_sphc,,"{""accepted_sequence"":6,""prototype_id"":""virtual_sphc:1500x2"",""purpose"":""weight_fill"",""related_partition_id"":null}",,,,,
diagnostic_candidate,True,0030120865-000010,0030120865-000010,0030120865-000010,BR_00000002,BR_00000002,numeric-chain-000033,1,7,50,1422,2.5,795,815,HC220YD+Z,加磷高强、烘烤硬化钢,H220Y,软钢,normal_real,,,,,,,
diagnostic_candidate,True,virtual-000009,,,,BR_00000002,numeric-chain-000033,1,8,20.00,1250,2.00,795,815,SPHC,,SPHC,,virtual_sphc,,"{""accepted_sequence"":9,""prototype_id"":""virtual_sphc:1250x2"",""purpose"":""weight_fill"",""related_partition_id"":null}",,,,,
diagnostic_candidate,True,virtual-000008,,,,BR_00000002,numeric-chain-000033,1,9,20.00,1250,2.00,795,815,SPHC,,SPHC,,virtual_sphc,,"{""accepted_sequence"":8,""prototype_id"":""virtual_sphc:1250x2"",""purpose"":""weight_fill"",""related_partition_id"":null}",,,,,
diagnostic_candidate,True,0030121327-000010,0030121327-000010,0030121327-000010,BR_00000002,BR_00000002,numeric-chain-000033,1,10,24,1195,2.49,795,815,HC220YD+Z,加磷高强、烘烤硬化钢,H220Y,软钢,normal_real,,,,,,,
diagnostic_candidate,True,0002002202-000270,0002002202-000270,0002002202-000270,BR_00000006,BR_00000002,numeric-chain-000033,1,11,23,1185,2,770,810,DC51D+Z,IF钢,SPHETI-3,软钢,normal_real,,,,,,,
diagnostic_candidate,True,0002002185-000020,0002002185-000020,0002002185-000020,BR_00000006,BR_00000002,numeric-chain-000033,1,12,23,1190,1.6,770,810,DC51D+Z,IF钢,SPHETI-3,软钢,normal_real,,,,,,,
diagnostic_candidate,True,0002002185-000040,0002002185-000040,0002002185-000040,BR_00000006,BR_00000002,numeric-chain-000033,1,13,40,1165,1.6,770,810,DC51D+Z,IF钢,SPHETI-3,软钢,normal_real,,,,,,,
diagnostic_candidate,True,0002002202-000260,0002002202-000260,0002002202-000260,BR_00000006,BR_00000002,numeric-chain-000033,1,14,23,1175,1.6,770,810,DC51D+Z,普碳,SPHC,软钢,normal_real,,,,,,,
diagnostic_candidate,True,0030122476-000030,0030122476-000030,0030122476-000030,BR_00000006,BR_00000002,numeric-chain-000033,1,15,24,1165,1.8,800,820,HC220YD+Z,加磷高强、烘烤硬化钢,H220Y,软钢,normal_real,,,,,,,
diagnostic_candidate,True,0030122476-000060,0030122476-000060,0030122476-000060,BR_00000006,BR_00000002,numeric-chain-000033,1,16,23,1115,1.6,770,810,DC51D+Z,深冲钢（PD）,SPHCQ,软钢,normal_real,,,,,,,
diagnostic_candidate,True,0030122476-000080,0030122476-000080,0030122476-000080,BR_00000006,BR_00000002,numeric-chain-000033,1,17,8,1110,2,795,815,HC220YD+Z,加磷高强、烘烤硬化钢,H220Y,软钢,normal_real,,,,,,,
diagnostic_candidate,True,0030120940-000110,0030120940-000110,0030120940-000110,BR_00000002,BR_00000002,numeric-chain-000033,1,18,23,1093,2,795,815,HC220YD+Z,加磷高强、烘烤硬化钢,H220Y,软钢,normal_real,,,,,,,
diagnostic_candidate,True,0002002202-000280,0002002202-000280,0002002202-000280,BR_00000006,BR_00000002,numeric-chain-000033,1,19,19,1085,2,770,810,DC51D+Z,IF钢,SPHETI-3,软钢,normal_real,,,,,,,
diagnostic_candidate,True,0030125207-000080,0030125207-000080,0030125207-000080,BR_00000006,BR_00000002,numeric-chain-000033,1,20,46,1078,2.5,770,810,DC51D+Z,深冲钢（PD）,SPHCQ,软钢,normal_real,,,,,,,
diagnostic_candidate,True,virtual-000011,,,,BR_00000002,numeric-chain-000033,1,21,20.00,1000,2.00,770,810,SPHC,,SPHC,,virtual_sphc,,"{""accepted_sequence"":11,""prototype_id"":""virtual_sphc:1000x2"",""purpose"":""weight_fill"",""related_partition_id"":null}",,,,,
diagnostic_candidate,True,virtual-000010,,,,BR_00000002,numeric-chain-000033,1,22,20.00,1000,2.00,770,810,SPHC,,SPHC,,virtual_sphc,,"{""accepted_sequence"":10,""prototype_id"":""virtual_sphc:1000x2"",""purpose"":""weight_fill"",""related_partition_id"":null}",,,,,
diagnostic_candidate,True,0002002202-000290,0002002202-000290,0002002202-000290,BR_00000006,BR_00000002,numeric-chain-000033,1,23,16,931,1.6,770,810,DC51D+Z,普碳,SPHC,软钢,normal_real,,,,,,,
diagnostic_candidate,True,0002002170-000290,0002002170-000290,0002002170-000290,BR_00000006,BR_00000002,numeric-chain-000033,1,24,50,883,1.4,770,810,DC51D+Z,IF钢,SPHETI-3,软钢,normal_real,,,,,,,
diagnostic_candidate,True,0002002180-000140,0002002180-000140,0002002180-000140,BR_00000006,BR_00000006,numeric-chain-000016,1,1,20,1540,0.8,830,850,DC56D+Z,IF钢,SPHETI-3,软钢,normal_real,,,,,,,
diagnostic_candidate,True,0002002195-000200,0002002195-000200,0002002195-000200,BR_00000006,BR_00000006,numeric-chain-000016,1,2,24,1515,0.65,830,850,DC54D+Z,IF钢,SPHETI-3,软钢,normal_real,,,,,,,
diagnostic_candidate,True,0030123255-000020,0030123255-000020,0030123255-000020,BR_00000006,BR_00000006,numeric-chain-000016,1,3,46,1500,0.65,820,840,HC180BD+Z,加磷高强、烘烤硬化钢,H180BH1,软钢,normal_real,,,,,,,
diagnostic_candidate,True,0002002176-000150,0002002176-000150,0002002176-000150,BR_00000006,BR_00000006,numeric-chain-000016,1,4,23,1470,0.65,830,850,DC53D+Z,IF钢,SPHETI-3,软钢,normal_real,,,,,,,
diagnostic_candidate,True,0030123936-000020,0030123936-000020,0030123936-000020,BR_00000006,BR_00000006,numeric-chain-000016,1,5,338,1465,0.7,830,850,SCG4+Z,IF钢,SPHETI-3,软钢,normal_real,,,,,,,
diagnostic_candidate,True,0030123143-000010,0030123143-000010,0030123143-000010,BR_00000006,BR_00000006,numeric-chain-000016,1,6,52,1455,0.7,830,850,SCG4+Z,IF钢,SPHETI-3,软钢,normal_real,,,,,,,
diagnostic_candidate,True,0030124397-000030,0030124397-000030,0030124397-000030,BR_00000006,BR_00000006,numeric-chain-000016,1,7,24,1465,0.7,830,850,DC56D+Z,IF钢,SPHETI-3,软钢,normal_real,,,,,,,
diagnostic_candidate,True,0002002170-000010,0002002170-000010,0002002170-000010,BR_00000006,BR_00000006,numeric-chain-000016,1,8,23,1470,0.65,830,850,DC53D+Z,IF钢,SPHETI-3,软钢,normal_real,,,,,,,
diagnostic_candidate,True,0030123142-000020,0030123142-000020,0030123142-000020,BR_00000006,BR_00000006,numeric-chain-000016,1,9,182,1440,0.7,830,850,SCG4+Z,IF钢,SPHETI-3,软钢,normal_real,,,,,,,
diagnostic_candidate,True,0002002184-000030,0002002184-000030,0002002184-000030,BR_00000006,BR_00000006,numeric-chain-000016,1,10,23,1440,0.65,830,850,DC53D+Z,IF钢,SPHETI-3,软钢,normal_real,,,,,,,
diagnostic_candidate,True,0030123143-000040,0030123143-000040,0030123143-000040,BR_00000006,BR_00000006,numeric-chain-000016,1,11,78,1430,0.65,830,850,SCG4+Z,IF钢,SPHETI-3,软钢,normal_real,,,,,,,
diagnostic_candidate,True,0030123143-000020,0030123143-000020,0030123143-000020,BR_00000006,BR_00000006,numeric-chain-000016,1,12,104,1390,0.7,830,850,SCG4+Z,IF钢,SPHETI-3,软钢,normal_real,,,,,,,
diagnostic_candidate,True,0030125157-000010,0030125157-000010,0030125157-000010,BR_00000006,BR_00000006,numeric-chain-000016,1,13,26,1385,0.6,830,850,DC54D+Z,IF钢,SPHETI-5,软钢,normal_real,,,,,,,
diagnostic_candidate,True,0030124735-000060,0030124735-000060,0030124735-000060,BR_00000006,BR_00000006,numeric-chain-000016,1,14,24,1360,0.8,820,840,DX53D+Z,IF钢,SPHETI-5,软钢,normal_real,,,,,,,
diagnostic_candidate,True,0002002187-000010,0002002187-000010,0002002187-000010,BR_00000006,BR_00000006,numeric-chain-000002,2,1,25,1710,0.6,810,830,180YD+Z,加磷高强、烘烤硬化钢,H180YD,软钢,normal_real,,,,,,,
diagnostic_candidate,True,0010019718-000050,0010019718-000050,0010019718-000050,BR_00000006,BR_00000006,numeric-chain-000002,2,2,96,1550,0.5,700,840,DC51D+Z,普碳,SPHC,软钢,actual_transition,,,,,,,
diagnostic_candidate,True,0002002195-000160,0002002195-000160,0002002195-000160,BR_00000006,BR_00000006,numeric-chain-000002,2,3,635,1510,0.6,770,810,DC51D+Z,IF钢,SPHETI-3,软钢,normal_real,,,,,,,
diagnostic_candidate,True,0002002185-000140,0002002185-000140,0002002185-000140,BR_00000006,BR_00000006,numeric-chain-000002,2,4,30,1510,0.65,770,810,DC51D+Z,IF钢,SPHETI-3,软钢,normal_real,,,,,,,
diagnostic_candidate,True,0002002176-000080,0002002176-000080,0002002176-000080,BR_00000006,BR_00000006,numeric-chain-000002,2,5,15,1498,0.65,770,810,DC51D+Z,IF钢,SPHETI-3,软钢,normal_real,,,,,,,
diagnostic_candidate,True,0002002195-000150,0002002195-000150,0002002195-000150,BR_00000006,BR_00000006,numeric-chain-000002,2,6,175,1490,0.65,770,810,DC51D+Z,IF钢,SPHETI-3,软钢,normal_real,,,,,,,
diagnostic_candidate,True,0002002162-000010,0002002162-000010,0002002162-000010,BR_00000006,BR_00000006,numeric-chain-000002,2,7,72,1470,0.65,770,810,DC51D+Z,IF钢,SPHETI-3,软钢,normal_real,,,,,,,
diagnostic_candidate,True,0002002176-000030,0002002176-000030,0002002176-000030,BR_00000006,BR_00000006,numeric-chain-000002,2,8,15,1465,0.65,770,810,DC51D+Z,IF钢,SPHETI-3,软钢,normal_real,,,,,,,
diagnostic_candidate,True,0002002162-000040,0002002162-000040,0002002162-000040,BR_00000006,BR_00000006,numeric-chain-000002,2,9,168,1450,0.65,770,810,DC51D+Z,IF钢,SPHETI-3,软钢,normal_real,,,,,,,
diagnostic_candidate,True,0002002176-000140,0002002176-000140,0002002176-000140,BR_00000006,BR_00000006,numeric-chain-000002,2,10,23,1380,0.6,770,810,DC51D+Z,普碳,SPHC,软钢,normal_real,,,,,,,
diagnostic_candidate,True,0002002176-000100,0002002176-000100,0002002176-000100,BR_00000006,BR_00000006,numeric-chain-000002,2,11,23,1358,0.7,770,810,DC51D+Z,普碳,SPHC,软钢,normal_real,,,,,,,
diagnostic_candidate,True,0002002185-000100,0002002185-000100,0002002185-000100,BR_00000006,BR_00000006,numeric-chain-000002,2,12,23,1335,0.65,770,810,DC51D+Z,IF钢,SPHETI-3,软钢,normal_real,,,,,,,
diagnostic_candidate,True,0002002195-000230,0002002195-000230,0002002195-000230,BR_00000006,BR_00000006,numeric-chain-000002,2,13,24,1355,0.65,770,810,DC51D+Z,普碳,SPHC,软钢,normal_real,,,,,,,
diagnostic_candidate,True,0002002180-000040,0002002180-000040,0002002180-000040,BR_00000006,BR_00000006,numeric-chain-000002,2,14,20,1363,0.6,770,810,DC51D+Z,IF钢,SPHETI-3,软钢,normal_real,,,,,,,
diagnostic_candidate,True,0002002202-000090,0002002202-000090,0002002202-000090,BR_00000006,BR_00000006,numeric-chain-000002,2,15,138,1280,0.65,770,810,DC51D+Z,IF钢,SPHETI-3,软钢,normal_real,,,,,,,
diagnostic_candidate,True,0002002170-000330,0002002170-000330,0002002170-000330,BR_00000006,BR_00000006,numeric-chain-000002,2,16,23,1260,0.65,770,810,DC51D+Z,IF钢,SPHETI-3,软钢,normal_real,,,,,,,
diagnostic_candidate,True,0030122897-000070,0030122897-000070,0030122897-000070,BR_00000006,BR_00000006,numeric-chain-000002,2,17,24,1250,0.75,700,840,DC51D+Z,普碳,SPHC,软钢,actual_transition,,,,,,,
diagnostic_candidate,True,0030124871-000070,0030124871-000070,0030124871-000070,BR_00000006,BR_00000006,numeric-chain-000002,2,18,230,1250,0.75,820,840,DX53D+Z,IF钢,SPHETI-5,软钢,normal_real,,,,,,,
diagnostic_candidate,True,0030122897-000030,0030122897-000030,0030122897-000030,BR_00000006,BR_00000006,numeric-chain-000002,2,19,24,1250,0.75,700,840,DC51D+Z,普碳,SPHC,软钢,actual_transition,,,,,,,
diagnostic_candidate,True,virtual-000017,,,,BR_00000006,numeric-chain-000002,2,20,20.00,1250,0.60,700,840,SPHC,,SPHC,,virtual_sphc,,"{""accepted_sequence"":17,""prototype_id"":""virtual_sphc:1250x0.6"",""purpose"":""edge_bridge"",""related_partition_id"":null}",,,,,
diagnostic_candidate,True,0030124800-000080,0030124800-000080,0030124800-000080,BR_00000006,BR_00000006,numeric-chain-000002,2,21,24,1236,0.5,770,810,DX52D+Z,深冲钢（PD）,SPHCQ,软钢,normal_real,,,,,,,
diagnostic_candidate,True,0030125168-000040,0030125168-000040,0030125168-000040,BR_00000006,BR_00000006,numeric-chain-000002,2,22,48,1219,0.4,700,840,DC51D+Z,普碳,SPHC,软钢,normal_real,,,,,,,
diagnostic_candidate,True,0002002170-000300,0002002170-000300,0002002170-000300,BR_00000006,BR_00000006,numeric-chain-000000,3,1,23,1500,0.6,810,830,180YD+Z,加磷高强、烘烤硬化钢,H180YD,软钢,normal_real,,,,,,,
diagnostic_candidate,True,0010019618-000020,0010019618-000020,0010019618-000020,BR_00000006,BR_00000006,numeric-chain-000000,3,2,192,1500,0.5,700,840,DC51D+Z,普碳,SPHC,软钢,actual_transition,,,,,,,
diagnostic_candidate,True,0030124457-000020,0030124457-000020,0030124457-000020,BR_00000006,BR_00000006,numeric-chain-000000,3,3,24,1483,0.6,820,840,DX53D+Z,IF钢,SPHETI-5,软钢,normal_real,,,,,,,
diagnostic_candidate,True,0030123936-000010,0030123936-000010,0030123936-000010,BR_00000006,BR_00000006,numeric-chain-000000,3,4,182,1440,0.7,830,850,SCG4+Z,IF钢,SPHETI-3,软钢,normal_real,,,,,,,
diagnostic_candidate,True,0002002170-000430,0002002170-000430,0002002170-000430,BR_00000006,BR_00000006,numeric-chain-000000,3,5,23,1440,0.65,830,850,DC53D+Z,IF钢,SPHETI-3,软钢,normal_real,,,,,,,
diagnostic_candidate,True,0002002176-000110,0002002176-000110,0002002176-000110,BR_00000006,BR_00000006,numeric-chain-000000,3,6,35,1418,0.65,830,850,DC53D+Z,IF钢,SPHETI-3,软钢,normal_real,,,,,,,
diagnostic_candidate,True,0002002180-000280,0002002180-000280,0002002180-000280,BR_00000006,BR_00000006,numeric-chain-000000,3,7,20,1390,0.65,830,850,DC53D+Z,IF钢,SPHETI-3,软钢,normal_real,,,,,,,
diagnostic_candidate,True,0030121799-000010,0030121799-000010,0030121799-000010,BR_00000006,BR_00000006,numeric-chain-000000,3,8,168,1395,0.6,830,850,DC54D+Z,IF钢,SPHETI-5,软钢,normal_real,,,,,,,
diagnostic_candidate,True,0030123143-000060,0030123143-000060,0030123143-000060,BR_00000006,BR_00000006,numeric-chain-000000,3,9,78,1360,0.65,830,850,SCG4+Z,IF钢,SPHETI-3,软钢,normal_real,,,,,,,
diagnostic_candidate,True,0030123425-000020,0030123425-000020,0030123425-000020,BR_00000006,BR_00000006,numeric-chain-000000,3,10,130,1360,0.65,830,850,SCG4+Z,IF钢,SPHETI-3,软钢,normal_real,,,,,,,
diagnostic_candidate,True,0005000563-000130,0005000563-000130,0005000563-000130,BR_00000006,BR_00000006,numeric-chain-000000,3,11,42,1350,0.8,830,850,CR180BH,加磷高强、烘烤硬化钢,H180BH,软钢,normal_real,,,,,,,
diagnostic_candidate,True,0030123142-000040,0030123142-000040,0030123142-000040,BR_00000006,BR_00000006,numeric-chain-000000,3,12,156,1360,0.65,830,850,SCG4+Z,IF钢,SPHETI-3,软钢,normal_real,,,,,,,
diagnostic_candidate,True,0002002176-000240,0002002176-000240,0002002176-000240,BR_00000006,BR_00000006,numeric-chain-000000,3,13,69,1335,0.65,820,840,DC53D+Z,IF钢,SPHETI-3,软钢,normal_real,,,,,,,
diagnostic_candidate,True,0002002170-000410,0002002170-000410,0002002170-000410,BR_00000006,BR_00000006,numeric-chain-000000,3,14,23,1330,0.8,810,830,180YD+Z,加磷高强、烘烤硬化钢,H180YD,软钢,normal_real,,,,,,,
diagnostic_candidate,True,0030124683-000020,0030124683-000020,0030124683-000020,BR_00000006,BR_00000006,numeric-chain-000000,3,15,48,1305,0.7,820,840,DC53D+Z,IF钢,SPHETI-5,软钢,normal_real,,,,,,,
diagnostic_candidate,True,0030123654-000030,0030123654-000030,0030123654-000030,BR_00000006,BR_00000006,numeric-chain-000000,3,16,24,1304,0.7,830,850,DX53D+Z1,IF钢,SPHETI-5,软钢,normal_real,,,,,,,
diagnostic_candidate,True,0002002170-000340,0002002170-000340,0002002170-000340,BR_00000006,BR_00000006,numeric-chain-000000,3,17,23,1280,0.65,830,850,DC54D+Z,IF钢,SPHETI-3,软钢,normal_real,,,,,,,
diagnostic_candidate,True,0002002195-000180,0002002195-000180,0002002195-000180,BR_00000006,BR_00000006,numeric-chain-000000,3,18,25,1258,0.8,830,850,DC53D+Z,IF钢,SPHETI-3,软钢,normal_real,,,,,,,
diagnostic_candidate,True,0030122897-000040,0030122897-000040,0030122897-000040,BR_00000006,BR_00000006,numeric-chain-000000,3,19,24,1250,1,700,840,DC51D+Z,普碳,SPHC,软钢,actual_transition,,,,,,,
diagnostic_candidate,True,0030124871-000030,0030124871-000030,0030124871-000030,BR_00000006,BR_00000006,numeric-chain-000000,3,20,20,1250,0.95,710,730,DX51D+Z,普碳,SPHC,软钢,normal_real,,,,,,,
diagnostic_candidate,True,0010019881-000010,0010019881-000010,0010019881-000010,BR_00000006,BR_00000006,numeric-chain-000000,3,21,24,1250,0.8,700,840,DC51D+Z,普碳,SPHC,软钢,actual_transition,,,,,,,
diagnostic_candidate,True,0010020206-000080,0010020206-000080,0010020206-000080,BR_00000006,BR_00000006,numeric-chain-000000,3,22,168,1250,1,700,840,DC51D+Z,普碳,SPHC,软钢,actual_transition,,,,,,,
diagnostic_candidate,True,0030124871-000060,0030124871-000060,0030124871-000060,BR_00000006,BR_00000006,numeric-chain-000000,3,23,300,1250,1.15,820,840,DX53D+Z,IF钢,SPHETI-5,软钢,normal_real,,,,,,,
diagnostic_candidate,True,0030125168-000060,0030125168-000060,0030125168-000060,BR_00000006,BR_00000006,numeric-chain-000003,4,1,24,1190,0.4,770,810,DX52D+Z-LG,深冲钢（PD）,SPHCQ,软钢,normal_real,,,,,,,
diagnostic_candidate,True,0030124800-000070,0030124800-000070,0030124800-000070,BR_00000006,BR_00000006,numeric-chain-000003,4,2,23,1146,0.5,770,810,DX52D+Z,深冲钢（PD）,SPHCQ,软钢,normal_real,,,,,,,
diagnostic_candidate,True,0002002176-000170,0002002176-000170,0002002176-000170,BR_00000006,BR_00000006,numeric-chain-000003,4,3,17,1145,0.6,770,810,DC51D+Z,IF钢,SPHETI-3,软钢,normal_real,,,,,,,
diagnostic_candidate,True,0002002202-000060,0002002202-000060,0002002202-000060,BR_00000006,BR_00000006,numeric-chain-000003,4,4,46,1145,0.7,770,810,DC51D+Z,IF钢,SPHETI-3,软钢,normal_real,,,,,,,
diagnostic_candidate,True,0002002170-000370,0002002170-000370,0002002170-000370,BR_00000006,BR_00000006,numeric-chain-000003,4,5,23,1130,0.7,770,810,DC51D+Z,IF钢,SPHETI-3,软钢,normal_real,,,,,,,
diagnostic_candidate,True,0002002176-000010,0002002176-000010,0002002176-000010,BR_00000006,BR_00000006,numeric-chain-000003,4,6,15,1150,0.65,770,810,DC51D+Z,普碳,SPHC,软钢,normal_real,,,,,,,
diagnostic_candidate,True,0030125206-000010,0030125206-000010,0030125206-000010,BR_00000006,BR_00000006,numeric-chain-000003,4,7,23,1120,0.6,770,810,DC51D+Z,深冲钢（PD）,SPHCQ,软钢,normal_real,,,,,,,
diagnostic_candidate,True,0030124800-000060,0030124800-000060,0030124800-000060,BR_00000006,BR_00000006,numeric-chain-000003,4,8,23,1116,0.5,770,810,DX52D+Z,深冲钢（PD）,SPHCQ,软钢,normal_real,,,,,,,
diagnostic_candidate,True,0002002176-000200,0002002176-000200,0002002176-000200,BR_00000006,BR_00000006,numeric-chain-000003,4,9,15,1080,0.6,770,810,DC51D+Z,普碳,SPHC,软钢,normal_real,,,,,,,
diagnostic_candidate,True,0030124800-000050,0030124800-000050,0030124800-000050,BR_00000006,BR_00000006,numeric-chain-000003,4,10,23,1066,0.5,770,810,DX52D+Z,深冲钢（PD）,SPHCQ,软钢,normal_real,,,,,,,
diagnostic_candidate,True,0002002184-000130,0002002184-000130,0002002184-000130,BR_00000006,BR_00000006,numeric-chain-000003,4,11,19,1063,0.6,770,810,DC51D+Z,IF钢,SPHETI-3,软钢,normal_real,,,,,,,
diagnostic_candidate,True,0002002202-000050,0002002202-000050,0002002202-000050,BR_00000006,BR_00000006,numeric-chain-000003,4,12,25,1060,0.7,770,810,DC51D+Z,IF钢,SPHETI-3,软钢,normal_real,,,,,,,
diagnostic_candidate,True,0002002195-000050,0002002195-000050,0002002195-000050,BR_00000006,BR_00000006,numeric-chain-000003,4,13,48,1063,0.65,770,810,DC51D+Z,普碳,SPHC,软钢,normal_real,,,,,,,
diagnostic_candidate,True,0002002195-000040,0002002195-000040,0002002195-000040,BR_00000006,BR_00000006,numeric-chain-000003,4,14,72,1051,0.65,770,810,DC51D+Z,普碳,SPHC,软钢,normal_real,,,,,,,
diagnostic_candidate,True,0030125207-000030,0030125207-000030,0030125207-000030,BR_00000006,BR_00000006,numeric-chain-000003,4,15,22,1043,0.7,780,800,HC220YD+Z,加磷高强、烘烤硬化钢,H220Y,软钢,normal_real,,,,,,,
diagnostic_candidate,True,0002002176-000210,0002002176-000210,0002002176-000210,BR_00000006,BR_00000006,numeric-chain-000003,4,16,15,1042,0.6,770,810,DC51D+Z,普碳,SPHC,软钢,normal_real,,,,,,,
diagnostic_candidate,True,0002002195-000220,0002002195-000220,0002002195-000220,BR_00000006,BR_00000006,numeric-chain-000003,4,17,80,1040,0.65,770,810,DC51D+Z,普碳,SPHC,软钢,normal_real,,,,,,,
diagnostic_candidate,True,0030125207-000120,0030125207-000120,0030125207-000120,BR_00000006,BR_00000006,numeric-chain-000003,4,18,22,1039,0.7,790,810,HC260YD+Z,加磷高强、烘烤硬化钢,H260Y,软钢,normal_real,,,,,,,
diagnostic_candidate,True,0002002195-000030,0002002195-000030,0002002195-000030,BR_00000006,BR_00000006,numeric-chain-000003,4,19,22,1022,0.7,770,810,DC51D+Z,普碳,SPHC,软钢,normal_real,,,,,,,
diagnostic_candidate,True,0005000563-000210,0005000563-000210,0005000563-000210,BR_00000006,BR_00000006,numeric-chain-000003,4,20,21,995,0.7,800,820,CR2,IF钢,SPHETI-36,软钢,normal_real,,,,,,,
diagnostic_candidate,True,0002002195-000020,0002002195-000020,0002002195-000020,BR_00000006,BR_00000006,numeric-chain-000003,4,21,44,985,0.65,770,810,DC51D+Z,普碳,SPHC,软钢,normal_real,,,,,,,
diagnostic_candidate,True,0002002195-000010,0002002195-000010,0002002195-000010,BR_00000006,BR_00000006,numeric-chain-000003,4,22,10,918,0.65,770,810,DC51D+Z,普碳,SPHC,软钢,normal_real,,,,,,,
diagnostic_candidate,True,0002002180-000050,0002002180-000050,0002002180-000050,BR_00000006,BR_00000006,numeric-chain-000003,4,23,20,910,0.65,770,810,DC51D+Z,IF钢,SPHETI-3,软钢,normal_real,,,,,,,
diagnostic_candidate,True,0002002170-000130,0002002170-000130,0002002170-000130,BR_00000006,BR_00000006,numeric-chain-000003,4,24,55,828,0.65,770,810,DC51D+Z,普碳,SPHC,软钢,normal_real,,,,,,,
diagnostic_candidate,True,0030123646-000010,0030123646-000010,0030123646-000010,BR_00000006,BR_00000006,numeric-chain-000035,5,1,12,1620,0.7,830,850,SCG4+Z,IF钢,SPHETI-3,软钢,normal_real,,,,,,,
diagnostic_candidate,True,0030122897-000090,0030122897-000090,0030122897-000090,BR_00000006,BR_00000006,numeric-chain-000035,5,2,48,1250,0.6,700,840,DC51D+Z,普碳,SPHC,软钢,actual_transition,,,,,,,
diagnostic_candidate,True,split-000001:piece:0001,0002002073-000010,0002002073-000010,BR_00000006,BR_00000006,numeric-chain-000035,5,3,500.00,1065,0.5,820,840,DX53D+Z-CD,IF钢,SPHETI-5,软钢,normal_real,"{""accepted_source_sequence"":1,""authorization_decision_fingerprint"":""591ff0c6cf97a459112d9cabcf3496000dbd08d7c22551c0d5887f3c018fa573"",""authorization_rule_id"":""controlled_order_split"",""authorization_rule_version"":""1"",""origin_assigned_period"":""BR_00000001"",""parent_node_id"":""0002002073-000010"",""parent_source_order_id"":""0002002073-000010"",""parent_weight"":600.0,""partition_id"":""partition-ed04c412143601387dd54cc305e9b985363fda92f2c1805a0826bfca1d1ad43e"",""piece_count"":2,""piece_index"":1,""reason_code"":""future_borrow_return"",""source_period"":""BR_00000006"",""source_resource_id"":""0002002073-000010"",""split_mode"":""future_borrow_return"",""target_assigned_period"":""BR_00000006""}",,,,,,
diagnostic_candidate,True,virtual-000012,,,,BR_00000006,numeric-chain-000035,5,4,20.00,1000,0.50,820,840,SPHC,,SPHC,,virtual_sphc,,"{""accepted_sequence"":12,""prototype_id"":""virtual_sphc:1000x0.5"",""purpose"":""split_separator"",""related_partition_id"":""partition-ed04c412143601387dd54cc305e9b985363fda92f2c1805a0826bfca1d1ad43e""}",,,,,
diagnostic_candidate,True,split-000001:piece:0002,0002002073-000010,0002002073-000010,BR_00000006,BR_00000006,numeric-chain-000035,5,5,100.00,1065,0.5,820,840,DX53D+Z-CD,IF钢,SPHETI-5,软钢,normal_real,"{""accepted_source_sequence"":1,""authorization_decision_fingerprint"":""591ff0c6cf97a459112d9cabcf3496000dbd08d7c22551c0d5887f3c018fa573"",""authorization_rule_id"":""controlled_order_split"",""authorization_rule_version"":""1"",""origin_assigned_period"":""BR_00000001"",""parent_node_id"":""0002002073-000010"",""parent_source_order_id"":""0002002073-000010"",""parent_weight"":600.0,""partition_id"":""partition-ed04c412143601387dd54cc305e9b985363fda92f2c1805a0826bfca1d1ad43e"",""piece_count"":2,""piece_index"":2,""reason_code"":""future_borrow_return"",""source_period"":""BR_00000006"",""source_resource_id"":""0002002073-000010"",""split_mode"":""future_borrow_return"",""target_assigned_period"":""BR_00000006""}",,,,,,
diagnostic_candidate,True,0002002180-000350,0002002180-000350,0002002180-000350,BR_00000006,BR_00000006,numeric-chain-000035,5,6,20,1025,0.6,810,830,180YD+Z,加磷高强、烘烤硬化钢,H180YD,软钢,normal_real,,,,,,,
